dataset,splitter,variant,n_runs,n_samples,n_features,criterion,fit_time_mean,fit_time_mean_run_std,accuracy_mean,accuracy_mean_run_std,accuracy_std,accuracy_std_run_std,f1_weighted_mean,f1_weighted_mean_run_std,f1_weighted_std,f1_weighted_std_run_std,split_calls_mean,split_calls_mean_run_std,threshold_candidates_mean,threshold_candidates_mean_run_std,gain_evaluations_mean,gain_evaluations_mean_run_std,threshold_candidates_per_split_mean,threshold_candidates_per_split_mean_run_std,gain_evaluations_per_split_mean,gain_evaluations_per_split_mean_run_std,parametric_gain_samples_mean,parametric_gain_samples_mean_run_std,parametric_quantile_fits_mean,parametric_quantile_fits_mean_run_std
GAMETES_Epistasis_2_Way_20atts_0.1H_EDM_1_1,extra_tree,max_features=all,10,1600,20,gini,0.002206940650939941,0.000443094918890444,0.5314375,0.011963649370070939,0.023560619420505524,0.006463142619662497,0.5308920613075634,0.011861263362829555,0.02367788590196565,0.006626773022950862,467.2799999999999,5.98611727248974,6139.42,73.49260915221338,6139.42,73.49260915221338,13.141516947567709,0.06601549863351393,13.141516947567709,0.06601549863351393,0.0,0.0,0.0,0.0
GAMETES_Epistasis_2_Way_20atts_0.1H_EDM_1_1,prophet_1sample,,10,1600,20,gini,0.0039197874069213864,0.00037351556427016807,0.527,0.007929375763576866,0.02440899136727731,0.007003205725393277,0.5265548317101473,0.00793105044263802,0.024568469787186676,0.0067691605185977435,447.0,5.417010245513661,7810.8,60.0887343850743,7810.8,60.0887343850743,17.477795844063426,0.10732329426397935,17.477795844063426,0.10732329426397935,0.0,0.0,0.0,0.0
GAMETES_Epistasis_2_Way_20atts_0.4H_EDM_1_1,extra_tree,max_features=all,10,1600,20,gini,0.0020299482345581053,0.0002831260357226629,0.6002500000000001,0.02188249871472633,0.03510606035807626,0.010842717654495442,0.5998940845251052,0.02190876205854859,0.035151217663957235,0.010830797794124932,432.34000000000003,10.087239463797813,5165.999999999999,124.2592129381158,5165.999999999999,124.2592129381158,11.948535299398745,0.10335499331419792,11.948535299398745,0.10335499331419792,0.0,0.0,0.0,0.0
GAMETES_Epistasis_2_Way_20atts_0.4H_EDM_1_1,prophet_1sample,,10,1600,20,gini,0.003891696929931641,0.00022583746394599856,0.5848125000000001,0.011689505175583806,0.029573297826257578,0.005872184915299309,0.584507188866658,0.011699361600983275,0.02954994026382086,0.005917360911907714,423.71999999999997,11.875083157603575,6761.9800000000005,164.62880549891625,6761.9800000000005,164.62880549891625,15.967665063538089,0.12963490454069998,15.967665063538089,0.12963490454069998,0.0,0.0,0.0,0.0
GAMETES_Epistasis_3_Way_20atts_0.2H_EDM_1_1,extra_tree,max_features=all,10,1600,20,gini,0.0019144248962402344,8.474190062448568e-05,0.521125,0.01004598800516902,0.02390700300151297,0.009207786513904945,0.5205675360063275,0.010100060128682968,0.023846423482301562,0.009229323214772682,480.84,7.884567204355601,5795.0199999999995,90.15459832975809,5795.0199999999995,90.15459832975809,12.057782357971524,0.0753976888378646,12.057782357971524,0.0753976888378646,0.0,0.0,0.0,0.0
GAMETES_Epistasis_3_Way_20atts_0.2H_EDM_1_1,prophet_1sample,,10,1600,20,gini,0.003586821556091309,0.00021172533083172493,0.5295,0.012914381518291915,0.022415601606502022,0.009780889766201428,0.5289365604138911,0.01287738683906649,0.02235519020685981,0.009857862831527339,461.8,6.578145635359556,7352.88,64.87743521441017,7352.88,64.87743521441017,15.931883481506336,0.10470622161122915,15.931883481506336,0.10470622161122915,0.0,0.0,0.0,0.0
GAMETES_Heterogeneity_20atts_1600_Het_0.4_0.2_50_EDM_2_001,extra_tree,max_features=all,10,1600,20,gini,0.0017919111251831058,4.406151546117279e-05,0.546125,0.016261534367949405,0.03211416241133778,0.008647214731820878,0.5455544315669071,0.016407065983872746,0.03211153688204192,0.00872997989282246,467.17999999999995,8.377804008211216,5329.96,85.34409411318389,5329.96,85.34409411318389,11.412565294143013,0.10029605008265995,11.412565294143013,0.10029605008265995,0.0,0.0,0.0,0.0
GAMETES_Heterogeneity_20atts_1600_Het_0.4_0.2_50_EDM_2_001,prophet_1sample,,10,1600,20,gini,0.003571109771728516,0.0002546738338589794,0.5412500000000001,0.009000868013697342,0.024280923662173947,0.009648471180020235,0.5407034637650222,0.009350069947482017,0.024444038893444445,0.009558474648810737,454.66,5.557013586450903,6845.1,50.500633659390985,6845.1,50.500633659390985,15.062269048670874,0.10270999352882143,15.062269048670874,0.10270999352882143,0.0,0.0,0.0,0.0
GAMETES_Heterogeneity_20atts_1600_Het_0.4_0.2_75_EDM_2_001,extra_tree,max_features=all,10,1600,20,gini,0.0019363260269165037,5.043570458670978e-05,0.5605624999999999,0.017865491352045158,0.0493288951887177,0.012861185771945892,0.5601655857420744,0.017807428782192943,0.04948197459887701,0.012902152557834863,446.5200000000001,7.55894172487128,5730.42,79.48224707442532,5730.42,79.48224707442532,12.840503633951224,0.10431172955753062,12.840503633951224,0.10431172955753062,0.0,0.0,0.0,0.0
GAMETES_Heterogeneity_20atts_1600_Het_0.4_0.2_75_EDM_2_001,prophet_1sample,,10,1600,20,gini,0.003635883331298828,0.00010223378886033117,0.5449375000000001,0.01068896188832203,0.0338314282648438,0.007508126368191205,0.5444823472701511,0.010711627306235335,0.033735303841364604,0.007481490329765582,427.76000000000005,4.649989247299392,7521.32,51.582260516576774,7521.32,51.582260516576774,17.590296981692646,0.09759313191786514,17.590296981692646,0.09759313191786514,0.0,0.0,0.0,0.0
Hill_Valley_with_noise,extra_tree,max_features=all,10,1212,100,gini,0.005596609115600586,0.0001405432904241359,0.5416797605686494,0.012442227323639475,0.023364123801196974,0.010351621561209152,0.529158874100075,0.014933003940878,0.024442263341684235,0.011021955097987646,151.38,12.667896431531164,15137.960000000001,1266.718222178871,15137.960000000001,1266.718222178871,99.99978260869565,0.0006521739130434411,99.99978260869565,0.0006521739130434411,0.0,0.0,0.0,0.0
Hill_Valley_with_noise,prophet_1sample,,10,1212,100,gini,0.07006035327911378,0.006578800106464387,0.545608271264837,0.012134112293709948,0.023181016245285464,0.010570198038267004,0.5344043252484407,0.01195765606909173,0.02576145348770307,0.01038533249985954,144.24,6.940778054368258,107996.75999999998,14711.830771402994,107996.75999999998,14711.830771402994,775.0333287623952,123.1106835812352,775.0333287623952,123.1106835812352,0.0,0.0,0.0,0.0
Hill_Valley_without_noise,extra_tree,max_features=all,10,1212,100,gini,0.0060454273223876955,7.669779405867893e-05,0.5669101792334115,0.007976706238923216,0.02779060923161806,0.009763887263602432,0.5649321387133733,0.007945659672813014,0.027941112108096404,0.009789746992136885,198.48,7.6713492946156485,19848.0,767.1349294615648,19848.0,767.1349294615648,100.0,0.0,100.0,0.0,0.0,0.0,0.0,0.0
Hill_Valley_without_noise,prophet_1sample,,10,1212,100,gini,0.0621985387802124,0.006627737583907105,0.6081529095670509,0.011939690131217607,0.027990730184896,0.007528572956505614,0.6075360989405981,0.012087093421919536,0.028113648689581893,0.007561151385821626,215.44,7.779357299931661,179701.58,9211.916253397007,179701.58,9211.916253397007,843.4714112874492,69.10412626661562,843.4714112874492,69.10412626661562,0.0,0.0,0.0,0.0
adult,extra_tree,max_features=all,10,48842,14,gini,0.03079147338867188,0.001741812437886021,0.831407382778045,0.0021008179470920706,0.004259463807239826,0.0007660871489641742,0.8297807228596777,0.001885991187413916,0.004111638028208247,0.0010217624852778028,3779.9799999999996,289.86476087996635,30042.2,1451.9434396697418,30042.2,1451.9434396697418,7.977320084091891,0.337566009071314,7.977320084091891,0.337566009071314,0.0,0.0,0.0,0.0
adult,prophet_1sample,,10,48842,14,gini,1.8759139871597288,0.30771037348562,0.8215225444458222,0.0015123700902528296,0.0033074245663773138,0.0010666493043089717,0.8206325356077672,0.0014139071355741364,0.0029694370073287462,0.000957721198450246,3924.7,224.29686132445093,381721.12000000005,5192.293793844873,381721.12000000005,5192.293793844873,98.00526017356057,5.962918514343242,98.00526017356057,5.962918514343242,0.0,0.0,0.0,0.0
agaricus_lepiota,extra_tree,max_features=all,10,8145,22,gini,0.00308344841003418,0.00034658620250854706,0.932473910374463,0.013949714020847393,0.11875493353845776,0.020195060690642582,0.9268846921441799,0.015879543665752196,0.12957588438915763,0.025002844153407387,15.9,1.40071410359145,264.24,22.00414506405554,264.24,22.00414506405554,16.637737274765136,0.22862302311484856,16.637737274765136,0.22862302311484856,0.0,0.0,0.0,0.0
agaricus_lepiota,prophet_1sample,,10,8145,22,gini,0.006265692710876465,0.0003185076789300249,0.9490239410681399,0.020556812917475045,0.08934346684658881,0.037630681852816227,0.945765771585845,0.022814489977576013,0.09568278803004608,0.04219532904546499,14.2,0.903327183250897,561.74,29.46591929670616,561.74,29.46591929670616,39.78431091575226,1.300014993894506,39.78431091575226,1.300014993894506,0.0,0.0,0.0,0.0
allbp,extra_tree,max_features=all,10,3772,29,gini,0.002368874549865723,0.0002304486197850592,0.958828113197604,0.003177736763152414,0.0065134004846897214,0.0017074552228786303,0.959564815362025,0.0028873403684732844,0.006086248487403465,0.0018213905014840181,155.66000000000003,4.633832107446276,2078.58,91.82472216130031,2078.58,91.82472216130031,13.3537817771434,0.3029875685680324,13.3537817771434,0.3029875685680324,0.0,0.0,0.0,0.0
allbp,prophet_1sample,,10,3772,29,gini,0.013597259521484375,0.000709804013566439,0.9610818767895728,0.002127083448135538,0.005006896409845326,0.0019382842015136816,0.9611807589429666,0.0019237990017076103,0.004887391532250608,0.0020565148332998525,111.94000000000001,3.892608379994062,9456.5,565.3129628798548,9456.5,565.3129628798548,84.59866397235604,3.7828357374668786,84.59866397235604,3.7828357374668786,0.0,0.0,0.0,0.0
allhyper,extra_tree,max_features=all,10,3771,29,gini,0.0016887998580932615,0.00018961404989623025,0.9759760394891703,0.0014436270163613598,0.004499351616731228,0.0018162827122852653,0.9763563754082195,0.0012731296331189867,0.0034673181319406416,0.0015101526963705245,93.91999999999999,4.480357128622672,1259.7999999999997,65.56932209501633,1259.7999999999997,65.56932209501633,13.414490941539722,0.3673535461841045,13.414490941539722,0.3673535461841045,0.0,0.0,0.0,0.0
allhyper,prophet_1sample,,10,3771,29,gini,0.009220752716064453,0.000985744507465094,0.9748615595411667,0.0015223482773016501,0.006634964067918468,0.0017244504217164246,0.9751458420827758,0.001702853380280289,0.006331201957045824,0.001453956721245717,78.43999999999998,4.157691667259612,6421.38,328.258574297763,6421.38,328.258574297763,82.92573790265624,6.791704429157636,82.92573790265624,6.791704429157636,0.0,0.0,0.0,0.0
allhypo,extra_tree,max_features=all,10,3770,29,gini,0.002173595428466797,0.0003347611285946197,0.9466312997347479,0.008915624046067185,0.007283742665748468,0.001019214502297701,0.9475320632926991,0.008727970575396886,0.007039452675103612,0.0014527476845232058,193.07999999999998,30.04892011370791,2578.2200000000003,333.0543072833618,2578.2200000000003,333.0543072833618,13.43613925972181,0.37223081392660806,13.43613925972181,0.37223081392660806,0.0,0.0,0.0,0.0
allhypo,prophet_1sample,,10,3770,29,gini,0.006215052604675293,0.0006296137752409918,0.9662068965517241,0.0022731337173080824,0.0036695454705135597,0.0013106585281168447,0.9663845695480584,0.0020823816078831556,0.0037514071315418104,0.0011155114452107502,98.56,2.624195114697077,6453.92,225.11705755006648,6453.92,225.11705755006648,65.66609310632867,2.073901093266301,65.66609310632867,2.073901093266301,0.0,0.0,0.0,0.0
allrep,extra_tree,max_features=all,10,3772,29,gini,0.0011529397964477538,0.0001324168948911677,0.9744694433221494,0.001867940874821609,0.004661870765700548,0.0015995984471932382,0.9748065694670706,0.0017006616553032824,0.004155111630371674,0.0015047032496631832,85.06,3.2754236367224316,1039.1599999999999,40.38146109293221,1039.1599999999999,40.38146109293221,12.22914147683618,0.07101117666718638,12.22914147683618,0.07101117666718638,0.0,0.0,0.0,0.0
allrep,prophet_1sample,,10,3772,29,gini,0.008443226814270021,0.0004561221916854025,0.9751061183621129,0.002433630894252814,0.004747086274398296,0.0025487280239857323,0.975456877630478,0.0023465542441232874,0.004431661456140786,0.002430513779175572,70.03999999999999,4.058374058659454,4929.540000000001,146.80724913981598,4929.540000000001,146.80724913981598,70.90102047558389,3.235427913174742,70.90102047558389,3.235427913174742,0.0,0.0,0.0,0.0
analcatdata_aids,extra_tree,max_features=all,10,50,4,gini,0.0003087282180786133,6.0605058317530865e-05,0.6699999999999999,0.043127717305695645,0.14693159143504256,0.032420787133654504,0.6188318348318348,0.05384489004654939,0.1938860324490414,0.028217176009966108,20.72,0.8997777503361598,72.48,3.1153811965793206,72.48,3.1153811965793206,3.5075905447598275,0.04953292374817145,3.5075905447598275,0.04953292374817145,0.0,0.0,0.0,0.0
analcatdata_aids,prophet_1sample,,10,50,4,gini,0.00033906936645507814,8.959915054392854e-05,0.742,0.06289674077406557,0.1517585149557194,0.05147186744654497,0.722471694971695,0.07667625650776302,0.169511657695025,0.05851429423504011,15.639999999999997,1.0910545357588688,141.02,10.498552281148099,141.02,10.498552281148099,9.194743822053418,1.0966332957832328,9.194743822053418,1.0966332957832328,0.0,0.0,0.0,0.0
analcatdata_asbestos,extra_tree,max_features=all,10,83,3,gini,0.0003191375732421875,0.00010186116264956801,0.775220588235294,0.02132872654718437,0.08895273263406725,0.020035598263156342,0.7688949093113854,0.021829307204540085,0.09808384495965715,0.019201448081322726,29.540000000000003,1.2650691680694786,44.3,2.553820667157348,44.3,2.553820667157348,1.5034225535201766,0.06584152523904023,1.5034225535201766,0.06584152523904023,0.0,0.0,0.0,0.0
analcatdata_asbestos,prophet_1sample,,10,83,3,gini,0.0003544569015502929,0.00012747535825157754,0.7605147058823529,0.017278785971146217,0.08506274793926878,0.015418448916789932,0.7522793504188039,0.0187514132582697,0.0948367155783699,0.014807223573268576,24.16,0.488262224629348,164.26,7.698857058031409,164.26,7.698857058031409,6.849817948758823,0.3298768872823052,6.849817948758823,0.3298768872823052,0.0,0.0,0.0,0.0
analcatdata_authorship,extra_tree,max_features=all,10,841,70,gini,0.0016022253036499022,9.107067045722294e-05,0.8418850380388841,0.03640835503785538,0.08797440416668478,0.04249298712802006,0.8419919773522505,0.03563732284789841,0.08569606619231776,0.04027501722783607,50.36,3.4115099296352636,3488.7400000000002,235.4838261961955,3488.7400000000002,235.4838261961955,69.2809721092656,0.12600784883927485,69.2809721092656,0.12600784883927485,0.0,0.0,0.0,0.0
analcatdata_authorship,prophet_1sample,,10,841,70,gini,0.008508148193359374,0.0006420598997916028,0.8588764440687517,0.02116953082171038,0.05019793736621745,0.0319543443461928,0.857719973057115,0.022852325379187726,0.05235401326659972,0.034958684090561576,44.36,2.6605262637305427,12584.3,488.2919966577376,12584.3,488.2919966577376,286.62437354701126,18.111861776903464,286.62437354701126,18.111861776903464,0.0,0.0,0.0,0.0
analcatdata_bankruptcy,extra_tree,max_features=all,10,50,6,gini,0.0003249502182006836,7.582228136107483e-05,0.8019999999999999,0.053254107822777404,0.12051915559739182,0.028898670109395407,0.7898540348540349,0.05808390380678209,0.1350187430786725,0.04154544747688681,10.12,1.3302631318652713,60.71999999999999,7.981578791191628,60.71999999999999,7.981578791191628,6.0,0.0,6.0,0.0,0.0,0.0,0.0,0.0
analcatdata_bankruptcy,prophet_1sample,,10,50,6,gini,0.0003354310989379883,0.00010876722107750276,0.768,0.049152822909778064,0.137995296881465,0.06868258904989201,0.7437952047952049,0.06031169865995525,0.1669785024878776,0.08424970537061661,7.960000000000001,1.068831137270991,258.28,17.097415009293076,258.28,17.097415009293076,33.71756132756133,4.20947866471794,33.71756132756133,4.20947866471794,0.0,0.0,0.0,0.0
analcatdata_boxing1,extra_tree,max_features=all,10,120,3,gini,0.0003073930740356445,5.2394346403668344e-05,0.5391666666666667,0.060901787968644865,0.17505261529720934,0.037019869887617296,0.5035827870497297,0.06421809438379299,0.21443240079398845,0.036593076599451685,42.17999999999999,1.4434680460612894,65.67999999999999,2.793134440015374,65.67999999999999,2.793134440015374,1.5672772918824047,0.09157514128042309,1.5672772918824047,0.09157514128042309,0.0,0.0,0.0,0.0
analcatdata_boxing1,prophet_1sample,,10,120,3,gini,0.00035965919494628906,0.0001622972862154216,0.6091666666666666,0.050339127701796535,0.13519871509135503,0.023843860003548673,0.5871272664226688,0.04992442975014132,0.1591325627752364,0.023496129085574385,30.7,0.7602631123499283,145.28000000000003,3.654257790578002,145.28000000000003,3.654257790578002,4.795244306811429,0.12085901343766199,4.795244306811429,0.12085901343766199,0.0,0.0,0.0,0.0
analcatdata_boxing2,extra_tree,max_features=all,10,132,3,gini,0.0003213071823120117,7.047378656643261e-05,0.6741025641025641,0.032713810902349455,0.09768706036879242,0.02540029572133541,0.6590706628800317,0.041005173524692025,0.12042149596959535,0.03374098004835152,53.98,2.903032896816707,85.26000000000002,4.266192682005817,85.26000000000002,4.266192682005817,1.589882717400965,0.10862121903509094,1.589882717400965,0.10862121903509094,0.0,0.0,0.0,0.0
analcatdata_boxing2,prophet_1sample,,10,132,3,gini,0.0003848791122436523,0.0001812662865386315,0.6677207977207977,0.03624062648816661,0.12132458363693155,0.02778060242508509,0.657972600268867,0.03811213688693608,0.13332529572696328,0.03087903949027372,45.76,1.4305243793798128,194.86,4.115385765636068,194.86,4.115385765636068,4.288858910987695,0.14087039767671894,4.288858910987695,0.14087039767671894,0.0,0.0,0.0,0.0
analcatdata_creditscore,extra_tree,max_features=all,10,100,6,gini,0.00030065536499023437,4.080999501348529e-05,0.916,0.05257375771237965,0.07164772142462356,0.03530727991023293,0.914612331364203,0.05365179338828089,0.0736076189053318,0.03624168344717723,15.26,6.134525246504411,64.56,21.441790969972633,64.56,21.441790969972633,4.4671057903262446,0.5769523908494744,4.4671057903262446,0.5769523908494744,0.0,0.0,0.0,0.0
analcatdata_creditscore,prophet_1sample,,10,100,6,gini,0.0003139591217041016,3.4301119814145675e-05,0.968,0.0146969384566991,0.04393992529634214,0.018146155652144964,0.9689807805509696,0.01391840813138807,0.04249028842407119,0.01705727808892929,5.58,1.1677328461596,219.63999999999996,30.36903686322633,219.63999999999996,30.36903686322633,41.65441414141415,5.564924238298548,41.65441414141415,5.564924238298548,0.0,0.0,0.0,0.0
analcatdata_cyyoung8092,extra_tree,max_features=all,10,97,10,gini,0.0003290653228759766,6.978080004361309e-05,0.7172105263157895,0.04303837751423926,0.08757240569292793,0.04806383185825282,0.7167575147839021,0.03944891428912103,0.08121475894024481,0.04315801671014124,18.48,0.6462197768561408,160.54000000000002,5.554853733447897,160.54000000000002,5.554853733447897,8.693990602620634,0.20882091873387834,8.693990602620634,0.20882091873387834,0.0,0.0,0.0,0.0
analcatdata_cyyoung8092,prophet_1sample,,10,97,10,gini,0.0004470252990722657,0.00018450232970304185,0.7767368421052632,0.04155548971870952,0.08035669639840089,0.028884682612789727,0.76556445042383,0.0452664414348866,0.08314133048419654,0.03247639268868515,15.580000000000002,0.8692525524840289,472.18,49.02704967668359,472.18,49.02704967668359,30.820450640862408,3.3396709859972447,30.820450640862408,3.3396709859972447,0.0,0.0,0.0,0.0
analcatdata_cyyoung9302,extra_tree,max_features=all,10,92,10,gini,0.00032239913940429693,6.425230151873757e-05,0.767017543859649,0.028117893164466373,0.09167181207527483,0.02195343015073549,0.7668645449777742,0.025629095515142763,0.08378686067275526,0.02235086980398746,15.14,0.844037913840368,127.46,6.53118672218151,127.46,6.53118672218151,8.4280272720056,0.18456074178184922,8.4280272720056,0.18456074178184922,0.0,0.0,0.0,0.0
analcatdata_cyyoung9302,prophet_1sample,,10,92,10,gini,0.0004166030883789062,0.00012256807638418157,0.7459649122807017,0.02447240908595568,0.14595021448652468,0.0511045062300024,0.7504701837892108,0.026596139164958132,0.13067520830892582,0.047023320946613996,13.1,0.7280109889280516,508.12,44.006654042315,508.12,44.006654042315,40.08665604330311,3.156973275768092,40.08665604330311,3.156973275768092,0.0,0.0,0.0,0.0
analcatdata_dmft,extra_tree,max_features=all,10,797,4,gini,0.00049257755279541,6.0221748446241606e-05,0.17788050314465406,0.002177872183970684,0.04148031002614346,0.0021154005186249675,0.173945588392782,0.0024283601136692785,0.03916729294889237,0.0021034650457197102,219.0,0.7848566748139401,342.7,5.585158905528115,342.7,5.585158905528115,1.5650265866593775,0.02657573538724533,1.5650265866593775,0.02657573538724533,0.0,0.0,0.0,0.0
analcatdata_dmft,prophet_1sample,,10,797,4,gini,0.0008528184890747071,0.00035652130749721763,0.17774292452830187,0.0028178198668589115,0.03683002672299664,0.003512300079938956,0.1742844154166123,0.002858796271348449,0.03426985888756752,0.0036966886027545065,343.94,1.0622617379911596,595.4,7.784600182411419,595.4,7.784600182411419,1.7311928048622296,0.020701207090906993,1.7311928048622296,0.020701207090906993,0.0,0.0,0.0,0.0
analcatdata_fraud,extra_tree,max_features=all,10,42,11,gini,0.00029279708862304686,4.1012393360749714e-05,0.706388888888889,0.04179701832356872,0.0728447877896311,0.024983843728281056,0.6623520368520369,0.053982670475677355,0.10074289245148689,0.023680160352594234,12.06,0.5936328831862332,73.22,1.4323407415835092,73.22,1.4323407415835092,6.125185286935287,0.1813137235643879,6.125185286935287,0.1813137235643879,0.0,0.0,0.0,0.0
analcatdata_fraud,prophet_1sample,,10,42,11,gini,0.0003380918502807617,0.00014248812512156501,0.6752777777777779,0.02332175638728039,0.06403784957869395,0.02452171109779515,0.6227887112887113,0.02156770241780796,0.10799171326579753,0.009340879642347354,10.74,0.21999999999999995,90.73999999999998,1.9100785324169256,90.73999999999998,1.9100785324169256,8.435919857919856,0.1815004077872305,8.435919857919856,0.1815004077872305,0.0,0.0,0.0,0.0
analcatdata_germangss,extra_tree,max_features=all,10,400,5,gini,0.0004820871353149414,8.870217417971971e-05,0.42925,0.020737948307390466,0.04744085856353399,0.016143572676293304,0.422296140801466,0.021839366153372265,0.04720166728716661,0.014993063518391598,208.8,2.0297783130184435,527.6,7.223295646725257,527.6,7.223295646725257,2.527691824169927,0.04922178064414701,2.527691824169927,0.04922178064414701,0.0,0.0,0.0,0.0
analcatdata_germangss,prophet_1sample,,10,400,5,gini,0.0006772661209106445,0.00016227173029520025,0.45,0.02067607312813533,0.05711869641862104,0.01778214046276228,0.44447532747198926,0.02038246820210393,0.05960742921878757,0.018473898891690457,223.37999999999997,1.5529327094243306,901.24,16.253688812082014,901.24,16.253688812082014,4.040328312851937,0.0753277128000434,4.040328312851937,0.0753277128000434,0.0,0.0,0.0,0.0
analcatdata_happiness,extra_tree,max_features=all,10,60,3,gini,0.0004019784927368164,0.000309857363984246,0.4583333333333333,0.07350359023733313,0.1221841457391428,0.029134383600373102,0.4153069893069893,0.07153851575621047,0.146403446800161,0.02522599914329434,31.419999999999998,0.5399999999999998,72.67999999999999,2.3361506800718126,72.67999999999999,2.3361506800718126,2.314796947819538,0.062421038131876626,2.314796947819538,0.062421038131876626,0.0,0.0,0.0,0.0
analcatdata_happiness,prophet_1sample,,10,60,3,gini,0.00031102657318115234,3.313113198777277e-05,0.4966666666666666,0.03785938897200182,0.10764783613811493,0.02926410462026815,0.46193569393569395,0.045327477239071115,0.12841269754069498,0.03385292542391656,28.74,0.8991106717195608,142.78000000000003,5.534943540814126,142.78000000000003,5.534943540814126,4.9732854314029025,0.15307415832124163,4.9732854314029025,0.15307415832124163,0.0,0.0,0.0,0.0
analcatdata_japansolvent,extra_tree,max_features=all,10,52,9,gini,0.00030725955963134766,5.499024150444171e-05,0.7205454545454545,0.02764652923085279,0.1291999363968668,0.026037568001683088,0.7090986235986235,0.031309751211206785,0.1371306512771111,0.026429448011949814,10.98,0.7291090453423273,98.82000000000001,6.561981408080946,98.82000000000001,6.561981408080946,9.0,0.0,9.0,0.0,0.0,0.0,0.0,0.0
analcatdata_japansolvent,prophet_1sample,,10,52,9,gini,0.0003912782669067383,0.0001908887004949584,0.7481818181818182,0.061212271226938855,0.13143726497684877,0.03262024043672031,0.7368904983904984,0.07054224596650172,0.13757812882985415,0.03298830841415952,9.56,0.6499230723708769,343.2,44.5029437228595,343.2,44.5029437228595,37.363291763791764,5.287289002032468,37.363291763791764,5.287289002032468,0.0,0.0,0.0,0.0
analcatdata_lawsuit,extra_tree,max_features=all,10,264,4,gini,0.00032546520233154295,9.37079025726065e-05,0.9180333817126269,0.027913136162200862,0.12106545385668396,0.04514239132222864,0.9294813686620411,0.025039703456066254,0.0922479869108409,0.03486837676632512,14.2,2.940748204114048,47.459999999999994,7.647247870966392,47.459999999999994,7.647247870966392,3.4220201350077515,0.27063952077639725,3.4220201350077515,0.27063952077639725,0.0,0.0,0.0,0.0
analcatdata_lawsuit,prophet_1sample,,10,264,4,gini,0.0004353475570678711,0.00013361941610117833,0.9169230769230768,0.016298273192666676,0.12885340711903093,0.036776634353401325,0.9299664217840936,0.013669995723308882,0.09799100920232831,0.030507527681726362,10.22,0.9141115905621152,358.62,40.7925924648091,358.62,40.7925924648091,41.31691791541791,6.122932708239008,41.31691791541791,6.122932708239008,0.0,0.0,0.0,0.0
ann_thyroid,extra_tree,max_features=all,10,7200,21,gini,0.003001861572265625,0.0016349983195028304,0.9886250000000001,0.001403327724982222,0.0031220973489799043,0.0008616712129897361,0.9887098647688706,0.0013816237812696774,0.0030094337749409896,0.0008154400482507156,93.74,10.205900254264687,1116.72,128.39770091399615,1116.72,128.39770091399615,11.934452292735688,0.2327915861341652,11.934452292735688,0.2327915861341652,0.0,0.0,0.0,0.0
ann_thyroid,prophet_1sample,,10,7200,21,gini,0.007405495643615723,0.0026189429809959893,0.9904166666666667,0.0010262751778839113,0.0024851680171318635,0.0007509387874036934,0.9904315905468233,0.0010463964466468159,0.00240089016173435,0.0007195616058041127,55.75999999999999,3.3737812614335265,5283.900000000001,191.20054916239135,5283.900000000001,191.20054916239135,96.11330415373068,3.6941553000049554,96.11330415373068,3.6941553000049554,0.0,0.0,0.0,0.0
appendicitis,extra_tree,max_features=all,10,106,7,gini,0.0035299921035766603,0.009615096238164825,0.7801731601731602,0.02571137039459536,0.07604967033899902,0.016541024475382814,0.783991963241649,0.023413315957400305,0.06609608447941191,0.015929742910169895,20.54,1.0316976301223144,143.24000000000004,7.089033784656411,143.24000000000004,7.089033784656411,6.9754032754938935,0.019001739055598318,6.9754032754938935,0.019001739055598318,0.0,0.0,0.0,0.0
appendicitis,prophet_1sample,,10,106,7,gini,0.0011297798156738282,0.0020446436509985364,0.788874458874459,0.02564952417425365,0.05924125440309143,0.013275420414681209,0.7944331536281684,0.023328307742830175,0.0524715130614787,0.009763032715528275,16.46,0.8487638069569177,307.3,22.558413064752582,307.3,22.558413064752582,19.033775589735342,1.5747855110416669,19.033775589735342,1.5747855110416669,0.0,0.0,0.0,0.0
backache,extra_tree,max_features=all,10,180,32,gini,0.0005791902542114258,5.756377008594727e-05,0.7861111111111112,0.017435949807194703,0.06377573613101284,0.014291970445639441,0.7917952515898312,0.013127194993762005,0.050685950465872834,0.009735678446954889,26.48,0.8726969691708572,584.5200000000001,15.734598819162814,584.5200000000001,15.734598819162814,22.0977601101769,0.22722869036204185,22.0977601101769,0.22722869036204185,0.0,0.0,0.0,0.0
backache,prophet_1sample,,10,180,32,gini,0.0014876556396484374,0.0001739252199576598,0.7911111111111111,0.021688023662159033,0.04060087098313034,0.024589747765365395,0.7898250672100687,0.018400768015824836,0.033291872651749994,0.015014596700678135,22.6,0.7483314773547882,2166.06,38.64919662813184,2166.06,38.64919662813184,95.9852713425086,3.6523331393539133,95.9852713425086,3.6523331393539133,0.0,0.0,0.0,0.0
balance_scale,extra_tree,max_features=all,10,625,4,gini,0.0005176687240600586,9.795020110542553e-05,0.61648,0.022389140224671394,0.09607557063771253,0.017594906269653973,0.6042926402147629,0.025199149756369103,0.12650190040047515,0.01857979653821804,141.29999999999998,2.4302263269086666,315.04,8.369850655776359,315.04,8.369850655776359,2.230599050967503,0.03205458077317392,2.230599050967503,0.03205458077317392,0.0,0.0,0.0,0.0
balance_scale,prophet_1sample,,10,625,4,gini,0.000758504867553711,0.000255409954944725,0.5904,0.0196871531715482,0.09847981242431167,0.017024175306674598,0.5920325370426335,0.017772681412685433,0.12456090767120584,0.012189720631665367,126.58,0.6600000000000026,436.93999999999994,3.598944289649393,436.93999999999994,3.598944289649393,3.452478959147869,0.03261987021880921,3.452478959147869,0.03261987021880921,0.0,0.0,0.0,0.0
biomed,extra_tree,max_features=all,10,209,8,gini,0.0003726482391357422,4.04865580486562e-05,0.8188037166085946,0.028102074348372523,0.05744264727134527,0.03247899387884075,0.8174497269161926,0.02866283420263873,0.05636131865520044,0.031225434663204273,32.019999999999996,3.2844482032755518,252.84,26.09042736330703,252.84,26.09042736330703,7.89784451416575,0.026170726178524135,7.89784451416575,0.026170726178524135,0.0,0.0,0.0,0.0
biomed,prophet_1sample,,10,209,8,gini,0.0006975793838500976,0.0001565193956166187,0.8570731707317073,0.019006371588317916,0.07907740722925347,0.02269403562358947,0.857196724360338,0.019354166609947078,0.07749540009984275,0.022340642365807982,19.8,1.4993331851193046,962.1999999999998,76.03530758798838,962.1999999999998,76.03530758798838,49.609816526875356,6.28019633855506,49.609816526875356,6.28019633855506,0.0,0.0,0.0,0.0
breast_cancer,extra_tree,max_features=all,10,286,9,gini,0.0006086492538452148,6.10357636555608e-05,0.6334785238959466,0.023802372938046303,0.050068261105707466,0.01203566253327,0.6354244989436765,0.02281707825594963,0.046850687017721125,0.012863986896997522,94.72,1.6569852141766375,451.43999999999994,8.551397546600203,451.43999999999994,8.551397546600203,4.7715698845946735,0.0800571391999989,4.7715698845946735,0.0800571391999989,0.0,0.0,0.0,0.0
breast_cancer,prophet_1sample,,10,286,9,gini,0.001083054542541504,0.00010328483502732004,0.6260738052026619,0.016446209567619025,0.05323927220304987,0.00845710352664159,0.6261612686675588,0.015380676865840845,0.048014104327515815,0.007369618101313594,89.28,0.9846826900072938,767.44,11.305503084781316,767.44,11.305503084781316,8.598690481085157,0.13166711261968497,8.598690481085157,0.13166711261968497,0.0,0.0,0.0,0.0
bupa,extra_tree,max_features=all,10,345,5,gini,0.0006773567199707031,8.631384494471922e-05,0.5281159420289856,0.020610305895224532,0.05169054065750002,0.01494249285265678,0.5225112713897717,0.021233741611257313,0.05327395468567832,0.015354312647717208,128.36,4.3770309571671975,618.6,17.71914219142674,618.6,17.71914219142674,4.821460411436516,0.04102605936266995,4.821460411436516,0.04102605936266995,0.0,0.0,0.0,0.0
bupa,prophet_1sample,,10,345,5,gini,0.0015427207946777345,0.0003331724903049022,0.5289855072463767,0.029309780313270545,0.05306734789337366,0.011883538459752421,0.5244536520269713,0.028866888053539173,0.0545735789017104,0.012557427998564182,108.94000000000001,2.126123232552619,1664.72,61.368604351084976,1664.72,61.368604351084976,15.2830094253144,0.7484956995497872,15.2830094253144,0.7484956995497872,0.0,0.0,0.0,0.0
calendarDOW,extra_tree,max_features=all,10,399,32,gini,0.0009120988845825196,0.00011112266263186565,0.5406518987341772,0.014075835533644084,0.19232343594574006,0.010855544090045648,0.5336457170140254,0.014866566098893969,0.18322359545864822,0.01381817199260779,108.22,3.061306910455075,1973.6200000000001,61.39084296538045,1973.6200000000001,61.39084296538045,18.292337814170413,0.5589807116047856,18.292337814170413,0.5589807116047856,0.0,0.0,0.0,0.0
calendarDOW,prophet_1sample,,10,399,32,gini,0.0019870424270629883,0.00035407589469356953,0.5600253164556961,0.014133910467104735,0.18758819537102814,0.011922511681368632,0.5490095807046325,0.014958058486768644,0.17909215964194594,0.012143495309596375,109.52000000000001,2.0826905675111695,4162.4,152.4499655624757,4162.4,152.4499655624757,38.19229443453507,1.8184296336894086,38.19229443453507,1.8184296336894086,0.0,0.0,0.0,0.0
car_evaluation,extra_tree,max_features=all,10,1728,6,gini,0.0008551263809204101,0.0001335886000639216,0.8278128508000334,0.02738422823456899,0.05982873436302014,0.013775054941617425,0.8182043857032093,0.034313437388540785,0.07109956186775851,0.021695898309579787,88.14,4.797541036822927,279.06,7.953892129014567,279.06,7.953892129014567,3.1827038228576234,0.11683410601519167,3.1827038228576234,0.11683410601519167,0.0,0.0,0.0,0.0
car_evaluation,prophet_1sample,,10,1728,6,gini,0.0016544818878173827,0.0003868101281526838,0.8007197788389042,0.008425155717222663,0.07090784854041293,0.004597134045398338,0.7819443965592991,0.007309805579677127,0.09069665549354045,0.0035663862569867326,73.02000000000001,1.9868568141665364,362.0,5.009590801652369,362.0,5.009590801652369,4.978434014061576,0.08686757254059131,4.978434014061576,0.08686757254059131,0.0,0.0,0.0,0.0
cars,extra_tree,max_features=all,10,392,8,gini,0.0004924821853637695,0.00011494887878260845,0.8838591366439468,0.031691768140540366,0.037957315362519825,0.018955548346703984,0.883161253502939,0.03199777432849918,0.03782293466805912,0.019484096603337903,46.36,8.295444532995203,339.73999999999995,55.438618308900885,339.73999999999995,55.438618308900885,7.3636024523155665,0.18334687768008973,7.3636024523155665,0.18334687768008973,0.0,0.0,0.0,0.0
cars,prophet_1sample,,10,392,8,gini,0.0010206317901611328,0.00016385044931366733,0.8320934761441091,0.013724418528724365,0.039532189141512436,0.013224561797102213,0.830497609072783,0.013724942629218155,0.04126021084170643,0.01304602209423274,52.08,3.402587250901878,1638.9999999999995,191.84975371368083,1638.9999999999995,191.84975371368083,31.91461510403166,4.831995082986115,31.91461510403166,4.831995082986115,0.0,0.0,0.0,0.0
chess,extra_tree,max_features=all,10,3196,36,gini,0.0020332765579223634,0.00027867468979917825,0.995431338028169,0.0004684391094552893,0.0035609525492669844,0.00046287702153314223,0.9954311460853343,0.00046846960222968745,0.003561006197836084,0.00046293325689896495,49.12,0.6144916598294894,902.6200000000001,5.7982411126133835,902.6200000000001,5.7982411126133835,18.42475191107358,0.12762399294986923,18.42475191107358,0.12762399294986923,0.0,0.0,0.0,0.0
chess,prophet_1sample,,10,3196,36,gini,0.0033057785034179693,0.00026297413107027005,0.995525234741784,0.000421083694744119,0.003774960500777061,0.00027271782979563803,0.9955251213025491,0.0004210576439022438,0.0037749243787249544,0.0002727002385882752,48.22,0.24413111231467313,902.9200000000001,2.8059935851673017,902.9200000000001,2.8059935851673017,18.7636182020066,0.0702705216142191,18.7636182020066,0.0702705216142191,0.0,0.0,0.0,0.0
churn,extra_tree,max_features=all,10,5000,20,gini,0.004129266738891602,0.00011189268766151073,0.9141000000000001,0.003202811265123171,0.007247545981792917,0.002250572647527145,0.9148964219134379,0.003258173347925841,0.006910273816732664,0.0019798266182630008,356.24,8.706687085223628,6263.2,108.28233466267721,6263.2,108.28233466267721,17.588609711611447,0.34915279483067985,17.588609711611447,0.34915279483067985,0.0,0.0,0.0,0.0
churn,prophet_1sample,,10,5000,20,gini,0.14923450469970706,0.020011099834714666,0.9126800000000002,0.0036311981493716127,0.008939462715971324,0.0026149581927362928,0.9131390220687082,0.0035345440649612314,0.00845909363360636,0.0027157946649473508,307.92,6.891269839441784,95071.14,2695.8680072288407,95071.14,2695.8680072288407,309.29905920197433,11.834001627740047,309.29905920197433,11.834001627740047,0.0,0.0,0.0,0.0
clean1,extra_tree,max_features=all,10,476,168,gini,0.0009718751907348635,0.00021939322218282787,0.900824561403509,0.06332794040192218,0.12415318592261829,0.06079948183654097,0.8845971468060997,0.0738866459249108,0.1507527756485823,0.07695086353295963,4.96,2.607374158037162,832.0199999999999,436.29970845738603,832.0199999999999,436.29970845738603,167.86689612511674,0.1470727550351601,167.86689612511674,0.1470727550351601,0.0,0.0,0.0,0.0
clean1,prophet_1sample,,10,476,168,gini,0.004826884269714356,0.0007073635970292106,0.9083881578947366,0.02598277459099186,0.12330869381581729,0.027871654107539747,0.8976268435354434,0.032423227512310304,0.14051908746716316,0.04201374889694286,2.52,0.6823488843692792,4668.359999999999,2756.1619514099675,4668.359999999999,2756.1619514099675,3295.416333333333,3194.7001005068973,3295.416333333333,3194.7001005068973,0.0,0.0,0.0,0.0
cloud,extra_tree,max_features=all,10,108,7,gini,0.0005406808853149413,5.274327018265389e-05,0.3130735930735931,0.054911094965346366,0.09257271264589687,0.0432800546953477,0.2891579222176001,0.05756020382693003,0.0966096434795817,0.043106654623450626,47.239999999999995,2.8054233192158367,322.26,18.61076032836917,322.26,18.61076032836917,6.827801005256243,0.036611821277216766,6.827801005256243,0.036611821277216766,0.0,0.0,0.0,0.0
cloud,prophet_1sample,,10,108,7,gini,0.0009119796752929687,0.00011011093302489477,0.515021645021645,0.03957337470487581,0.1693579212389166,0.03736062889667415,0.4561611129305703,0.043216419915516786,0.1984328029942921,0.03732211752554562,25.54,1.2459534501738017,421.26000000000005,36.05740423269539,421.26000000000005,36.05740423269539,16.641105811262698,1.5057933771693033,16.641105811262698,1.5057933771693033,0.0,0.0,0.0,0.0
coil2000,extra_tree,max_features=all,10,9822,85,gini,0.02531584739685059,0.0007805206591891844,0.9013134020511705,0.002236436644323319,0.005156141720738499,0.0017510314282836092,0.8993561576562723,0.001574020470504669,0.0036968154713371377,0.0008622920040096987,731.8399999999999,17.537571097503793,34859.03999999999,687.2776777984285,34859.03999999999,687.2776777984285,47.68451445564473,0.31302461233796597,47.68451445564473,0.31302461233796597,0.0,0.0,0.0,0.0
coil2000,prophet_1sample,,10,9822,85,gini,0.09474791049957276,0.0018180162619685558,0.9000508491265163,0.001228324659757767,0.003859592829171385,0.001221660743260192,0.8992263963940464,0.0010097940334877946,0.0028247931516072345,0.0007682419708233059,798.22,11.695965116227052,76201.50000000001,937.1690743937297,76201.50000000001,937.1690743937297,95.65878856684962,1.3144514204764102,95.65878856684962,1.3144514204764102,0.0,0.0,0.0,0.0
collins,extra_tree,max_features=all,10,485,23,gini,0.0008706283569335938,0.0003831384062988755,0.9630927835051546,0.0330469863277417,0.05078455778747061,0.0402214061162937,0.9590122611642103,0.03730110017311942,0.05617118963586824,0.04588221399366753,13.440000000000001,0.7472616676907763,295.68,16.439756689197075,295.68,16.439756689197075,22.0,0.0,22.0,0.0,0.0,0.0,0.0,0.0
collins,prophet_1sample,,10,485,23,gini,0.0031388807296752934,0.0005912184190841438,0.8455670103092782,0.009864638114561394,0.19028650161837007,0.012084145687806,0.8466470675189974,0.009316701937063325,0.1888746043471426,0.0115227516744176,16.740000000000002,1.4698299221338502,1633.1200000000001,385.49877509533025,1633.1200000000001,385.49877509533025,99.18744761413338,25.0178308637179,99.18744761413338,25.0178308637179,0.0,0.0,0.0,0.0
confidence,extra_tree,max_features=all,10,72,3,gini,0.0005298995971679687,0.0006011447060640792,0.7455238095238095,0.046650726140469695,0.12222425892989015,0.030413725542504103,0.7192356009070295,0.05061009706235529,0.13529588898169634,0.028682429178116912,17.159999999999997,0.9911609354691094,51.480000000000004,2.973482806407329,51.480000000000004,2.973482806407329,3.0,0.0,3.0,0.0,0.0,0.0,0.0,0.0
confidence,prophet_1sample,,10,72,3,gini,0.0004504871368408203,0.00010152938601250032,0.7041904761904761,0.02065678938862001,0.17890968112548034,0.027132611508822763,0.678374149659864,0.024863045563699938,0.19907300771513672,0.025522173482181484,14.040000000000001,0.8845337754998392,179.94000000000003,28.086587546371668,179.94000000000003,28.086587546371668,13.562388628914945,2.6195740268351986,13.562388628914945,2.6195740268351986,0.0,0.0,0.0,0.0
corral,extra_tree,max_features=all,10,160,6,gini,0.0004514503479003906,8.61894901612523e-05,0.975,0.0,0.049999999999999996,0.0,0.975,0.0,0.049999999999999996,0.0,9.599999999999998,1.7763568394002505e-15,38.2,0.0,38.2,0.0,4.096923076923078,0.0,4.096923076923078,0.0,0.0,0.0,0.0,0.0
corral,prophet_1sample,,10,160,6,gini,0.0007371139526367188,0.00021324601407629996,0.975,0.0,0.049999999999999996,0.0,0.975,0.0,0.049999999999999996,0.0,9.599999999999998,1.7763568394002505e-15,38.2,0.0,38.2,0.0,4.096923076923078,0.0,4.096923076923078,0.0,0.0,0.0,0.0,0.0
dermatology,extra_tree,max_features=all,10,366,34,gini,0.0007396697998046876,0.00010208347896277831,0.9202554609403926,0.009568598583384562,0.03470201086954282,0.01407355129272635,0.9195495975585928,0.01090001957858796,0.034216999097412125,0.01273777434898312,20.259999999999998,1.502131818450032,448.66,37.97030945357175,448.66,37.97030945357175,22.12978006022783,0.5092046871044977,22.12978006022783,0.5092046871044977,0.0,0.0,0.0,0.0
dermatology,prophet_1sample,,10,366,34,gini,0.0013709831237792968,0.0001737009728878607,0.9238393187708256,0.005903460548205501,0.033872186873970804,0.010054567981624563,0.9229019219215389,0.005808606705808022,0.033875291088369466,0.009987526121442393,16.78,0.7507329751649381,823.3799999999999,40.24439836797164,823.3799999999999,40.24439836797164,49.431472184763976,2.4811847630655413,49.431472184763976,2.4811847630655413,0.0,0.0,0.0,0.0
dis,extra_tree,max_features=all,10,3772,29,gini,0.001796092987060547,0.0002487823255358562,0.9774119486359722,0.002224404320697406,0.006534655646926306,0.0016902909541966552,0.9781758860397052,0.002438101332425504,0.005655065823373678,0.0017037246871550286,85.22,7.404025931883275,1195.3200000000002,111.13074102155531,1195.3200000000002,111.13074102155531,14.038046454106503,0.28500493665956117,14.038046454106503,0.28500493665956117,0.0,0.0,0.0,0.0
dis,prophet_1sample,,10,3772,29,gini,0.010398125648498536,0.0017077412048782138,0.9773850018444674,0.003197060348500379,0.005074062361059447,0.0019022725623384898,0.9776919068203677,0.0026759097526723504,0.004536946774778025,0.0012858539655965714,77.28,8.530041031554303,6683.159999999999,323.2896014411846,6683.159999999999,323.2896014411846,88.32141321329402,7.34078282417092,88.32141321329402,7.34078282417092,0.0,0.0,0.0,0.0
dna,extra_tree,max_features=all,10,3186,180,gini,0.015364909172058105,0.000588137190390426,0.9031669808024487,0.0022076263419879318,0.0079609019662476,0.001450791223102421,0.9034244807590864,0.0022191109089190844,0.008000192102444936,0.0013616005461207887,155.24,0.3555277766926245,23018.020000000004,42.656624339016616,23018.020000000004,42.656624339016616,148.30218035116633,0.09695894336136185,148.30218035116633,0.09695894336136185,0.0,0.0,0.0,0.0
dna,prophet_1sample,,10,3186,180,gini,0.027276039123535156,0.0007685506811197152,0.9031669808024487,0.0022076263419879318,0.0079609019662476,0.001450791223102421,0.9034244807590864,0.0022191109089190844,0.008000192102444936,0.0013616005461207887,156.04,0.3555277766926222,23018.020000000004,42.656624339016616,23018.020000000004,42.656624339016616,147.5432554937423,0.09563060169239132,147.5432554937423,0.09563060169239132,0.0,0.0,0.0,0.0
ecoli,extra_tree,max_features=all,10,327,7,gini,0.0007228469848632813,0.000989095125457307,0.774974358974359,0.013772619125393295,0.058573629931344684,0.013058131009580917,0.7745287615914673,0.013644027984132423,0.055506889744190345,0.012124702212260825,68.03999999999999,1.8347751905887566,345.0400000000001,9.872709861026001,345.0400000000001,9.872709861026001,5.070450843168608,0.03523922774642736,5.070450843168608,0.03523922774642736,0.0,0.0,0.0,0.0
ecoli,prophet_1sample,,10,327,7,gini,0.001629838943481445,0.0026681964370254,0.7845361305361305,0.022135098473332417,0.034939096016164975,0.013600424907436353,0.7817320479434633,0.022892726970986,0.035120712247086336,0.01313688543530942,56.160000000000004,1.4880860190190626,1276.8600000000001,68.38239832003552,1276.8600000000001,68.38239832003552,22.795299016933125,1.3607389439087008,22.795299016933125,1.3607389439087008,0.0,0.0,0.0,0.0
flags,extra_tree,max_features=all,10,178,43,gini,0.0005976629257202148,7.627940769569087e-05,0.3881746031746032,0.014789911987521734,0.07185606840904964,0.014404478660552516,0.38186372703874505,0.016402987622809524,0.06724529888277544,0.012228375736450579,67.78,1.3280060240827218,1220.3000000000002,18.591879947977297,1220.3000000000002,18.591879947977297,18.026977159243682,0.2872402736141688,18.026977159243682,0.2872402736141688,0.0,0.0,0.0,0.0
flags,prophet_1sample,,10,178,43,gini,0.0008608675003051758,0.0001646343444065833,0.39241269841269844,0.01404986978651007,0.08291648034137532,0.013241354850411266,0.3814516628215965,0.011699742108638226,0.07951677419713013,0.011716297873931495,67.38000000000001,0.2441311123146724,1503.02,11.142872161162023,1503.02,11.142872161162023,22.36076924208401,0.1179251211989445,22.36076924208401,0.1179251211989445,0.0,0.0,0.0,0.0
glass2,extra_tree,max_features=all,10,163,9,gini,0.0005267047882080077,8.870846528584505e-05,0.7736931818181818,0.038075855739421724,0.0688810174065211,0.015446344386568306,0.7718713625699956,0.03900940321312061,0.06945145678320208,0.01553593178597179,33.239999999999995,1.7839282496782203,280.15999999999997,14.879462355878324,280.15999999999997,14.879462355878324,8.429081015994857,0.03611182154910129,8.429081015994857,0.03611182154910129,0.0,0.0,0.0,0.0
glass2,prophet_1sample,,10,163,9,gini,0.0010809946060180663,0.0002376911017184845,0.7741098484848485,0.02969755550790483,0.058662527721947653,0.02349880502490772,0.7728183826725208,0.030615585184751118,0.059019385907400114,0.02333755609777767,25.419999999999998,1.2726350615946431,1064.2400000000002,113.88604128689344,1064.2400000000002,113.88604128689344,42.303888347171835,3.7886056235245547,42.303888347171835,3.7886056235245547,0.0,0.0,0.0,0.0
haberman,extra_tree,max_features=all,10,306,3,gini,0.0005087947845458984,0.00017947036519066486,0.6560549973558962,0.03144027589104169,0.07125003620273447,0.023878830595549832,0.6463465718110858,0.027716537272695085,0.056377735117494075,0.02283048051007424,113.38,2.5775181861628047,257.12,5.987453548880361,257.12,5.987453548880361,2.270234863820341,0.04795786018238355,2.270234863820341,0.04795786018238355,0.0,0.0,0.0,0.0
haberman,prophet_1sample,,10,306,3,gini,0.000701580047607422,0.00011705811443384915,0.6212109994711792,0.02839379736753212,0.11865382964527511,0.03743244107953116,0.5939215549438756,0.034745656273271294,0.09401473207145963,0.03583351417455766,96.99999999999999,1.264911064067354,649.3,24.622144504490265,649.3,24.622144504490265,6.697799599330347,0.2635193954154857,6.697799599330347,0.2635193954154857,0.0,0.0,0.0,0.0
hayes_roth,extra_tree,max_features=all,10,160,4,gini,0.000352783203125,5.1596584173379705e-05,0.806875,0.016165646445471932,0.06283974572232233,0.008637352462061113,0.8062733674102631,0.01647537758962816,0.06288135099550278,0.00820344445662042,29.120000000000005,2.2506887834616314,68.74,3.6835309147609996,68.74,3.6835309147609996,2.3738365029798656,0.0704175991800287,2.3738365029798656,0.0704175991800287,0.0,0.0,0.0,0.0
hayes_roth,prophet_1sample,,10,160,4,gini,0.0004460573196411133,0.0001701115372302489,0.8268749999999999,0.00793036096278097,0.058371091258387055,0.007331657746038841,0.8263968086705343,0.007726160505703978,0.058352372136751304,0.006890621106779786,32.58,1.3577923257994937,102.6,2.609214441168069,102.6,2.609214441168069,3.15435853196598,0.07329230237459096,3.15435853196598,0.07329230237459096,0.0,0.0,0.0,0.0
hepatitis,extra_tree,max_features=all,10,155,19,gini,0.0005831527709960938,5.473267347127661e-05,0.7541935483870967,0.022058478706166153,0.05179913259302862,0.01404218106571287,0.7548025935317019,0.023345666554871275,0.05079555037807646,0.012148881892013803,23.9,0.7549834435270751,357.2200000000001,9.701319497882743,357.2200000000001,9.701319497882743,14.952201113398644,0.3673570566128514,14.952201113398644,0.3673570566128514,0.0,0.0,0.0,0.0
hepatitis,prophet_1sample,,10,155,19,gini,0.0010954046249389649,0.00018832230299882104,0.756774193548387,0.03462899845243781,0.055856732860401805,0.019825051784063335,0.7465131512608639,0.03560689334470187,0.06348629541235568,0.021576083619967233,20.46,0.824863625092051,1035.1,106.02845844394798,1035.1,106.02845844394798,51.16326456854843,5.384170702986188,51.16326456854843,5.384170702986188,0.0,0.0,0.0,0.0
hypothyroid,extra_tree,max_features=all,10,3163,25,gini,0.0017085695266723633,0.00035584439368841094,0.9663292139100526,0.002631042349876615,0.004805174374394374,0.0017923684962005957,0.9665037077890872,0.0028440984190264986,0.004740130766550923,0.0016929302707485042,115.12,5.177798760091009,1415.66,74.15351913429328,1415.66,74.15351913429328,12.295369772347955,0.23697731624082305,12.295369772347955,0.23697731624082305,0.0,0.0,0.0,0.0
hypothyroid,prophet_1sample,,10,3163,25,gini,0.007113642692565918,0.0007971146526501733,0.9663931049653047,0.002297017539224244,0.0050739435008549235,0.0019765989482091032,0.9664411584306372,0.0021820489903620955,0.004889895360722851,0.0018692598676610243,87.42,3.261226763044851,5430.159999999999,221.30868577622527,5430.159999999999,221.30868577622527,62.370064550105255,3.320053102014695,62.370064550105255,3.320053102014695,0.0,0.0,0.0,0.0
ionosphere,extra_tree,max_features=all,10,351,34,gini,0.0007678747177124023,0.00031260499222070275,0.8799034205231389,0.01830051898768989,0.05317366026997485,0.016999958309342,0.8782871219140891,0.01892618293343914,0.054710548018193916,0.017429561571019353,30.78,2.2564574004399023,983.8400000000001,71.89552420005016,983.8400000000001,71.89552420005016,31.964059583730695,0.10786489528100636,31.964059583730695,0.10786489528100636,0.0,0.0,0.0,0.0
ionosphere,prophet_1sample,,10,351,34,gini,0.004361090660095214,0.0013283831284341128,0.888354124748491,0.011074841483767923,0.05215738079311995,0.014872833421239922,0.8882981808270088,0.010809580419783131,0.05216207928378821,0.0142765894019658,25.32,1.8356470248934025,8719.359999999999,1615.7975412779901,8719.359999999999,1615.7975412779901,358.8128510746194,77.47685170492194,358.8128510746194,77.47685170492194,0.0,0.0,0.0,0.0
iris,extra_tree,max_features=all,10,150,4,gini,0.00030759334564208987,6.755817700473225e-05,0.9480000000000001,0.009797958971132708,0.028506723818566525,0.008732444447052635,0.9477311441045456,0.009977710166959109,0.028745790282863382,0.008918715865855962,12.48,1.1565465835840767,48.02,4.366646310385122,48.02,4.366646310385122,3.8504543528367066,0.0396056178625056,3.8504543528367066,0.0396056178625056,0.0,0.0,0.0,0.0
iris,prophet_1sample,,10,150,4,gini,0.0003780031204223633,5.154393113921627e-05,0.9346666666666668,0.01107549848389074,0.03447371316838183,0.010456618868540353,0.9343726626494158,0.011199211172057346,0.034837170254152096,0.01054481445481072,11.780000000000003,2.215310362003483,257.32,15.886144906804795,257.32,15.886144906804795,23.00832917082917,4.509990370466118,23.00832917082917,4.509990370466118,0.0,0.0,0.0,0.0
irish,extra_tree,max_features=all,10,500,5,gini,0.00035153388977050777,5.498957062897603e-05,0.9994,0.0012806248474865416,0.0008898979485566363,0.001791111844959632,0.9993993319161859,0.0012820507887075917,0.0008908888259161068,0.0017931061996812366,7.62,2.854400112107621,33.54,11.2910761223189,33.54,11.2910761223189,4.503198412698413,0.30956071422238246,4.503198412698413,0.30956071422238246,0.0,0.0,0.0,0.0
irish,prophet_1sample,,10,500,5,gini,0.00046030998229980476,9.265585065976696e-05,0.9987999999999999,0.0015999999999999628,0.002089897948556637,0.0027626665677599927,0.9988000734083826,0.0015998218494630444,0.0020893410690645898,0.0027606309464433907,5.0,2.2995651762887697,216.62000000000003,38.7649790403658,216.62000000000003,38.7649790403658,54.58301578813344,17.004863059203497,54.58301578813344,17.004863059203497,0.0,0.0,0.0,0.0
kr_vs_kp,extra_tree,max_features=all,10,3196,36,gini,0.00235781192779541,0.0008735568987439996,0.9744062989045383,0.005511460272427168,0.014157769557030093,0.002746683594556782,0.9743774507124124,0.005520115137260998,0.014180991381984457,0.0027494212340892026,47.3,0.5234500931320963,854.96,6.251911707629892,854.96,6.251911707629892,18.10858765339432,0.12293611626588871,18.10858765339432,0.12293611626588871,0.0,0.0,0.0,0.0
kr_vs_kp,prophet_1sample,,10,3196,36,gini,0.004163570404052735,0.0019088241378871192,0.9790068466353679,0.0010882869401441472,0.012527616019363672,0.0009350537321774304,0.9789818193001825,0.0010881107280040201,0.012553374876827634,0.0009344831844892763,46.60000000000001,0.12649110640673472,856.0199999999999,1.6839239887833575,856.0199999999999,1.6839239887833575,18.390258784003663,0.030575250623635288,18.390258784003663,0.030575250623635288,0.0,0.0,0.0,0.0
krkopt,extra_tree,max_features=all,10,28056,6,gini,0.016630721092224122,0.008562375520233203,0.11234462699465322,0.012412620613107354,0.028086586650749184,0.0069436929777073435,0.105016648109917,0.013047043492473131,0.024440620666742303,0.010626003460574567,8000.5599999999995,152.15273379075384,15887.859999999997,235.70405257440964,15887.859999999997,235.70405257440964,1.9893630012128092,0.025417271097974294,1.9893630012128092,0.025417271097974294,0.0,0.0,0.0,0.0
krkopt,prophet_1sample,,10,28056,6,gini,0.032740383148193365,0.005995581118775121,0.10299188743524232,0.004017315186454866,0.025993915254880068,0.0025821407711393647,0.09437282413506323,0.003967001682109326,0.017465326359040738,0.003202899031445012,5774.64,38.622045518071694,24481.64,143.94856859309104,24481.64,143.94856859309104,4.241082875967631,0.013527014616312673,4.241082875967631,0.013527014616312673,0.0,0.0,0.0,0.0
labor,extra_tree,max_features=all,10,57,16,gini,0.0003246212005615234,4.1547693661307214e-05,0.8393939393939395,0.04732029463839834,0.10996787397630185,0.03921633189912784,0.8401644673409379,0.04641262006463448,0.10846688558852846,0.03772115944990407,7.94,0.6390618123468182,114.88,8.779612747724128,114.88,8.779612747724128,14.529976190476194,0.32312384617549644,14.529976190476194,0.32312384617549644,0.0,0.0,0.0,0.0
labor,prophet_1sample,,10,57,16,gini,0.00037611007690429687,0.00010573536256014185,0.8465151515151517,0.0331818181818182,0.07657008785885569,0.032222774995193756,0.8447926322043969,0.033442890855809426,0.07600631348339186,0.03143192333183627,6.44,0.24979991993593578,223.61999999999998,18.53892121996315,223.61999999999998,18.53892121996315,34.86705555555555,2.829952255786346,34.86705555555555,2.829952255786346,0.0,0.0,0.0,0.0
led24,extra_tree,max_features=all,10,3200,24,gini,0.00581197738647461,0.0033594380981227167,0.57315625,0.0035450504668480976,0.009763211596440913,0.002686775357770292,0.5730641215765371,0.0034702258355995726,0.00926987209821311,0.0026566653615443213,872.5200000000001,0.9260669522232199,11310.6,7.237126501588912,11310.6,7.237126501588912,12.963607048712717,0.010538154777782392,12.963607048712717,0.010538154777782392,0.0,0.0,0.0,0.0
led24,prophet_1sample,,10,3200,24,gini,0.007982983589172364,0.0016294157268889275,0.57315625,0.0035450504668480976,0.009763211596440913,0.002686775357770292,0.5730641215765371,0.0034702258355995726,0.00926987209821311,0.0026566653615443213,872.5200000000001,0.9260669522232199,11310.6,7.237126501588912,11310.6,7.237126501588912,12.963607048712717,0.010538154777782392,12.963607048712717,0.010538154777782392,0.0,0.0,0.0,0.0
led7,extra_tree,max_features=all,10,3200,7,gini,0.0009052467346191405,0.00015366154212552633,0.7318750000000002,1.1102230246251565e-16,0.00775604602874429,8.673617379884035e-19,0.7291984699202221,0.0,0.006870023792906519,8.673617379884035e-19,106.8,0.0,223.24,0.08000000000000682,223.24,0.08000000000000682,2.0905479287892303,0.0007547169811319422,2.0905479287892303,0.0007547169811319422,0.0,0.0,0.0,0.0
led7,prophet_1sample,,10,3200,7,gini,0.0010786771774291993,9.182109653996912e-05,0.7318750000000002,1.1102230246251565e-16,0.00775604602874429,8.673617379884035e-19,0.7291984699202221,0.0,0.006870023792906519,8.673617379884035e-19,185.8,0.0,223.24,0.08000000000000682,223.24,0.08000000000000682,1.2015896825071988,0.0004371584699454089,1.2015896825071988,0.0004371584699454089,0.0,0.0,0.0,0.0
letter,extra_tree,max_features=all,10,20000,16,gini,0.023243756294250486,0.015159251574822591,0.8478749999999999,0.004275643226463101,0.007900161124266105,0.004256401556553909,0.848110246377994,0.004172045742686414,0.007754479696525154,0.003927193149129215,2286.0400000000004,99.06045830703584,32545.9,1301.477969848126,32545.9,1301.477969848126,14.24313611207966,0.06453914845522561,14.24313611207966,0.06453914845522561,0.0,0.0,0.0,0.0
letter,prophet_1sample,,10,20000,16,gini,0.07442174434661865,0.010110999601031106,0.8410249999999999,0.003890388798050898,0.007056599496582947,0.0025189091974156864,0.8416562634403247,0.0036293255379469913,0.006731485885547547,0.002374903433627888,1923.06,68.42157846761503,72493.16,2029.978986689271,72493.16,2029.978986689271,37.771549349728296,0.3558276564403387,37.771549349728296,0.3558276564403387,0.0,0.0,0.0,0.0
lupus,extra_tree,max_features=all,10,87,3,gini,0.0003417539596557617,6.002132662697631e-05,0.6776470588235295,0.02482077238972026,0.10511423764322454,0.042438331684905885,0.6657805116691239,0.02483468933852997,0.11147228122505079,0.04916103958850502,34.300000000000004,1.521183749584513,83.02000000000001,4.53382840433998,83.02000000000001,4.53382840433998,2.422389136710066,0.09995527007630695,2.422389136710066,0.09995527007630695,0.0,0.0,0.0,0.0
lupus,prophet_1sample,,10,87,3,gini,0.0003735208511352539,0.00011581089072898707,0.6938562091503269,0.024629685035286505,0.08958718769364331,0.01849401232802997,0.6841042619087039,0.028879541436680388,0.09512379487480165,0.020216390639106213,28.119999999999997,0.9724196624914572,173.82,14.317388029944569,173.82,14.317388029944569,6.250120178740675,0.5647907090166897,6.250120178740675,0.5647907090166897,0.0,0.0,0.0,0.0
lymphography,extra_tree,max_features=all,10,148,18,gini,0.00044326305389404293,0.00014944222821698547,0.7762758620689656,0.018816285045246094,0.04420793002013366,0.010034110081968127,0.769596323767935,0.019790575011283024,0.04375343006319567,0.010531373613597511,26.420000000000005,0.9856977224281283,324.28000000000003,13.273191025522081,324.28000000000003,13.273191025522081,12.29620680270625,0.15502895014051693,12.29620680270625,0.15502895014051693,0.0,0.0,0.0,0.0
lymphography,prophet_1sample,,10,148,18,gini,0.000533452033996582,0.00012712718672679035,0.7668965517241378,0.018529933505673103,0.04124943477457504,0.014560756878854058,0.7586686493052571,0.018827805261491498,0.04298163229698788,0.01497420745956064,23.44,0.5642694391866356,466.53999999999996,9.978396664795406,466.53999999999996,9.978396664795406,20.005034316845006,0.23276229235156035,20.005034316845006,0.23276229235156035,0.0,0.0,0.0,0.0
magic,extra_tree,max_features=all,10,19020,10,gini,0.01244469165802002,0.00031973511164708543,0.818112513144059,0.0024950456824439976,0.005797810121481807,0.001276821279494095,0.8169080115597993,0.002337600431003451,0.005632607607534866,0.0011093105295979808,2368.68,71.65708339026924,23681.480000000003,716.5679769568274,23681.480000000003,716.5679769568274,9.997746494123238,0.0003796273973540468,9.997746494123238,0.0003796273973540468,0.0,0.0,0.0,0.0
magic,prophet_1sample,,10,19020,10,gini,1.6982165002822875,0.11330629307961106,0.8227760252365931,0.002831297406907898,0.005109938301994016,0.0011900179613709985,0.8220278303346948,0.002849296279118324,0.0050292071728212945,0.0012923729703412158,2009.1799999999998,38.62998317369555,482546.63999999996,10460.743762773274,482546.63999999996,10460.743762773274,240.62219634475287,8.163838901713556,240.62219634475287,8.163838901713556,0.0,0.0,0.0,0.0
mfeat_factors,extra_tree,max_features=all,10,2000,216,gini,0.013368234634399415,0.000348145284619919,0.8731500000000001,0.005996040360104277,0.01695161550149993,0.004862379241616925,0.8729666122842055,0.005774900981281393,0.017122769734372538,0.005077574161140612,149.56,3.0460466181593495,32154.48,654.849596166937,32154.48,654.849596166937,214.9978239930843,0.06618407916875944,214.9978239930843,0.06618407916875944,0.0,0.0,0.0,0.0
mfeat_factors,prophet_1sample,,10,2000,216,gini,0.11792732238769532,0.01433515760128431,0.866,0.003993745109543129,0.016368506284661428,0.005086452792369072,0.8659307778225529,0.0038353931077678657,0.0161858497258121,0.004959935122195523,132.12,2.6308933843848563,169976.6,17085.82291491984,169976.6,17085.82291491984,1290.1117997900324,136.17689800920584,1290.1117997900324,136.17689800920584,0.0,0.0,0.0,0.0
mfeat_fourier,extra_tree,max_features=all,10,2000,76,gini,0.006506619453430176,0.0004291139261543243,0.7149500000000001,0.009051104904927379,0.015126918865854497,0.005396881101697105,0.7147765388285644,0.009137274521572692,0.014879164857467483,0.005218308451743809,294.21999999999997,6.944609420262589,22360.72,527.7903159399578,22360.72,527.7903159399578,76.0,0.0,76.0,0.0,0.0,0.0,0.0,0.0
mfeat_fourier,prophet_1sample,,10,2000,76,gini,0.07681611061096191,0.0066251947346595876,0.74085,0.0068849473491087955,0.01895436767374809,0.008644764085177425,0.7406961318386208,0.006512618952489765,0.01843660017552103,0.008349863876354408,260.02000000000004,4.811195277683082,170231.68000000002,16544.5465797525,170231.68000000002,16544.5465797525,656.2867401783287,69.19836643793538,656.2867401783287,69.19836643793538,0.0,0.0,0.0,0.0
mfeat_karhunen,extra_tree,max_features=all,10,2000,64,gini,0.005175151824951171,0.0004166561417034021,0.7772500000000001,0.010416933329920098,0.021154651495124906,0.0073505591705535925,0.7765990706575572,0.010391971237744383,0.021514682178828782,0.007285506817991086,267.58000000000004,5.915707903539526,17125.120000000003,378.6053058265297,17125.120000000003,378.6053058265297,64.0,0.0,64.0,0.0,0.0,0.0,0.0,0.0
mfeat_karhunen,prophet_1sample,,10,2000,64,gini,0.044946789741516106,0.008362363468832013,0.8053000000000001,0.008441563836162132,0.020063972837058665,0.005642428022914617,0.80500653787604,0.008490225657837476,0.020262544093509815,0.005691552005593968,219.92,3.8793813939853856,71015.56,4343.185562510542,71015.56,4343.185562510542,323.376273581231,21.47670941218676,323.376273581231,21.47670941218676,0.0,0.0,0.0,0.0
mfeat_morphological,extra_tree,max_features=all,10,2000,6,gini,0.0009958219528198244,8.884731724614266e-05,0.6536,0.005430469592954197,0.015403634183188677,0.0064053145083205355,0.6515885230518175,0.005417580327038797,0.01658841272484673,0.006272095057763499,564.14,16.228136060558523,1844.8400000000001,46.85840799685792,1844.8400000000001,46.85840799685792,3.271499216514175,0.02148092778515926,3.271499216514175,0.02148092778515926,0.0,0.0,0.0,0.0
mfeat_morphological,prophet_1sample,,10,2000,6,gini,0.0073425292968750016,0.0012286084819160003,0.65095,0.004606788469204984,0.015747837986307064,0.005937642525196716,0.6481142305285269,0.004772726939536499,0.01661390634717161,0.007032584885757316,521.4399999999999,15.402804939360877,13085.960000000001,1058.162425339324,13085.960000000001,1058.162425339324,25.147698562014675,2.327153393908223,25.147698562014675,2.327153393908223,0.0,0.0,0.0,0.0
mfeat_pixel,extra_tree,max_features=all,10,2000,240,gini,0.016248340606689456,0.0030117949892698483,0.8751000000000001,0.005978294071054037,0.016225526484032984,0.00580795061238851,0.8750071901010548,0.005954964479365986,0.01621620332023474,0.005744264998860812,148.78,2.63279319354939,30213.239999999998,499.6974428591759,30213.239999999998,499.6974428591759,203.1196176271706,0.9534347433501588,203.1196176271706,0.9534347433501588,0.0,0.0,0.0,0.0
mfeat_pixel,prophet_1sample,,10,2000,240,gini,0.04201151371002197,0.008365502146447145,0.8678000000000001,0.005762811813689603,0.015250524689104181,0.004622931613924615,0.8678497385416064,0.005698633676702884,0.015259387212569966,0.004693245691520236,138.54000000000002,2.4642240157907724,62256.14,1267.8188515714708,62256.14,1267.8188515714708,449.8502187235317,8.434830569390813,449.8502187235317,8.434830569390813,0.0,0.0,0.0,0.0
mfeat_zernike,extra_tree,max_features=all,10,2000,47,gini,0.004922900199890137,0.000426979940531835,0.6602500000000001,0.009750000000000005,0.024995327597808394,0.006342996001751719,0.661086629206546,0.009547905470870982,0.02432910855951657,0.006901076477939069,383.49999999999994,13.924726209157575,17914.46,643.1114556591256,17914.46,643.1114556591256,46.71731598946522,0.02670480344775907,46.71731598946522,0.02670480344775907,0.0,0.0,0.0,0.0
mfeat_zernike,prophet_1sample,,10,2000,47,gini,0.10810765743255615,0.022330748008599664,0.62885,0.005975156901705599,0.025074027587637705,0.008132843324101578,0.6317361440779548,0.006611874448642548,0.024568553203358177,0.007628435489119608,349.7,10.480171754317773,253299.7,18227.304437519007,253299.7,18227.304437519007,728.3506708024403,72.43231957207178,728.3506708024403,72.43231957207178,0.0,0.0,0.0,0.0
mofn_3_7_10,extra_tree,max_features=all,10,1324,10,gini,0.0008618259429931639,0.000381957087806366,1.0,0.0,0.0,0.0,1.0,0.0,0.0,0.0,55.0,0.0,310.0,0.0,310.0,0.0,5.636363636363638,8.881784197001252e-16,5.636363636363638,8.881784197001252e-16,0.0,0.0,0.0,0.0
mofn_3_7_10,prophet_1sample,,10,1324,10,gini,0.0011772298812866213,0.00034926704984484456,1.0,0.0,0.0,0.0,1.0,0.0,0.0,0.0,55.0,0.0,310.0,0.0,310.0,0.0,5.636363636363638,8.881784197001252e-16,5.636363636363638,8.881784197001252e-16,0.0,0.0,0.0,0.0
molecular_biology_promoters,extra_tree,max_features=all,10,106,57,gini,0.00046871185302734377,7.419889929273512e-05,0.7408658008658009,0.026305389917786512,0.0808553293260438,0.02111203759590348,0.7375881426228624,0.026518574776790416,0.08297873135197134,0.022270574895319688,12.8,0.758946638440411,709.78,38.99440472683227,709.78,38.99440472683227,55.49737787212788,0.4783764914064276,55.49737787212788,0.4783764914064276,0.0,0.0,0.0,0.0
molecular_biology_promoters,prophet_1sample,,10,106,57,gini,0.00070528507232666,0.0001780402528789555,0.7282251082251082,0.025027336490767806,0.07767358827311284,0.02349303427610643,0.725173725034012,0.026002719805315103,0.08038776086734362,0.024487627920962318,11.459999999999999,0.3693237062523879,1136.3399999999997,51.234601589160405,1136.3399999999997,51.234601589160405,100.01576123876124,5.1239698239359255,100.01576123876124,5.1239698239359255,0.0,0.0,0.0,0.0
monk1,extra_tree,max_features=all,10,556,6,gini,0.00045227050781249995,8.094908098138283e-05,0.9870270270270272,0.008671141921092577,0.018642492126944517,0.011808088212883757,0.9870103376644396,0.008682718139637351,0.018667512758793615,0.011821393562590403,26.439999999999998,7.642407997483516,109.28,21.918065608077736,109.28,21.918065608077736,4.367075124366851,0.3938254106008914,4.367075124366851,0.3938254106008914,0.0,0.0,0.0,0.0
monk1,prophet_1sample,,10,556,6,gini,0.000583810806274414,0.00022610958605401283,0.9981981981981981,0.005405405405405417,0.00279133934861796,0.00837401804585388,0.9981914449502913,0.005425665149126346,0.0028040784202275565,0.00841223526068267,32.5,5.982808704947869,145.04,15.620448136977378,145.04,15.620448136977378,5.19526435664679,0.28174845703215046,5.19526435664679,0.28174845703215046,0.0,0.0,0.0,0.0
monk2,extra_tree,max_features=all,10,601,6,gini,0.0004337120056152344,4.4764019731665887e-05,0.9196666666666665,0.01957606248003468,0.052311737604366484,0.010884948728033104,0.9207445644618861,0.019240688878159197,0.05148857516658335,0.010692399813649656,69.85999999999999,8.26900235820501,216.6,17.24157765403155,216.6,17.24157765403155,3.127837608470466,0.11784362968204358,3.127837608470466,0.11784362968204358,0.0,0.0,0.0,0.0
monk2,prophet_1sample,,10,601,6,gini,0.0005477714538574219,4.361118968847752e-05,0.9341666666666667,0.006066758241067112,0.04381917619237201,0.004332284237067995,0.9349909759479104,0.00598246535568713,0.043357866874950676,0.004196457573363399,51.96,2.483223711227001,262.40000000000003,8.247666336606978,262.40000000000003,8.247666336606978,5.192501598640018,0.09442666356842816,5.192501598640018,0.09442666356842816,0.0,0.0,0.0,0.0
monk3,extra_tree,max_features=all,10,554,6,gini,0.00042263507843017585,0.0001381024270637117,0.9587059787059788,0.0034594656640055937,0.025453039181011695,0.004570470654340246,0.9585866999171542,0.003489212613020811,0.025571779404839495,0.004620947360752317,24.52,0.9558242516278816,83.76,4.8255984084878,83.76,4.8255984084878,3.5019470754829953,0.10233009436905734,3.5019470754829953,0.10233009436905734,0.0,0.0,0.0,0.0
monk3,prophet_1sample,,10,554,6,gini,0.0004524946212768555,9.116930752513052e-05,0.9534479934479932,0.0022504497291525815,0.0198456049748214,0.0025913577995496594,0.9533323448841509,0.002268040898933227,0.019913979546860472,0.002606164694914252,24.660000000000004,0.2973213749463703,97.9,2.4903814968795435,97.9,2.4903814968795435,4.15129823392155,0.1063297999220325,4.15129823392155,0.1063297999220325,0.0,0.0,0.0,0.0
movement_libras,extra_tree,max_features=all,10,360,90,gini,0.0017722034454345705,0.00019562515760186854,0.5294444444444445,0.0147614780617627,0.11960584131824618,0.0208610513468342,0.5153224322022052,0.015489645764285293,0.1225280710382094,0.022283521635112172,82.82,1.9948934808655834,7447.74,179.02290467982021,7447.74,179.02290467982021,89.92767439537091,0.016747694915032627,89.92767439537091,0.016747694915032627,0.0,0.0,0.0,0.0
movement_libras,prophet_1sample,,10,360,90,gini,0.010471858978271483,0.0015576030676807233,0.49444444444444446,0.025700074458267514,0.1145606939106345,0.019346942932602137,0.4822156963383099,0.02397338969227699,0.11549851784228007,0.020973656914972362,77.08000000000001,1.7735839421916306,40650.08,2097.7018743377243,40650.08,2097.7018743377243,529.1634995839968,34.785323936932144,529.1634995839968,34.785323936932144,0.0,0.0,0.0,0.0
mushroom,extra_tree,max_features=all,10,8124,22,gini,0.003088264465332031,0.0004023903253638209,0.9999753846153846,7.384615384616878e-05,4.92307692307703e-05,0.0001476923076923109,0.9999753834765199,7.384957044030971e-05,4.923304696019759e-05,0.00014769914088059278,15.52,2.520634840670104,260.1,42.07605019485551,260.1,42.07605019485551,16.78449828169841,0.6023043320001978,16.78449828169841,0.6023043320001978,0.0,0.0,0.0,0.0
mushroom,prophet_1sample,,10,8124,22,gini,0.006617469787597656,0.0008710841755107116,1.0,0.0,0.0,0.0,1.0,0.0,0.0,0.0,13.84,0.5122499389946278,555.42,31.391138877078046,555.42,31.391138877078046,40.20815584415584,1.910766548196578,40.20815584415584,1.910766548196578,0.0,0.0,0.0,0.0
mux6,extra_tree,max_features=all,10,128,6,gini,0.00031631469726562495,5.256005445930282e-05,1.0,0.0,0.0,0.0,1.0,0.0,0.0,0.0,21.6,0.20000000000000107,65.4,0.19999999999999576,65.4,0.19999999999999576,3.0767058823529414,0.016000000000000014,3.0767058823529414,0.016000000000000014,0.0,0.0,0.0,0.0
mux6,prophet_1sample,,10,128,6,gini,0.00038848876953125,0.00019104495209784,1.0,0.0,0.0,0.0,1.0,0.0,0.0,0.0,21.6,0.20000000000000107,65.4,0.19999999999999576,65.4,0.19999999999999576,3.0767058823529414,0.016000000000000014,3.0767058823529414,0.016000000000000014,0.0,0.0,0.0,0.0
new_thyroid,extra_tree,max_features=all,10,215,5,gini,0.0003280162811279297,6.51239499970158e-05,0.9325581395348838,0.011440347791859366,0.04702914866810513,0.010361012320735458,0.9294145221500736,0.011593980412965787,0.05231390476195321,0.012755296744228546,19.599999999999998,1.6346253393362036,97.34,7.814371375868954,97.34,7.814371375868954,4.967163948147095,0.03183820567862932,4.967163948147095,0.03183820567862932,0.0,0.0,0.0,0.0
new_thyroid,prophet_1sample,,10,215,5,gini,0.0005307292938232422,0.0001625583762172678,0.9134883720930234,0.01268668064835892,0.05087889591456385,0.006476811844755207,0.909800991477125,0.013636052035785195,0.057319764434569785,0.007342392537662813,16.9,1.2751470503436062,477.84,54.223670108173245,477.84,54.223670108173245,28.95610377069275,3.3887593205921114,28.95610377069275,3.3887593205921114,0.0,0.0,0.0,0.0
nursery,extra_tree,max_features=all,10,12958,8,gini,0.0047124624252319345,0.0011931807957928726,0.9417962015952657,0.005132417907405558,0.031445193949683495,0.003833096497555106,0.9417221357164351,0.005069595554919838,0.03188650198893498,0.003924817416206368,422.5799999999999,23.36432323008737,1434.6399999999999,57.78593600522533,1434.6399999999999,57.78593600522533,3.4141659572591267,0.05872165761095343,3.4141659572591267,0.05872165761095343,0.0,0.0,0.0,0.0
nursery,prophet_1sample,,10,12958,8,gini,0.007695012092590332,0.000916324178673131,0.9547011646439956,0.0054306111614426215,0.025142360446419144,0.004767201581664953,0.9546416452760388,0.005486497704910134,0.025110154588057987,0.004765022217336195,287.6,6.300476172480939,1743.36,26.567017145325135,1743.36,26.567017145325135,6.085565388448573,0.0502756118260162,6.085565388448573,0.0502756118260162,0.0,0.0,0.0,0.0
optdigits,extra_tree,max_features=all,10,5620,64,gini,0.011519098281860353,0.0009067862470278382,0.8821708185053382,0.0050958070660978745,0.012888231020134375,0.004566496051076866,0.8821404254978888,0.005181914524230699,0.012698919768701447,0.0043776703710642385,412.23999999999995,10.856445090359918,18914.6,456.4121996616652,18914.6,456.4121996616652,45.890979033746554,0.1732709085976235,45.890979033746554,0.1732709085976235,0.0,0.0,0.0,0.0
optdigits,prophet_1sample,,10,5620,64,gini,0.0523941707611084,0.0056688890666505625,0.879252669039146,0.005770833252846817,0.012397096531992169,0.003295691937612803,0.8792182649160271,0.005747380514580185,0.012421797496321548,0.0033448569158915946,360.7,7.033775657497193,55969.6,1064.1205458029654,55969.6,1064.1205458029654,155.27935226183513,2.532364999228581,155.27935226183513,2.532364999228581,0.0,0.0,0.0,0.0
page_blocks,extra_tree,max_features=all,10,5473,10,gini,0.002533302307128906,0.00044378494065110455,0.9402092776706485,0.006487292161914829,0.0183199034465665,0.006925491194388597,0.9418629703359261,0.004848566032043587,0.01511552554024798,0.0053828804649601065,228.4,9.626214209127077,2150.2400000000007,98.56351454772705,2150.2400000000007,98.56351454772705,9.414227614155392,0.05240597684928435,9.414227614155392,0.05240597684928435,0.0,0.0,0.0,0.0
page_blocks,prophet_1sample,,10,5473,10,gini,0.05352313041687011,0.0066515415084553,0.9436078735819287,0.0029799885402642086,0.017495058689065045,0.003496314103910307,0.9452095054451958,0.0025350879771210916,0.014615607686353347,0.002423364056896883,183.3,2.444994887520216,20950.379999999997,2183.8020449665305,20950.379999999997,2183.8020449665305,114.33623528320136,11.957574350648173,114.33623528320136,11.957574350648173,0.0,0.0,0.0,0.0
parity5,extra_tree,max_features=all,10,32,5,gini,0.0002980804443359375,4.6465880285133845e-05,0.03333333333333333,0.0,0.06666666666666667,0.0,0.02857142857142857,0.0,0.05714285714285714,0.0,23.0,0.0,46.8,0.0,46.8,0.0,2.0359683794466408,0.0,2.0359683794466408,0.0,0.0,0.0,0.0,0.0
parity5,prophet_1sample,,10,32,5,gini,0.0003168821334838867,8.554004428016338e-05,0.03333333333333333,0.0,0.06666666666666667,0.0,0.02857142857142857,0.0,0.05714285714285714,0.0,23.0,0.0,46.8,0.0,46.8,0.0,2.0359683794466408,0.0,2.0359683794466408,0.0,0.0,0.0,0.0,0.0
parity5+5,extra_tree,max_features=all,10,1124,10,gini,0.0009059619903564453,0.00010193819637905772,0.6246999999999999,0.011000404147503627,0.1543269276160139,0.012622895176798241,0.6239793177786367,0.010980241668000087,0.15440353107054056,0.012680487547847421,467.41999999999996,9.389547379932642,1282.46,13.659004356101532,1282.46,13.659004356101532,2.794359349334093,0.034319974275078366,2.794359349334093,0.034319974275078366,0.0,0.0,0.0,0.0
parity5+5,prophet_1sample,,10,1124,10,gini,0.0012221765518188477,0.00016351409103523815,0.6246999999999999,0.011000404147503627,0.1543269276160139,0.012622895176798241,0.6239793177786367,0.010980241668000087,0.15440353107054056,0.012680487547847421,467.41999999999996,9.389547379932642,1282.46,13.659004356101532,1282.46,13.659004356101532,2.794359349334093,0.034319974275078366,2.794359349334093,0.034319974275078366,0.0,0.0,0.0,0.0
pendigits,extra_tree,max_features=all,10,10992,16,gini,0.0073843574523925785,0.0003961843117739382,0.9541118036529964,0.0017319381744072804,0.004910016550935989,0.0009665772168044773,0.9540981273813822,0.0017214188916746006,0.004903399922519015,0.0009662953660655346,487.98,11.657941499252773,7424.0199999999995,180.24406675394334,7424.0199999999995,180.24406675394334,15.213758133040688,0.02482055414930631,15.213758133040688,0.02482055414930631,0.0,0.0,0.0,0.0
pendigits,prophet_1sample,,10,10992,16,gini,0.06952616691589356,0.006108056791257949,0.9432037186230321,0.0014715243778526774,0.004863695140920189,0.0018111520328698634,0.943185931933502,0.0014752607453133245,0.004861064013195164,0.0018300596250831094,450.9,11.867350167581638,60381.880000000005,1879.7361478675666,60381.880000000005,1879.7361478675666,134.08848620839242,3.0711629753621303,134.08848620839242,3.0711629753621303,0.0,0.0,0.0,0.0
penguins,extra_tree,max_features=all,10,333,7,gini,0.0003420448303222656,4.6020363188005356e-05,0.9575124378109452,0.022303796399152972,0.03808561597417208,0.033144388532050366,0.9569104273709419,0.023651187407425743,0.039300203153316546,0.03564513810871374,16.479999999999997,1.2172099243762347,99.94,6.271873723218605,99.94,6.271873723218605,6.094965987607163,0.2232890953139619,6.094965987607163,0.2232890953139619,0.0,0.0,0.0,0.0
penguins,prophet_1sample,,10,333,7,gini,0.0005550718307495118,0.00010327222230129208,0.9756264133876075,0.008770496497097996,0.021385501022899298,0.007582815282919619,0.9756820694552033,0.008710019061218707,0.021353288180102174,0.007713176584313773,11.639999999999999,0.8138795979750322,484.65999999999997,95.66140496563906,484.65999999999997,95.66140496563906,42.53802405927406,9.359210030793658,42.53802405927406,9.359210030793658,0.0,0.0,0.0,0.0
phoneme,extra_tree,max_features=all,10,5404,5,gini,0.002437629699707031,0.00034765926365784295,0.8586408675095075,0.003063560548938212,0.009759430147673432,0.003638541521687809,0.8582068562195719,0.003065494782043475,0.009976483041394948,0.0036239205470603273,825.3800000000001,25.136658489146882,4069.3599999999997,123.897983841546,4069.3599999999997,123.897983841546,4.93030365754086,0.01523455129172431,4.93030365754086,0.01523455129172431,0.0,0.0,0.0,0.0
phoneme,prophet_1sample,,10,5404,5,gini,0.03248477935791015,0.006679269849787738,0.8485385102956796,0.004639596272620994,0.00912422192952708,0.0024993508147466885,0.8484033717162001,0.004878259048271762,0.009153062610602886,0.0025292949898921215,679.2,7.647221717722054,33293.240000000005,1365.8502606069221,33293.240000000005,1365.8502606069221,49.07378793802908,2.1826107711781755,49.07378793802908,2.1826107711781755,0.0,0.0,0.0,0.0
postoperative_patient_data,extra_tree,max_features=all,10,88,8,gini,0.00037314891815185545,6.66175889525438e-05,0.5889542483660131,0.028184185770859547,0.07680974336908954,0.022594974618695134,0.5695271468853069,0.02707546607421429,0.06800634020245186,0.016371176936134577,32.040000000000006,0.852291030106501,142.9,2.198635940759636,142.9,2.198635940759636,4.473473750692605,0.09104859335309469,4.473473750692605,0.09104859335309469,0.0,0.0,0.0,0.0
postoperative_patient_data,prophet_1sample,,10,88,8,gini,0.00040372848510742185,0.00011791568937564215,0.5871895424836601,0.028543764030604244,0.06919452761823716,0.017283170288619882,0.5648447653155916,0.025107562977619964,0.054494403317800644,0.010982682873793828,35.440000000000005,0.45431266766402323,177.18,2.2705946357727536,177.18,2.2705946357727536,5.025537451936989,0.08012886758867094,5.025537451936989,0.08012886758867094,0.0,0.0,0.0,0.0
prnn_crabs,extra_tree,max_features=all,10,200,7,gini,0.000378108024597168,8.10369150247834e-05,0.679,0.06923871749245504,0.11514679764484473,0.03051581544276958,0.6568336327477825,0.07654871761728273,0.13716923678762202,0.04151774407420285,29.04,1.4934523762075578,188.37999999999997,9.622660754697737,188.37999999999997,9.622660754697737,6.495410004801516,0.06418912995188066,6.495410004801516,0.06418912995188066,0.0,0.0,0.0,0.0
prnn_crabs,prophet_1sample,,10,200,7,gini,0.0005025768280029297,0.00011362170380241484,0.7705,0.027968732541893995,0.1539831047781734,0.026911028276044736,0.7628475915163928,0.02896646101469278,0.16306109848258116,0.02394335004803394,21.139999999999997,0.7102112361825881,465.41999999999996,40.33900841617205,465.41999999999996,40.33900841617205,22.222264941817976,1.5026168743059807,22.222264941817976,1.5026168743059807,0.0,0.0,0.0,0.0
prnn_synth,extra_tree,max_features=all,10,250,2,gini,0.000480661392211914,8.863253772915583e-05,0.8144000000000002,0.01189285499785481,0.0383742950076165,0.01608146394668156,0.8135365807221326,0.012092590169936898,0.03836703416486887,0.01620772316749725,60.85999999999999,2.645826902879324,121.71999999999998,5.291653805758648,121.71999999999998,5.291653805758648,2.0,0.0,2.0,0.0,0.0,0.0,0.0,0.0
prnn_synth,prophet_1sample,,10,250,2,gini,0.000948472023010254,0.00028144918719333204,0.8024000000000001,0.024605690398767532,0.04655650702361462,0.013464458910781428,0.8011028237678353,0.025148799685130837,0.047291695950518485,0.013662926858370589,45.64,0.856971411425143,561.24,39.05174003805721,561.24,39.05174003805721,12.360912260675354,0.8142993270957546,12.360912260675354,0.8142993270957546,0.0,0.0,0.0,0.0
profb,extra_tree,max_features=all,10,672,9,gini,0.0007707118988037109,6.0858762181113246e-05,0.5621746821448314,0.010943611836480233,0.05800302043226853,0.025617602424974167,0.5626802125109143,0.013936621266923013,0.052549125668583864,0.028616758735907022,204.32,3.4884953776664247,1433.84,26.326534143331504,1433.84,26.326534143331504,7.019845647454484,0.08111690303020352,7.019845647454484,0.08111690303020352,0.0,0.0,0.0,0.0
profb,prophet_1sample,,10,672,9,gini,0.0021941566467285154,0.0005482946589137644,0.5769828634604753,0.014926185879638293,0.029780281076722547,0.008879244808970944,0.577582509670225,0.01370105791660799,0.028664143672662568,0.008343099388628093,167.0,2.178072542409917,3769.4199999999996,107.7499494199417,3769.4199999999996,107.7499494199417,22.60667502535656,0.7975665557188186,22.60667502535656,0.7975665557188186,0.0,0.0,0.0,0.0
ring,extra_tree,max_features=all,10,7400,20,gini,0.007127084732055663,0.00045720732169657026,0.8670675675675674,0.005682444483709934,0.007333645056531413,0.0022101041464620964,0.8668128781855284,0.0057239470151773586,0.007370825017255107,0.002228872775292897,512.44,34.39625561016779,10248.560000000001,687.8730743385729,10248.560000000001,687.8730743385729,19.9995120556618,0.0003293536456751541,19.9995120556618,0.0003293536456751541,0.0,0.0,0.0,0.0
ring,prophet_1sample,,10,7400,20,gini,0.5371381664276123,0.03876705489701211,0.8500945945945946,0.004123747790102703,0.0076198187149823125,0.0029648067950966994,0.8500039131121891,0.004141457172487946,0.00761586151068872,0.0029678951883879427,517.4599999999999,15.196328503951214,296500.86,6246.987476248057,296500.86,6246.987476248057,574.7046623044087,21.1358161651783,574.7046623044087,21.1358161651783,0.0,0.0,0.0,0.0
saheart,extra_tree,max_features=all,10,462,9,gini,0.0005271816253662109,4.5124024165343036e-05,0.6199298737727911,0.013487753634588134,0.03816616014592221,0.01608279935110921,0.6184567632618985,0.016005457699079063,0.03674289750343499,0.016349055089414352,126.91999999999999,1.9249935064825536,1020.1,16.430276930106796,1020.1,16.430276930106796,8.038410020718068,0.0492321260659695,8.038410020718068,0.0492321260659695,0.0,0.0,0.0,0.0
saheart,prophet_1sample,,10,462,9,gini,0.0019422006607055665,0.00038668973587214605,0.6394015895278167,0.017789295096596318,0.033314250096646306,0.013297486258592119,0.6374118612472623,0.018019273542659503,0.032953058051679265,0.014313372105833706,103.42,2.3003477997902833,5285.999999999999,186.5646054320058,5285.999999999999,186.5646054320058,51.14465150847059,2.3740599436870338,51.14465150847059,2.3740599436870338,0.0,0.0,0.0,0.0
satimage,extra_tree,max_features=all,10,6435,36,gini,0.009293432235717774,0.0005040568370189575,0.8237917637917638,0.005038632869342343,0.018227165610841065,0.0019939186857022544,0.8229122078815273,0.005150750430062256,0.01432459769458785,0.0022628824021712875,596.2,8.432793131578656,21201.72,305.3549960292116,21201.72,305.3549960292116,35.56152258625645,0.03040887103377624,35.56152258625645,0.03040887103377624,0.0,0.0,0.0,0.0
satimage,prophet_1sample,,10,6435,36,gini,0.061105208396911616,0.0034860084468255367,0.8171561771561772,0.004832520087167524,0.021486787323810815,0.004722490200384216,0.8163931810626295,0.004899079112194204,0.016218894956427168,0.005314890971518968,551.08,7.6978958163903375,73960.38,1132.8468826809763,73960.38,1132.8468826809763,134.35399266542416,3.21664444076226,134.35399266542416,3.21664444076226,0.0,0.0,0.0,0.0
schizo,extra_tree,max_features=all,10,340,14,gini,0.0006117630004882813,5.9361060044123885e-05,0.4288235294117647,0.02580201435230743,0.048655448001886335,0.010074994353528134,0.4305677008971883,0.020700949377127107,0.04579987517797609,0.008100245132094496,113.4,1.1832159566199234,1481.6399999999999,20.465346320060167,1481.6399999999999,20.465346320060167,13.067793183448554,0.08211469876950384,13.067793183448554,0.08211469876950384,0.0,0.0,0.0,0.0
schizo,prophet_1sample,,10,340,14,gini,0.0016995668411254878,0.0003542487210581925,0.47205882352941175,0.015296945439936276,0.04024066691197206,0.013797728356312695,0.4646031356849954,0.0159338589928027,0.039908824522072874,0.017037319600486444,99.7,2.002498439450078,4771.280000000001,179.67379775582185,4771.280000000001,179.67379775582185,48.02187128587376,2.405818240776398,48.02187128587376,2.405818240776398,0.0,0.0,0.0,0.0
segmentation,extra_tree,max_features=all,10,2310,19,gini,0.0012726068496704103,5.530273919874749e-05,0.9303463203463203,0.007469132145618673,0.03833558146537354,0.012950726796451723,0.9292183175785608,0.007446563350680018,0.03857752255062098,0.012626155753235469,113.3,3.6246379129507567,1904.98,57.58489037933472,1904.98,57.58489037933472,16.818642345337842,0.11579577712254348,16.818642345337842,0.11579577712254348,0.0,0.0,0.0,0.0
segmentation,prophet_1sample,,10,2310,19,gini,0.026976556777954103,0.00435808002336997,0.9271428571428573,0.005530461871135759,0.032135225481149214,0.004953923039045015,0.9249235416847214,0.006017981893395647,0.033672544960701864,0.005024722998638153,92.94000000000001,3.810564262678166,33391.64,2431.973288998051,33391.64,2431.973288998051,362.8495545825881,40.27915146537094,362.8495545825881,40.27915146537094,0.0,0.0,0.0,0.0
shuttle,extra_tree,max_features=all,10,58000,9,gini,0.012916102409362792,0.0011117989784990281,0.9994758620689653,8.898957172799012e-05,0.00024121537819021512,0.00011625617421343771,0.9994645730100711,8.888295934941075e-05,0.00024014913481610212,0.00011547062644026029,89.36,5.478539951483423,743.62,41.96860255000159,743.62,41.96860255000159,8.336606293375871,0.10266856821782921,8.336606293375871,0.10266856821782921,0.0,0.0,0.0,0.0
shuttle,prophet_1sample,,10,58000,9,gini,0.05091582298278809,0.00452541434364211,0.9995689655172413,8.858781088734788e-05,0.00016056643419968183,6.86864300868923e-05,0.9995549783644633,9.26624964487129e-05,0.00016464153486006857,7.210380544934406e-05,55.279999999999994,3.2756068140117187,2421.36,214.07474956192283,2421.36,214.07474956192283,43.995413530887795,3.5807168162354053,43.995413530887795,3.5807168162354053,0.0,0.0,0.0,0.0
sonar,extra_tree,max_features=all,10,208,60,gini,0.0007847833633422852,6.264293230465545e-05,0.7360394889663181,0.03880322992004116,0.05067443838515404,0.018623097208769247,0.734175092198474,0.038625297396145765,0.05120373685632398,0.01915686810044316,27.839999999999996,1.698940846527624,1670.3200000000002,101.89132249607913,1670.3200000000002,101.89132249607913,59.997065028490034,0.004728168747852883,59.997065028490034,0.004728168747852883,0.0,0.0,0.0,0.0
sonar,prophet_1sample,,10,208,60,gini,0.005485849380493164,0.0019158326349569732,0.7135191637630661,0.026406011204401704,0.06105100146339763,0.020297243058095576,0.7124475360114032,0.026057634782898385,0.06161020329189606,0.02019139596683252,25.939999999999998,0.8345058418010024,11024.7,1035.8903001766162,11024.7,1035.8903001766162,429.2636951009928,40.64294192048422,429.2636951009928,40.64294192048422,0.0,0.0,0.0,0.0
soybean,extra_tree,max_features=all,10,675,35,gini,0.0010854101181030273,0.00025313347491575923,0.922074074074074,0.008541354255051604,0.032922680399873706,0.008134230288933078,0.9203539017165971,0.0089684537037359,0.03276365700733586,0.008150614765192282,68.22,1.2726350615946431,1101.0800000000002,31.65036492680617,1101.0800000000002,31.65036492680617,16.16401720141019,0.5499921174555751,16.16401720141019,0.5499921174555751,0.0,0.0,0.0,0.0
soybean,prophet_1sample,,10,675,35,gini,0.0014984321594238282,0.00011827522199892233,0.9096296296296295,0.0062151635447120325,0.026155204723354558,0.003214963903799143,0.906911614285935,0.006720798797670441,0.02485334736978596,0.0033847673631868047,67.9,1.6595180023127194,1746.72,59.48567558664861,1746.72,59.48567558664861,25.744839012342624,0.5465000675453225,25.744839012342624,0.5465000675453225,0.0,0.0,0.0,0.0
spambase,extra_tree,max_features=all,10,4601,57,gini,0.005906610488891602,0.0003220333134428559,0.8847388471887834,0.008451265581453319,0.05394117487359852,0.009603643351563046,0.8848209293508311,0.008432166992853311,0.052900190516061006,0.009431521960837594,253.45999999999995,20.228702380528514,10004.599999999999,848.4052757968916,10004.599999999999,848.4052757968916,39.51885107746615,0.9397907947661607,39.51885107746615,0.9397907947661607,0.0,0.0,0.0,0.0
spambase,prophet_1sample,,10,4601,57,gini,0.06525976657867431,0.007894927055764646,0.8702857007978096,0.00743874623133492,0.051526256053248495,0.006678076475408047,0.8703610387232926,0.007463256908962736,0.05043877856296981,0.006523586825168361,255.28000000000003,11.031300920562364,107797.22,7274.177883692423,107797.22,7274.177883692423,425.44313610447387,39.4866323442589,425.44313610447387,39.4866323442589,0.0,0.0,0.0,0.0
spect,extra_tree,max_features=all,10,267,22,gini,0.00043537616729736326,4.967136598531567e-05,0.7820195667365478,0.007983116079323054,0.07238736543091176,0.006666253630367934,0.7857832465729255,0.006714207379204854,0.06934289714077513,0.005511217670217417,50.32,0.22271057451320123,564.3,3.144837038703289,564.3,3.144837038703289,11.232331112059665,0.04725364235272958,11.232331112059665,0.04725364235272958,0.0,0.0,0.0,0.0
spect,prophet_1sample,,10,267,22,gini,0.000573592185974121,0.00012091725648311388,0.7820195667365478,0.007983116079323054,0.07238736543091176,0.006666253630367934,0.7857832465729255,0.006714207379204854,0.06934289714077513,0.005511217670217417,57.120000000000005,0.2227105745132006,564.3,3.144837038703289,564.3,3.144837038703289,9.907298228677307,0.04053209198369205,9.907298228677307,0.04053209198369205,0.0,0.0,0.0,0.0
spectf,extra_tree,max_features=all,10,349,44,gini,0.0007392835617065429,8.352580648187962e-05,0.8848033126293995,0.010777060776759977,0.08533155438801396,0.010297332299120037,0.8870553072843123,0.010521945483800234,0.08527574894126612,0.010536679449670554,39.480000000000004,1.4147791347061915,1730.7600000000002,61.06559096578039,1730.7600000000002,61.06559096578039,43.84239113740888,0.05803947747024394,43.84239113740888,0.05803947747024394,0.0,0.0,0.0,0.0
spectf,prophet_1sample,,10,349,44,gini,0.0026650762557983397,0.0002608320342907926,0.8727743271221533,0.01015856184410628,0.10138737453046864,0.023484343466857543,0.8762775912111559,0.009147803352698375,0.09985399653790697,0.0210571333381722,36.18,1.303687079018581,6744.44,427.4341100099524,6744.44,427.4341100099524,188.364880021875,9.849948211770092,188.364880021875,9.849948211770092,0.0,0.0,0.0,0.0
splice,extra_tree,max_features=all,10,3188,60,gini,0.0071675443649292,0.000270169860996799,0.8900565444407809,0.003962358755494328,0.011692632840929836,0.0021631791497058557,0.8902442991325813,0.003915175965169886,0.01155535906587316,0.002255021217254547,192.76000000000002,4.55964910930655,10653.24,248.40967452979737,10653.24,248.40967452979737,55.268742370631074,0.1259426938745268,55.268742370631074,0.1259426938745268,0.0,0.0,0.0,0.0
splice,prophet_1sample,,10,3188,60,gini,0.019618096351623534,0.0007510130125327936,0.8948218776297594,0.006159136813202307,0.009992206244710717,0.0033773697630787095,0.8949977570082691,0.006151910525376931,0.009911189623950146,0.0033639779357643707,174.78,3.318373095358635,18217.48,335.90690615109366,18217.48,335.90690615109366,104.28636675632995,1.4318942887734027,104.28636675632995,1.4318942887734027,0.0,0.0,0.0,0.0
tae,extra_tree,max_features=all,10,151,5,gini,0.0003574132919311523,0.00012311701297750027,0.7026666666666668,0.01959591794226544,0.24735920856605578,0.01943878550781854,0.6919119539559169,0.01843040436338221,0.25829893077238336,0.018979188590927516,67.68,1.066583330077869,180.66000000000003,5.014419208642216,180.66000000000003,5.014419208642216,2.6825760732656,0.0673492428215881,2.6825760732656,0.0673492428215881,0.0,0.0,0.0,0.0
tae,prophet_1sample,,10,151,5,gini,0.0004751253128051758,0.00017166951802605413,0.6973333333333332,0.01913693345920978,0.25192960792903507,0.01832804117103357,0.6920505734614767,0.018825928179862172,0.2573087498786785,0.01851598430958984,60.94,1.0547037498748162,505.62,15.11408614505024,505.62,15.11408614505024,8.322254394464668,0.17258579751302372,8.322254394464668,0.17258579751302372,0.0,0.0,0.0,0.0
texture,extra_tree,max_features=all,10,5500,40,gini,0.0073229455947875985,0.000334045515034761,0.920890909090909,0.0017219055368068016,0.006540400432009571,0.0016544521074197823,0.9209614324500806,0.0016747512828120406,0.00655297248968686,0.0016525406565780596,351.94,9.036393085739464,14071.960000000001,360.53149432469854,14071.960000000001,360.53149432469854,39.984053206049914,0.0034148615486846168,39.984053206049914,0.0034148615486846168,0.0,0.0,0.0,0.0
texture,prophet_1sample,,10,5500,40,gini,0.15702468872070313,0.011295453179256492,0.9059272727272727,0.0029922213203157286,0.007520512997939026,0.0022963643453310927,0.9059482331314076,0.003002154326755456,0.007508243678918785,0.0023509855190475644,323.29999999999995,5.488351300709528,233391.15999999997,9727.261277790376,233391.15999999997,9727.261277790376,723.8004439700468,34.74014012012206,723.8004439700468,34.74014012012206,0.0,0.0,0.0,0.0
threeOf9,extra_tree,max_features=all,10,512,9,gini,0.000456991195678711,0.0001550737015492638,0.9805063773082049,0.0,0.012281044051769701,1.734723475976807e-18,0.9805143120597363,0.0,0.012269559905015711,1.734723475976807e-18,28.600000000000005,3.552713678800501e-15,149.59999999999997,2.842170943040401e-14,149.59999999999997,2.842170943040401e-14,5.235545314900152,8.881784197001252e-16,5.235545314900152,8.881784197001252e-16,0.0,0.0,0.0,0.0
threeOf9,prophet_1sample,,10,512,9,gini,0.0005274391174316406,0.00013011721911555414,0.9805063773082049,0.0,0.012281044051769701,1.734723475976807e-18,0.9805143120597363,0.0,0.012269559905015711,1.734723475976807e-18,28.600000000000005,3.552713678800501e-15,149.59999999999997,2.842170943040401e-14,149.59999999999997,2.842170943040401e-14,5.235545314900152,8.881784197001252e-16,5.235545314900152,8.881784197001252e-16,0.0,0.0,0.0,0.0
tic_tac_toe,extra_tree,max_features=all,10,958,9,gini,0.000626516342163086,4.024647420943076e-05,0.8682809773123908,0.009446166109195644,0.02727014627052741,0.009284860420864804,0.867882544674551,0.009477150919374745,0.027135337910411582,0.009491250764816,138.76000000000002,5.232819507684169,742.8000000000001,29.49644046321521,742.8000000000001,29.49644046321521,5.3617620567347775,0.0919173660952658,5.3617620567347775,0.0919173660952658,0.0,0.0,0.0,0.0
tic_tac_toe,prophet_1sample,,10,958,9,gini,0.0009687423706054687,0.00014695565617311695,0.8702737783595114,0.006321402818602666,0.03093046969706815,0.009938196091881681,0.8690465760439455,0.0063390658184116575,0.03216159328629164,0.010063461867943992,115.38,4.687387331979297,976.32,33.429711335876036,976.32,33.429711335876036,8.473548233687158,0.12444087056588395,8.473548233687158,0.12444087056588395,0.0,0.0,0.0,0.0
tokyo1,extra_tree,max_features=all,10,959,44,gini,0.0012009000778198241,0.00015360151632430437,0.902292757417103,0.005714742374275067,0.012717123071139489,0.005239368542336524,0.90213655118101,0.005715583178382707,0.01279266409605496,0.00516700248110499,64.64,2.396330528120025,2517.9800000000005,93.02006020208762,2517.9800000000005,93.02006020208762,38.95573846827395,0.10546640567561508,38.95573846827395,0.10546640567561508,0.0,0.0,0.0,0.0
tokyo1,prophet_1sample,,10,959,44,gini,0.009957647323608397,0.0013308285410686604,0.8964370636998253,0.006268351654913785,0.019761853888294555,0.004168686223197365,0.8963041423262694,0.0063292614671090226,0.01999266821388358,0.004162561057640296,56.160000000000004,1.8039955654047481,19843.06,2676.0828523048385,19843.06,2676.0828523048385,356.24975944917185,52.71328531245908,356.24975944917185,52.71328531245908,0.0,0.0,0.0,0.0
twonorm,extra_tree,max_features=all,10,7400,20,gini,0.007734403610229493,0.002835042263975624,0.846945945945946,0.005051668753494469,0.008430773373056377,0.0022473587443017154,0.8469269623338753,0.005052422029565599,0.008442210888627564,0.0022465664101980636,708.02,6.935387516209891,14160.38,138.67436533115975,14160.38,138.67436533115975,19.99997286295794,8.141112618815782e-05,19.99997286295794,8.141112618815782e-05,0.0,0.0,0.0,0.0
twonorm,prophet_1sample,,10,7400,20,gini,0.23898709297180173,0.027236365638164946,0.824162162162162,0.005535858272019701,0.00725763010562439,0.0020672401060521347,0.8241434361625407,0.005532658607929691,0.007252732400389862,0.0020656092997766405,615.8,4.561578674099565,297686.80000000005,10406.260783201624,297686.80000000005,10406.260783201624,483.89131481221784,18.694706005853885,483.89131481221784,18.694706005853885,0.0,0.0,0.0,0.0
vehicle,extra_tree,max_features=all,10,846,18,gini,0.0011282587051391602,0.0001666870400069461,0.690798468499826,0.013174270557507629,0.029617283872076405,0.014802268410214963,0.6894989063849443,0.01307925917627068,0.029227273110960628,0.013988433194088814,174.48000000000002,2.553742351921979,3035.22,41.513414699347464,3035.22,41.513414699347464,17.397679155208696,0.03490714171661681,17.397679155208696,0.03490714171661681,0.0,0.0,0.0,0.0
vehicle,prophet_1sample,,10,846,18,gini,0.00440401554107666,0.0024589667948552415,0.6943292725374174,0.019813181063817943,0.031509190065934126,0.011308514402555815,0.6947564727874028,0.018978872527263126,0.030785038844264024,0.011713029123549138,150.74,2.0377438504385172,8885.060000000001,236.4654232652209,8885.060000000001,236.4654232652209,59.01363488616295,1.884123147423842,59.01363488616295,1.884123147423842,0.0,0.0,0.0,0.0
vowel,extra_tree,max_features=all,10,990,13,gini,0.001354990005493164,0.00027620852527544706,0.4136363636363636,0.0315961468903488,0.06345148175335176,0.03140794808844627,0.4001349389684822,0.030170367377848253,0.06329942493964857,0.031669016234759775,179.46000000000004,2.4348305895893456,2195.96,29.787353021039063,2195.96,29.787353021039063,12.235960048689119,0.042590457433521425,12.235960048689119,0.042590457433521425,0.0,0.0,0.0,0.0
vowel,prophet_1sample,,10,990,13,gini,0.006576032638549804,0.0010725252984110395,0.4320202020202021,0.01727272727272728,0.09327752868850984,0.01690966169683077,0.424201022342388,0.01970311427993835,0.09192594169748348,0.018635318449634387,156.72,2.566242389175271,10821.84,1403.0909587051012,10821.84,1403.0909587051012,69.3827728151471,10.068733072935338,69.3827728151471,10.068733072935338,0.0,0.0,0.0,0.0
waveform_21,extra_tree,max_features=all,10,5000,21,gini,0.005545501708984374,0.00017318225529883423,0.73902,0.004845162535973385,0.013105446969854717,0.00421322438523349,0.7390378464342646,0.0048291951216392175,0.01313078409535244,0.004313753104465364,756.5,5.729397874122542,15882.279999999999,120.63011895874078,15882.279999999999,120.63011895874078,20.99441797858593,0.0009595143890088536,20.99441797858593,0.0009595143890088536,0.0,0.0,0.0,0.0
waveform_21,prophet_1sample,,10,5000,21,gini,0.09914075374603272,0.006255303254714716,0.7212600000000001,0.005200038461396197,0.0135786228075707,0.006132944044235275,0.7212297009670711,0.005145517899953995,0.01361550372306582,0.006087184372236804,663.78,8.855484176486355,183338.4,2610.4026539980327,183338.4,2610.4026539980327,276.4304576724875,5.4900617946769215,276.4304576724875,5.4900617946769215,0.0,0.0,0.0,0.0
waveform_40,extra_tree,max_features=all,10,5000,40,gini,0.009355945587158203,0.0002741754955824305,0.72978,0.008212405250594966,0.012582220910653297,0.003512223932997327,0.7297697725242338,0.008231828728342784,0.012598707603647646,0.0035108660613106103,680.1,6.365689279253267,27199.18,254.62588163813984,27199.18,254.62588163813984,39.99290434636178,0.0011254206634101814,39.99290434636178,0.0011254206634101814,0.0,0.0,0.0,0.0
waveform_40,prophet_1sample,,10,5000,40,gini,0.1307114267349243,0.005970032339085429,0.7217,0.00652947164784413,0.015372968425653801,0.004322943648007893,0.721678857782768,0.006544558272501383,0.01533151706556812,0.004338171835998238,603.22,4.062954589950512,218750.74,4287.217479951299,218750.74,4287.217479951299,362.8911915098178,8.494522378648215,362.8911915098178,8.494522378648215,0.0,0.0,0.0,0.0
wine_quality_red,extra_tree,max_features=all,10,1599,11,gini,0.0016103410720825194,0.0001349348867383002,0.45847452978056424,0.0138020436036306,0.023468532836686887,0.00735010134442975,0.46003324841855314,0.013164709461534887,0.024497447888042492,0.007243709550934951,458.0799999999999,4.7431635012931945,4963.4400000000005,52.04604115588427,4963.4400000000005,52.04604115588427,10.835548132470624,0.013200872011516452,10.835548132470624,0.013200872011516452,0.0,0.0,0.0,0.0
wine_quality_red,prophet_1sample,,10,1599,11,gini,0.010182766914367676,0.0008951779844319173,0.44817143416927907,0.012772705689789372,0.026726877036327902,0.007415873252059896,0.4494489666403602,0.012429137014905335,0.025689577011061858,0.010326118502987806,404.24,4.864401299235094,17785.879999999997,366.97575069750826,17785.879999999997,366.97575069750826,44.04906489537984,0.925888424903039,44.04906489537984,0.925888424903039,0.0,0.0,0.0,0.0
wine_quality_white,extra_tree,max_features=all,10,4898,11,gini,0.004502468109130859,0.0008413051471597056,0.41703404140001243,0.007449248134039795,0.024972518083669383,0.006125188369893911,0.41673865865932946,0.007482759240322473,0.02601616019945312,0.00645863523668778,1347.5,15.669907466223279,14535.640000000003,186.25721569915092,14535.640000000003,186.25721569915092,10.787123577996429,0.018624324959331504,10.787123577996429,0.018624324959331504,0.0,0.0,0.0,0.0
wine_quality_white,prophet_1sample,,10,4898,11,gini,0.02772368907928467,0.00349448450243249,0.41223330762335586,0.010937829132935393,0.020156067898148125,0.006359939944424446,0.41243960795204443,0.010751580643671212,0.022118255468458754,0.006189822712530232,1237.84,11.585439137123826,48997.78,682.482125480222,48997.78,682.482125480222,39.59941731461656,0.5740666171341666,39.59941731461656,0.5740666171341666,0.0,0.0,0.0,0.0
wine_recognition,extra_tree,max_features=all,10,178,13,gini,0.00036004066467285154,7.997162829673592e-05,0.8843015873015874,0.019485114577498918,0.06924100494175742,0.01898121200710582,0.8818754323717147,0.01985742670221271,0.07194160093920347,0.019826962048126912,14.88,1.3090454537562857,193.28000000000003,16.861126889979804,193.28000000000003,16.861126889979804,12.989801820728292,0.01738899895731237,12.989801820728292,0.01738899895731237,0.0,0.0,0.0,0.0
wine_recognition,prophet_1sample,,10,178,13,gini,0.000730137825012207,0.0002244754966064693,0.8881269841269841,0.03205506725715404,0.06263457896035206,0.020662947259761234,0.8865952075745718,0.032583719823765574,0.06381455163237855,0.020993882089088117,13.020000000000001,1.2944496900227525,1490.84,210.63091510981954,1490.84,210.63091510981954,121.16188949131363,30.054979273327078,121.16188949131363,30.054979273327078,0.0,0.0,0.0,0.0
xd6,extra_tree,max_features=all,10,973,9,gini,0.0005236339569091796,3.0876862544096796e-05,0.9948717948717949,0.0010256410256410664,0.010256410256410265,0.002051282051282044,0.994917917072811,0.001008699842611871,0.010164165854377915,0.00201739968522372,38.7,0.09999999999999788,185.5,0.09999999999999433,185.5,0.09999999999999433,4.7941897362949994,0.010384068278805003,4.7941897362949994,0.010384068278805003,0.0,0.0,0.0,0.0
xd6,prophet_1sample,,10,973,9,gini,0.0006878995895385742,9.806011657058262e-05,0.9948717948717949,0.0010256410256410664,0.010256410256410265,0.002051282051282044,0.994917917072811,0.001008699842611871,0.010164165854377915,0.00201739968522372,38.7,0.09999999999999788,185.5,0.09999999999999433,185.5,0.09999999999999433,4.7941897362949994,0.010384068278805003,4.7941897362949994,0.010384068278805003,0.0,0.0,0.0,0.0
yeast,extra_tree,max_features=all,10,1479,8,gini,0.0011541557312011721,7.248510851506921e-05,0.467273934951901,0.012066575938466368,0.028942175886052652,0.00947011954380248,0.4667109634428958,0.01169881903448547,0.028986537325883605,0.009233347489899327,528.8799999999999,17.68687649077698,3024.8,92.76326859269241,3024.8,92.76326859269241,5.721912234381412,0.04655293382076365,5.721912234381412,0.04655293382076365,0.0,0.0,0.0,0.0
yeast,prophet_1sample,,10,1479,8,gini,0.0038004398345947267,0.0002536186171740321,0.47552336234539627,0.010902471602960184,0.028622395928175885,0.0096613533011408,0.4747270108273932,0.010458282069540682,0.030181052498980215,0.009631421662093026,479.71999999999997,4.390170839500436,8840.06,62.649695929030415,8840.06,62.649695929030415,18.455550015195364,0.1393560621677536,18.455550015195364,0.1393560621677536,0.0,0.0,0.0,0.0
