dataset,n_samples,n_features,run,criterion,prophet_root_improvement,extra_root_improvement,prophet_minus_extra,prophet_ge_extra
GAMETES_Epistasis_2_Way_20atts_0.1H_EDM_1_1,1600,20,1,entropy,2.36282212952176,2.36282212952176,0.0,1
GAMETES_Epistasis_2_Way_20atts_0.4H_EDM_1_1,1600,20,1,entropy,2.076463551705629,2.076463551705629,0.0,1
GAMETES_Epistasis_3_Way_20atts_0.2H_EDM_1_1,1600,20,1,entropy,4.31135023977339,3.801796438957865,0.5095538008155245,1
GAMETES_Heterogeneity_20atts_1600_Het_0.4_0.2_50_EDM_2_001,1600,20,1,entropy,3.49328133430231,3.49328133430231,0.0,1
GAMETES_Heterogeneity_20atts_1600_Het_0.4_0.2_75_EDM_2_001,1600,20,1,entropy,4.267812099144976,4.267812099144976,0.0,1
Hill_Valley_with_noise,1212,100,1,entropy,4.62254685336768,3.642596598214112,0.9799502551535682,1
Hill_Valley_without_noise,1212,100,1,entropy,2.3477542055886715,2.1325216490804735,0.21523255650819806,1
adult,48842,14,1,entropy,5429.800462442147,5264.954514948476,164.8459474936717,1
agaricus_lepiota,8145,22,1,entropy,2194.987418911176,2143.801856062444,51.185562848731934,1
allbp,3772,29,1,entropy,182.79767370133675,150.68971083352972,32.10796286780703,1
allhyper,3771,29,1,entropy,99.23409495108191,92.3838666697302,6.850228281351718,1
allhypo,3770,29,1,entropy,169.62435704682775,167.89905740968038,1.7252996371473728,1
allrep,3772,29,1,entropy,388.31733859239114,388.31733859239114,0.0,1
analcatdata_aids,50,4,1,entropy,3.1382243255396958,1.0147224000306636,2.123501925509032,1
analcatdata_asbestos,83,3,1,entropy,21.920376198309384,21.097897118985113,0.8224790793242711,1
analcatdata_authorship,841,70,1,entropy,337.1685137456266,330.9464479090282,6.222065836598404,1
analcatdata_bankruptcy,50,6,1,entropy,3.1382243255396958,3.1382243255396958,0.0,1
analcatdata_boxing1,120,3,1,entropy,5.7206896830601295,5.030596717051061,0.6900929660090682,1
analcatdata_boxing2,132,3,1,entropy,28.17085354987229,28.17085354987229,0.0,1
analcatdata_creditscore,100,6,1,entropy,54.940451140288786,11.56074554852212,43.379705591766665,1
analcatdata_cyyoung8092,97,10,1,entropy,15.37253530642868,11.941141793800675,3.4313935126280057,1
analcatdata_cyyoung9302,92,10,1,entropy,14.26578499440308,13.04733953397318,1.2184454604299013,1
analcatdata_dmft,797,4,1,entropy,14.938549553656912,13.990778134693414,0.947771418963498,1
analcatdata_fraud,42,11,1,entropy,9.893562767361981,9.893562767361981,0.0,1
analcatdata_germangss,400,5,1,entropy,16.713129519520294,2.0054327675828745,14.70769675193742,1
analcatdata_happiness,60,3,1,entropy,13.254595556111454,4.987011332629365,8.267584223482089,1
analcatdata_japansolvent,52,9,1,entropy,13.786791963534757,11.0447941852496,2.741997778285157,1
analcatdata_lawsuit,264,4,1,entropy,44.20663558224328,11.028279616731993,33.17835596551129,1
ann_thyroid,7200,21,1,entropy,856.3177218646238,562.1170672747729,294.20065458985084,1
appendicitis,106,7,1,entropy,23.488249405040577,20.93261931925906,2.555630085781516,1
backache,180,32,1,entropy,10.971553866687223,10.971553866687223,0.0,1
balance_scale,625,4,1,entropy,64.23543956912431,55.82083241101111,8.4146071581132,1
biomed,209,8,1,entropy,36.70150213556008,35.98717691057493,0.7143252249851457,1
breast_cancer,286,9,1,entropy,21.56921762355843,21.56921762355843,0.0,1
bupa,345,5,1,entropy,1.2168938412005446,1.0317570022292557,0.18513683897128885,1
calendarDOW,399,32,1,entropy,59.05088999363579,54.820476826556046,4.230413167079746,1
car_evaluation,1728,6,1,entropy,378.82143526934624,378.82143526934624,0.0,1
cars,392,8,1,entropy,86.39095274420174,80.13812914658632,6.252823597615418,1
chess,3196,36,1,entropy,633.6609470574076,633.6609470574076,0.0,1
churn,5000,20,1,entropy,191.4067251212222,181.8723172687179,9.534407852504302,1
clean1,476,168,1,entropy,320.3597439697761,106.83154127320387,213.52820269657224,1
cloud,108,7,1,entropy,14.106034398931913,4.507559597892806,9.598474801039107,1
coil2000,9822,85,1,entropy,182.81026459512668,123.858468219516,58.951796375610684,1
collins,485,23,1,entropy,431.19313968285405,421.7810381753759,9.412101507478155,1
confidence,72,3,1,entropy,66.99411777885788,64.03934893069842,2.9547688481594605,1
corral,160,6,1,entropy,29.570071549578913,29.570071549578913,0.0,1
dermatology,366,34,1,entropy,299.7371742774229,283.4099565298344,16.32721774758852,1
dis,3772,29,1,entropy,26.991805925071255,24.81215972085688,2.179646204214375,1
dna,3186,180,1,entropy,1222.2524479251888,1222.2524479251888,0.0,1
ecoli,327,7,1,entropy,162.90242026152754,157.64105780990351,5.261362451624024,1
flags,178,43,1,entropy,37.07122204500698,28.998625593472667,8.07259645153431,1
glass2,163,9,1,entropy,15.541740131215406,12.769123921377684,2.7726162098377216,1
haberman,306,3,1,entropy,11.326148444803685,6.523772005626682,4.802376439177003,1
hayes_roth,160,4,1,entropy,34.635224895000846,34.635224895000846,0.0,1
hepatitis,155,19,1,entropy,19.765397291524238,18.19480392602547,1.570593365498766,1
hypothyroid,3163,25,1,entropy,141.64942785219205,101.18469717378946,40.46473067840259,1
ionosphere,351,34,1,entropy,105.81387105725864,62.33666731608395,43.47720374117469,1
iris,150,4,1,entropy,137.74437510817344,129.65063432771464,8.093740780458802,1
irish,500,5,1,entropy,257.626259910343,168.02050790289042,89.60575200745257,1
kr_vs_kp,3196,36,1,entropy,633.6609470574076,633.6609470574076,0.0,1
krkopt,28056,6,1,entropy,3095.502408661632,2671.333144137425,424.1692645242074,1
labor,57,16,1,entropy,17.463770302430028,13.9349365566517,3.5288337457783285,1
led24,3200,24,1,entropy,1657.1231530015184,1657.1231530015184,0.0,1
led7,3200,7,1,entropy,1566.583137960025,1566.583137960025,0.0,1
letter,20000,16,1,entropy,7441.046824799025,6974.8876909801365,466.1591338188882,1
lupus,87,3,1,entropy,17.310939434261506,16.585681392161163,0.725258042100343,1
lymphography,148,18,1,entropy,29.64305720000486,25.705822509319333,3.9372346906855284,1
magic,19020,10,1,entropy,1728.642952289701,1013.3241357589163,715.3188165307847,1
mfeat_factors,2000,216,1,entropy,1187.2725872070546,1186.6168670751968,0.6557201318578336,1
mfeat_fourier,2000,76,1,entropy,1306.3711700724307,1306.3711700724307,0.0,1
mfeat_karhunen,2000,64,1,entropy,814.496612835005,647.13861147627,167.358001358735,1
mfeat_morphological,2000,6,1,entropy,1825.8990966415352,1037.084956743931,788.8141398976043,1
mfeat_pixel,2000,240,1,entropy,1251.0694095878616,1251.0694095878616,0.0,1
mfeat_zernike,2000,47,1,entropy,796.9962250892304,643.2709431968128,153.72528189241757,1
mofn_3_7_10,1324,10,1,entropy,84.80529911617992,84.80529911617992,0.0,1
molecular_biology_promoters,106,57,1,entropy,30.68415358940502,20.940248784244403,9.743904805160618,1
monk1,556,6,1,entropy,44.76599598016202,14.210344184305,30.555651795857017,1
monk2,601,6,1,entropy,4.068939487914008,4.068939487914008,0.0,1
monk3,554,6,1,entropy,173.1039639186319,43.34825377640891,129.755710142223,1
movement_libras,360,90,1,entropy,194.00235668454116,185.3781674024283,8.624189282112866,1
mushroom,8124,22,1,entropy,3219.388009577778,3111.402188287305,107.98582129047327,1
mux6,128,6,1,entropy,5.8324476256044875,5.8324476256044875,0.0,1
new_thyroid,215,5,1,entropy,40.336969296754035,37.48533316281814,2.851636133935898,1
nursery,12958,8,1,entropy,11899.943973011365,3782.5531173215622,8117.390855689802,1
optdigits,5620,64,1,entropy,2824.822321263455,2672.8138651185272,152.00845614492755,1
page_blocks,5473,10,1,entropy,1140.3266388707773,684.5707562079392,455.7558826628381,1
parity5,32,5,1,entropy,0.0,0.0,0.0,1
parity5+5,1124,10,1,entropy,0.12453008419436173,0.12453008419436173,0.0,1
pendigits,10992,16,1,entropy,5545.803647513116,5463.9932142060825,81.81043330703324,1
penguins,333,7,1,entropy,221.1699888602016,203.98183845630643,17.18815040389518,1
phoneme,5404,5,1,entropy,369.1757242191334,101.04913402919931,268.12659018993406,1
postoperative_patient_data,88,8,1,entropy,1.5138961394215613,1.3801100003617819,0.13378613905977943,1
prnn_crabs,200,7,1,entropy,17.73233536324048,13.457319273916543,4.2750160893239375,1
prnn_synth,250,2,1,entropy,23.533666653071293,8.190804353567302,15.342862299503992,1
profb,672,9,1,entropy,8.432164841082784,5.56149544203172,2.8706693990510637,1
ring,7400,20,1,entropy,500.3670674460336,423.40241316029915,76.96465428573447,1
saheart,462,9,1,entropy,33.67933401674395,33.50177795265154,0.1775560640924141,1
satimage,6435,36,1,entropy,3175.012686546141,3062.3002151026467,112.71247144349445,1
schizo,340,14,1,entropy,18.27851079065624,17.45046531117538,0.8280454794808634,1
segmentation,2310,19,1,entropy,1523.1389298137842,1334.3337895621398,188.8051402516444,1
shuttle,58000,9,1,entropy,18835.14487861169,9152.876000835298,9682.26887777639,1
sonar,208,60,1,entropy,31.151826462449122,29.827193254265055,1.3246332081840677,1
soybean,675,35,1,entropy,617.277691661891,617.277691661891,0.0,1
spambase,4601,57,1,entropy,398.0495143780986,390.5104922315657,7.539022146532886,1
spect,267,22,1,entropy,29.67056800276334,29.67056800276334,0.0,1
spectf,349,44,1,entropy,43.249832952021876,42.999723509370625,0.2501094426512509,1
splice,3188,60,1,entropy,1092.3642309157744,1043.4234613533022,48.94076956247227,1
tae,151,5,1,entropy,12.453896184854116,9.364309170673266,3.08958701418085,1
texture,5500,40,1,entropy,3454.2972150818587,3382.8963665059127,71.40084857594593,1
threeOf9,512,9,1,entropy,35.025717007951044,35.025717007951044,0.0,1
tic_tac_toe,958,9,1,entropy,60.989656651466134,60.989656651466134,0.0,1
tokyo1,959,44,1,entropy,399.12414929539244,393.1103855930572,6.013763702335268,1
twonorm,7400,20,1,entropy,653.43762968195,602.2071322225638,51.23049745938624,1
vehicle,846,18,1,entropy,98.49729334781034,92.8826852202937,5.614608127516647,1
vowel,990,13,1,entropy,282.2752893115438,199.85893242319278,82.41635688835103,1
waveform_21,5000,21,1,entropy,1158.722816424232,1154.5244530407927,4.1983633834393,1
waveform_40,5000,40,1,entropy,1318.7653154807404,1313.0609167960306,5.7043986847097585,1
wine_quality_red,1599,11,1,entropy,269.59608376790266,261.8143894820596,7.781694285843059,1
wine_quality_white,4898,11,1,entropy,590.8659376702817,525.6475624650329,65.21837520524878,1
wine_recognition,178,13,1,entropy,106.38536245115527,104.12439753545405,2.260964915701223,1
xd6,973,9,1,entropy,30.91933707631489,30.91933707631489,0.0,1
yeast,1479,8,1,entropy,374.8028724789856,258.5134252815517,116.2894471974339,1
GAMETES_Epistasis_2_Way_20atts_0.1H_EDM_1_1,1600,20,2,entropy,2.36282212952176,2.36282212952176,0.0,1
GAMETES_Epistasis_2_Way_20atts_0.4H_EDM_1_1,1600,20,2,entropy,2.076463551705629,2.076463551705629,0.0,1
GAMETES_Epistasis_3_Way_20atts_0.2H_EDM_1_1,1600,20,2,entropy,4.31135023977339,4.31135023977339,0.0,1
GAMETES_Heterogeneity_20atts_1600_Het_0.4_0.2_50_EDM_2_001,1600,20,2,entropy,3.49328133430231,3.49328133430231,0.0,1
GAMETES_Heterogeneity_20atts_1600_Het_0.4_0.2_75_EDM_2_001,1600,20,2,entropy,4.267812099144976,4.267812099144976,0.0,1
Hill_Valley_with_noise,1212,100,2,entropy,3.387877265442171,2.939134960597869,0.448742304844302,1
Hill_Valley_without_noise,1212,100,2,entropy,2.5037528913135247,2.458442573498587,0.04531031781493766,1
adult,48842,14,2,entropy,3614.660150829004,3263.3671387952327,351.29301203377145,1
agaricus_lepiota,8145,22,2,entropy,2194.987418911176,1863.6940968813756,331.2933220298005,1
allbp,3772,29,2,entropy,172.28320821491923,131.77464964448757,40.50855857043166,1
allhyper,3771,29,2,entropy,152.6297555517327,120.48991279147887,32.13984276025383,1
allhypo,3770,29,2,entropy,139.61238473938647,126.71146273961199,12.900921999774482,1
allrep,3772,29,2,entropy,388.31733859239114,388.31733859239114,0.0,1
analcatdata_aids,50,4,2,entropy,6.592036279755163,5.401577307280007,1.190458972475156,1
analcatdata_asbestos,83,3,2,entropy,21.920376198309384,21.920376198309384,0.0,1
analcatdata_authorship,841,70,2,entropy,432.4923901455039,411.1830236501967,21.309366495307245,1
analcatdata_bankruptcy,50,6,2,entropy,20.45852612025134,13.26868711754689,7.189839002704449,1
analcatdata_boxing1,120,3,2,entropy,5.7206896830601295,5.030596717051061,0.6900929660090682,1
analcatdata_boxing2,132,3,2,entropy,28.17085354987229,3.3147877657837626,24.85606578408853,1
analcatdata_creditscore,100,6,2,entropy,44.65445335665107,10.303410119569346,34.351043237081726,1
analcatdata_cyyoung8092,97,10,2,entropy,10.631272456829592,10.631272456829592,0.0,1
analcatdata_cyyoung9302,92,10,2,entropy,17.99589715864456,16.165576837482693,1.8303203211618673,1
analcatdata_dmft,797,4,2,entropy,15.79340120593406,14.938549553656912,0.8548516522771479,1
analcatdata_fraud,42,11,2,entropy,9.893562767361981,9.893562767361981,0.0,1
analcatdata_germangss,400,5,2,entropy,43.04780434309527,4.021822679335514,39.02598166375976,1
analcatdata_happiness,60,3,2,entropy,11.31150440327957,9.51031882796699,1.80118557531258,1
analcatdata_japansolvent,52,9,2,entropy,17.47743466002954,11.050439329470969,6.426995330558572,1
analcatdata_lawsuit,264,4,2,entropy,12.138196340863388,11.028279616731993,1.109916724131395,1
ann_thyroid,7200,21,2,entropy,407.8951098628513,77.77347572012216,330.12163414272914,1
appendicitis,106,7,2,entropy,15.839767902402588,15.452882855127363,0.386885047275225,1
backache,180,32,2,entropy,10.971553866687223,10.971553866687223,0.0,1
balance_scale,625,4,2,entropy,64.23543956912431,64.23543956912431,0.0,1
biomed,209,8,2,entropy,36.363258611490096,35.98717691057493,0.37608170091516513,1
breast_cancer,286,9,2,entropy,16.16037869504052,14.689375830870809,1.4710028641697122,1
bupa,345,5,2,entropy,10.56353036008204,6.234787844014278,4.328742516067763,1
calendarDOW,399,32,2,entropy,64.90923577034778,64.10333246083265,0.8059033095151307,1
car_evaluation,1728,6,2,entropy,378.82143526934624,378.82143526934624,0.0,1
cars,392,8,2,entropy,151.93196955608266,151.3607035938545,0.5712659622281535,1
chess,3196,36,2,entropy,633.6609470574076,633.6609470574076,0.0,1
churn,5000,20,2,entropy,267.78222158664437,181.8723172687179,85.90990431792648,1
clean1,476,168,2,entropy,270.31964082996365,249.66534091174697,20.65429991821668,1
cloud,108,7,2,entropy,15.18133127348986,13.468392744092881,1.712938529396979,1
coil2000,9822,85,2,entropy,182.81026459512668,182.81026459512668,0.0,1
collins,485,23,2,entropy,469.10027894440833,467.8308400771755,1.26943886723285,1
confidence,72,3,2,entropy,71.99999999999996,71.99999999999996,0.0,1
corral,160,6,2,entropy,29.570071549578913,29.570071549578913,0.0,1
dermatology,366,34,2,entropy,299.7371742774229,299.7371742774229,0.0,1
dis,3772,29,2,entropy,31.605102878366147,24.01175653602462,7.593346342341526,1
dna,3186,180,2,entropy,1222.2524479251888,1222.2524479251888,0.0,1
ecoli,327,7,2,entropy,162.90242026152754,113.33868748702524,49.5637327745023,1
flags,178,43,2,entropy,37.07122204500698,37.07122204500698,0.0,1
glass2,163,9,2,entropy,24.82571723403015,20.132599851123302,4.693117382906848,1
haberman,306,3,2,entropy,15.9179474177051,14.532962348965945,1.3849850687391552,1
hayes_roth,160,4,2,entropy,34.635224895000846,34.635224895000846,0.0,1
hepatitis,155,19,2,entropy,19.765397291524238,16.070153008852117,3.695244282672121,1
hypothyroid,3163,25,2,entropy,83.13807085228507,40.47572580574774,42.662345046537325,1
ionosphere,351,34,2,entropy,67.24855725065419,62.33666731608395,4.91188993457024,1
iris,150,4,2,entropy,137.74437510817344,129.65063432771464,8.093740780458802,1
irish,500,5,2,entropy,257.626259910343,102.78881063316604,154.83744927717694,1
kr_vs_kp,3196,36,2,entropy,633.6609470574076,633.6609470574076,0.0,1
krkopt,28056,6,2,entropy,6401.636703902172,6401.636703902172,0.0,1
labor,57,16,2,entropy,14.837805078781049,13.9349365566517,0.9028685221293493,1
led24,3200,24,2,entropy,1657.1231530015184,1657.1231530015184,0.0,1
led7,3200,7,2,entropy,1566.583137960025,1566.583137960025,0.0,1
letter,20000,16,2,entropy,6775.380272669401,6626.413615851619,148.96665681778177,1
lupus,87,3,2,entropy,19.613202364795455,15.33506769267872,4.278134672116735,1
lymphography,148,18,2,entropy,29.64305720000486,25.705822509319333,3.9372346906855284,1
magic,19020,10,2,entropy,2130.4886531781704,2128.3974490885603,2.0912040896100734,1
mfeat_factors,2000,216,2,entropy,1146.2688017384226,1124.1561989158195,22.112602822603094,1
mfeat_fourier,2000,76,2,entropy,1305.2292446539268,1300.3575507851333,4.8716938687935,1
mfeat_karhunen,2000,64,2,entropy,959.9789678305287,837.5811928531893,122.3977749773394,1
mfeat_morphological,2000,6,2,entropy,1825.8990966415352,1825.8990966415352,0.0,1
mfeat_pixel,2000,240,2,entropy,1203.7236877108012,1189.0626846171617,14.661003093639465,1
mfeat_zernike,2000,47,2,entropy,970.5014144699062,962.4902264509078,8.011188018998382,1
mofn_3_7_10,1324,10,2,entropy,84.80529911617992,84.80529911617992,0.0,1
molecular_biology_promoters,106,57,2,entropy,30.68415358940502,30.68415358940502,0.0,1
monk1,556,6,2,entropy,44.76599598016202,14.210344184305,30.555651795857017,1
monk2,601,6,2,entropy,4.068939487914008,4.068939487914008,0.0,1
monk3,554,6,2,entropy,174.89996222806104,173.1039639186319,1.7959983094291374,1
movement_libras,360,90,2,entropy,188.47855466447993,188.02098531580725,0.45756934867267773,1
mushroom,8124,22,2,entropy,2006.1849837184486,1869.7741437027269,136.41084001572176,1
mux6,128,6,2,entropy,5.8324476256044875,5.8324476256044875,0.0,1
new_thyroid,215,5,2,entropy,50.60274931690759,48.48686577266125,2.115883544246344,1
nursery,12958,8,2,entropy,11899.943973011365,11899.943973011365,0.0,1
optdigits,5620,64,2,entropy,2514.226350057832,2498.762984099547,15.463365958285067,1
page_blocks,5473,10,2,entropy,1032.1440810120316,416.9332878920968,615.2107931199348,1
parity5,32,5,2,entropy,0.0,0.0,0.0,1
parity5+5,1124,10,2,entropy,0.12453008419436173,0.12453008419436173,0.0,1
pendigits,10992,16,2,entropy,5716.244289009308,5682.105362657625,34.13892635168304,1
penguins,333,7,2,entropy,229.33936281892082,228.4411748066677,0.8981880122531152,1
phoneme,5404,5,2,entropy,348.98529825230366,187.1854918413453,161.79980641095835,1
postoperative_patient_data,88,8,2,entropy,1.5138961394215613,1.3801100003617819,0.13378613905977943,1
prnn_crabs,200,7,2,entropy,28.709035887794478,18.296454799830343,10.412581087964135,1
prnn_synth,250,2,2,entropy,37.496295517729465,31.54848683166057,5.947808686068896,1
profb,672,9,2,entropy,24.965615713071173,16.61815554466675,8.347460168404425,1
ring,7400,20,2,entropy,499.84800132944383,411.8684891899775,87.97951213946635,1
saheart,462,9,2,entropy,32.827648166816175,24.680228072085498,8.147420094730677,1
satimage,6435,36,2,entropy,3178.928127281546,3140.3206904256385,38.60743685590751,1
schizo,340,14,2,entropy,20.35309634138008,16.68120414643073,3.6718921949493506,1
segmentation,2310,19,2,entropy,1838.2161730693942,1334.3337895621398,503.8823835072544,1
shuttle,58000,9,2,entropy,10611.739363028464,58.673480889818165,10553.065882138646,1
sonar,208,60,2,entropy,27.603554427184093,27.596231654777725,0.007322772406368472,1
soybean,675,35,2,entropy,617.277691661891,617.277691661891,0.0,1
spambase,4601,57,2,entropy,398.0495143780986,350.2224880285651,47.82702634953347,1
spect,267,22,2,entropy,29.67056800276334,29.67056800276334,0.0,1
spectf,349,44,2,entropy,40.070114079368125,38.42549099832405,1.6446230810440738,1
splice,3188,60,2,entropy,1092.3642309157744,1092.3642309157744,0.0,1
tae,151,5,2,entropy,12.453896184854116,11.658041607364538,0.7958545774895782,1
texture,5500,40,2,entropy,3943.9514876401245,3905.7244782190974,38.227009421027105,1
threeOf9,512,9,2,entropy,35.025717007951044,35.025717007951044,0.0,1
tic_tac_toe,958,9,2,entropy,60.989656651466134,60.989656651466134,0.0,1
tokyo1,959,44,2,entropy,400.7399156904724,377.47543028881086,23.264485401661545,1
twonorm,7400,20,2,entropy,697.574974960944,675.6003423507291,21.97463261021494,1
vehicle,846,18,2,entropy,244.42531459022644,244.42531459022644,0.0,1
vowel,990,13,2,entropy,423.0210991470801,344.29844705551886,78.72265209156126,1
waveform_21,5000,21,2,entropy,1215.031482871983,951.2057937370264,263.8256891349565,1
waveform_40,5000,40,2,entropy,1298.5277296973331,1240.2384463344729,58.28928336286026,1
wine_quality_red,1599,11,2,entropy,247.7709130758583,207.83089167686535,39.94002139899294,1
wine_quality_white,4898,11,2,entropy,158.2459598703581,141.4754621733482,16.770497697009887,1
wine_recognition,178,13,2,entropy,106.83201735321754,104.3373130247224,2.494704328495132,1
xd6,973,9,2,entropy,30.91933707631489,30.91933707631489,0.0,1
yeast,1479,8,2,entropy,282.75558195553253,267.5299224981698,15.225659457362724,1
GAMETES_Epistasis_2_Way_20atts_0.1H_EDM_1_1,1600,20,3,entropy,2.36282212952176,1.9391794643274238,0.42364266519433613,1
GAMETES_Epistasis_2_Way_20atts_0.4H_EDM_1_1,1600,20,3,entropy,2.076463551705629,2.076463551705629,0.0,1
GAMETES_Epistasis_3_Way_20atts_0.2H_EDM_1_1,1600,20,3,entropy,4.31135023977339,3.801796438957865,0.5095538008155245,1
GAMETES_Heterogeneity_20atts_1600_Het_0.4_0.2_50_EDM_2_001,1600,20,3,entropy,3.49328133430231,2.0018056263047583,1.4914757079975516,1
GAMETES_Heterogeneity_20atts_1600_Het_0.4_0.2_75_EDM_2_001,1600,20,3,entropy,4.267812099144976,1.3978384134208568,2.869973685724119,1
Hill_Valley_with_noise,1212,100,3,entropy,4.425932827278871,4.221362808236563,0.20457001904230765,1
Hill_Valley_without_noise,1212,100,3,entropy,2.9800513681406358,2.9626228840795648,0.017428484061071003,1
adult,48842,14,3,entropy,5775.48835026041,5429.800462442147,345.6878878182624,1
agaricus_lepiota,8145,22,3,entropy,2194.987418911176,1863.6940968813756,331.2933220298005,1
allbp,3772,29,3,entropy,158.49081197360147,104.08427014057911,54.40654183302236,1
allhyper,3771,29,3,entropy,117.38933659242298,68.00275666778674,49.38657992463624,1
allhypo,3770,29,3,entropy,145.0790941702154,44.78035099074032,100.29874317947508,1
allrep,3772,29,3,entropy,388.31733859239114,388.31733859239114,0.0,1
analcatdata_aids,50,4,3,entropy,3.8295321310800716,3.1382243255396958,0.6913078055403759,1
analcatdata_asbestos,83,3,3,entropy,21.920376198309384,21.097897118985113,0.8224790793242711,1
analcatdata_authorship,841,70,3,entropy,279.59794731326775,276.2390518665808,3.3588954466869723,1
analcatdata_bankruptcy,50,6,3,entropy,24.967187652438245,22.614218011060007,2.3529696413782375,1
analcatdata_boxing1,120,3,3,entropy,6.105007852016605,5.030596717051061,1.074411134965544,1
analcatdata_boxing2,132,3,3,entropy,8.404245404819427,6.428112847934472,1.9761325568849557,1
analcatdata_creditscore,100,6,3,entropy,4.702391302657203,3.8584964401365482,0.8438948625206546,1
analcatdata_cyyoung8092,97,10,3,entropy,18.33958612873825,13.214774526955054,5.124811601783197,1
analcatdata_cyyoung9302,92,10,3,entropy,17.99589715864456,17.650470549126695,0.3454266095178653,1
analcatdata_dmft,797,4,3,entropy,23.9059853528247,23.9059853528247,0.0,1
analcatdata_fraud,42,11,3,entropy,9.893562767361981,9.893562767361981,0.0,1
analcatdata_germangss,400,5,3,entropy,16.713129519520294,14.273123977831915,2.440005541688379,1
analcatdata_happiness,60,3,3,entropy,10.392372946470743,10.202421538022259,0.18995140844848457,1
analcatdata_japansolvent,52,9,3,entropy,12.851768773594944,4.486926442707144,8.3648423308878,1
analcatdata_lawsuit,264,4,3,entropy,60.0946391878644,36.46408653889373,23.63055264897067,1
ann_thyroid,7200,21,3,entropy,2095.6512445256303,149.47682962501523,1946.1744149006151,1
appendicitis,106,7,3,entropy,19.278744340437434,17.222367599489594,2.05637674094784,1
backache,180,32,3,entropy,10.971553866687223,10.971553866687223,0.0,1
balance_scale,625,4,3,entropy,64.23543956912431,64.23543956912431,0.0,1
biomed,209,8,3,entropy,37.1361050853786,34.921062365996775,2.2150427193818274,1
breast_cancer,286,9,3,entropy,21.56921762355843,21.56921762355843,0.0,1
bupa,345,5,3,entropy,10.877527982465537,4.539754094177113,6.3377738882884245,1
calendarDOW,399,32,3,entropy,64.90923577034778,54.820476826556046,10.088758943791731,1
car_evaluation,1728,6,3,entropy,378.82143526934624,378.82143526934624,0.0,1
cars,392,8,3,entropy,131.8815517567061,128.55628426110698,3.325267495599121,1
chess,3196,36,3,entropy,633.6609470574076,633.6609470574076,0.0,1
churn,5000,20,3,entropy,275.1322870248687,265.30951114431485,9.82277588055382,1
clean1,476,168,3,entropy,310.43579828681817,221.08831031514782,89.34748797167035,1
cloud,108,7,3,entropy,15.18133127348986,4.507559597892806,10.673771675597054,1
coil2000,9822,85,3,entropy,182.81026459512668,123.858468219516,58.951796375610684,1
collins,485,23,3,entropy,454.49452199903527,377.89862648378,76.59589551525528,1
confidence,72,3,3,entropy,66.99411777885788,60.33792629969809,6.656191479159794,1
corral,160,6,3,entropy,29.570071549578913,29.570071549578913,0.0,1
dermatology,366,34,3,entropy,299.7371742774229,299.7371742774229,0.0,1
dis,3772,29,3,entropy,27.509003155698874,25.561064607486493,1.947938548212381,1
dna,3186,180,3,entropy,1222.2524479251888,1222.2524479251888,0.0,1
ecoli,327,7,3,entropy,161.43627224060737,136.51262747841952,24.92364476218785,1
flags,178,43,3,entropy,37.07122204500698,37.07122204500698,0.0,1
glass2,163,9,3,entropy,15.541740131215406,15.24602972406575,0.2957104071496559,1
haberman,306,3,3,entropy,0.4684065617250468,0.3598386029938183,0.10856795873122849,1
hayes_roth,160,4,3,entropy,34.635224895000846,34.635224895000846,0.0,1
hepatitis,155,19,3,entropy,13.345908585704315,13.16460950779009,0.1812990779142254,1
hypothyroid,3163,25,3,entropy,126.68647610296534,98.91332909092398,27.773147012041363,1
ionosphere,351,34,3,entropy,73.81292685957672,72.03691484784025,1.7760120117364693,1
iris,150,4,3,entropy,108.67166614762657,103.21905529708366,5.452610850542911,1
irish,500,5,3,entropy,195.24686033201726,102.78881063316604,92.45804969885123,1
kr_vs_kp,3196,36,3,entropy,633.6609470574076,633.6609470574076,0.0,1
krkopt,28056,6,3,entropy,5186.411437391187,3095.502408661632,2090.909028729555,1
labor,57,16,3,entropy,13.692210089125496,11.096922528703722,2.5952875604217738,1
led24,3200,24,3,entropy,1657.1231530015184,1657.1231530015184,0.0,1
led7,3200,7,3,entropy,1566.583137960025,1566.583137960025,0.0,1
letter,20000,16,3,entropy,7441.046824799025,7412.155268737679,28.89155606134591,1
lupus,87,3,3,entropy,20.460103359964364,17.310939434261506,3.149163925702858,1
lymphography,148,18,3,entropy,30.9630496227935,25.705822509319333,5.2572271134741655,1
magic,19020,10,3,entropy,2679.4163503609943,1752.6765935851508,926.7397567758435,1
mfeat_factors,2000,216,3,entropy,1045.8909412098628,964.8674189157477,81.02352229411508,1
mfeat_fourier,2000,76,3,entropy,1195.2035469108168,1087.9099397863731,107.29360712444372,1
mfeat_karhunen,2000,64,3,entropy,887.2163103896028,617.3505850813831,269.8657253082197,1
mfeat_morphological,2000,6,3,entropy,1825.8990966415352,1179.593635910424,646.3054607311112,1
mfeat_pixel,2000,240,3,entropy,1251.0694095878616,1251.0694095878616,0.0,1
mfeat_zernike,2000,47,3,entropy,815.0037076565777,700.5379682711073,114.46573938547044,1
mofn_3_7_10,1324,10,3,entropy,84.80529911617992,84.80529911617992,0.0,1
molecular_biology_promoters,106,57,3,entropy,30.68415358940502,30.68415358940502,0.0,1
monk1,556,6,3,entropy,44.76599598016202,44.76599598016202,0.0,1
monk2,601,6,3,entropy,4.068939487914008,4.068939487914008,0.0,1
monk3,554,6,3,entropy,173.1039639186319,43.34825377640891,129.755710142223,1
movement_libras,360,90,3,entropy,199.89404953307047,179.35646912415507,20.537580408915403,1
mushroom,8124,22,3,entropy,1940.3878862786669,1869.7741437027269,70.61374257594002,1
mux6,128,6,3,entropy,5.8324476256044875,5.8324476256044875,0.0,1
new_thyroid,215,5,3,entropy,89.19366359995428,83.44093486371716,5.752728736237117,1
nursery,12958,8,3,entropy,11899.943973011365,3782.5531173215622,8117.390855689802,1
optdigits,5620,64,3,entropy,2852.658061534201,2852.658061534201,0.0,1
page_blocks,5473,10,3,entropy,243.4429062081881,131.12825826380458,112.31464794438352,1
parity5,32,5,3,entropy,0.0,0.0,0.0,1
parity5+5,1124,10,3,entropy,0.12453008419436173,0.12453008419436173,0.0,1
pendigits,10992,16,3,entropy,6785.724405136181,5993.081124729364,792.6432804068172,1
penguins,333,7,3,entropy,264.5688531319185,255.74654211047604,8.82231102144246,1
phoneme,5404,5,3,entropy,455.62777563131385,453.05900783241987,2.5687677988939868,1
postoperative_patient_data,88,8,3,entropy,1.3801100003617819,1.0852615137815746,0.29484848658020724,1
prnn_crabs,200,7,3,entropy,16.15350743960819,14.463885652413538,1.6896217871946533,1
prnn_synth,250,2,3,entropy,75.49566683705439,68.25913970021364,7.236527136840749,1
profb,672,9,3,entropy,3.554890161967876,2.2701747705926607,1.2847153913752152,1
ring,7400,20,3,entropy,485.2807962068746,468.02461712045897,17.256179086415614,1
saheart,462,9,3,entropy,32.827648166816175,31.26163776917275,1.5660103976434243,1
satimage,6435,36,3,entropy,3292.5998618877866,3256.4126947852606,36.18716710252602,1
schizo,340,14,3,entropy,22.070380569625286,18.985972008581825,3.0844085610434604,1
segmentation,2310,19,3,entropy,1838.2161730693942,1745.9887229033463,92.2274501660479,1
shuttle,58000,9,3,entropy,22522.337636682943,17883.505131940496,4638.832504742448,1
sonar,208,60,3,entropy,40.26900208476114,37.10368286975208,3.165319215009063,1
soybean,675,35,3,entropy,617.277691661891,617.277691661891,0.0,1
spambase,4601,57,3,entropy,205.87468126286365,166.67798772524776,39.196693537615886,1
spect,267,22,3,entropy,29.67056800276334,29.67056800276334,0.0,1
spectf,349,44,3,entropy,37.02497439770261,35.16556591038781,1.859408487314795,1
splice,3188,60,3,entropy,1092.3642309157744,1092.3642309157744,0.0,1
tae,151,5,3,entropy,12.453896184854116,9.364309170673266,3.08958701418085,1
texture,5500,40,3,entropy,4140.706957956385,4135.19685277428,5.51010518210478,1
threeOf9,512,9,3,entropy,35.025717007951044,35.025717007951044,0.0,1
tic_tac_toe,958,9,3,entropy,6.693971358569286,6.693971358569286,0.0,1
tokyo1,959,44,3,entropy,372.1386559886003,358.6238132011917,13.514842787408611,1
twonorm,7400,20,3,entropy,673.7221110590854,616.1884529552835,57.53365810380183,1
vehicle,846,18,3,entropy,217.4803013488132,198.18019230108996,19.300109047723254,1
vowel,990,13,3,entropy,450.7736604101958,401.3448769753936,49.4287834348022,1
waveform_21,5000,21,3,entropy,1298.9562122431612,1268.8565742421024,30.099638001058793,1
waveform_40,5000,40,3,entropy,1162.4855728834095,1080.3311943495764,82.1543785338331,1
wine_quality_red,1599,11,3,entropy,122.34584139949675,74.88665561804964,47.459185781447104,1
wine_quality_white,4898,11,3,entropy,152.1632329491149,65.04963013123643,87.11360281787847,1
wine_recognition,178,13,3,entropy,96.45137176689926,88.91070192408822,7.540669842811042,1
xd6,973,9,3,entropy,30.91933707631489,30.91933707631489,0.0,1
yeast,1479,8,3,entropy,184.14024710558442,167.96092756429584,16.179319541288578,1
GAMETES_Epistasis_2_Way_20atts_0.1H_EDM_1_1,1600,20,4,entropy,2.36282212952176,1.9391794643274238,0.42364266519433613,1
GAMETES_Epistasis_2_Way_20atts_0.4H_EDM_1_1,1600,20,4,entropy,2.076463551705629,2.0018056263047583,0.0746579254008708,1
GAMETES_Epistasis_3_Way_20atts_0.2H_EDM_1_1,1600,20,4,entropy,3.667796371622356,3.4830558369998244,0.1847405346225317,1
GAMETES_Heterogeneity_20atts_1600_Het_0.4_0.2_50_EDM_2_001,1600,20,4,entropy,2.0018056263047583,1.7879593798779752,0.21384624642678318,1
GAMETES_Heterogeneity_20atts_1600_Het_0.4_0.2_75_EDM_2_001,1600,20,4,entropy,4.267812099144976,2.1334942734120608,2.134317825732915,1
Hill_Valley_with_noise,1212,100,4,entropy,4.427976501703029,4.393629593884043,0.03434690781898553,1
Hill_Valley_without_noise,1212,100,4,entropy,2.7012931797821693,2.6341163733850905,0.06717680639707879,1
adult,48842,14,4,entropy,5775.48835026041,5775.48835026041,0.0,1
agaricus_lepiota,8145,22,4,entropy,2143.801856062444,1863.6940968813756,280.10775918106856,1
allbp,3772,29,4,entropy,144.81144589493636,104.08427014057911,40.72717575435725,1
allhyper,3771,29,4,entropy,151.20832443779238,91.1094343112494,60.09889012654298,1
allhypo,3770,29,4,entropy,299.186048409485,170.14334385492543,129.04270455455958,1
allrep,3772,29,4,entropy,388.31733859239114,388.31733859239114,0.0,1
analcatdata_aids,50,4,4,entropy,9.10594128891595,6.4720202859204425,2.633921002995508,1
analcatdata_asbestos,83,3,4,entropy,21.920376198309384,21.097897118985113,0.8224790793242711,1
analcatdata_authorship,841,70,4,entropy,360.99793690761265,338.693381895807,22.304555011805633,1
analcatdata_bankruptcy,50,6,4,entropy,11.8226398830014,11.8226398830014,0.0,1
analcatdata_boxing1,120,3,4,entropy,5.7206896830601295,5.030596717051061,0.6900929660090682,1
analcatdata_boxing2,132,3,4,entropy,19.15798472015902,16.982318186196615,2.1756665339624064,1
analcatdata_creditscore,100,6,4,entropy,57.0035205861574,8.403793353244502,48.5997272329129,1
analcatdata_cyyoung8092,97,10,4,entropy,18.33958612873825,16.807799775669864,1.5317863530683873,1
analcatdata_cyyoung9302,92,10,4,entropy,14.26578499440308,13.648025373434699,0.617759620968382,1
analcatdata_dmft,797,4,4,entropy,23.9059853528247,23.9059853528247,0.0,1
analcatdata_fraud,42,11,4,entropy,9.893562767361981,9.893562767361981,0.0,1
analcatdata_germangss,400,5,4,entropy,69.70660457675407,8.08803545012313,61.618569126630945,1
analcatdata_happiness,60,3,4,entropy,9.51031882796699,1.609556681843344,7.900762146123647,1
analcatdata_japansolvent,52,9,4,entropy,5.803767963414698,5.7840895483081525,0.019678415106545444,1
analcatdata_lawsuit,264,4,4,entropy,26.90674200443948,15.91133433323516,10.995407671204319,1
ann_thyroid,7200,21,4,entropy,1197.4121806464582,515.153068118623,682.2591125278352,1
appendicitis,106,7,4,entropy,15.839767902402588,11.064202826940274,4.775565075462314,1
backache,180,32,4,entropy,10.971553866687223,10.971553866687223,0.0,1
balance_scale,625,4,4,entropy,64.23543956912431,55.82083241101111,8.4146071581132,1
biomed,209,8,4,entropy,24.35813395495543,23.482383824340374,0.8757501306150566,1
breast_cancer,286,9,4,entropy,21.56921762355843,17.980130873533767,3.589086750024663,1
bupa,345,5,4,entropy,11.3329214411701,1.4265804453715676,9.906340995798534,1
calendarDOW,399,32,4,entropy,64.90923577034778,44.626933484513984,20.282302285833794,1
car_evaluation,1728,6,4,entropy,378.82143526934624,378.82143526934624,0.0,1
cars,392,8,4,entropy,151.93196955608266,128.55628426110698,23.375685294975682,1
chess,3196,36,4,entropy,633.6609470574076,633.6609470574076,0.0,1
churn,5000,20,4,entropy,268.19052961885257,181.8723172687179,86.31821235013467,1
clean1,476,168,4,entropy,67.09361308907927,57.9995077816032,9.09410530747607,1
cloud,108,7,4,entropy,9.303129582868799,9.292694717879641,0.010434864989157688,1
coil2000,9822,85,4,entropy,182.81026459512668,123.858468219516,58.951796375610684,1
collins,485,23,4,entropy,403.9824833022557,323.35012160708493,80.63236169517074,1
confidence,72,3,4,entropy,71.99999999999996,71.99999999999996,0.0,1
corral,160,6,4,entropy,29.570071549578913,29.570071549578913,0.0,1
dermatology,366,34,4,entropy,299.7371742774229,281.658258756283,18.078915521139947,1
dis,3772,29,4,entropy,17.87339364621542,17.775046449291295,0.09834719692412364,1
dna,3186,180,4,entropy,1222.2524479251888,1222.2524479251888,0.0,1
ecoli,327,7,4,entropy,161.43627224060737,151.18535603053277,10.250916210074593,1
flags,178,43,4,entropy,37.07122204500698,28.998625593472667,8.07259645153431,1
glass2,163,9,4,entropy,8.356720792104937,3.508238477054845,4.848482315050092,1
haberman,306,3,4,entropy,6.523772005626682,5.3478697635743515,1.1759022420523308,1
hayes_roth,160,4,4,entropy,34.635224895000846,34.635224895000846,0.0,1
hepatitis,155,19,4,entropy,19.791022447037953,19.765397291524238,0.02562515551371547,1
hypothyroid,3163,25,4,entropy,135.27925097114382,115.90142939608631,19.37782157505751,1
ionosphere,351,34,4,entropy,71.7657007885833,69.76813325152722,1.997567537056085,1
iris,150,4,4,entropy,137.74437510817344,137.74437510817344,0.0,1
irish,500,5,4,entropy,257.626259910343,102.78881063316604,154.83744927717694,1
kr_vs_kp,3196,36,4,entropy,633.6609470574076,633.6609470574076,0.0,1
krkopt,28056,6,4,entropy,5186.411437391187,4973.350022359504,213.06141503168328,1
labor,57,16,4,entropy,17.891626811258025,17.891626811258025,0.0,1
led24,3200,24,4,entropy,1657.1231530015184,1657.1231530015184,0.0,1
led7,3200,7,4,entropy,1566.583137960025,1566.583137960025,0.0,1
letter,20000,16,4,entropy,6775.380272669401,5127.292138750021,1648.0881339193802,1
lupus,87,3,4,entropy,17.84082363744291,13.3382152485637,4.50260838887921,1
lymphography,148,18,4,entropy,29.64305720000486,25.705822509319333,3.9372346906855284,1
magic,19020,10,4,entropy,1332.1089610449662,1306.7841179676907,25.324843077275546,1
mfeat_factors,2000,216,4,entropy,1083.1024787015995,1053.4861042975904,29.616374404009093,1
mfeat_fourier,2000,76,4,entropy,820.1038086986575,808.5123547014025,11.59145399725503,1
mfeat_karhunen,2000,64,4,entropy,1050.4595714477068,888.9159905858091,161.54358086189768,1
mfeat_morphological,2000,6,4,entropy,1825.8990966415352,1825.8990966415352,0.0,1
mfeat_pixel,2000,240,4,entropy,1251.0694095878616,1251.0694095878616,0.0,1
mfeat_zernike,2000,47,4,entropy,827.1506784376638,822.010535007013,5.140143430650824,1
mofn_3_7_10,1324,10,4,entropy,84.80529911617992,84.80529911617992,0.0,1
molecular_biology_promoters,106,57,4,entropy,30.68415358940502,29.89295450261794,0.7911990867870813,1
monk1,556,6,4,entropy,44.76599598016202,44.76599598016202,0.0,1
monk2,601,6,4,entropy,4.068939487914008,4.068939487914008,0.0,1
monk3,554,6,4,entropy,173.1039639186319,43.34825377640891,129.755710142223,1
movement_libras,360,90,4,entropy,185.3781674024283,181.8429885906632,3.5351788117650926,1
mushroom,8124,22,4,entropy,3219.388009577778,3111.402188287305,107.98582129047327,1
mux6,128,6,4,entropy,5.8324476256044875,5.8324476256044875,0.0,1
new_thyroid,215,5,4,entropy,45.36301713066436,39.888737252467564,5.474279878196796,1
nursery,12958,8,4,entropy,11899.943973011365,11899.943973011365,0.0,1
optdigits,5620,64,4,entropy,2767.2500717954954,2766.760412775576,0.4896590199195998,1
page_blocks,5473,10,4,entropy,685.7870727470254,672.6181187291004,13.168954017924989,1
parity5,32,5,4,entropy,0.0,0.0,0.0,1
parity5+5,1124,10,4,entropy,0.12453008419436173,0.12453008419436173,0.0,1
pendigits,10992,16,4,entropy,6547.976320132664,5954.446570430851,593.5297497018128,1
penguins,333,7,4,entropy,203.98183845630643,77.11020646683048,126.87163198947596,1
phoneme,5404,5,4,entropy,351.3763765953146,330.0004825583843,21.375894036930276,1
postoperative_patient_data,88,8,4,entropy,1.3801100003617819,0.7613004147463371,0.6188095856154447,1
prnn_crabs,200,7,4,entropy,18.99185312463932,18.19204541229474,0.799807712344581,1
prnn_synth,250,2,4,entropy,84.41729864444896,83.96802943105779,0.449269213391176,1
profb,672,9,4,entropy,22.517913642343913,22.26454721044945,0.25336643189446306,1
ring,7400,20,4,entropy,475.18649186563016,264.1572301552569,211.02926171037325,1
saheart,462,9,4,entropy,28.66163376998861,26.536850637362818,2.1247831326257938,1
satimage,6435,36,4,entropy,3627.9416658226633,3374.1450970769374,253.79656874572584,1
schizo,340,14,4,entropy,13.565939060249832,10.937024363674396,2.6289146965754355,1
segmentation,2310,19,4,entropy,1865.4047605932922,1795.189097143912,70.21566344938014,1
shuttle,58000,9,4,entropy,3969.7927608959626,3957.9533169322713,11.839443963691338,1
sonar,208,60,4,entropy,26.136621719701523,22.383795306054765,3.7528264136467584,1
soybean,675,35,4,entropy,617.277691661891,617.277691661891,0.0,1
spambase,4601,57,4,entropy,819.8246431796879,781.5249684179535,38.29967476173442,1
spect,267,22,4,entropy,29.67056800276334,29.67056800276334,0.0,1
spectf,349,44,4,entropy,37.02497439770261,36.01246095796563,1.0125134397369777,1
splice,3188,60,4,entropy,1092.3642309157744,1043.4234613533022,48.94076956247227,1
tae,151,5,4,entropy,12.453896184854116,9.364309170673266,3.08958701418085,1
texture,5500,40,4,entropy,3608.5148631737484,3598.70688146031,9.807981713438494,1
threeOf9,512,9,4,entropy,35.025717007951044,35.025717007951044,0.0,1
tic_tac_toe,958,9,4,entropy,60.989656651466134,60.989656651466134,0.0,1
tokyo1,959,44,4,entropy,346.00922163813425,272.50718522917634,73.5020364089579,1
twonorm,7400,20,4,entropy,713.8775788202142,659.9121808391897,53.96539798102458,1
vehicle,846,18,4,entropy,112.80501552495224,112.73210706942109,0.07290845553114877,1
vowel,990,13,4,entropy,464.4550773266876,293.04601045385726,171.40906687283035,1
waveform_21,5000,21,4,entropy,1191.1857459059415,1180.6028220558928,10.5829238500487,1
waveform_40,5000,40,4,entropy,1269.042521867747,1247.2031205469193,21.83940132082762,1
wine_quality_red,1599,11,4,entropy,256.5077091063895,215.15176606063847,41.35594304575102,1
wine_quality_white,4898,11,4,entropy,688.7620346696408,688.5775652748002,0.18446939484056202,1
wine_recognition,178,13,4,entropy,76.20420616050961,56.712003423491154,19.49220273701846,1
xd6,973,9,4,entropy,30.91933707631489,30.91933707631489,0.0,1
yeast,1479,8,4,entropy,318.76477156694466,195.26669479014936,123.4980767767953,1
GAMETES_Epistasis_2_Way_20atts_0.1H_EDM_1_1,1600,20,5,entropy,2.36282212952176,1.531666049018952,0.831156080502808,1
GAMETES_Epistasis_2_Way_20atts_0.4H_EDM_1_1,1600,20,5,entropy,2.076463551705629,2.0018056263047583,0.0746579254008708,1
GAMETES_Epistasis_3_Way_20atts_0.2H_EDM_1_1,1600,20,5,entropy,4.31135023977339,4.31135023977339,0.0,1
GAMETES_Heterogeneity_20atts_1600_Het_0.4_0.2_50_EDM_2_001,1600,20,5,entropy,2.0018056263047583,1.7879593798779752,0.21384624642678318,1
GAMETES_Heterogeneity_20atts_1600_Het_0.4_0.2_75_EDM_2_001,1600,20,5,entropy,4.267812099144976,1.860543528092748,2.407268571052228,1
Hill_Valley_with_noise,1212,100,5,entropy,4.011843959500425,3.42446327132771,0.5873806881727148,1
Hill_Valley_without_noise,1212,100,5,entropy,2.6841006147380426,2.5202390953020597,0.16386151943598293,1
adult,48842,14,5,entropy,3533.21235995815,3223.7711043038053,309.4412556543448,1
agaricus_lepiota,8145,22,5,entropy,2143.801856062444,1863.6940968813756,280.10775918106856,1
allbp,3772,29,5,entropy,131.7810159331117,124.66719407619672,7.113821856914967,1
allhyper,3771,29,5,entropy,112.74772551131292,84.99875611571838,27.748969395594543,1
allhypo,3770,29,5,entropy,152.62594175387562,126.13150528298956,26.494436470886058,1
allrep,3772,29,5,entropy,388.31733859239114,388.31733859239114,0.0,1
analcatdata_aids,50,4,5,entropy,6.592036279755163,2.060129699063907,4.531906580691256,1
analcatdata_asbestos,83,3,5,entropy,21.920376198309384,21.097897118985113,0.8224790793242711,1
analcatdata_authorship,841,70,5,entropy,354.31363334847254,317.502850082458,36.81078326601454,1
analcatdata_bankruptcy,50,6,5,entropy,7.8256703181395295,7.8256703181395295,0.0,1
analcatdata_boxing1,120,3,5,entropy,6.105007852016605,5.7206896830601295,0.38431816895647586,1
analcatdata_boxing2,132,3,5,entropy,28.17085354987229,19.15798472015902,9.01286882971327,1
analcatdata_creditscore,100,6,5,entropy,31.160074759050055,9.974869237639325,21.18520552141073,1
analcatdata_cyyoung8092,97,10,5,entropy,12.483980463252127,10.631272456829592,1.8527080064225352,1
analcatdata_cyyoung9302,92,10,5,entropy,17.650470549126695,17.04879361191604,0.6016769372106552,1
analcatdata_dmft,797,4,5,entropy,23.9059853528247,23.9059853528247,0.0,1
analcatdata_fraud,42,11,5,entropy,9.893562767361981,9.893562767361981,0.0,1
analcatdata_germangss,400,5,5,entropy,52.79391944077246,30.32854173386867,22.465377706903794,1
analcatdata_happiness,60,3,5,entropy,12.086182370879676,10.513917630743023,1.572264740136653,1
analcatdata_japansolvent,52,9,5,entropy,20.81149006453633,13.786791963534757,7.024698101001572,1
analcatdata_lawsuit,264,4,5,entropy,60.0946391878644,56.438815870931286,3.655823316933116,1
ann_thyroid,7200,21,5,entropy,639.1699041246426,333.48264083355025,305.68726329109234,1
appendicitis,106,7,5,entropy,19.208292163435807,14.310078607349102,4.898213556086706,1
backache,180,32,5,entropy,10.971553866687223,10.971553866687223,0.0,1
balance_scale,625,4,5,entropy,64.23543956912431,64.23543956912431,0.0,1
biomed,209,8,5,entropy,31.07119019764147,30.788312291239137,0.2828779064023337,1
breast_cancer,286,9,5,entropy,21.56921762355843,21.56921762355843,0.0,1
bupa,345,5,5,entropy,3.6081106421281675,2.242324043224812,1.3657865989033553,1
calendarDOW,399,32,5,entropy,59.05088999363579,54.820476826556046,4.230413167079746,1
car_evaluation,1728,6,5,entropy,378.82143526934624,378.82143526934624,0.0,1
cars,392,8,5,entropy,92.9587382753017,90.50507655553454,2.4536617197671546,1
chess,3196,36,5,entropy,633.6609470574076,633.6609470574076,0.0,1
churn,5000,20,5,entropy,279.7217475080022,181.8723172687179,97.84943023928429,1
clean1,476,168,5,entropy,355.7546936816206,40.715958634034656,315.03873504758593,1
cloud,108,7,5,entropy,14.106034398931913,10.221959645629482,3.8840747533024302,1
coil2000,9822,85,5,entropy,124.23336074638064,123.858468219516,0.3748925268646417,1
collins,485,23,5,entropy,454.5170213284223,428.07815175845315,26.438869569969143,1
confidence,72,3,5,entropy,71.99999999999996,71.99999999999996,0.0,1
corral,160,6,5,entropy,29.570071549578913,29.570071549578913,0.0,1
dermatology,366,34,5,entropy,299.7371742774229,281.658258756283,18.078915521139947,1
dis,3772,29,5,entropy,42.22313713401462,41.04901799635013,1.1741191376644906,1
dna,3186,180,5,entropy,1222.2524479251888,1222.2524479251888,0.0,1
ecoli,327,7,5,entropy,131.18958726537022,82.6620721830152,48.52751508235502,1
flags,178,43,5,entropy,37.07122204500698,28.998625593472667,8.07259645153431,1
glass2,163,9,5,entropy,16.975384170498216,10.343046611609111,6.632337558889105,1
haberman,306,3,5,entropy,2.829287731702891,1.9241203239599827,0.9051674077429084,1
hayes_roth,160,4,5,entropy,34.635224895000846,34.635224895000846,0.0,1
hepatitis,155,19,5,entropy,20.128622245971343,19.765397291524238,0.3632249544471051,1
hypothyroid,3163,25,5,entropy,97.55786569645079,45.41496577432753,52.14289992212326,1
ionosphere,351,34,5,entropy,111.06925737850034,106.41836196306923,4.650895415431108,1
iris,150,4,5,entropy,131.65077861886346,108.67166614762657,22.97911247123689,1
irish,500,5,5,entropy,257.626259910343,257.626259910343,0.0,1
kr_vs_kp,3196,36,5,entropy,633.6609470574076,633.6609470574076,0.0,1
krkopt,28056,6,5,entropy,4946.924640294987,4809.90331879248,137.0213215025069,1
labor,57,16,5,entropy,17.48781007384743,17.48781007384743,0.0,1
led24,3200,24,5,entropy,1657.1231530015184,1657.1231530015184,0.0,1
led7,3200,7,5,entropy,1566.583137960025,1566.583137960025,0.0,1
letter,20000,16,5,entropy,6775.380272669401,5392.509368428611,1382.87090424079,1
lupus,87,3,5,entropy,14.85808868281147,3.0631460283233025,11.794942654488167,1
lymphography,148,18,5,entropy,30.9630496227935,30.9630496227935,0.0,1
magic,19020,10,5,entropy,1348.8162429673177,1301.1087030529425,47.707539914375275,1
mfeat_factors,2000,216,5,entropy,1081.732235765046,1055.612352753731,26.11988301131487,1
mfeat_fourier,2000,76,5,entropy,1185.2384027205785,989.6657140274247,195.57268869315385,1
mfeat_karhunen,2000,64,5,entropy,1104.2519079544504,1070.0835888704883,34.16831908396216,1
mfeat_morphological,2000,6,5,entropy,1825.8990966415352,1825.8990966415352,0.0,1
mfeat_pixel,2000,240,5,entropy,1169.7119772357196,1165.001717821301,4.710259414418488,1
mfeat_zernike,2000,47,5,entropy,805.8069262684744,781.4876115968495,24.319314671624852,1
mofn_3_7_10,1324,10,5,entropy,84.80529911617992,84.80529911617992,0.0,1
molecular_biology_promoters,106,57,5,entropy,30.68415358940502,30.68415358940502,0.0,1
monk1,556,6,5,entropy,44.76599598016202,44.76599598016202,0.0,1
monk2,601,6,5,entropy,4.068939487914008,4.068939487914008,0.0,1
monk3,554,6,5,entropy,173.1039639186319,43.34825377640891,129.755710142223,1
movement_libras,360,90,5,entropy,192.66454972618965,187.0242850755982,5.640264650591462,1
mushroom,8124,22,5,entropy,1940.3878862786669,1869.7741437027269,70.61374257594002,1
mux6,128,6,5,entropy,5.8324476256044875,5.8324476256044875,0.0,1
new_thyroid,215,5,5,entropy,86.1823964242216,81.76438313569744,4.4180132885241505,1
nursery,12958,8,5,entropy,11899.943973011365,11899.943973011365,0.0,1
optdigits,5620,64,5,entropy,2514.226350057832,2497.3187268745096,16.907623183322357,1
page_blocks,5473,10,5,entropy,685.7870727470254,557.9098783270431,127.87719441998229,1
parity5,32,5,5,entropy,0.0,0.0,0.0,1
parity5+5,1124,10,5,entropy,0.12453008419436173,0.12453008419436173,0.0,1
pendigits,10992,16,5,entropy,5088.266670493054,5027.386420730156,60.88024976289853,1
penguins,333,7,5,entropy,212.21334924495787,211.4597618048,0.7535874401578724,1
phoneme,5404,5,5,entropy,398.849968830842,297.45307956612476,101.39688926471723,1
postoperative_patient_data,88,8,5,entropy,1.5138961394215613,1.5138961394215613,0.0,1
prnn_crabs,200,7,5,entropy,25.79518777254291,19.921116897977726,5.874070874565184,1
prnn_synth,250,2,5,entropy,45.17789690579215,21.256103220497437,23.921793685294716,1
profb,672,9,5,entropy,24.965615713071173,16.61815554466675,8.347460168404425,1
ring,7400,20,5,entropy,498.0810637531986,491.14115008570207,6.939913667496512,1
saheart,462,9,5,entropy,38.849890798644,35.69706466884173,3.152826129802264,1
satimage,6435,36,5,entropy,3559.2009859800564,3292.5998618877866,266.60112409226986,1
schizo,340,14,5,entropy,19.633183974314193,18.936348074456134,0.6968358998580584,1
segmentation,2310,19,5,entropy,1721.4809624567624,1595.6612208553609,125.81974160140157,1
shuttle,58000,9,5,entropy,29206.288837391163,17106.971747029344,12099.31709036182,1
sonar,208,60,5,entropy,22.81073954002865,19.727260185179915,3.083479354848734,1
soybean,675,35,5,entropy,617.277691661891,617.277691661891,0.0,1
spambase,4601,57,5,entropy,378.82959460267034,373.8055804589585,5.024014143711838,1
spect,267,22,5,entropy,29.67056800276334,29.67056800276334,0.0,1
spectf,349,44,5,entropy,41.04166910900824,40.697694921429814,0.343974187578425,1
splice,3188,60,5,entropy,1092.3642309157744,1050.379671740745,41.98455917502952,1
tae,151,5,5,entropy,11.658041607364538,9.364309170673266,2.293732436691272,1
texture,5500,40,5,entropy,3682.2925549860865,3674.785239281471,7.507315704615394,1
threeOf9,512,9,5,entropy,35.025717007951044,35.025717007951044,0.0,1
tic_tac_toe,958,9,5,entropy,60.989656651466134,60.989656651466134,0.0,1
tokyo1,959,44,5,entropy,396.8492996642946,382.52570706250685,14.323592601787766,1
twonorm,7400,20,5,entropy,703.6958587916574,687.0795401321875,16.616318659469925,1
vehicle,846,18,5,entropy,108.25140663051735,101.1212076993109,7.130198931206451,1
vowel,990,13,5,entropy,466.8378998086994,415.64590991952855,51.19198988917083,1
waveform_21,5000,21,5,entropy,1441.3641219324163,1403.4131402703474,37.9509816620689,1
waveform_40,5000,40,5,entropy,1482.3742354264855,1388.2445298502544,94.12970557623112,1
wine_quality_red,1599,11,5,entropy,266.21928110621093,247.7709130758583,18.44836803035264,1
wine_quality_white,4898,11,5,entropy,446.9993842026761,382.540731531064,64.45865267161207,1
wine_recognition,178,13,5,entropy,114.06374875744214,103.55987590177463,10.50387285566751,1
xd6,973,9,5,entropy,30.91933707631489,30.91933707631489,0.0,1
yeast,1479,8,5,entropy,342.6712422981791,191.03400254690507,151.63723975127402,1
GAMETES_Epistasis_2_Way_20atts_0.1H_EDM_1_1,1600,20,6,entropy,2.36282212952176,2.36282212952176,0.0,1
GAMETES_Epistasis_2_Way_20atts_0.4H_EDM_1_1,1600,20,6,entropy,2.076463551705629,2.0018056263047583,0.0746579254008708,1
GAMETES_Epistasis_3_Way_20atts_0.2H_EDM_1_1,1600,20,6,entropy,4.31135023977339,3.801796438957865,0.5095538008155245,1
GAMETES_Heterogeneity_20atts_1600_Het_0.4_0.2_50_EDM_2_001,1600,20,6,entropy,2.0018056263047583,1.7879593798779752,0.21384624642678318,1
GAMETES_Heterogeneity_20atts_1600_Het_0.4_0.2_75_EDM_2_001,1600,20,6,entropy,4.267812099144976,4.267812099144976,0.0,1
Hill_Valley_with_noise,1212,100,6,entropy,4.310478136576705,3.4065960274995746,0.9038821090771307,1
Hill_Valley_without_noise,1212,100,6,entropy,2.906115428202831,2.819931604841841,0.08618382336099017,1
adult,48842,14,6,entropy,3406.759144346197,3370.9648133866617,35.79433095953527,1
agaricus_lepiota,8145,22,6,entropy,2143.801856062444,1863.6940968813756,280.10775918106856,1
allbp,3772,29,6,entropy,230.05075685892598,227.5817919534568,2.4689649054691927,1
allhyper,3771,29,6,entropy,129.32853729349173,68.00275666778674,61.325780625704994,1
allhypo,3770,29,6,entropy,313.6503605048938,227.54046295174362,86.10989755315018,1
allrep,3772,29,6,entropy,388.31733859239114,388.31733859239114,0.0,1
analcatdata_aids,50,4,6,entropy,9.10594128891595,6.543150839022685,2.5627904498932654,1
analcatdata_asbestos,83,3,6,entropy,21.920376198309384,21.097897118985113,0.8224790793242711,1
analcatdata_authorship,841,70,6,entropy,545.8401760781153,520.4532688586689,25.386907219446357,1
analcatdata_bankruptcy,50,6,6,entropy,3.1382243255396958,3.1382243255396958,0.0,1
analcatdata_boxing1,120,3,6,entropy,6.563403119077378,6.105007852016605,0.45839526706077294,1
analcatdata_boxing2,132,3,6,entropy,16.982318186196615,8.404245404819427,8.578072781377188,1
analcatdata_creditscore,100,6,6,entropy,61.57319524472919,22.077091050659725,39.49610419406947,1
analcatdata_cyyoung8092,97,10,6,entropy,18.33958612873825,16.12164614619472,2.2179399825435304,1
analcatdata_cyyoung9302,92,10,6,entropy,17.04879361191604,16.165576837482693,0.8832167744333468,1
analcatdata_dmft,797,4,6,entropy,23.9059853528247,23.9059853528247,0.0,1
analcatdata_fraud,42,11,6,entropy,9.893562767361981,9.893562767361981,0.0,1
analcatdata_germangss,400,5,6,entropy,32.191125961805014,14.273123977831915,17.9180019839731,1
analcatdata_happiness,60,3,6,entropy,12.474785187516172,10.202421538022259,2.2723636494939132,1
analcatdata_japansolvent,52,9,6,entropy,12.092181878749955,9.615973621891769,2.476208256858186,1
analcatdata_lawsuit,264,4,6,entropy,25.97112449178509,11.028279616731993,14.942844875053098,1
ann_thyroid,7200,21,6,entropy,1756.4550936633664,77.77347572012216,1678.6816179432442,1
appendicitis,106,7,6,entropy,19.278744340437434,16.746808573527105,2.5319357669103297,1
backache,180,32,6,entropy,10.971553866687223,10.971553866687223,0.0,1
balance_scale,625,4,6,entropy,64.23543956912431,55.82083241101111,8.4146071581132,1
biomed,209,8,6,entropy,27.68572710730544,21.66633970242117,6.01938740488427,1
breast_cancer,286,9,6,entropy,21.56921762355843,17.980130873533767,3.589086750024663,1
bupa,345,5,6,entropy,10.877527982465537,10.568525199306045,0.30900278315949237,1
calendarDOW,399,32,6,entropy,59.05088999363579,43.66473745303347,15.386152540602325,1
car_evaluation,1728,6,6,entropy,378.82143526934624,378.82143526934624,0.0,1
cars,392,8,6,entropy,86.39095274420174,85.20053256450046,1.1904201797012774,1
chess,3196,36,6,entropy,633.6609470574076,633.6609470574076,0.0,1
churn,5000,20,6,entropy,196.26615827226692,181.8723172687179,14.393841003549028,1
clean1,476,168,6,entropy,369.1536774722629,319.8482297948759,49.30544767738701,1
cloud,108,7,6,entropy,10.221959645629482,5.098012066759395,5.123947578870087,1
coil2000,9822,85,6,entropy,182.81026459512668,182.81026459512668,0.0,1
collins,485,23,6,entropy,454.5170213284223,443.5996148151389,10.917406513283368,1
confidence,72,3,6,entropy,71.99999999999996,66.9941177788579,5.005882221142059,1
corral,160,6,6,entropy,29.570071549578913,29.570071549578913,0.0,1
dermatology,366,34,6,entropy,299.7371742774229,283.4099565298344,16.32721774758852,1
dis,3772,29,6,entropy,10.908463427600793,8.68482746130121,2.2236359662995824,1
dna,3186,180,6,entropy,1222.2524479251888,1222.2524479251888,0.0,1
ecoli,327,7,6,entropy,149.6869016719673,138.35176328576316,11.335138386204136,1
flags,178,43,6,entropy,37.07122204500698,37.07122204500698,0.0,1
glass2,163,9,6,entropy,15.863740199675433,13.821979470495847,2.041760729179586,1
haberman,306,3,6,entropy,4.533227014570656,3.1475940562546043,1.3856329583160516,1
hayes_roth,160,4,6,entropy,34.635224895000846,34.635224895000846,0.0,1
hepatitis,155,19,6,entropy,19.765397291524238,16.89658944879035,2.8688078427338866,1
hypothyroid,3163,25,6,entropy,155.22669744719724,142.54161096132236,12.685086485874876,1
ionosphere,351,34,6,entropy,105.81387105725864,101.56629882521577,4.24757223204287,1
iris,150,4,6,entropy,108.67166614762657,100.3474543381775,8.324211809449068,1
irish,500,5,6,entropy,168.02050790289042,102.78881063316604,65.23169726972438,1
kr_vs_kp,3196,36,6,entropy,633.6609470574076,633.6609470574076,0.0,1
krkopt,28056,6,6,entropy,4946.924640294987,3095.502408661632,1851.4222316333544,1
labor,57,16,6,entropy,17.891626811258025,17.891626811258025,0.0,1
led24,3200,24,6,entropy,1657.1231530015184,1657.1231530015184,0.0,1
led7,3200,7,6,entropy,1566.583137960025,1566.583137960025,0.0,1
letter,20000,16,6,entropy,7934.200447529183,7647.12362065223,287.0768268769534,1
lupus,87,3,6,entropy,11.854804869984676,6.898632035338224,4.956172834646452,1
lymphography,148,18,6,entropy,29.64305720000486,25.705822509319333,3.9372346906855284,1
magic,19020,10,6,entropy,2309.5832063061844,2167.7420823026778,141.8411240035066,1
mfeat_factors,2000,216,6,entropy,1187.2725872070546,1146.2688017384226,41.00378546863203,1
mfeat_fourier,2000,76,6,entropy,1248.3513631552878,969.2289482900605,279.12241486522726,1
mfeat_karhunen,2000,64,6,entropy,897.4569846926088,653.5085213375219,243.94846335508691,1
mfeat_morphological,2000,6,6,entropy,1825.8990966415352,1037.084956743931,788.8141398976043,1
mfeat_pixel,2000,240,6,entropy,1251.0694095878616,1251.0694095878616,0.0,1
mfeat_zernike,2000,47,6,entropy,802.6851455317972,799.1212776326465,3.5638678991506367,1
mofn_3_7_10,1324,10,6,entropy,84.80529911617992,84.80529911617992,0.0,1
molecular_biology_promoters,106,57,6,entropy,30.68415358940502,29.89295450261794,0.7911990867870813,1
monk1,556,6,6,entropy,44.76599598016202,15.961366418992611,28.804629561169406,1
monk2,601,6,6,entropy,4.068939487914008,4.068939487914008,0.0,1
monk3,554,6,6,entropy,174.89996222806104,174.89996222806104,0.0,1
movement_libras,360,90,6,entropy,184.49829331970386,184.36702857500683,0.13126474469703453,1
mushroom,8124,22,6,entropy,2006.1849837184486,1940.3878862786669,65.79709743978174,1
mux6,128,6,6,entropy,5.8324476256044875,5.8324476256044875,0.0,1
new_thyroid,215,5,6,entropy,85.41952917974913,64.56865683589558,20.850872343853553,1
nursery,12958,8,6,entropy,11899.943973011365,3782.5531173215622,8117.390855689802,1
optdigits,5620,64,6,entropy,2514.226350057832,2399.500784611122,114.72556544670988,1
page_blocks,5473,10,6,entropy,685.7870727470254,672.5068130916144,13.280259655410987,1
parity5,32,5,6,entropy,0.0,0.0,0.0,1
parity5+5,1124,10,6,entropy,0.12453008419436173,0.12453008419436173,0.0,1
pendigits,10992,16,6,entropy,5906.631844352364,5781.1016899894785,125.5301543628857,1
penguins,333,7,6,entropy,268.57268233079316,255.74654211047604,12.826140220317114,1
phoneme,5404,5,6,entropy,437.1840116290832,391.68475153803246,45.49926009105076,1
postoperative_patient_data,88,8,6,entropy,1.3801100003617819,1.0852615137815746,0.29484848658020724,1
prnn_crabs,200,7,6,entropy,25.36850013644399,15.062642501041736,10.305857635402255,1
prnn_synth,250,2,6,entropy,70.49197708211457,59.74997089844785,10.742006183666724,1
profb,672,9,6,entropy,3.8691966793524415,3.6280075785638246,0.24118910078861688,1
ring,7400,20,6,entropy,482.2086931422473,403.3055139664302,78.90317917581706,1
saheart,462,9,6,entropy,33.67933401674395,33.62854997634042,0.0507840404035278,1
satimage,6435,36,6,entropy,3258.1092609418965,3257.354613449852,0.7546474920445689,1
schizo,340,14,6,entropy,22.070380569625286,18.68345028834085,3.3869302812844353,1
segmentation,2310,19,6,entropy,1836.9480298252934,1793.2417856089558,43.70624421633761,1
shuttle,58000,9,6,entropy,28729.58429324249,17434.95676520432,11294.62752803817,1
sonar,208,60,6,entropy,27.603554427184093,27.4446130044725,0.1589414227115924,1
soybean,675,35,6,entropy,617.277691661891,617.277691661891,0.0,1
spambase,4601,57,6,entropy,310.1680393035964,229.61703017226353,80.55100913133288,1
spect,267,22,6,entropy,29.67056800276334,29.67056800276334,0.0,1
spectf,349,44,6,entropy,41.04166910900824,40.070114079368125,0.9715550296401148,1
splice,3188,60,6,entropy,1092.3642309157744,1043.4234613533022,48.94076956247227,1
tae,151,5,6,entropy,12.453896184854116,9.364309170673266,3.08958701418085,1
texture,5500,40,6,entropy,3959.503330176647,3957.3638268843224,2.1395032923246617,1
threeOf9,512,9,6,entropy,35.025717007951044,35.025717007951044,0.0,1
tic_tac_toe,958,9,6,entropy,60.989656651466134,60.989656651466134,0.0,1
tokyo1,959,44,6,entropy,288.88636900553126,274.9695613752015,13.916807630329743,1
twonorm,7400,20,6,entropy,694.902522252256,665.7171278514788,29.185394400777113,1
vehicle,846,18,6,entropy,183.52168607584963,182.84464601740797,0.677040058441662,1
vowel,990,13,6,entropy,450.6004900134533,350.53637739975295,100.06411261370033,1
waveform_21,5000,21,6,entropy,1185.9286396427424,1173.5673018149723,12.361337827770058,1
waveform_40,5000,40,6,entropy,1475.0393176788707,1337.4497940606038,137.58952361826687,1
wine_quality_red,1599,11,6,entropy,256.13567401700675,249.51756484183284,6.618109175173913,1
wine_quality_white,4898,11,6,entropy,546.7906875446124,469.3989182917667,77.39176925284573,1
wine_recognition,178,13,6,entropy,110.5738564004188,109.1760416837857,1.397814716633107,1
xd6,973,9,6,entropy,30.91933707631489,30.91933707631489,0.0,1
yeast,1479,8,6,entropy,379.2732401732343,236.09736450910782,143.17587566412647,1
GAMETES_Epistasis_2_Way_20atts_0.1H_EDM_1_1,1600,20,7,entropy,2.36282212952176,2.36282212952176,0.0,1
GAMETES_Epistasis_2_Way_20atts_0.4H_EDM_1_1,1600,20,7,entropy,2.076463551705629,2.076463551705629,0.0,1
GAMETES_Epistasis_3_Way_20atts_0.2H_EDM_1_1,1600,20,7,entropy,4.31135023977339,4.31135023977339,0.0,1
GAMETES_Heterogeneity_20atts_1600_Het_0.4_0.2_50_EDM_2_001,1600,20,7,entropy,3.49328133430231,3.49328133430231,0.0,1
GAMETES_Heterogeneity_20atts_1600_Het_0.4_0.2_75_EDM_2_001,1600,20,7,entropy,4.267812099144976,4.267812099144976,0.0,1
Hill_Valley_with_noise,1212,100,7,entropy,4.99908020150815,4.933129509477965,0.06595069203018511,1
Hill_Valley_without_noise,1212,100,7,entropy,3.0219000320037708,2.6341163733850905,0.38778365861868025,1
adult,48842,14,7,entropy,2498.998782792947,2327.784075011851,171.21470778109597,1
agaricus_lepiota,8145,22,7,entropy,2194.987418911176,1863.6940968813756,331.2933220298005,1
allbp,3772,29,7,entropy,132.02100878508622,104.08427014057911,27.936738644507116,1
allhyper,3771,29,7,entropy,155.8872667005066,68.00275666778674,87.88451003271985,1
allhypo,3770,29,7,entropy,142.85749917977864,128.1682599013634,14.689239278415243,1
allrep,3772,29,7,entropy,388.31733859239114,388.31733859239114,0.0,1
analcatdata_aids,50,4,7,entropy,6.4720202859204425,1.5446924474316681,4.927327838488774,1
analcatdata_asbestos,83,3,7,entropy,21.920376198309384,21.920376198309384,0.0,1
analcatdata_authorship,841,70,7,entropy,547.6707883283118,545.8401760781153,1.8306122501965092,1
analcatdata_bankruptcy,50,6,7,entropy,3.1382243255396958,3.1382243255396958,0.0,1
analcatdata_boxing1,120,3,7,entropy,6.563403119077378,6.563403119077378,0.0,1
analcatdata_boxing2,132,3,7,entropy,6.428112847934472,1.3032215639685631,5.124891283965908,1
analcatdata_creditscore,100,6,7,entropy,43.19904172704101,37.90131204812951,5.297729678911502,1
analcatdata_cyyoung8092,97,10,7,entropy,18.33958612873825,11.027613326104074,7.311972802634177,1
analcatdata_cyyoung9302,92,10,7,entropy,14.442721570402647,14.26578499440308,0.1769365759995658,1
analcatdata_dmft,797,4,7,entropy,23.9059853528247,23.9059853528247,0.0,1
analcatdata_fraud,42,11,7,entropy,9.893562767361981,9.893562767361981,0.0,1
analcatdata_germangss,400,5,7,entropy,75.91850678984775,69.8190168051874,6.099489984660352,1
analcatdata_happiness,60,3,7,entropy,4.246313516620944,2.61570357071615,1.6306099459047942,1
analcatdata_japansolvent,52,9,7,entropy,15.453237498808116,15.283446941610492,0.16979055719762393,1
analcatdata_lawsuit,264,4,7,entropy,29.00086683770266,20.15153780784928,8.84932902985338,1
ann_thyroid,7200,21,7,entropy,182.71101053613984,167.25871694293573,15.452293593204104,1
appendicitis,106,7,7,entropy,20.93261931925906,19.04391579300561,1.888703526253451,1
backache,180,32,7,entropy,10.971553866687223,10.971553866687223,0.0,1
balance_scale,625,4,7,entropy,64.23543956912431,55.82083241101111,8.4146071581132,1
biomed,209,8,7,entropy,26.699212715348537,7.197248665042281,19.501964050306256,1
breast_cancer,286,9,7,entropy,17.980130873533767,16.16037869504052,1.8197521784932462,1
bupa,345,5,7,entropy,13.416946509564434,11.868914707941457,1.5480318016229777,1
calendarDOW,399,32,7,entropy,64.90923577034778,64.10333246083265,0.8059033095151307,1
car_evaluation,1728,6,7,entropy,378.82143526934624,378.82143526934624,0.0,1
cars,392,8,7,entropy,118.35838440630957,105.68938160456176,12.669002801747808,1
chess,3196,36,7,entropy,633.6609470574076,633.6609470574076,0.0,1
churn,5000,20,7,entropy,260.72589139400793,181.8723172687179,78.85357412529004,1
clean1,476,168,7,entropy,470.1580796044889,441.5579509896331,28.60012861485575,1
cloud,108,7,7,entropy,11.824162372772298,11.367662419163096,0.45649995360920137,1
coil2000,9822,85,7,entropy,124.23336074638064,123.858468219516,0.3748925268646417,1
collins,485,23,7,entropy,450.1859779809748,447.571687102183,2.6142908787918486,1
confidence,72,3,7,entropy,61.90357013588022,56.13402594530943,5.769544190570791,1
corral,160,6,7,entropy,29.570071549578913,29.570071549578913,0.0,1
dermatology,366,34,7,entropy,299.7371742774229,281.658258756283,18.078915521139947,1
dis,3772,29,7,entropy,17.03634312346898,12.980633761511257,4.0557093619577245,1
dna,3186,180,7,entropy,1222.2524479251888,1222.2524479251888,0.0,1
ecoli,327,7,7,entropy,151.18535603053277,149.09871428842106,2.086641742111709,1
flags,178,43,7,entropy,37.07122204500698,28.998625593472667,8.07259645153431,1
glass2,163,9,7,entropy,6.480562776296408,2.22212979804209,4.258432978254318,1
haberman,306,3,7,entropy,21.447355803547296,19.547656328987273,1.8996994745600233,1
hayes_roth,160,4,7,entropy,34.635224895000846,34.635224895000846,0.0,1
hepatitis,155,19,7,entropy,19.765397291524238,16.070153008852117,3.695244282672121,1
hypothyroid,3163,25,7,entropy,183.48709010512266,79.98851046004404,103.49857964507862,1
ionosphere,351,34,7,entropy,105.81387105725864,103.11782229005377,2.6960487672048714,1
iris,150,4,7,entropy,74.3647378577587,24.35234772752301,50.01239013023569,1
irish,500,5,7,entropy,83.6008126105624,73.48982572200651,10.110986888555885,1
kr_vs_kp,3196,36,7,entropy,633.6609470574076,633.6609470574076,0.0,1
krkopt,28056,6,7,entropy,5186.411437391187,4946.924640294987,239.48679709620046,1
labor,57,16,7,entropy,17.891626811258025,17.891626811258025,0.0,1
led24,3200,24,7,entropy,1657.1231530015184,1657.1231530015184,0.0,1
led7,3200,7,7,entropy,1566.583137960025,1566.583137960025,0.0,1
letter,20000,16,7,entropy,6775.380272669401,4808.943831053824,1966.4364416155768,1
lupus,87,3,7,entropy,12.876071090701057,4.056515032349665,8.819556058351392,1
lymphography,148,18,7,entropy,30.9630496227935,25.705822509319333,5.2572271134741655,1
magic,19020,10,7,entropy,1425.7480329192636,1096.093147124684,329.6548857945795,1
mfeat_factors,2000,216,7,entropy,1187.2725872070546,1115.704282038053,71.56830516900163,1
mfeat_fourier,2000,76,7,entropy,1252.6794777161076,870.6655274466339,382.01395026947375,1
mfeat_karhunen,2000,64,7,entropy,714.1484888424939,610.1986927451346,103.94979609735924,1
mfeat_morphological,2000,6,7,entropy,1825.8990966415352,1337.7205438031679,488.1785528383673,1
mfeat_pixel,2000,240,7,entropy,1251.0694095878616,1203.7236877108012,47.34572187706044,1
mfeat_zernike,2000,47,7,entropy,975.8903866388123,974.7185853145879,1.1718013242243615,1
mofn_3_7_10,1324,10,7,entropy,84.80529911617992,84.80529911617992,0.0,1
molecular_biology_promoters,106,57,7,entropy,29.89295450261794,20.940248784244403,8.952705718373537,1
monk1,556,6,7,entropy,15.961366418992611,14.210344184305,1.7510222346876105,1
monk2,601,6,7,entropy,4.068939487914008,4.068939487914008,0.0,1
monk3,554,6,7,entropy,174.89996222806104,173.1039639186319,1.7959983094291374,1
movement_libras,360,90,7,entropy,189.82545892472137,186.8577886589668,2.9676702657545775,1
mushroom,8124,22,7,entropy,2006.1849837184486,1869.7741437027269,136.41084001572176,1
mux6,128,6,7,entropy,5.8324476256044875,5.8324476256044875,0.0,1
new_thyroid,215,5,7,entropy,57.85342762207935,53.50875065985916,4.344676962220191,1
nursery,12958,8,7,entropy,11899.943973011365,3782.5531173215622,8117.390855689802,1
optdigits,5620,64,7,entropy,2852.658061534201,2767.2500717954954,85.40798973870551,1
page_blocks,5473,10,7,entropy,382.3678421861663,336.6437911161786,45.724051069987695,1
parity5,32,5,7,entropy,0.0,0.0,0.0,1
parity5+5,1124,10,7,entropy,0.12453008419436173,0.12453008419436173,0.0,1
pendigits,10992,16,7,entropy,6661.255112866091,5954.360194545457,706.8949183206341,1
penguins,333,7,7,entropy,203.98183845630643,63.201713707509725,140.7801247487967,1
phoneme,5404,5,7,entropy,285.703088910598,183.13625558347303,102.56683332712498,1
postoperative_patient_data,88,8,7,entropy,1.3801100003617819,0.9313847796880026,0.4487252206737793,1
prnn_crabs,200,7,7,entropy,18.867066715155424,11.372493979223407,7.494572735932017,1
prnn_synth,250,2,7,entropy,1.4074031055937155,1.002896985781291,0.40450611981242446,1
profb,672,9,7,entropy,30.879561781611926,19.91794920763249,10.961612573979437,1
ring,7400,20,7,entropy,343.3790595117025,242.92315987825168,100.45589963345083,1
saheart,462,9,7,entropy,33.4620542538936,30.61319651873424,2.8488577351593563,1
satimage,6435,36,7,entropy,2986.089288536388,2974.916500506146,11.172788030241918,1
schizo,340,14,7,entropy,13.603564752535135,11.764312055290532,1.8392526972446035,1
segmentation,2310,19,7,entropy,1865.4047605932922,1359.5397038084604,505.8650567848317,1
shuttle,58000,9,7,entropy,15913.53792654962,3561.8838071534556,12351.654119396164,1
sonar,208,60,7,entropy,23.291804318318484,16.15018717110082,7.141617147217662,1
soybean,675,35,7,entropy,617.277691661891,506.01657673534123,111.2611149265498,1
spambase,4601,57,7,entropy,887.742596886826,602.7678568858735,284.9747400009526,1
spect,267,22,7,entropy,29.67056800276334,29.67056800276334,0.0,1
spectf,349,44,7,entropy,41.04166910900824,39.355591088558754,1.6860780204494858,1
splice,3188,60,7,entropy,1092.3642309157744,1043.4234613533022,48.94076956247227,1
tae,151,5,7,entropy,12.453896184854116,9.364309170673266,3.08958701418085,1
texture,5500,40,7,entropy,3607.0222357525618,3606.273303783997,0.7489319685646478,1
threeOf9,512,9,7,entropy,35.025717007951044,35.025717007951044,0.0,1
tic_tac_toe,958,9,7,entropy,60.989656651466134,60.989656651466134,0.0,1
tokyo1,959,44,7,entropy,394.95850092609123,374.8884240072688,20.07007691882245,1
twonorm,7400,20,7,entropy,714.8850221210637,710.1128895104175,4.7721326106461674,1
vehicle,846,18,7,entropy,180.85194505759466,144.43702029121755,36.41492476637711,1
vowel,990,13,7,entropy,433.70312275852893,182.9440086832069,250.75911407532203,1
waveform_21,5000,21,7,entropy,1332.7988385993067,1230.1551909803597,102.64364761894694,1
waveform_40,5000,40,7,entropy,1318.7653154807404,1242.4732200648086,76.29209541593173,1
wine_quality_red,1599,11,7,entropy,116.75156084296827,116.49762685342455,0.25393398954372515,1
wine_quality_white,4898,11,7,entropy,54.628323379578546,43.9878228040061,10.640500575572446,1
wine_recognition,178,13,7,entropy,93.70624293105607,91.26222706729214,2.444015863763923,1
xd6,973,9,7,entropy,30.91933707631489,30.91933707631489,0.0,1
yeast,1479,8,7,entropy,198.02157203488605,116.83761550316376,81.18395653172229,1
GAMETES_Epistasis_2_Way_20atts_0.1H_EDM_1_1,1600,20,8,entropy,2.36282212952176,1.509505847017806,0.853316282503954,1
GAMETES_Epistasis_2_Way_20atts_0.4H_EDM_1_1,1600,20,8,entropy,2.076463551705629,2.076463551705629,0.0,1
GAMETES_Epistasis_3_Way_20atts_0.2H_EDM_1_1,1600,20,8,entropy,4.31135023977339,4.31135023977339,0.0,1
GAMETES_Heterogeneity_20atts_1600_Het_0.4_0.2_50_EDM_2_001,1600,20,8,entropy,3.49328133430231,3.49328133430231,0.0,1
GAMETES_Heterogeneity_20atts_1600_Het_0.4_0.2_75_EDM_2_001,1600,20,8,entropy,4.267812099144976,1.3978384134208568,2.869973685724119,1
Hill_Valley_with_noise,1212,100,8,entropy,4.7600581619678906,4.1777842129959595,0.5822739489719311,1
Hill_Valley_without_noise,1212,100,8,entropy,3.2261653619597723,3.0219000320037708,0.20426532995600155,1
adult,48842,14,8,entropy,3590.144354433891,3425.084627650579,165.05972678331182,1
agaricus_lepiota,8145,22,8,entropy,2194.987418911176,2143.801856062444,51.185562848731934,1
allbp,3772,29,8,entropy,132.02100878508622,104.08427014057911,27.936738644507116,1
allhyper,3771,29,8,entropy,119.0573738725312,68.00275666778674,51.05461720474446,1
allhypo,3770,29,8,entropy,122.12824365071924,89.07572013815798,33.052523512561265,1
allrep,3772,29,8,entropy,388.31733859239114,388.31733859239114,0.0,1
analcatdata_aids,50,4,8,entropy,9.10594128891595,6.4720202859204425,2.633921002995508,1
analcatdata_asbestos,83,3,8,entropy,21.920376198309384,21.920376198309384,0.0,1
analcatdata_authorship,841,70,8,entropy,432.4923901455039,426.171171717736,6.321218427767917,1
analcatdata_bankruptcy,50,6,8,entropy,7.8256703181395295,4.390195620330495,3.4354746978090347,1
analcatdata_boxing1,120,3,8,entropy,13.942777141693583,5.030596717051061,8.912180424642521,1
analcatdata_boxing2,132,3,8,entropy,7.779585739478715,3.3147877657837626,4.464797973694952,1
analcatdata_creditscore,100,6,8,entropy,14.755083359612541,8.403793353244502,6.351290006368039,1
analcatdata_cyyoung8092,97,10,8,entropy,18.33958612873825,11.789968957648718,6.549617171089533,1
analcatdata_cyyoung9302,92,10,8,entropy,14.26578499440308,14.265784994403084,-3.552713678800501e-15,1
analcatdata_dmft,797,4,8,entropy,15.79340120593406,14.938549553656912,0.8548516522771479,1
analcatdata_fraud,42,11,8,entropy,9.893562767361981,9.893562767361981,0.0,1
analcatdata_germangss,400,5,8,entropy,76.25270646292284,54.04585788213987,22.206848580782975,1
analcatdata_happiness,60,3,8,entropy,12.58805495133481,12.474785187516172,0.11326976381863751,1
analcatdata_japansolvent,52,9,8,entropy,20.81149006453633,11.050439329470969,9.76105073506536,1
analcatdata_lawsuit,264,4,8,entropy,37.71898764231594,11.028279616731993,26.690708025583945,1
ann_thyroid,7200,21,8,entropy,1622.3281494532257,798.6765041317439,823.6516453214819,1
appendicitis,106,7,8,entropy,22.103644668856703,20.992234430137184,1.1114102387195182,1
backache,180,32,8,entropy,10.971553866687223,10.971553866687223,0.0,1
balance_scale,625,4,8,entropy,64.23543956912431,64.23543956912431,0.0,1
biomed,209,8,8,entropy,32.8057204026741,31.63395247184234,1.1717679308317592,1
breast_cancer,286,9,8,entropy,17.980130873533767,16.16037869504052,1.8197521784932462,1
bupa,345,5,8,entropy,8.910789296256283,6.636190909022531,2.274598387233752,1
calendarDOW,399,32,8,entropy,59.05088999363579,46.09538680873675,12.955503184899044,1
car_evaluation,1728,6,8,entropy,378.82143526934624,378.82143526934624,0.0,1
cars,392,8,8,entropy,170.06655680251114,169.04186091037116,1.024695892139988,1
chess,3196,36,8,entropy,633.6609470574076,633.6609470574076,0.0,1
churn,5000,20,8,entropy,188.49801181882646,181.8723172687179,6.6256945501085625,1
clean1,476,168,8,entropy,325.8698819794712,244.7153893098374,81.15449266963378,1
cloud,108,7,8,entropy,12.507344590900892,10.221959645629482,2.28538494527141,1
coil2000,9822,85,8,entropy,124.23336074638064,123.858468219516,0.3748925268646417,1
collins,485,23,8,entropy,417.90323587280386,372.22478708152835,45.678448791275514,1
confidence,72,3,8,entropy,71.99999999999996,71.99999999999996,0.0,1
corral,160,6,8,entropy,29.570071549578913,29.570071549578913,0.0,1
dermatology,366,34,8,entropy,299.7371742774229,299.7371742774229,0.0,1
dis,3772,29,8,entropy,17.87339364621542,17.413006956193698,0.4603866900217213,1
dna,3186,180,8,entropy,1222.2524479251888,1222.2524479251888,0.0,1
ecoli,327,7,8,entropy,81.25447753895115,65.73827243236607,15.516205106585076,1
flags,178,43,8,entropy,37.07122204500698,37.07122204500698,0.0,1
glass2,163,9,8,entropy,14.36091832284555,10.439426178543982,3.921492144301567,1
haberman,306,3,8,entropy,14.532962348965945,6.7323012899469425,7.800661059019003,1
hayes_roth,160,4,8,entropy,34.635224895000846,34.635224895000846,0.0,1
hepatitis,155,19,8,entropy,20.128622245971343,19.765397291524238,0.3632249544471051,1
hypothyroid,3163,25,8,entropy,127.72057737964849,62.50029308030978,65.22028429933872,1
ionosphere,351,34,8,entropy,99.46710210171383,66.8889826463365,32.57811945537733,1
iris,150,4,8,entropy,137.74437510817344,137.74437510817344,0.0,1
irish,500,5,8,entropy,257.626259910343,83.6008126105624,174.02544729978058,1
kr_vs_kp,3196,36,8,entropy,633.6609470574076,633.6609470574076,0.0,1
krkopt,28056,6,8,entropy,5186.411437391187,4973.350022359504,213.06141503168328,1
labor,57,16,8,entropy,17.891626811258025,17.891626811258025,0.0,1
led24,3200,24,8,entropy,1657.1231530015184,1657.1231530015184,0.0,1
led7,3200,7,8,entropy,1566.583137960025,1566.583137960025,0.0,1
letter,20000,16,8,entropy,6768.818977179002,5622.944017162437,1145.8749600165647,1
lupus,87,3,8,entropy,14.588313202428736,4.056515032349665,10.531798170079071,1
lymphography,148,18,8,entropy,29.64305720000486,25.705822509319333,3.9372346906855284,1
magic,19020,10,8,entropy,2660.3953096780388,2650.9371158098975,9.45819386814128,1
mfeat_factors,2000,216,8,entropy,1047.1079459339362,1043.5497896101351,3.558156323801086,1
mfeat_fourier,2000,76,8,entropy,1195.2035469108168,1062.7849303290932,132.41861658172365,1
mfeat_karhunen,2000,64,8,entropy,990.9690558614343,657.4444536794947,333.5246021819396,1
mfeat_morphological,2000,6,8,entropy,1825.8990966415352,1825.8990966415352,0.0,1
mfeat_pixel,2000,240,8,entropy,1251.0694095878616,1251.0694095878616,0.0,1
mfeat_zernike,2000,47,8,entropy,985.734639538684,848.1160343063434,137.61860523234054,1
mofn_3_7_10,1324,10,8,entropy,84.80529911617992,84.80529911617992,0.0,1
molecular_biology_promoters,106,57,8,entropy,30.68415358940502,29.89295450261794,0.7911990867870813,1
monk1,556,6,8,entropy,44.76599598016202,15.961366418992611,28.804629561169406,1
monk2,601,6,8,entropy,4.068939487914008,2.7603305448401443,1.3086089430738639,1
monk3,554,6,8,entropy,174.89996222806104,174.89996222806104,0.0,1
movement_libras,360,90,8,entropy,191.72759327511852,187.62205062481019,4.105542650308337,1
mushroom,8124,22,8,entropy,3219.388009577778,3219.388009577778,0.0,1
mux6,128,6,8,entropy,5.8324476256044875,5.8324476256044875,0.0,1
new_thyroid,215,5,8,entropy,81.4624124229197,76.67619679425228,4.786215628667421,1
nursery,12958,8,8,entropy,11899.943973011365,3782.5531173215622,8117.390855689802,1
optdigits,5620,64,8,entropy,2824.822321263455,2766.760412775576,58.06190848787901,1
page_blocks,5473,10,8,entropy,430.72729630274375,383.0215007014582,47.70579560128556,1
parity5,32,5,8,entropy,0.0,0.0,0.0,1
parity5+5,1124,10,8,entropy,0.12453008419436173,0.12453008419436173,0.0,1
pendigits,10992,16,8,entropy,5716.244289009308,5310.061518888042,406.182770121266,1
penguins,333,7,8,entropy,224.7088661228652,221.84295143555806,2.8659146873071393,1
phoneme,5404,5,8,entropy,317.3792068626484,144.24940993682685,173.12979692582155,1
postoperative_patient_data,88,8,8,entropy,1.3801100003617819,0.9313847796880026,0.4487252206737793,1
prnn_crabs,200,7,8,entropy,12.552897302158783,10.35911407142271,2.1937832307360736,1
prnn_synth,250,2,8,entropy,21.256103220497437,10.300648495319535,10.955454725177901,1
profb,672,9,8,entropy,28.724905314390412,25.26450439008579,3.460400924304622,1
ring,7400,20,8,entropy,384.93045034462284,364.13698396639575,20.793466378227095,1
saheart,462,9,8,entropy,33.4620542538936,29.39826057684337,4.063793677050228,1
satimage,6435,36,8,entropy,3559.2009859800564,3390.7049912078573,168.49599477219908,1
schizo,340,14,8,entropy,19.633183974314193,18.666922505673313,0.9662614686408801,1
segmentation,2310,19,8,entropy,1780.5906832736646,1738.6324933684175,41.95818990524708,1
shuttle,58000,9,8,entropy,5315.326737382733,67.92138873262593,5247.405348650107,1
sonar,208,60,8,entropy,27.26295309153886,24.05024243197974,3.2127106595591215,1
soybean,675,35,8,entropy,617.277691661891,617.277691661891,0.0,1
spambase,4601,57,8,entropy,169.34313945426675,150.35626371077956,18.98687574348719,1
spect,267,22,8,entropy,29.67056800276334,29.67056800276334,0.0,1
spectf,349,44,8,entropy,49.44865426476818,43.249832952021876,6.198821312746304,1
splice,3188,60,8,entropy,580.7991210832718,557.4315395007097,23.367581582562025,1
tae,151,5,8,entropy,12.453896184854116,9.364309170673266,3.08958701418085,1
texture,5500,40,8,entropy,4016.8774443421344,4016.0999897545244,0.7774545876100092,1
threeOf9,512,9,8,entropy,35.025717007951044,35.025717007951044,0.0,1
tic_tac_toe,958,9,8,entropy,6.510741179340016,6.510741179340016,0.0,1
tokyo1,959,44,8,entropy,381.8586343194635,310.9200881870235,70.93854613243997,1
twonorm,7400,20,8,entropy,672.0597827432503,600.8901772006634,71.16960554258685,1
vehicle,846,18,8,entropy,219.0812220285311,202.3526432938785,16.728578734652615,1
vowel,990,13,8,entropy,343.3859466384871,149.96279924269493,193.42314739579217,1
waveform_21,5000,21,8,entropy,1139.0941667549105,1132.4145367005588,6.679630054351719,1
waveform_40,5000,40,8,entropy,1328.7222290996933,1306.7184795828634,22.003749516829885,1
wine_quality_red,1599,11,8,entropy,247.7709130758583,156.90609399065124,90.86481908520705,1
wine_quality_white,4898,11,8,entropy,97.76395981651956,87.92768096994973,9.836278846569826,1
wine_recognition,178,13,8,entropy,110.91339557251986,109.259701675898,1.65369389662186,1
xd6,973,9,8,entropy,30.91933707631489,30.91933707631489,0.0,1
yeast,1479,8,8,entropy,324.07193000461393,204.10921132281828,119.96271868179565,1
GAMETES_Epistasis_2_Way_20atts_0.1H_EDM_1_1,1600,20,9,entropy,2.36282212952176,1.3353752439060145,1.0274468856157455,1
GAMETES_Epistasis_2_Way_20atts_0.4H_EDM_1_1,1600,20,9,entropy,2.076463551705629,2.076463551705629,0.0,1
GAMETES_Epistasis_3_Way_20atts_0.2H_EDM_1_1,1600,20,9,entropy,3.4830558369998244,3.271521209993921,0.21153462700590353,1
GAMETES_Heterogeneity_20atts_1600_Het_0.4_0.2_50_EDM_2_001,1600,20,9,entropy,3.49328133430231,3.49328133430231,0.0,1
GAMETES_Heterogeneity_20atts_1600_Het_0.4_0.2_75_EDM_2_001,1600,20,9,entropy,4.267812099144976,2.1334942734120608,2.134317825732915,1
Hill_Valley_with_noise,1212,100,9,entropy,4.989196031101756,4.8522072468038004,0.13698878429795514,1
Hill_Valley_without_noise,1212,100,9,entropy,2.2703724193381163,2.1325216490804735,0.1378507702576428,1
adult,48842,14,9,entropy,5775.48835026041,5429.800462442147,345.6878878182624,1
agaricus_lepiota,8145,22,9,entropy,2194.987418911176,1863.6940968813756,331.2933220298005,1
allbp,3772,29,9,entropy,119.83933746397781,104.08427014057911,15.755067323398706,1
allhyper,3771,29,9,entropy,140.31810511777002,68.00275666778674,72.31534844998328,1
allhypo,3770,29,9,entropy,96.84242051514366,96.5512382373231,0.2911822778205533,1
allrep,3772,29,9,entropy,388.31733859239114,388.31733859239114,0.0,1
analcatdata_aids,50,4,9,entropy,4.798830865271025,3.1382243255396958,1.6606065397313294,1
analcatdata_asbestos,83,3,9,entropy,21.920376198309384,21.097897118985113,0.8224790793242711,1
analcatdata_authorship,841,70,9,entropy,434.22465528159717,432.4923901455039,1.7322651360932468,1
analcatdata_bankruptcy,50,6,9,entropy,18.4673182926019,16.36618022475085,2.10113806785105,1
analcatdata_boxing1,120,3,9,entropy,6.563403119077378,5.030596717051061,1.532806402026317,1
analcatdata_boxing2,132,3,9,entropy,28.17085354987229,28.17085354987229,0.0,1
analcatdata_creditscore,100,6,9,entropy,2.349930653081806,2.2916212754048466,0.05830937767695943,1
analcatdata_cyyoung8092,97,10,9,entropy,12.483980463252127,10.631272456829592,1.8527080064225352,1
analcatdata_cyyoung9302,92,10,9,entropy,14.26578499440308,13.648025373434699,0.617759620968382,1
analcatdata_dmft,797,4,9,entropy,23.9059853528247,23.9059853528247,0.0,1
analcatdata_fraud,42,11,9,entropy,9.893562767361981,9.893562767361981,0.0,1
analcatdata_germangss,400,5,9,entropy,61.94659147415453,8.08803545012313,53.8585560240314,1
analcatdata_happiness,60,3,9,entropy,8.485598419525147,4.987011332629365,3.498587086895782,1
analcatdata_japansolvent,52,9,9,entropy,15.62986854004399,12.381270595581704,3.2485979444622863,1
analcatdata_lawsuit,264,4,9,entropy,44.09574694995215,24.139187714313966,19.956559235638185,1
ann_thyroid,7200,21,9,entropy,234.90212767300454,189.98436760383052,44.91776006917402,1
appendicitis,106,7,9,entropy,19.278744340437434,12.637376928171733,6.641367412265701,1
backache,180,32,9,entropy,10.971553866687223,10.971553866687223,0.0,1
balance_scale,625,4,9,entropy,55.820832411011,52.42666268010197,3.3941697309090273,1
biomed,209,8,9,entropy,36.70150213556008,36.188275925025984,0.5132262105340928,1
breast_cancer,286,9,9,entropy,16.16037869504052,14.689375830870809,1.4710028641697122,1
bupa,345,5,9,entropy,8.059039913071132,4.539754094177113,3.5192858188940193,1
calendarDOW,399,32,9,entropy,64.90923577034778,54.820476826556046,10.088758943791731,1
car_evaluation,1728,6,9,entropy,378.82143526934624,196.62535474129868,182.19608052804756,1
cars,392,8,9,entropy,155.37637494296303,128.55628426110698,26.820090681856044,1
chess,3196,36,9,entropy,633.6609470574076,633.6609470574076,0.0,1
churn,5000,20,9,entropy,253.8879345878742,240.70263593647525,13.185298651398966,1
clean1,476,168,9,entropy,470.1580796044889,235.04845889749046,235.1096207069984,1
cloud,108,7,9,entropy,7.288057364593925,2.149778337297036,5.138279027296889,1
coil2000,9822,85,9,entropy,182.81026459512668,182.81026459512668,0.0,1
collins,485,23,9,entropy,367.61701546736253,365.5519439604243,2.0650715069382386,1
confidence,72,3,9,entropy,59.23645721269804,36.286872592239774,22.949584620458268,1
corral,160,6,9,entropy,29.570071549578913,29.570071549578913,0.0,1
dermatology,366,34,9,entropy,299.7371742774229,283.4099565298344,16.32721774758852,1
dis,3772,29,9,entropy,14.819256338418683,14.1852044243265,0.6340519140921828,1
dna,3186,180,9,entropy,1222.2524479251888,1222.2524479251888,0.0,1
ecoli,327,7,9,entropy,214.25188429953758,206.77571604485513,7.476168254682449,1
flags,178,43,9,entropy,37.07122204500698,37.07122204500698,0.0,1
glass2,163,9,9,entropy,15.863740199675433,14.937186893609578,0.9265533060658555,1
haberman,306,3,9,entropy,0.4684065617250468,0.3638476515057789,0.10455891021926789,1
hayes_roth,160,4,9,entropy,34.635224895000846,34.635224895000846,0.0,1
hepatitis,155,19,9,entropy,20.128622245971343,19.765397291524238,0.3632249544471051,1
hypothyroid,3163,25,9,entropy,93.38554704743399,79.23669609584425,14.148850951589736,1
ionosphere,351,34,9,entropy,83.22691632324486,62.33666731608395,20.890249007160918,1
iris,150,4,9,entropy,123.54260920455334,100.00000000000001,23.54260920455333,1
irish,500,5,9,entropy,257.626259910343,102.78881063316604,154.83744927717694,1
kr_vs_kp,3196,36,9,entropy,633.6609470574076,633.6609470574076,0.0,1
krkopt,28056,6,9,entropy,6401.636703902172,5186.411437391187,1215.2252665109845,1
labor,57,16,9,entropy,14.23328848597933,13.692210089125496,0.541078396853834,1
led24,3200,24,9,entropy,1657.1231530015184,1657.1231530015184,0.0,1
led7,3200,7,9,entropy,1566.583137960025,1566.583137960025,0.0,1
letter,20000,16,9,entropy,7441.046824799025,6974.8876909801365,466.1591338188882,1
lupus,87,3,9,entropy,14.140119331728135,11.075410801948944,3.0647085297791907,1
lymphography,148,18,9,entropy,30.9630496227935,25.705822509319333,5.2572271134741655,1
magic,19020,10,9,entropy,2672.407544452206,2670.44628294597,1.961261506236042,1
mfeat_factors,2000,216,9,entropy,1086.883542444666,1069.8621999363718,17.02134250829431,1
mfeat_fourier,2000,76,9,entropy,1100.5177394573875,976.9413504713011,123.57638898608639,1
mfeat_karhunen,2000,64,9,entropy,1112.4884107813832,912.6334573250133,199.8549534563699,1
mfeat_morphological,2000,6,9,entropy,1825.8990966415352,863.9137673225687,961.9853293189665,1
mfeat_pixel,2000,240,9,entropy,1189.0626846171617,1169.7119772357196,19.350707381442135,1
mfeat_zernike,2000,47,9,entropy,803.2529681789215,672.2590312023349,130.9939369765866,1
mofn_3_7_10,1324,10,9,entropy,84.80529911617992,84.80529911617992,0.0,1
molecular_biology_promoters,106,57,9,entropy,30.68415358940502,30.68415358940502,0.0,1
monk1,556,6,9,entropy,44.76599598016202,44.76599598016202,0.0,1
monk2,601,6,9,entropy,2.3752021309807674,1.4074173810773516,0.9677847499034158,1
monk3,554,6,9,entropy,173.1039639186319,43.34825377640891,129.755710142223,1
movement_libras,360,90,9,entropy,190.79219092971022,185.58945260750284,5.202738322207381,1
mushroom,8124,22,9,entropy,2006.1849837184486,1940.3878862786669,65.79709743978174,1
mux6,128,6,9,entropy,5.8324476256044875,5.8324476256044875,0.0,1
new_thyroid,215,5,9,entropy,42.092828604172695,27.19749424516192,14.895334359010775,1
nursery,12958,8,9,entropy,11899.943973011365,3782.5531173215622,8117.390855689802,1
optdigits,5620,64,9,entropy,2852.658061534201,2766.760412775576,85.89764875862511,1
page_blocks,5473,10,9,entropy,672.0935329930301,655.170794460654,16.922738532376115,1
parity5,32,5,9,entropy,0.0,0.0,0.0,1
parity5+5,1124,10,9,entropy,0.12453008419436173,0.12453008419436173,0.0,1
pendigits,10992,16,9,entropy,6508.62698651211,6193.343958967677,315.283027544433,1
penguins,333,7,9,entropy,265.78977931693305,255.74654211047604,10.043237206457007,1
phoneme,5404,5,9,entropy,609.9703808084623,609.4182014613136,0.5521793471486944,1
postoperative_patient_data,88,8,9,entropy,1.5138961394215613,1.3801100003617819,0.13378613905977943,1
prnn_crabs,200,7,9,entropy,16.066845072203627,14.960415928034678,1.106429144168949,1
prnn_synth,250,2,9,entropy,94.68964024093947,88.06583658503601,6.623803655903458,1
profb,672,9,9,entropy,9.015630724647053,8.432164841082784,0.5834658835642692,1
ring,7400,20,9,entropy,542.7389948143109,504.18708342736227,38.55191138694863,1
saheart,462,9,9,entropy,33.4620542538936,31.527158332618257,1.9348959212753414,1
satimage,6435,36,9,entropy,2991.9706926801414,2974.9010126004487,17.069680079692716,1
schizo,340,14,9,entropy,20.34304485750033,19.498536697053055,0.8445081604472762,1
segmentation,2310,19,9,entropy,1571.764164748408,1496.8582858885507,74.90587885985724,1
shuttle,58000,9,9,entropy,5918.084895911503,3401.4659092418024,2516.6189866697005,1
sonar,208,60,9,entropy,38.578306856426096,37.007697080285794,1.5706097761403015,1
soybean,675,35,9,entropy,617.277691661891,609.160602231396,8.11708943049507,1
spambase,4601,57,9,entropy,381.62733775609354,378.3349223968903,3.2924153592032326,1
spect,267,22,9,entropy,29.67056800276334,29.67056800276334,0.0,1
spectf,349,44,9,entropy,28.779538051696903,23.911868835396973,4.86766921629993,1
splice,3188,60,9,entropy,1092.3642309157744,1043.4234613533022,48.94076956247227,1
tae,151,5,9,entropy,11.658041607364538,9.364309170673266,2.293732436691272,1
texture,5500,40,9,entropy,4011.596287909303,4011.0737924426303,0.5224954666728081,1
threeOf9,512,9,9,entropy,35.025717007951044,35.025717007951044,0.0,1
tic_tac_toe,958,9,9,entropy,60.989656651466134,60.989656651466134,0.0,1
tokyo1,959,44,9,entropy,368.93216962976663,347.729072309778,21.203097319988615,1
twonorm,7400,20,9,entropy,711.7431235752529,710.0416130971712,1.7015104780816728,1
vehicle,846,18,9,entropy,224.43185043069298,222.9188506561502,1.5129997745427772,1
vowel,990,13,9,entropy,448.7884403606977,339.45200034297943,109.33644001771825,1
waveform_21,5000,21,9,entropy,1449.509079061751,1423.0522882485084,26.456790813242606,1
waveform_40,5000,40,9,entropy,1192.4210397351358,1172.202830137658,20.218209597477653,1
wine_quality_red,1599,11,9,entropy,247.04404293766675,215.15176606063847,31.89227687702828,1
wine_quality_white,4898,11,9,entropy,702.0820960073243,688.5775652748002,13.504530732524017,1
wine_recognition,178,13,9,entropy,103.6511621619929,102.81570617207521,0.8354559899176905,1
xd6,973,9,9,entropy,30.91933707631489,30.91933707631489,0.0,1
yeast,1479,8,9,entropy,298.2641799268454,263.01996767222954,35.24421225461583,1
GAMETES_Epistasis_2_Way_20atts_0.1H_EDM_1_1,1600,20,10,entropy,2.36282212952176,2.36282212952176,0.0,1
GAMETES_Epistasis_2_Way_20atts_0.4H_EDM_1_1,1600,20,10,entropy,2.076463551705629,2.0018056263047583,0.0746579254008708,1
GAMETES_Epistasis_3_Way_20atts_0.2H_EDM_1_1,1600,20,10,entropy,3.4830558369998244,2.427561631263412,1.0554942057364123,1
GAMETES_Heterogeneity_20atts_1600_Het_0.4_0.2_50_EDM_2_001,1600,20,10,entropy,3.49328133430231,2.0018056263047583,1.4914757079975516,1
GAMETES_Heterogeneity_20atts_1600_Het_0.4_0.2_75_EDM_2_001,1600,20,10,entropy,4.267812099144976,4.267812099144976,0.0,1
Hill_Valley_with_noise,1212,100,10,entropy,4.01484479663236,3.790676835820875,0.22416796081148505,1
Hill_Valley_without_noise,1212,100,10,entropy,3.0219000320037708,2.6341163733850905,0.38778365861868025,1
adult,48842,14,10,entropy,3533.21235995815,1791.9919274302738,1741.2204325278763,1
agaricus_lepiota,8145,22,10,entropy,2194.987418911176,1863.6940968813756,331.2933220298005,1
allbp,3772,29,10,entropy,131.7810159331117,104.08427014057911,27.69674579253258,1
allhyper,3771,29,10,entropy,139.209997176092,118.53026597724812,20.679731198843882,1
allhypo,3770,29,10,entropy,353.03372109657016,61.78811343265875,291.2456076639114,1
allrep,3772,29,10,entropy,388.31733859239114,388.31733859239114,0.0,1
analcatdata_aids,50,4,10,entropy,10.436772555026685,7.8256703181395295,2.611102236887156,1
analcatdata_asbestos,83,3,10,entropy,21.920376198309384,21.920376198309384,0.0,1
analcatdata_authorship,841,70,10,entropy,397.97302793907943,388.57789230618823,9.395135632891197,1
analcatdata_bankruptcy,50,6,10,entropy,4.25122064409949,4.25122064409949,0.0,1
analcatdata_boxing1,120,3,10,entropy,6.563403119077378,6.563403119077378,0.0,1
analcatdata_boxing2,132,3,10,entropy,3.3147877657837626,1.3032215639685631,2.0115662018151994,1
analcatdata_creditscore,100,6,10,entropy,43.19904172704101,10.303410119569346,32.89563160747167,1
analcatdata_cyyoung8092,97,10,10,entropy,18.33958612873825,10.631272456829592,7.708313671908659,1
analcatdata_cyyoung9302,92,10,10,entropy,17.650470549126695,14.442721570402647,3.207748978724048,1
analcatdata_dmft,797,4,10,entropy,23.9059853528247,23.9059853528247,0.0,1
analcatdata_fraud,42,11,10,entropy,9.893562767361981,9.893562767361981,0.0,1
analcatdata_germangss,400,5,10,entropy,75.91850678984775,14.273123977831915,61.64538281201584,1
analcatdata_happiness,60,3,10,entropy,10.381752835525965,1.609556681843344,8.772196153682621,1
analcatdata_japansolvent,52,9,10,entropy,13.382344031955071,12.851768773594944,0.5305752583601269,1
analcatdata_lawsuit,264,4,10,entropy,56.438815870931286,11.028279616731993,45.41053625419929,1
ann_thyroid,7200,21,10,entropy,687.4530369253257,77.77347572012216,609.6795612052035,1
appendicitis,106,7,10,entropy,10.210633183317425,9.613521685785493,0.597111497531932,1
backache,180,32,10,entropy,10.971553866687223,10.971553866687223,0.0,1
balance_scale,625,4,10,entropy,64.23543956912431,64.23543956912431,0.0,1
biomed,209,8,10,entropy,39.54183695875628,38.82252384923095,0.7193131095253307,1
breast_cancer,286,9,10,entropy,17.980130873533767,16.16037869504052,1.8197521784932462,1
bupa,345,5,10,entropy,4.644420556936851,4.539754094177113,0.10466646275973801,1
calendarDOW,399,32,10,entropy,59.05088999363579,43.66473745303347,15.386152540602325,1
car_evaluation,1728,6,10,entropy,378.82143526934624,378.82143526934624,0.0,1
cars,392,8,10,entropy,168.45611814458107,163.7061207110244,4.749997433556672,1
chess,3196,36,10,entropy,633.6609470574076,633.6609470574076,0.0,1
churn,5000,20,10,entropy,265.7985357533245,229.40417285804503,36.39436289527944,1
clean1,476,168,10,entropy,428.4870828232417,369.1536774722629,59.33340535097875,1
cloud,108,7,10,entropy,6.037566362829978,4.361791274023744,1.6757750888062333,1
coil2000,9822,85,10,entropy,182.81026459512668,124.23336074638064,58.57690384874604,1
collins,485,23,10,entropy,446.753504936025,416.05493150618884,30.698573429836188,1
confidence,72,3,10,entropy,71.99999999999996,71.99999999999996,0.0,1
corral,160,6,10,entropy,29.570071549578913,29.570071549578913,0.0,1
dermatology,366,34,10,entropy,281.658258756283,247.16273438017814,34.49552437610484,1
dis,3772,29,10,entropy,42.22313713401462,39.65874427566763,2.5643928583469915,1
dna,3186,180,10,entropy,1222.2524479251888,1222.2524479251888,0.0,1
ecoli,327,7,10,entropy,162.62377208227662,131.40726262306913,31.216509459207487,1
flags,178,43,10,entropy,37.07122204500698,28.998625593472667,8.07259645153431,1
glass2,163,9,10,entropy,15.68651756347461,15.24602972406575,0.4404878394088598,1
haberman,306,3,10,entropy,20.833145221588325,14.871972477335333,5.961172744252991,1
hayes_roth,160,4,10,entropy,34.635224895000846,11.68673545980468,22.948489435196166,1
hepatitis,155,19,10,entropy,20.128622245971343,19.765397291524238,0.3632249544471051,1
hypothyroid,3163,25,10,entropy,80.19547774775106,30.132619711635925,50.06285803611513,1
ionosphere,351,34,10,entropy,105.81387105725864,101.56629882521577,4.24757223204287,1
iris,150,4,10,entropy,137.74437510817344,137.74437510817344,0.0,1
irish,500,5,10,entropy,195.24686033201726,102.78881063316604,92.45804969885123,1
kr_vs_kp,3196,36,10,entropy,633.6609470574076,633.6609470574076,0.0,1
krkopt,28056,6,10,entropy,6401.636703902172,6401.636703902172,0.0,1
labor,57,16,10,entropy,17.48781007384743,17.48781007384743,0.0,1
led24,3200,24,10,entropy,1657.1231530015184,1657.1231530015184,0.0,1
led7,3200,7,10,entropy,1566.583137960025,1566.583137960025,0.0,1
letter,20000,16,10,entropy,7441.046824799025,6974.8876909801365,466.1591338188882,1
lupus,87,3,10,entropy,17.335211003161056,13.13463993495402,4.2005710682070365,1
lymphography,148,18,10,entropy,29.64305720000486,25.705822509319333,3.9372346906855284,1
magic,19020,10,10,entropy,2617.603976327724,2001.1579203955553,616.4460559321687,1
mfeat_factors,2000,216,10,entropy,1178.3504887038093,1092.5432641422121,85.8072245615972,1
mfeat_fourier,2000,76,10,entropy,1176.1717810218743,1143.9642104274355,32.20757059443872,1
mfeat_karhunen,2000,64,10,entropy,736.6369840542802,683.5889820285556,53.0480020257246,1
mfeat_morphological,2000,6,10,entropy,1825.8990966415352,1444.139264591256,381.7598320502791,1
mfeat_pixel,2000,240,10,entropy,1251.0694095878616,1210.539254034919,40.53015555294269,1
mfeat_zernike,2000,47,10,entropy,750.478309356323,678.8996986528527,71.5786107034703,1
mofn_3_7_10,1324,10,10,entropy,84.80529911617992,84.80529911617992,0.0,1
molecular_biology_promoters,106,57,10,entropy,30.68415358940502,30.68415358940502,0.0,1
monk1,556,6,10,entropy,44.76599598016202,15.961366418992611,28.804629561169406,1
monk2,601,6,10,entropy,4.068939487914008,4.068939487914008,0.0,1
monk3,554,6,10,entropy,174.89996222806104,174.89996222806104,0.0,1
movement_libras,360,90,10,entropy,202.8544228504681,200.28813791559259,2.5662849348755117,1
mushroom,8124,22,10,entropy,1940.3878862786669,1869.7741437027269,70.61374257594002,1
mux6,128,6,10,entropy,5.8324476256044875,5.8324476256044875,0.0,1
new_thyroid,215,5,10,entropy,87.26769133967241,75.3595298746117,11.908161465060715,1
nursery,12958,8,10,entropy,11899.943973011365,3782.5531173215622,8117.390855689802,1
optdigits,5620,64,10,entropy,2852.658061534201,2852.658061534201,0.0,1
page_blocks,5473,10,10,entropy,1080.988866596296,590.34694437709,490.641922219206,1
parity5,32,5,10,entropy,0.0,0.0,0.0,1
parity5+5,1124,10,10,entropy,0.12453008419436173,0.12453008419436173,0.0,1
pendigits,10992,16,10,entropy,5891.0625547181435,5781.1016899894785,109.960864728665,1
penguins,333,7,10,entropy,203.98183845630643,177.37537344836102,26.606465007945417,1
phoneme,5404,5,10,entropy,581.741502129034,565.628277847793,16.113224281240946,1
postoperative_patient_data,88,8,10,entropy,1.5138961394215613,1.3801100003617819,0.13378613905977943,1
prnn_crabs,200,7,10,entropy,15.572659139875377,14.079977696602036,1.4926814432733408,1
prnn_synth,250,2,10,entropy,87.64836799976939,85.75894478750863,1.8894232122607661,1
profb,672,9,10,entropy,28.724905314390412,25.26450439008579,3.460400924304622,1
ring,7400,20,10,entropy,496.0942820997061,479.65088640540034,16.443395694305764,1
saheart,462,9,10,entropy,25.31923114484536,24.680228072085498,0.6390030727598628,1
satimage,6435,36,10,entropy,3178.928127281546,3175.012686546141,3.9154407354049,1
schizo,340,14,10,entropy,20.674596739578533,18.786224605794814,1.8883721337837187,1
segmentation,2310,19,10,entropy,1795.189097143912,1665.4224718878243,129.76662525608776,1
shuttle,58000,9,10,entropy,22522.337636682943,19122.93760949103,3399.400027191914,1
sonar,208,60,10,entropy,29.270067860383563,28.29125711605124,0.9788107443323213,1
soybean,675,35,10,entropy,617.277691661891,617.277691661891,0.0,1
spambase,4601,57,10,entropy,545.5914556129783,526.9458847934188,18.645570819559453,1
spect,267,22,10,entropy,29.67056800276334,29.67056800276334,0.0,1
spectf,349,44,10,entropy,44.465272125061404,41.04166910900824,3.423603016053164,1
splice,3188,60,10,entropy,1092.3642309157744,1043.4234613533022,48.94076956247227,1
tae,151,5,10,entropy,11.658041607364538,9.364309170673266,2.293732436691272,1
texture,5500,40,10,entropy,3655.3806762396234,3631.310645741236,24.070030498387496,1
threeOf9,512,9,10,entropy,35.025717007951044,35.025717007951044,0.0,1
tic_tac_toe,958,9,10,entropy,60.989656651466134,60.989656651466134,0.0,1
tokyo1,959,44,10,entropy,296.5256971098595,237.92620081851805,58.59949629134144,1
twonorm,7400,20,10,entropy,671.3887639564891,616.441808168237,54.946955788252126,1
vehicle,846,18,10,entropy,136.384841348475,132.4044422815959,3.9803990668791016,1
vowel,990,13,10,entropy,437.5639383680409,375.1974881452916,62.366450222749336,1
waveform_21,5000,21,10,entropy,1383.2556365954279,1361.2011507900024,22.05448580542543,1
waveform_40,5000,40,10,entropy,1152.6508499377742,913.4726426753041,239.1782072624701,1
wine_quality_red,1599,11,10,entropy,269.59608376790266,255.5068963135027,14.089187454399962,1
wine_quality_white,4898,11,10,entropy,641.8801186173168,469.3989182917667,172.48120032555016,1
wine_recognition,178,13,10,entropy,110.91339557251986,108.84702773956323,2.0663678329566295,1
xd6,973,9,10,entropy,30.91933707631489,30.91933707631489,0.0,1
yeast,1479,8,10,entropy,557.3040761122597,526.6193449747889,30.684731137470862,1
