dataset,splitter,variant,n_runs,n_samples,n_features,criterion,fit_time_mean,fit_time_mean_run_std,accuracy_mean,accuracy_mean_run_std,accuracy_std,accuracy_std_run_std,f1_weighted_mean,f1_weighted_mean_run_std,f1_weighted_std,f1_weighted_std_run_std,split_calls_mean,split_calls_mean_run_std,threshold_candidates_mean,threshold_candidates_mean_run_std,gain_evaluations_mean,gain_evaluations_mean_run_std,threshold_candidates_per_split_mean,threshold_candidates_per_split_mean_run_std,gain_evaluations_per_split_mean,gain_evaluations_per_split_mean_run_std,parametric_gain_samples_mean,parametric_gain_samples_mean_run_std,parametric_quantile_fits_mean,parametric_quantile_fits_mean_run_std
GAMETES_Epistasis_2_Way_20atts_0.1H_EDM_1_1,extra_tree,max_features=all,10,1600,20,entropy,0.002137179374694824,6.881049147478109e-05,0.5289375,0.014145035569060972,0.023038626403800815,0.011194438057628976,0.5284459057616018,0.014140354592105749,0.023185231107549224,0.011493792167236581,457.64,5.080000000000009,6093.74,54.3199447716949,6093.74,54.3199447716949,13.322244409596962,0.09164574375365893,13.322244409596962,0.09164574375365893,0.0,0.0,0.0,0.0
GAMETES_Epistasis_2_Way_20atts_0.1H_EDM_1_1,prophet_1sample,,10,1600,20,entropy,0.004028091430664063,0.0001606908294159235,0.5248125,0.006459307722194356,0.022714143288977296,0.006053579077521634,0.5244810749525152,0.006586601523995445,0.022811954779530574,0.00603775895219996,437.56000000000006,3.862434465463467,7773.719999999999,42.17773820393897,7773.719999999999,42.17773820393897,17.768419404650054,0.10277669820802034,17.768419404650054,0.10277669820802034,0.0,0.0,0.0,0.0
GAMETES_Epistasis_2_Way_20atts_0.4H_EDM_1_1,extra_tree,max_features=all,10,1600,20,entropy,0.0020117187499999996,4.698241360586142e-05,0.6035625,0.01845190115543654,0.04224116068844236,0.010223133995658697,0.6032263592307964,0.0184875943134519,0.04225883729051663,0.010243039857106777,416.46000000000004,10.419232217394907,5056.620000000001,137.19587311577556,5056.620000000001,137.19587311577556,12.14518231413456,0.12384379352899313,12.14518231413456,0.12384379352899313,0.0,0.0,0.0,0.0
GAMETES_Epistasis_2_Way_20atts_0.4H_EDM_1_1,prophet_1sample,,10,1600,20,entropy,0.003971891403198242,0.00017204207379998548,0.5881875000000001,0.009982210739610734,0.029752185703517075,0.0107002311126178,0.5878054321980015,0.01016345225738925,0.029871412885290206,0.010850090605734348,418.7200000000001,9.362136508297672,6805.139999999999,128.91814612381012,6805.139999999999,128.91814612381012,16.256811977451093,0.1410764303993389,16.256811977451093,0.1410764303993389,0.0,0.0,0.0,0.0
GAMETES_Epistasis_3_Way_20atts_0.2H_EDM_1_1,extra_tree,max_features=all,10,1600,20,entropy,0.002019615173339844,6.703801086711709e-05,0.5286875,0.009764612447506548,0.024684101477839122,0.008047212823813005,0.528204583469939,0.009570195701176305,0.02465816354862548,0.008017392622357152,471.91999999999996,10.747725340740713,5761.64,103.19576735506169,5761.64,103.19576735506169,12.216259106128055,0.11648127818969606,12.216259106128055,0.11648127818969606,0.0,0.0,0.0,0.0
GAMETES_Epistasis_3_Way_20atts_0.2H_EDM_1_1,prophet_1sample,,10,1600,20,entropy,0.003772635459899902,0.00016795580125003598,0.5309999999999999,0.010786276002402305,0.029048249401836958,0.003472546859104814,0.5305734477289267,0.010899529366379352,0.029118005383998825,0.0033590968679830537,452.7999999999999,5.800689614175191,7304.340000000001,90.13470141959763,7304.340000000001,90.13470141959763,16.143713996078688,0.07575476986046034,16.143713996078688,0.07575476986046034,0.0,0.0,0.0,0.0
GAMETES_Heterogeneity_20atts_1600_Het_0.4_0.2_50_EDM_2_001,extra_tree,max_features=all,10,1600,20,entropy,0.001985960006713867,0.0001280983442890936,0.539875,0.015175535410653532,0.025104859401943125,0.006571417990713144,0.5391227920511991,0.01535911511935593,0.025271222084286043,0.006572668417870716,457.53999999999996,7.168849280044891,5304.219999999999,67.21853613401588,5304.219999999999,67.21853613401588,11.597782932492663,0.08888585204254015,11.597782932492663,0.08888585204254015,0.0,0.0,0.0,0.0
GAMETES_Heterogeneity_20atts_1600_Het_0.4_0.2_50_EDM_2_001,prophet_1sample,,10,1600,20,entropy,0.003648476600646972,8.296442686730687e-05,0.5353125000000001,0.013191054023466046,0.03125008001668447,0.006953730937476512,0.5349122152948363,0.013202704767986649,0.03129669399160816,0.00691476560850189,442.82000000000005,6.861749048165489,6800.94,77.0194287176943,6800.94,77.0194287176943,15.368500043468362,0.10011075636373144,15.368500043468362,0.10011075636373144,0.0,0.0,0.0,0.0
GAMETES_Heterogeneity_20atts_1600_Het_0.4_0.2_75_EDM_2_001,extra_tree,max_features=all,10,1600,20,entropy,0.002054824829101563,6.814598527301215e-05,0.5538125,0.015964927380041544,0.04279359645378254,0.012864873786820014,0.5533187390660401,0.01610049608206259,0.04300049314735411,0.012767703305200714,440.71999999999997,8.766390363199676,5742.42,116.25659379149207,5742.42,116.25659379149207,13.034507606063084,0.06560265657698998,13.034507606063084,0.06560265657698998,0.0,0.0,0.0,0.0
GAMETES_Heterogeneity_20atts_1600_Het_0.4_0.2_75_EDM_2_001,prophet_1sample,,10,1600,20,entropy,0.0038524580001831057,0.00020907401891758046,0.5596875,0.007094507118186587,0.030098272657500046,0.010141202247997293,0.5592752120838538,0.007292849851165272,0.03003704017843531,0.010078656838938388,422.4799999999999,4.826758746819652,7498.8,71.99961111006077,7498.8,71.99961111006077,17.753981246709692,0.08998943525219233,17.753981246709692,0.08998943525219233,0.0,0.0,0.0,0.0
Hill_Valley_with_noise,extra_tree,max_features=all,10,1212,100,entropy,0.0058987998962402345,0.00017383754762574698,0.5438047138047138,0.009942776211170585,0.020455491959011383,0.006952705402732609,0.5254411823346191,0.008563980228316103,0.019635990214433748,0.005579280978468745,123.58,8.114899876153741,12357.960000000001,811.4415853282352,12357.960000000001,811.4415853282352,99.99971145084541,0.000586825580541566,99.99971145084541,0.000586825580541566,0.0,0.0,0.0,0.0
Hill_Valley_with_noise,prophet_1sample,,10,1212,100,entropy,0.0787914514541626,0.005870482821236387,0.5474329150086725,0.008730190739988826,0.01900945951493667,0.005180299729773265,0.5294800943450712,0.00843919527237549,0.020691729476567042,0.005852846701183828,115.66,6.016676823629472,106476.38,9062.763264898847,106476.38,9062.763264898847,947.1959168682039,114.38053787096845,947.1959168682039,114.38053787096845,0.0,0.0,0.0,0.0
Hill_Valley_without_noise,extra_tree,max_features=all,10,1212,100,entropy,0.006209468841552735,0.00019723207815831506,0.5558606264666871,0.007364082219877883,0.03016124934922306,0.008457718494209447,0.5491806653771583,0.012088245915935941,0.032979890315215823,0.009269374967538555,153.3,14.424770362123624,15330.0,1442.477036212362,15330.0,1442.477036212362,100.0,0.0,100.0,0.0,0.0,0.0,0.0,0.0
Hill_Valley_without_noise,prophet_1sample,,10,1212,100,entropy,0.07995341777801514,0.007805996163562281,0.5931404958677686,0.013453468209057937,0.027438526250771894,0.007418855337700322,0.5904766502416952,0.013631298308673996,0.02807364377910826,0.00675840148659277,169.64000000000001,10.334331134621145,182126.91999999998,8230.477184805266,182126.91999999998,8230.477184805266,1126.927548124038,129.28203261451662,1126.927548124038,129.28203261451662,0.0,0.0,0.0,0.0
adult,extra_tree,max_features=all,10,48842,14,entropy,0.0300030517578125,0.001197617108110904,0.8350088275863687,0.002143480900811148,0.003421649237029601,0.0014528756708486685,0.8327697066455528,0.0020616681946698115,0.0032556717644804897,0.001598300186850916,3373.28,203.3910558505461,27704.74,1056.1943345805262,27704.74,1056.1943345805262,8.231946585619998,0.32260892395383606,8.231946585619998,0.32260892395383606,0.0,0.0,0.0,0.0
adult,prophet_1sample,,10,48842,14,entropy,1.5473910427093505,0.21205959604624583,0.8269932324492668,0.0017346469782327535,0.004287687924531418,0.0012167284225461262,0.8254698517898145,0.001482425818002335,0.004060323494254893,0.001170862998508401,3418.66,145.60629244644613,354015.88,5270.902158226797,354015.88,5270.902158226797,104.02701071541178,3.57218606811652,104.02701071541178,3.57218606811652,0.0,0.0,0.0,0.0
agaricus_lepiota,extra_tree,max_features=all,10,8145,22,entropy,0.0028971624374389644,0.0004137212144070819,0.93097605893186,0.014681493883909158,0.12266462475982856,0.024587473451466873,0.9244728840633074,0.01789599551330841,0.1354198640538466,0.03161548665812224,15.139999999999997,1.3177253128023305,252.21999999999997,23.159352322549957,252.21999999999997,23.159352322549957,16.67104615456783,0.13520495419252673,16.67104615456783,0.13520495419252673,0.0,0.0,0.0,0.0
agaricus_lepiota,prophet_1sample,,10,8145,22,entropy,0.005300908088684082,0.0005128054749944152,0.9510374462860651,0.01809257692235657,0.09455967941758754,0.0349405555386092,0.9476741866678793,0.02011732020318263,0.10127865189821132,0.03898324160134106,10.920000000000002,1.1838918869558994,460.48,42.198691922854664,460.48,42.198691922854664,42.7184547952048,1.249510578058566,42.7184547952048,1.249510578058566,0.0,0.0,0.0,0.0
allbp,extra_tree,max_features=all,10,3772,29,entropy,0.00212895393371582,0.00022377214636524052,0.9616911131800376,0.001984799328596908,0.005256481521054237,0.0020612831167840123,0.9619469618513502,0.0017977586112578915,0.00503120180885073,0.0018774745692404582,142.08,4.457084248698921,1917.14,67.15921679114489,1917.14,67.15921679114489,13.492397194092382,0.1886711061444155,13.492397194092382,0.1886711061444155,0.0,0.0,0.0,0.0
allbp,prophet_1sample,,10,3772,29,entropy,0.009508304595947266,0.0010416002988646977,0.9630697911360162,0.002504327104663571,0.004895969776430628,0.0013997818319291936,0.9625379537761092,0.0025119325488279316,0.004614923001926684,0.0013975794654721501,98.84,1.5538339679644049,8535.359999999999,334.84255165674506,8535.359999999999,334.84255165674506,86.6804843436947,3.5986612377430798,86.6804843436947,3.5986612377430798,0.0,0.0,0.0,0.0
allhyper,extra_tree,max_features=all,10,3771,29,entropy,0.0015417861938476565,0.00013059936959353038,0.9781237725508107,0.0017316431960902139,0.004641202204947239,0.0017859812776101884,0.9782706288708483,0.001736365519282049,0.004001660877202133,0.0016365295186960256,81.32000000000001,3.553252031590216,1111.8999999999999,40.30813813611343,1111.8999999999999,40.30813813611343,13.702722666846602,0.1819339216072586,13.702722666846602,0.1819339216072586,0.0,0.0,0.0,0.0
allhyper,prophet_1sample,,10,3771,29,entropy,0.007031049728393554,0.0003230825025757806,0.9804038856781491,0.0014052719548346463,0.004677026875978317,0.0012040832166041334,0.9800850527872825,0.0012942586028704302,0.004386646159991462,0.0012305337869421976,62.92,2.506312031651285,5340.72,246.80627544695864,5340.72,246.80627544695864,85.44976372869363,2.5473026497284446,85.44976372869363,2.5473026497284446,0.0,0.0,0.0,0.0
allhypo,extra_tree,max_features=all,10,3770,29,entropy,0.0020364570617675782,0.0002624264245577787,0.950238726790451,0.005863449073590763,0.005876966185928573,0.0010511632913512447,0.9502695425518851,0.005868293546444456,0.005460097346416019,0.0010187384956527755,182.07999999999998,21.442052140595127,2449.28,241.30742549702026,2449.28,241.30742549702026,13.510172746707838,0.34660287996264827,13.510172746707838,0.34660287996264827,0.0,0.0,0.0,0.0
allhypo,prophet_1sample,,10,3770,29,entropy,0.005702571868896484,0.00023945164902571138,0.9676127320954906,0.0017208701945155482,0.00470076227569827,0.0018743988193511518,0.9673998006632125,0.0017711342036926079,0.004962180424761356,0.001964906978002427,93.74000000000001,4.4980440193488525,5745.92,145.84959924524995,5745.92,145.84959924524995,61.61497377111156,2.3498641898473287,61.61497377111156,2.3498641898473287,0.0,0.0,0.0,0.0
allrep,extra_tree,max_features=all,10,3772,29,entropy,0.0011397933959960938,7.33077567867635e-05,0.9756360250847577,0.001491938937123488,0.004887616534008622,0.0011422222885194714,0.9759044528467893,0.0014599832101385032,0.004407383231437408,0.0008471260271457528,85.9,2.263183598385248,1040.7199999999998,29.98508962801347,1040.7199999999998,29.98508962801347,12.136427764755343,0.12471457510500288,12.136427764755343,0.12471457510500288,0.0,0.0,0.0,0.0
allrep,prophet_1sample,,10,3772,29,entropy,0.008168129920959472,0.00013775395935969426,0.9745225288527413,0.0023005978996049675,0.005095161522042402,0.0009485834049027737,0.9747763644643402,0.0020849890076647722,0.004654745769940837,0.0009136016142333504,70.39999999999999,3.468717342188609,4727.16,96.64970977711207,4727.16,96.64970977711207,67.92886256531487,3.203409455941873,67.92886256531487,3.203409455941873,0.0,0.0,0.0,0.0
analcatdata_aids,extra_tree,max_features=all,10,50,4,entropy,0.000316615104675293,7.137862512119749e-05,0.6699999999999999,0.0523450093132096,0.15131574533102404,0.03554638117891443,0.6176723831723832,0.06581498615717317,0.19738765916553017,0.039455787928512606,20.9,0.8637129152675677,73.38,2.830476991604065,73.38,2.830476991604065,3.5203646184359605,0.07218404366045299,3.5203646184359605,0.07218404366045299,0.0,0.0,0.0,0.0
analcatdata_aids,prophet_1sample,,10,50,4,entropy,0.0003047752380371094,1.4727788568283095e-05,0.736,0.048826222462934825,0.1384802031556999,0.027262306101210294,0.7113493173493174,0.06016228145471026,0.1623188524566756,0.03805946798022495,15.219999999999999,0.6477653896280656,142.42000000000002,8.577388880073,142.42000000000002,8.577388880073,9.492057574864077,0.7655321367764443,9.492057574864077,0.7655321367764443,0.0,0.0,0.0,0.0
analcatdata_asbestos,extra_tree,max_features=all,10,83,3,entropy,0.0002927732467651367,3.571327883462802e-05,0.7703676470588237,0.021948375455169946,0.09342858820964614,0.016246914382481294,0.7638189842045005,0.02344540520061871,0.10181562026142177,0.015504398721895647,29.240000000000002,1.2158947322856535,43.959999999999994,2.047046653107838,43.959999999999994,2.047046653107838,1.5068213592467763,0.06028785854139043,1.5068213592467763,0.06028785854139043,0.0,0.0,0.0,0.0
analcatdata_asbestos,prophet_1sample,,10,83,3,entropy,0.0003202676773071289,6.0013908086373366e-05,0.7558823529411763,0.021893992002673904,0.08346809883438862,0.016529867258233216,0.7491192450480375,0.02233745775834903,0.0915978903331972,0.018642440724379677,23.6,0.7999999999999998,160.88,6.033373848851071,160.88,6.033373848851071,6.846130129893199,0.2885629512091223,6.846130129893199,0.2885629512091223,0.0,0.0,0.0,0.0
analcatdata_authorship,extra_tree,max_features=all,10,841,70,entropy,0.0015806436538696289,0.00013885558511070507,0.8663102282333052,0.029311305843328535,0.050344553851449966,0.03421182246435753,0.8653891421063925,0.03104228064570361,0.051427498171934836,0.03814892684321901,44.82,3.0178800506315695,3114.2,206.34832686503668,3114.2,206.34832686503668,69.4951125685611,0.15845475173227633,69.4951125685611,0.15845475173227633,0.0,0.0,0.0,0.0
analcatdata_authorship,prophet_1sample,,10,841,70,entropy,0.007306222915649414,0.0008191479728260035,0.8774718230487462,0.013364275719623477,0.0400545269818476,0.02171779017257135,0.877339070669613,0.013122103010807136,0.03931462016989203,0.020899448283027068,39.8,3.6889022757454546,10731.720000000001,615.6069733198284,10731.720000000001,615.6069733198284,273.1785835208941,17.032545330792967,273.1785835208941,17.032545330792967,0.0,0.0,0.0,0.0
analcatdata_bankruptcy,extra_tree,max_features=all,10,50,6,entropy,0.000308384895324707,5.7462601323375025e-05,0.808,0.031240998703626652,0.1412185915398301,0.03189528810822439,0.7957126207126206,0.037281615431374864,0.15713723885347058,0.037751361987642736,10.139999999999999,1.323782459469833,60.839999999999996,7.942694756818998,60.839999999999996,7.942694756818998,6.0,0.0,6.0,0.0,0.0,0.0,0.0,0.0
analcatdata_bankruptcy,prophet_1sample,,10,50,6,entropy,0.0003349208831787109,3.819707203249381e-05,0.776,0.0527636238330917,0.14975442269859937,0.06792358119393606,0.7532852147852148,0.06491115061425594,0.1805265449682927,0.07946121076083976,7.720000000000001,0.872696969170857,243.45999999999998,10.980728573277831,243.45999999999998,10.980728573277831,33.34330735930736,4.101281447331421,33.34330735930736,4.101281447331421,0.0,0.0,0.0,0.0
analcatdata_boxing1,extra_tree,max_features=all,10,120,3,entropy,0.0002979755401611328,1.8202642550286263e-05,0.5441666666666666,0.06044395935262862,0.1737458091552178,0.040050723684664016,0.5093286588584394,0.06441932386560129,0.2140015996684434,0.03745372465173365,42.16,1.1056219968868202,65.82000000000001,3.3495671362132766,65.82000000000001,3.3495671362132766,1.569716185280697,0.08135518165489633,1.569716185280697,0.08135518165489633,0.0,0.0,0.0,0.0
analcatdata_boxing1,prophet_1sample,,10,120,3,entropy,0.0003250694274902344,3.1333570150944225e-05,0.63,0.05193478816960961,0.1339609807348735,0.01533007488913237,0.6067149263936937,0.05086340220593104,0.1610867489816822,0.01829753773796609,30.559999999999995,0.9911609354691097,144.22,2.7091696144759907,144.22,2.7091696144759907,4.778089107265186,0.12913585783475715,4.778089107265186,0.12913585783475715,0.0,0.0,0.0,0.0
analcatdata_boxing2,extra_tree,max_features=all,10,132,3,entropy,0.0004976463317871094,0.0006092558891596013,0.6801709401709402,0.026667092796166695,0.096909167348408,0.029834619245105432,0.6672079508202461,0.034926404719486,0.1157350512275607,0.04215797380483112,53.540000000000006,2.7335690955232876,85.05999999999999,3.679184692292575,85.05999999999999,3.679184692292575,1.5950075405604176,0.11056885842448735,1.5950075405604176,0.11056885842448735,0.0,0.0,0.0,0.0
analcatdata_boxing2,prophet_1sample,,10,132,3,entropy,0.0003414726257324219,2.6519587384974317e-05,0.6713675213675213,0.044177048272397476,0.10936940399385311,0.03442141636073495,0.6575419746306065,0.05141979285439362,0.12799011859753612,0.04429906199099835,44.46,1.2265398485169563,194.26,4.919390206112947,194.26,4.919390206112947,4.396225917370745,0.1560444074518463,4.396225917370745,0.1560444074518463,0.0,0.0,0.0,0.0
analcatdata_creditscore,extra_tree,max_features=all,10,100,6,entropy,0.00028162002563476564,1.799382783329906e-05,0.9280000000000002,0.049959983987187165,0.06784584852003264,0.0402112028991522,0.9263506528813954,0.051340488641378614,0.07051376712602626,0.04310338434503525,13.959999999999999,5.817765894224346,60.96,21.616623233058395,60.96,21.616623233058395,4.602608271734297,0.5469185278587905,4.602608271734297,0.5469185278587905,0.0,0.0,0.0,0.0
analcatdata_creditscore,prophet_1sample,,10,100,6,entropy,0.00032326221466064456,2.9478056536484402e-05,0.96,0.015491933384829697,0.05323223778328147,0.01806457474130464,0.9610899411238455,0.015009671980502825,0.05143690663935531,0.017250660251171616,5.619999999999999,1.0860939185908371,220.92,29.77773665005452,220.92,29.77773665005452,40.87974098124098,4.393092964746341,40.87974098124098,4.393092964746341,0.0,0.0,0.0,0.0
analcatdata_cyyoung8092,extra_tree,max_features=all,10,97,10,entropy,0.00030045986175537105,1.041138638342953e-05,0.7219999999999999,0.03879186595493865,0.08422491261370361,0.033051845380033223,0.7168658435581222,0.0418357047119066,0.0786551993491666,0.030910942558760892,18.580000000000002,0.8829496021857641,163.6,8.813625814612278,163.6,8.813625814612278,8.803849157206743,0.23314367422996202,8.803849157206743,0.23314367422996202,0.0,0.0,0.0,0.0
analcatdata_cyyoung8092,prophet_1sample,,10,97,10,entropy,0.0004019927978515625,2.5462641693943043e-05,0.7875263157894737,0.031141754354337966,0.05078702106375099,0.016471660832584136,0.7808094658349108,0.030688541802151866,0.052132024664651166,0.01769728927629358,15.12,0.9600000000000002,465.36,23.344172720402824,465.36,23.344172720402824,31.854299361800912,3.697423907671795,31.854299361800912,3.697423907671795,0.0,0.0,0.0,0.0
analcatdata_cyyoung9302,extra_tree,max_features=all,10,92,10,entropy,0.0003035306930541992,2.4513764220814863e-05,0.7680701754385966,0.03342983875546169,0.09101428455509215,0.02686576223273031,0.7661970618706351,0.03174331547132008,0.08459839506753178,0.02112814734530777,14.800000000000002,0.6131883886702357,124.2,5.278636187501467,124.2,5.278636187501467,8.400506446254123,0.14740545176812608,8.400506446254123,0.14740545176812608,0.0,0.0,0.0,0.0
analcatdata_cyyoung9302,prophet_1sample,,10,92,10,entropy,0.00040172100067138673,5.690660651042755e-05,0.7489473684210526,0.026109719483815706,0.12221001104243637,0.0372819188934041,0.7468170700435398,0.026173885517801164,0.11183262383313557,0.03292912292886115,12.5,0.676756972627545,457.5,30.99525770178399,457.5,30.99525770178399,37.973590220237284,3.1742001333118663,37.973590220237284,3.1742001333118663,0.0,0.0,0.0,0.0
analcatdata_dmft,extra_tree,max_features=all,10,797,4,entropy,0.0004886245727539063,2.4511468928681638e-05,0.17787028301886793,0.003224266317239065,0.037652753446398575,0.0036972225801989935,0.17396466378826525,0.0035362886576607924,0.03518265013871587,0.0034156536911734677,219.24,0.6053098380168634,343.04,8.72779468136138,343.04,8.72779468136138,1.5647218485336718,0.042558377285791905,1.5647218485336718,0.042558377285791905,0.0,0.0,0.0,0.0
analcatdata_dmft,prophet_1sample,,10,797,4,entropy,0.0006707906723022462,1.4572181782747226e-05,0.17673506289308177,0.001666614934820731,0.03425204123883811,0.00249753681800714,0.1731528396572441,0.0017866377500354777,0.031981467248970205,0.002612735531083885,343.94000000000005,0.7485986908885095,582.8,5.585696017507598,582.8,5.585696017507598,1.694841174003189,0.015315927367562992,1.694841174003189,0.015315927367562992,0.0,0.0,0.0,0.0
analcatdata_fraud,extra_tree,max_features=all,10,42,11,entropy,0.00027808666229248044,1.1616176956100694e-05,0.6938888888888889,0.023333333333333324,0.056028425588643085,0.01404404781906937,0.6419236874236874,0.03323016500039143,0.09054035966404923,0.020364782561760025,11.92,0.5878775382679625,72.60000000000001,1.4939879517586492,72.60000000000001,1.4939879517586492,6.133420385170385,0.19872551868081426,6.133420385170385,0.19872551868081426,0.0,0.0,0.0,0.0
analcatdata_fraud,prophet_1sample,,10,42,11,entropy,0.0002878046035766602,1.5450083904949787e-05,0.6772222222222223,0.015406027359846716,0.0596006065726681,0.01809412406831739,0.6228550338550338,0.019906908243366255,0.10676189555657603,0.009815101964677251,10.7,0.10000000000000053,91.02000000000001,0.9977975746613135,91.02000000000001,0.9977975746613135,8.484152292152293,0.1335044728508145,8.484152292152293,0.1335044728508145,0.0,0.0,0.0,0.0
analcatdata_germangss,extra_tree,max_features=all,10,400,5,entropy,0.000461111068725586,1.6411094650054222e-05,0.43425,0.013786315678962243,0.04604633396824492,0.014395663516658568,0.42772061707129144,0.012383994140287392,0.04918557082610045,0.014152881765667237,210.22000000000003,4.080637205143328,527.1,9.055495568990123,527.1,9.055495568990123,2.509253140521568,0.07728833140191504,2.509253140521568,0.07728833140191504,0.0,0.0,0.0,0.0
analcatdata_germangss,prophet_1sample,,10,400,5,entropy,0.000631866455078125,1.2117309455984957e-05,0.449,0.015337861650177951,0.06711928531048016,0.01665837745431294,0.4441248289182565,0.014805197990245196,0.06809853921326384,0.014929870020586836,225.4,1.9595917942265433,907.36,15.451291208180608,907.36,15.451291208180608,4.030483213453509,0.0777907603082053,4.030483213453509,0.0777907603082053,0.0,0.0,0.0,0.0
analcatdata_happiness,extra_tree,max_features=all,10,60,3,entropy,0.0002785921096801758,1.6234932784051962e-05,0.4533333333333333,0.04642796092394704,0.1080212947344457,0.030700341936289993,0.4135911865911865,0.041664222809522436,0.1265019165487885,0.024966411124413765,31.72,0.9130169768410659,73.56,2.2659214461229675,73.56,2.2659214461229675,2.3203662116099713,0.049481112425265775,2.3203662116099713,0.049481112425265775,0.0,0.0,0.0,0.0
analcatdata_happiness,prophet_1sample,,10,60,3,entropy,0.00030519962310791013,9.900481853342417e-06,0.4916666666666666,0.02006932429798715,0.09464157588024621,0.031423185060525646,0.4557870647870648,0.021154718368449614,0.11767552737934099,0.033635273704787465,28.939999999999998,0.9509994742374996,144.0,4.651881339845205,144.0,4.651881339845205,4.984578756511295,0.15368438447905286,4.984578756511295,0.15368438447905286,0.0,0.0,0.0,0.0
analcatdata_japansolvent,extra_tree,max_features=all,10,52,9,entropy,0.00027873039245605467,6.045242121599357e-06,0.7558181818181817,0.060417555327367686,0.15318929455266342,0.02781548474289325,0.7462703407703408,0.06653540215143611,0.1615929021482046,0.03006856504108803,11.059999999999999,0.6199999999999999,99.53999999999999,5.579999999999999,99.53999999999999,5.579999999999999,9.0,0.0,9.0,0.0,0.0,0.0,0.0,0.0
analcatdata_japansolvent,prophet_1sample,,10,52,9,entropy,0.0003238773345947266,1.512720773954683e-05,0.748909090909091,0.04845684797531178,0.12503977995760246,0.032322172724647776,0.7378406038406038,0.05268304980039246,0.13517031181127043,0.030484035066840526,8.8,0.5585696017507576,304.46000000000004,15.644564551306637,304.46000000000004,15.644564551306637,35.18461976911977,2.348762806884202,35.18461976911977,2.348762806884202,0.0,0.0,0.0,0.0
analcatdata_lawsuit,extra_tree,max_features=all,10,264,4,entropy,0.000287022590637207,1.6910060886810438e-05,0.924455732946299,0.02517301382514243,0.11286202274479806,0.04840294304769176,0.9351330247837968,0.021913408588818985,0.0866261179810089,0.03665627910735834,13.839999999999998,2.7925615481131296,46.84000000000001,6.98100279329553,46.84000000000001,6.98100279329553,3.490548659372962,0.2923786571425054,3.490548659372962,0.2923786571425054,0.0,0.0,0.0,0.0
analcatdata_lawsuit,prophet_1sample,,10,264,4,entropy,0.00038916587829589843,1.5919752520170077e-05,0.9161828737300436,0.017380283973308885,0.1320270776982655,0.032559813088326006,0.9303501157038504,0.014608745090472821,0.10038828467740202,0.026554023961436014,10.12,0.9389355675444403,340.52000000000004,21.08766464073251,340.52000000000004,21.08766464073251,39.491690032190036,3.0691194202743772,39.491690032190036,3.0691194202743772,0.0,0.0,0.0,0.0
ann_thyroid,extra_tree,max_features=all,10,7200,21,entropy,0.0024103450775146483,0.0002929333336975218,0.9878055555555555,0.002550266265449874,0.0032360697018783504,0.0013897489943515487,0.9878683760820527,0.0025283678189965504,0.0031065821890640926,0.001378461829070244,103.55999999999999,18.426676314517493,1229.1,238.6490519570526,1229.1,238.6490519570526,11.855559841027041,0.2079935212094495,11.855559841027041,0.2079935212094495,0.0,0.0,0.0,0.0
ann_thyroid,prophet_1sample,,10,7200,21,entropy,0.006331524848937989,0.0007839766358134101,0.9906805555555556,0.001101433549605935,0.0024425841117959556,0.0006648021278151833,0.9906675522415129,0.0011175067128004871,0.002433592097543669,0.0006442883261136715,54.6,2.551862065237853,4904.38,182.95683534648285,4904.38,182.95683534648285,91.07595403818911,4.048669073941348,91.07595403818911,4.048669073941348,0.0,0.0,0.0,0.0
appendicitis,extra_tree,max_features=all,10,106,7,entropy,0.00029603958129882814,8.210582027742196e-06,0.7807792207792208,0.03225512046539207,0.06466928898415047,0.017066414289557998,0.7843243827914097,0.027649602089014732,0.055119947779941246,0.015205770384545205,19.880000000000003,1.0438390680559912,138.57999999999998,7.241795357506315,138.57999999999998,7.241795357506315,6.971629781418682,0.025973683500565316,6.971629781418682,0.025973683500565316,0.0,0.0,0.0,0.0
appendicitis,prophet_1sample,,10,106,7,entropy,0.00039325714111328126,2.677749359526642e-05,0.80021645021645,0.016434544824872884,0.06051638039351377,0.020488415329116518,0.8050966411476466,0.014303920241927878,0.05325791921225429,0.017691755270362382,16.119999999999997,1.0514751542475933,296.44,18.145588995676054,296.44,18.145588995676054,18.758112131418635,1.8797713336621829,18.758112131418635,1.8797713336621829,0.0,0.0,0.0,0.0
backache,extra_tree,max_features=all,10,180,32,entropy,0.0006409215927124024,5.548895823852273e-05,0.7766666666666666,0.023544022333796776,0.06699833631269003,0.02046045793082574,0.7794829464712025,0.018075433160929282,0.05267507312141785,0.017909980569168607,25.22,0.836420946653059,561.4599999999999,16.187414864640992,561.4599999999999,16.187414864640992,22.320910956287868,0.24627850870233461,22.320910956287868,0.24627850870233461,0.0,0.0,0.0,0.0
backache,prophet_1sample,,10,180,32,entropy,0.0015110158920288086,0.00015693209446637597,0.7844444444444445,0.020153730163574496,0.06388625303168849,0.018559973046774602,0.7878343402219009,0.01539556003421435,0.04592468871651838,0.01663178996719428,20.9,0.705691150575094,1813.0400000000002,44.77685116217976,1813.0400000000002,44.77685116217976,87.38008702712762,3.1466124682310856,87.38008702712762,3.1466124682310856,0.0,0.0,0.0,0.0
balance_scale,extra_tree,max_features=all,10,625,4,entropy,0.0005171918869018555,3.823761928701432e-05,0.62032,0.026783158887629353,0.09374920083936986,0.012479076166908099,0.6134185609465046,0.023595577967441043,0.12326388011280928,0.016902672808098665,139.95999999999998,1.9530488985173926,309.85999999999996,6.262938607395087,309.85999999999996,6.262938607395087,2.2140503741930484,0.04297324630661172,2.2140503741930484,0.04297324630661172,0.0,0.0,0.0,0.0
balance_scale,prophet_1sample,,10,625,4,entropy,0.0006832838058471681,2.5896430776964675e-05,0.6108800000000001,0.033184478299349514,0.09536155745047131,0.015539284430772838,0.6113474427156131,0.027879457640246793,0.11705186539441426,0.014753270284443917,127.09999999999998,1.9924858845171276,434.91999999999996,5.209376162267409,434.91999999999996,5.209376162267409,3.423028434801947,0.022772715695087275,3.423028434801947,0.022772715695087275,0.0,0.0,0.0,0.0
biomed,extra_tree,max_features=all,10,209,8,entropy,0.00034525871276855466,2.0199490663089624e-05,0.8423925667828106,0.021805277812159764,0.055120968843352026,0.018152038832022738,0.841300475973527,0.02172920893090934,0.05518961508793544,0.017605311321278294,29.800000000000004,3.001333037168651,235.20000000000005,23.6551897054325,235.20000000000005,23.6551897054325,7.8957719619076085,0.044196145080417706,7.8957719619076085,0.044196145080417706,0.0,0.0,0.0,0.0
biomed,prophet_1sample,,10,209,8,entropy,0.0006052303314208984,6.839628000403022e-05,0.8761207897793264,0.03519245024609638,0.054962495079118566,0.029562549404271474,0.8758329027872206,0.03513141640462313,0.05377588750267657,0.029057785355442928,18.18,1.946175737183053,830.76,59.46042717640028,830.76,59.46042717640028,46.670648905565656,4.093078403999249,46.670648905565656,4.093078403999249,0.0,0.0,0.0,0.0
breast_cancer,extra_tree,max_features=all,10,286,9,entropy,0.0006839275360107421,7.300491195072912e-05,0.6439503932244405,0.01331950456723884,0.047221946627944315,0.015993582821367563,0.6454307832678915,0.012490277722419436,0.04618069112297757,0.01477946833937287,93.53999999999999,2.364825574963193,451.91999999999996,12.161644625625273,451.91999999999996,12.161644625625273,4.83846227368568,0.0698506700985497,4.83846227368568,0.0698506700985497,0.0,0.0,0.0,0.0
breast_cancer,prophet_1sample,,10,286,9,entropy,0.0011978721618652343,0.00019914822997170814,0.6232425892317,0.013807657279660311,0.05633318461351468,0.017041019867922457,0.6239779808118334,0.012101310928687343,0.051453454656817096,0.016181883325529365,86.96000000000001,0.8708616422830888,764.24,9.283016751035195,764.24,9.283016751035195,8.799178354947296,0.10067869305345509,8.799178354947296,0.10067869305345509,0.0,0.0,0.0,0.0
bupa,extra_tree,max_features=all,10,345,5,entropy,0.000691533088684082,4.4542901584451066e-05,0.5440579710144928,0.03212164444744355,0.05228899918458165,0.014770968324846069,0.538751400031518,0.031158662005903667,0.05495332546755394,0.01564644830261354,128.14000000000001,3.9960480477591847,621.44,16.702526754955386,621.44,16.702526754955386,4.8514057195622105,0.039508508509275855,4.8514057195622105,0.039508508509275855,0.0,0.0,0.0,0.0
bupa,prophet_1sample,,10,345,5,entropy,0.0017684459686279296,0.00018477846325741753,0.5417391304347826,0.017747558857787397,0.0387222839634521,0.012940688978104239,0.5370032133116395,0.01687728415487989,0.042154764087134,0.013630616906191077,109.92,2.3819319889535073,1726.42,86.69142748853547,1726.42,86.69142748853547,15.741473924363032,0.983074231791274,15.741473924363032,0.983074231791274,0.0,0.0,0.0,0.0
calendarDOW,extra_tree,max_features=all,10,399,32,entropy,0.0009160375595092774,6.990515372111872e-05,0.5524462025316456,0.012708476609883333,0.1909339779829455,0.013719468750596379,0.5440357688191668,0.014373312296311865,0.18017740655766895,0.014556797546161413,109.18000000000002,1.669610733075227,2006.5199999999998,37.58086747269143,2006.5199999999998,37.58086747269143,18.43737475207981,0.45111104577837247,18.43737475207981,0.45111104577837247,0.0,0.0,0.0,0.0
calendarDOW,prophet_1sample,,10,399,32,entropy,0.0019008159637451173,0.00019990192535087093,0.5444398734177215,0.013351618352326476,0.18526132353093977,0.013871460491188212,0.5368110618524305,0.01582213748252032,0.17329304599020706,0.017917295192202524,111.24000000000001,1.8391302292116218,3880.6,133.92200715341747,3880.6,133.92200715341747,35.10831225637996,1.5259526147981364,35.10831225637996,1.5259526147981364,0.0,0.0,0.0,0.0
car_evaluation,extra_tree,max_features=all,10,1728,6,entropy,0.0008551549911499024,0.0002031434334424892,0.8507284912457067,0.018989696879885776,0.05046013050486833,0.017423438165668746,0.8452657657207429,0.0222804257384793,0.05906698355122954,0.02329588846812104,83.78,4.571608032191737,270.4599999999999,8.137837550602738,270.4599999999999,8.137837550602738,3.250590602933582,0.08582146602627963,3.250590602933582,0.08582146602627963,0.0,0.0,0.0,0.0
car_evaluation,prophet_1sample,,10,1728,6,entropy,0.001923699378967285,0.0007616990014219273,0.8395786210940772,0.011094803168859838,0.06036957277502687,0.01445324008558763,0.8292481854838419,0.016440058788910725,0.07920354948847308,0.02113789126195408,69.76,1.6365818036383015,349.64,5.1581391993625,349.64,5.1581391993625,5.036844853201011,0.07046781315110551,5.036844853201011,0.07046781315110551,0.0,0.0,0.0,0.0
cars,extra_tree,max_features=all,10,392,8,entropy,0.0004829978942871094,9.803696782384115e-05,0.9093735800064915,0.027983809291050276,0.03298601986256712,0.0106818325819341,0.9092305200957524,0.028039197572163815,0.033060144509850564,0.010597866984623772,42.660000000000004,8.619535950386192,313.98,57.43758003258843,313.98,57.43758003258843,7.406283196584036,0.20080462947205965,7.406283196584036,0.20080462947205965,0.0,0.0,0.0,0.0
cars,prophet_1sample,,10,392,8,entropy,0.000960240364074707,0.0001491357866553773,0.8364719246997728,0.026267796952179477,0.03616002103958042,0.01262758626224418,0.834668816303824,0.027737307405062868,0.03672078038243963,0.014647978588079777,49.78,4.022387350815434,1574.62,79.98992186519496,1574.62,79.98992186519496,32.61938084277725,3.9974448304994232,32.61938084277725,3.9974448304994232,0.0,0.0,0.0,0.0
chess,extra_tree,max_features=all,10,3196,36,entropy,0.0021026706695556644,0.000651203917385644,0.9967452073552426,0.00072964064064325,0.002737791150725755,0.0002956059170853355,0.9967450524740162,0.0007296675573398517,0.0027380185499198276,0.00029560934329048784,42.8,1.3594116374373142,793.84,17.295964847327813,793.84,17.295964847327813,18.564229369615774,0.20222534448127114,18.564229369615774,0.20222534448127114,0.0,0.0,0.0,0.0
chess,prophet_1sample,,10,3196,36,entropy,0.0030765914916992187,0.0002621626999540841,0.9969018974960877,0.0003267701567734238,0.002336757419396593,0.00025715871277683257,0.9969017632868274,0.0003267220322264957,0.002336964223227162,0.00025711021351355374,41.3,0.09999999999999788,786.78,0.45122056690712886,786.78,0.45122056690712886,19.05158425720621,0.04468553103236701,19.05158425720621,0.04468553103236701,0.0,0.0,0.0,0.0
churn,extra_tree,max_features=all,10,5000,20,entropy,0.004160728454589844,0.00012092885681661075,0.9190200000000001,0.005512494897956789,0.007378771747981613,0.002016364920144264,0.9191596477052603,0.005262225554717113,0.007299950966793464,0.0020030857099696186,334.84000000000003,11.653257055433036,5866.219999999999,129.93054914068503,5866.219999999999,129.93054914068503,17.527598391779126,0.3061453835551099,17.527598391779126,0.3061453835551099,0.0,0.0,0.0,0.0
churn,prophet_1sample,,10,5000,20,entropy,0.1304606580734253,0.004787566964577652,0.9163600000000001,0.003559550533424115,0.007563747130629036,0.0024309934890700646,0.9164793106908435,0.0033786787704855434,0.007075170579774896,0.0023333004719675488,271.91999999999996,4.347136988869803,84082.34,2198.1258800168835,84082.34,2198.1258800168835,310.1239497098858,10.674458350166715,310.1239497098858,10.674458350166715,0.0,0.0,0.0,0.0
clean1,extra_tree,max_features=all,10,476,168,entropy,0.000957036018371582,0.00021059161116013334,0.9032500000000002,0.05178388320870082,0.1255097201470821,0.059378570953329234,0.8875868465222989,0.059559944075321246,0.15225512122855867,0.07540666899386612,4.380000000000001,2.3587284710199263,735.4399999999999,395.5069031003125,735.4399999999999,395.5069031003125,167.96033333333335,0.06132699242584386,167.96033333333335,0.06132699242584386,0.0,0.0,0.0,0.0
clean1,prophet_1sample,,10,476,168,entropy,0.005028634071350097,0.0008277896946063428,0.9168048245614034,0.028444390951747982,0.12090063044840997,0.0269475891362265,0.9077933131270886,0.033384070541099674,0.13557434531280388,0.03811408346675311,2.64,0.6740919818541087,4687.68,2902.9002369354685,4687.68,2902.9002369354685,3285.5350000000008,3218.853447094426,3285.5350000000008,3218.853447094426,0.0,0.0,0.0,0.0
cloud,extra_tree,max_features=all,10,108,7,entropy,0.0005696630477905274,7.375563595137122e-05,0.3077922077922078,0.03892976137508585,0.08618810861371319,0.030718755540978936,0.2880478147267279,0.04124867437167273,0.08935241382563897,0.03176878246638747,47.46,2.8369702148595084,322.03999999999996,18.559698273409513,322.03999999999996,18.559698273409513,6.793020242124159,0.036569380510183644,6.793020242124159,0.036569380510183644,0.0,0.0,0.0,0.0
cloud,prophet_1sample,,10,108,7,entropy,0.0009204101562500001,0.00016990771355379525,0.46259740259740256,0.060365384828874616,0.18138531787429382,0.04005751324629001,0.40868665818376104,0.059398380313042974,0.19337403590077348,0.05072875394345728,26.22,1.1294246322796402,459.64,54.67224524381635,459.64,54.67224524381635,17.46970489142388,1.5699321844163001,17.46970489142388,1.5699321844163001,0.0,0.0,0.0,0.0
coil2000,extra_tree,max_features=all,10,9822,85,entropy,0.022925286293029788,0.0008743535224278303,0.9056612459383405,0.0012357812962970017,0.005614558273940218,0.0013061436640087586,0.901371022264355,0.0007627950660767077,0.003661003716987048,0.0009465092708406672,668.6800000000001,19.972020428589595,33256.520000000004,817.9946170972028,33256.520000000004,817.9946170972028,49.768673696223104,0.4731654653113924,49.768673696223104,0.4731654653113924,0.0,0.0,0.0,0.0
coil2000,prophet_1sample,,10,9822,85,entropy,0.08035127639770509,0.0033635206767999174,0.9033802749749953,0.0022736927633279034,0.004690444643086725,0.001824459738094536,0.9002931210953976,0.0016771644519134258,0.003128757021722291,0.001492207008912145,703.54,18.28836788781328,69194.59999999999,1346.0182881372752,69194.59999999999,1346.0182881372752,98.53633178691084,1.0096040304053233,98.53633178691084,1.0096040304053233,0.0,0.0,0.0,0.0
collins,extra_tree,max_features=all,10,485,23,entropy,0.000648016929626465,6.558105777624847e-05,0.9630927835051546,0.02454301210296746,0.05083867002370842,0.031231800764152034,0.9605088832232971,0.026309735358770254,0.05507956628194062,0.03367038512596933,14.139999999999997,1.2682271089990147,311.08000000000004,27.90099639797834,311.08000000000004,27.90099639797834,22.0,0.0,22.0,0.0,0.0,0.0,0.0,0.0
collins,prophet_1sample,,10,485,23,entropy,0.0028072023391723638,0.00044609064923426114,0.834020618556701,0.012983143498087558,0.20418874387319624,0.015340252055726039,0.8357655682764271,0.011985220247033725,0.20200413516515164,0.01426956093088923,15.38,1.5374004032782087,1458.8799999999999,246.38021349126234,1458.8799999999999,246.38021349126234,97.27744713782948,23.26742037694042,97.27744713782948,23.26742037694042,0.0,0.0,0.0,0.0
confidence,extra_tree,max_features=all,10,72,3,entropy,0.00033276081085205074,4.4359078281827364e-05,0.7483809523809524,0.03510347515921989,0.1424450291489149,0.03724562793156384,0.7249950113378685,0.039036210323817426,0.15479329701230557,0.035303524965210796,17.479999999999997,0.7807688518377253,52.44000000000001,2.3423065555131766,52.44000000000001,2.3423065555131766,3.0,0.0,3.0,0.0,0.0,0.0,0.0,0.0
confidence,prophet_1sample,,10,72,3,entropy,0.00041469097137451175,0.00010939349883011365,0.724,0.02408526049771169,0.17047303965334043,0.021115906962780834,0.6968498866213152,0.02816602176672826,0.189971553719951,0.020731675707257563,14.16,0.52,173.02000000000004,18.9693331458963,173.02000000000004,18.9693331458963,12.653341429038797,1.668045257785952,12.653341429038797,1.668045257785952,0.0,0.0,0.0,0.0
corral,extra_tree,max_features=all,10,160,6,entropy,0.0005184316635131836,7.437887839476256e-05,0.975,0.0,0.049999999999999996,0.0,0.975,0.0,0.049999999999999996,0.0,9.599999999999998,1.7763568394002505e-15,38.2,0.0,38.2,0.0,4.096923076923078,0.0,4.096923076923078,0.0,0.0,0.0,0.0,0.0
corral,prophet_1sample,,10,160,6,entropy,0.0006432676315307617,0.00016194210443106228,0.975,0.0,0.049999999999999996,0.0,0.975,0.0,0.049999999999999996,0.0,9.599999999999998,1.7763568394002505e-15,38.2,0.0,38.2,0.0,4.096923076923078,0.0,4.096923076923078,0.0,0.0,0.0,0.0,0.0
dermatology,extra_tree,max_features=all,10,366,34,entropy,0.0006615447998046875,9.347338533128734e-05,0.9213846723435765,0.014816864059073911,0.041102310665774314,0.012765940713521603,0.9220317797643378,0.01468320965927616,0.03997391488702453,0.01179637129278964,20.660000000000004,0.9718024490605076,440.9,23.291758198985328,440.9,23.291758198985328,21.356300680608182,0.5574602684022372,21.356300680608182,0.5574602684022372,0.0,0.0,0.0,0.0
dermatology,prophet_1sample,,10,366,34,entropy,0.0015224409103393555,0.0003510817985730789,0.9090966308774527,0.010011411641062519,0.03702192808852482,0.009354691827224803,0.9099061902480298,0.009775533966871315,0.035451761151022464,0.008158437439976145,17.5,0.9929753269845131,869.04,77.55502820578432,869.04,77.55502820578432,50.112629863342704,3.454740960747054,50.112629863342704,3.454740960747054,0.0,0.0,0.0,0.0
dis,extra_tree,max_features=all,10,3772,29,entropy,0.0016701030731201172,0.0001241480302296537,0.9800894830221161,0.0026308747560044843,0.005706196217208387,0.0013034551781898882,0.9803677906569505,0.002454056588475047,0.00567527600000887,0.0012663963602139129,76.54,6.464085395475529,1095.88,96.67157596729244,1095.88,96.67157596729244,14.324502610195534,0.30786232286878495,14.324502610195534,0.30786232286878495,0.0,0.0,0.0,0.0
dis,prophet_1sample,,10,3772,29,entropy,0.009641165733337401,0.0007985021313321319,0.9796655365643719,0.0022990773732619206,0.0038595188602188655,0.00142073233442835,0.9790624890660273,0.002084325398010614,0.003991324200632888,0.0014511189356731075,62.8,3.484824242339922,5888.28,300.90636683194333,5888.28,300.90636683194333,94.56261829595645,3.7369182276102473,94.56261829595645,3.7369182276102473,0.0,0.0,0.0,0.0
dna,extra_tree,max_features=all,10,3186,180,entropy,0.015479855537414553,0.0015130117848476102,0.9142458034576262,0.0016055395703689773,0.00820757688731028,0.00113863234351471,0.9144592231921529,0.0016111596792827347,0.008301884578566104,0.0011187869737328108,140.28,0.18330302779823557,21345.44,21.91653257246694,21345.44,21.91653257246694,152.1960820342179,0.1419455455155533,152.1960820342179,0.1419455455155533,0.0,0.0,0.0,0.0
dna,prophet_1sample,,10,3186,180,entropy,0.026051049232482908,0.000754053930050661,0.9142458034576262,0.0016055395703689773,0.00820757688731028,0.00113863234351471,0.9144592231921529,0.0016111596792827347,0.008301884578566104,0.0011187869737328108,141.08,0.18330302779822816,21345.44,21.91653257246694,21345.44,21.91653257246694,151.34443682379205,0.14050556908255726,151.34443682379205,0.14050556908255726,0.0,0.0,0.0,0.0
ecoli,extra_tree,max_features=all,10,327,7,entropy,0.00041092395782470697,3.688303238987867e-05,0.7762937062937063,0.014040735992539594,0.04682927392416905,0.02144520153927815,0.7740491913966144,0.01414837636556349,0.04455930457622381,0.01867992778564309,68.86,2.4916661092530057,350.98,11.516058353447162,350.98,11.516058353447162,5.098442360238137,0.03395476627004673,5.098442360238137,0.03395476627004673,0.0,0.0,0.0,0.0
ecoli,prophet_1sample,,10,327,7,entropy,0.0007315349578857421,4.3180700714565e-05,0.7883403263403264,0.009716146762683104,0.0315982185405085,0.008090297375494557,0.786357231186287,0.009389093022486524,0.031167439787741013,0.007013942172572687,55.05999999999999,1.627390549315068,1187.7400000000002,48.163475788194546,1187.7400000000002,48.163475788194546,21.657266172416108,0.6898129142039993,21.657266172416108,0.6898129142039993,0.0,0.0,0.0,0.0
flags,extra_tree,max_features=all,10,178,43,entropy,0.0005437326431274414,2.6121132997927737e-05,0.38430158730158726,0.01932463249360383,0.07433644873703776,0.01649581890877568,0.3813058012265579,0.021795040629459243,0.07130095605338486,0.017064827544301282,68.17999999999999,1.2536347155371852,1185.08,19.47042886019719,1185.08,19.47042886019719,17.40912567338275,0.18884072844297423,17.40912567338275,0.18884072844297423,0.0,0.0,0.0,0.0
flags,prophet_1sample,,10,178,43,entropy,0.0007513427734375,1.7735224624166075e-05,0.3803333333333333,0.015130314928354663,0.09033774686726465,0.016308117017802822,0.37250532580888535,0.014972898590658916,0.08259161730076865,0.01705315827361639,67.41999999999999,0.6095900261651287,1459.68,9.112277432124216,1459.68,9.112277432124216,21.728537183353104,0.12385934163940708,21.728537183353104,0.12385934163940708,0.0,0.0,0.0,0.0
glass2,extra_tree,max_features=all,10,163,9,entropy,0.0005489444732666015,9.127765497271799e-05,0.7789583333333333,0.02675439281705313,0.05835844365396632,0.01882552093305,0.7766231181691279,0.028103866141171326,0.05961822725466224,0.019463706141458544,32.32,1.8914544668059028,272.46,16.018252089413508,272.46,16.018252089413508,8.435223820670739,0.04774918740100872,8.435223820670739,0.04774918740100872,0.0,0.0,0.0,0.0
glass2,prophet_1sample,,10,163,9,entropy,0.0011223173141479493,0.00018125966313149518,0.7926515151515151,0.01826503996798635,0.04819651245982857,0.017824735249354764,0.7914161549419507,0.019111135568526724,0.04888087391437251,0.017525655568885613,24.880000000000003,1.3422369388450015,1016.9199999999998,103.44286152267833,1016.9199999999998,103.44286152267833,41.45087033704559,4.256424750190526,41.45087033704559,4.256424750190526,0.0,0.0,0.0,0.0
haberman,extra_tree,max_features=all,10,306,3,entropy,0.0005039453506469726,7.84863714392262e-05,0.6530724484399789,0.027099533745910495,0.08203847633780231,0.03350580194551771,0.6398493181473615,0.019609807203353157,0.06988802185796925,0.0321113010280408,112.35999999999999,2.1959963570097276,257.16,8.924034961832012,257.16,8.924034961832012,2.290782489517369,0.05643803697221126,2.290782489517369,0.05643803697221126,0.0,0.0,0.0,0.0
haberman,prophet_1sample,,10,306,3,entropy,0.0007178544998168946,7.52636581818718e-05,0.6136594394500263,0.02653341925633351,0.13695030706736888,0.017616711483200913,0.587270819890671,0.02727307031544942,0.11334549984119487,0.025284165040295837,94.68,1.5471263684650975,646.78,30.918143540646156,646.78,30.918143540646156,6.848672297271854,0.341171842858161,6.848672297271854,0.341171842858161,0.0,0.0,0.0,0.0
hayes_roth,extra_tree,max_features=all,10,160,4,entropy,0.0003300619125366211,4.665558805328741e-05,0.8112499999999999,0.020501524333570918,0.05273360107949236,0.012516681556585248,0.8103973288590438,0.021392320922531266,0.05250879117021153,0.01238580333234041,28.139999999999997,2.5203967941576186,66.80000000000001,4.489097904924775,66.80000000000001,4.489097904924775,2.3878923337489293,0.07548590989576788,2.3878923337489293,0.07548590989576788,0.0,0.0,0.0,0.0
hayes_roth,prophet_1sample,,10,160,4,entropy,0.00041663646697998047,6.553155994372231e-05,0.828125,0.007525996611745204,0.05460521310297393,0.004274424169265921,0.8273695359432616,0.007394625861660534,0.054953133898243856,0.004266803407196434,32.34,1.3972830779766858,99.9,2.556951309665475,99.9,2.556951309665475,3.097668671656675,0.07329984116874043,3.097668671656675,0.07329984116874043,0.0,0.0,0.0,0.0
hepatitis,extra_tree,max_features=all,10,155,19,entropy,0.0005629730224609374,6.656551497032341e-05,0.7825806451612903,0.024828234070830804,0.05937662269864735,0.013375020845803588,0.7774876487011249,0.021563373747561152,0.06747554446886533,0.013709424576389323,23.500000000000004,0.7280109889280519,349.2,12.744881325457685,349.2,12.744881325457685,14.879012699052433,0.3284021589519071,14.879012699052433,0.3284021589519071,0.0,0.0,0.0,0.0
hepatitis,prophet_1sample,,10,155,19,entropy,0.0011499881744384765,0.00011821743518007843,0.7690322580645161,0.020155483034597802,0.060242801764968566,0.022726337522628752,0.7575904256991894,0.01854468028032645,0.05896708115150797,0.02216468388285969,19.240000000000002,0.5986651818838312,947.3399999999999,95.202943231814,947.3399999999999,95.202943231814,50.14544850237333,5.5845892781678605,50.14544850237333,5.5845892781678605,0.0,0.0,0.0,0.0
hypothyroid,extra_tree,max_features=all,10,3163,25,entropy,0.0016748762130737306,0.0001742257035792508,0.9666472193892854,0.0033296161308783907,0.006141058112065664,0.000947738957929738,0.967050520003804,0.003170106253565628,0.005935294166539792,0.0009137511067662473,106.88,6.392620745828739,1340.02,83.98511534789962,1340.02,83.98511534789962,12.539952086914536,0.1890065268459005,12.539952086914536,0.1890065268459005,0.0,0.0,0.0,0.0
hypothyroid,prophet_1sample,,10,3163,25,entropy,0.00677341938018799,0.00045293455190899463,0.9673741176235326,0.0021946328468255023,0.004529023530920993,0.0015957433027230254,0.9674839286398906,0.0024539464548053295,0.004256237115777325,0.0014821617576845053,83.25999999999999,2.248644035858055,4981.4,128.7615470550118,4981.4,128.7615470550118,60.2970276673078,2.096868017360675,60.2970276673078,2.096868017360675,0.0,0.0,0.0,0.0
ionosphere,extra_tree,max_features=all,10,351,34,entropy,0.0006907892227172852,0.00011287350843311098,0.8801649899396379,0.01597547450499144,0.055769053292204204,0.01292270402412339,0.8778212354896073,0.01614387836068607,0.058036976072808236,0.013901484399338592,27.860000000000003,2.460975416374572,890.0599999999998,77.58262949913464,890.0599999999998,77.58262949913464,31.954573592610537,0.12983128089501367,31.954573592610537,0.12983128089501367,0.0,0.0,0.0,0.0
ionosphere,prophet_1sample,,10,351,34,entropy,0.0032498741149902346,0.00018597245182365506,0.8860724346076457,0.016841990506933455,0.045008003600967336,0.018373140324985795,0.8856569849428146,0.016929321143919505,0.04519883038609975,0.01832858739545702,23.22,1.2278436382536662,6592.74,1006.250338832241,6592.74,1006.250338832241,288.8737583818086,50.68887217939315,288.8737583818086,50.68887217939315,0.0,0.0,0.0,0.0
iris,extra_tree,max_features=all,10,150,4,entropy,0.00029922485351562505,4.136001400469475e-05,0.9493333333333333,0.009521904571390469,0.029411631903112422,0.008785108480721308,0.949064477437879,0.009657247833611925,0.02965547194654799,0.009023643877077646,12.42,1.2114454176726248,47.720000000000006,4.566136222234285,47.720000000000006,4.566136222234285,3.846618724412842,0.041800918006899904,3.846618724412842,0.041800918006899904,0.0,0.0,0.0,0.0
iris,prophet_1sample,,10,150,4,entropy,0.0003594779968261718,2.447580376044106e-05,0.9366666666666668,0.00999999999999998,0.03459772169189377,0.011676086119226612,0.9364562572827481,0.010191211497949888,0.034759855454593154,0.011679927493390028,11.120000000000001,1.7780888616714294,260.66,15.057768759016055,260.66,15.057768759016055,24.579789246701008,3.8736521155356787,24.579789246701008,3.8736521155356787,0.0,0.0,0.0,0.0
irish,extra_tree,max_features=all,10,500,5,entropy,0.0003360605239868164,4.852364858424715e-05,0.9984,0.004800000000000004,0.0022449944320643666,0.0067349832961931,0.9984034193450901,0.0047897419647297875,0.0022373018026133596,0.006711905407840079,7.56,2.654505603685929,33.14,10.496113566458778,33.14,10.496113566458778,4.482992063492064,0.29404197893183487,4.482992063492064,0.29404197893183487,0.0,0.0,0.0,0.0
irish,prophet_1sample,,10,500,5,entropy,0.000442972183227539,5.72113300034887e-05,0.9994,0.0012806248474865416,0.0008898979485566363,0.001791111844959632,0.999399248366325,0.0012822073695882953,0.0008910235438561546,0.001793365809828592,4.0600000000000005,1.58,211.78000000000003,35.213798431864745,211.78000000000003,35.213798431864745,60.01871428571428,13.669663157978976,60.01871428571428,13.669663157978976,0.0,0.0,0.0,0.0
kr_vs_kp,extra_tree,max_features=all,10,3196,36,entropy,0.0018777608871459964,0.00016263876799055686,0.974409428794992,0.004921184449104799,0.015306680407604314,0.0034377313473683887,0.9743752591471708,0.004930197013562411,0.01534288585281631,0.003441878836649391,43.68000000000001,0.705407683541936,794.32,9.560836783461983,794.32,9.560836783461983,18.22867149918485,0.14455152418921033,18.22867149918485,0.14455152418921033,0.0,0.0,0.0,0.0
kr_vs_kp,prophet_1sample,,10,3196,36,entropy,0.0030750179290771483,0.0002460118873511068,0.9791637323943663,0.0016691444915146595,0.010641621175118167,0.0011148869062086216,0.9791529165131397,0.0016689241048316696,0.010652762603681414,0.0011141813903077767,43.18,0.10770329614269016,802.12,1.5263027222671028,802.12,1.5263027222671028,18.607108663285953,0.05445886781370001,18.607108663285953,0.05445886781370001,0.0,0.0,0.0,0.0
krkopt,extra_tree,max_features=all,10,28056,6,entropy,0.013550930023193358,0.000729182278889045,0.12714747835842766,0.017136199797665598,0.03577047518010969,0.015135124033999423,0.11802741116689286,0.017368204152161424,0.03627330782353168,0.014473980388229281,8125.579999999999,145.68413640475777,15881.420000000002,233.57312259761366,15881.420000000002,233.57312259761366,1.9566910687103842,0.026589775337264566,1.9566910687103842,0.026589775337264566,0.0,0.0,0.0,0.0
krkopt,prophet_1sample,,10,28056,6,entropy,0.03074558258056641,0.0010228362281892037,0.11699979853238592,0.013564394343119634,0.029558995212709098,0.007836615070692367,0.11073781061080831,0.013966896130501876,0.025123835902057683,0.011710753756792874,5661.58,90.7581158905362,24288.3,330.9513227047145,24288.3,330.9513227047145,4.2925500764648366,0.021462369413294734,4.2925500764648366,0.021462369413294734,0.0,0.0,0.0,0.0
labor,extra_tree,max_features=all,10,57,16,entropy,0.0002970457077026367,1.6361883858399428e-05,0.859848484848485,0.04378368439594532,0.10698188740957752,0.03613259569306691,0.8604959615547851,0.042834978003903644,0.10606470540796245,0.03568933898862923,7.659999999999999,0.5936328831862332,111.1,9.044445809445707,111.1,9.044445809445707,14.551420634920635,0.36318351507339025,14.551420634920635,0.36318351507339025,0.0,0.0,0.0,0.0
labor,prophet_1sample,,10,57,16,entropy,0.00031974792480468753,8.278041389999895e-06,0.8245454545454545,0.03025602414801354,0.07721432456070731,0.03453515877925444,0.8238311840664782,0.031497826702721575,0.07615763424580071,0.0335616928108543,6.16,0.23323807579381206,210.4,14.053327008221219,210.4,14.053327008221219,34.38747619047619,2.6971690189072866,34.38747619047619,2.6971690189072866,0.0,0.0,0.0,0.0
led24,extra_tree,max_features=all,10,3200,24,entropy,0.005149703025817871,0.00011222729880530298,0.57315625,0.002869049548630998,0.013109409956915263,0.0043479983131932505,0.5747517482805401,0.0029514010228297986,0.012281552189393492,0.00433543419128572,866.4,0.7848566748139566,11362.539999999999,13.918634990544222,11362.539999999999,13.918634990544222,13.114842138833316,0.010140343161142477,13.114842138833316,0.010140343161142477,0.0,0.0,0.0,0.0
led24,prophet_1sample,,10,3200,24,entropy,0.00786388874053955,0.0001563019691251974,0.57315625,0.002869049548630998,0.013109409956915263,0.0043479983131932505,0.5747517482805401,0.0029514010228297986,0.012281552189393492,0.00433543419128572,866.4,0.7848566748139566,11362.539999999999,13.918634990544222,11362.539999999999,13.918634990544222,13.114842138833316,0.010140343161142477,13.114842138833316,0.010140343161142477,0.0,0.0,0.0,0.0
led7,extra_tree,max_features=all,10,3200,7,entropy,0.0008541822433471679,7.55287939829101e-05,0.7318750000000002,1.1102230246251565e-16,0.00781874750199801,0.0,0.7291579572782947,0.0,0.006945070558168553,0.0,106.4,0.0,223.6,0.0,223.6,0.0,2.1018072329263258,0.0,2.1018072329263258,0.0,0.0,0.0,0.0,0.0
led7,prophet_1sample,,10,3200,7,entropy,0.0010198640823364258,2.846280460528252e-05,0.7318750000000002,1.1102230246251565e-16,0.00781874750199801,0.0,0.7291579572782947,0.0,0.006945070558168553,0.0,185.40000000000003,2.842170943040401e-14,223.6,0.0,223.6,0.0,1.2061148251976712,0.0,1.2061148251976712,0.0,0.0,0.0,0.0,0.0
letter,extra_tree,max_features=all,10,20000,16,entropy,0.018053169250488284,0.0005214415160446564,0.860355,0.0024374628202292565,0.005019810074010743,0.0011642623505294372,0.8604378715459067,0.0024433180055273684,0.005007717312712647,0.0011239514833108243,2420.6400000000003,28.99514442109229,34023.020000000004,397.7275896892241,34023.020000000004,397.7275896892241,14.056172916103804,0.03479236532839725,14.056172916103804,0.03479236532839725,0.0,0.0,0.0,0.0
letter,prophet_1sample,,10,20000,16,entropy,0.06497071266174317,0.0017616618809676607,0.8564399999999999,0.0034886816994389503,0.005167092248173413,0.0023909533033638066,0.8565535138126213,0.0035088719544560335,0.005158707597158311,0.0023937263101127338,2155.2799999999997,35.54199769287034,76490.76,1383.083406884775,76490.76,1383.083406884775,35.49529021012769,0.24444852037100617,35.49529021012769,0.24444852037100617,0.0,0.0,0.0,0.0
lupus,extra_tree,max_features=all,10,87,3,entropy,0.0003103113174438477,5.8125765227685115e-05,0.6814379084967321,0.030421589515234573,0.0904039332143746,0.017155162653413072,0.6723859562245684,0.03104173496549317,0.093961311963097,0.020724437351387997,34.400000000000006,1.031503756658209,82.64,3.7945223678349795,82.64,3.7945223678349795,2.4043201336982323,0.07938843433682223,2.4043201336982323,0.07938843433682223,0.0,0.0,0.0,0.0
lupus,prophet_1sample,,10,87,3,entropy,0.0003460741043090821,2.258263779752691e-05,0.6705228758169935,0.01985562396139495,0.09031723644758291,0.018791310369157925,0.6607630791233563,0.020973244664502892,0.09862832215511952,0.018709521594853784,28.059999999999995,1.5311433636338565,186.88,15.918341622166551,186.88,15.918341622166551,6.779346023229809,0.8634667532293743,6.779346023229809,0.8634667532293743,0.0,0.0,0.0,0.0
lymphography,extra_tree,max_features=all,10,148,18,entropy,0.00035701274871826174,1.6902830739843525e-05,0.7818850574712644,0.016641455366907146,0.03345970901594152,0.009762606631310079,0.7746964209306528,0.017945632054265203,0.03570923581971546,0.008613111624419807,25.06,0.7378346698278685,307.52,10.163542689436591,307.52,10.163542689436591,12.307243812631075,0.25605554527559776,12.307243812631075,0.25605554527559776,0.0,0.0,0.0,0.0
lymphography,prophet_1sample,,10,148,18,entropy,0.00046006202697753903,3.0340753819815194e-05,0.7871494252873563,0.01892568439778842,0.039641941935888755,0.018587457684248444,0.7797285884184035,0.018011119933921873,0.04322495938484297,0.018639310643182375,22.979999999999997,0.7068238818828915,459.3,10.53422991964767,459.3,10.53422991964767,20.09752368954039,0.2977120522575257,20.09752368954039,0.2977120522575257,0.0,0.0,0.0,0.0
magic,extra_tree,max_features=all,10,19020,10,entropy,0.012828831672668456,0.0001636218672387313,0.8171976866456362,0.0016437874068381754,0.005583753864589433,0.0018827307756432675,0.81575589907285,0.0016527064254516217,0.005634314915064323,0.001810442584836971,2298.04,97.17439168834558,22976.96,970.9237407747326,22976.96,970.9237407747326,9.998519615105984,0.0005644278886656265,9.998519615105984,0.0005644278886656265,0.0,0.0,0.0,0.0
magic,prophet_1sample,,10,19020,10,entropy,1.5233944511413573,0.07900932805330758,0.8221503680336488,0.0026525792034523643,0.0054776460063667275,0.0014478256355772198,0.8215389132032256,0.0026446149351989426,0.005384591242079066,0.0015146904996391516,1978.8799999999999,32.057972487354824,430012.1,9204.090168289313,430012.1,9204.090168289313,217.74045234413035,7.833581127488582,217.74045234413035,7.833581127488582,0.0,0.0,0.0,0.0
mfeat_factors,extra_tree,max_features=all,10,2000,216,entropy,0.012743086814880372,0.00038809544387074775,0.8674,0.006331666447310676,0.015201487529384567,0.005202381848150458,0.8674222313251251,0.0062388340362726545,0.015175688330163606,0.005186902767578664,143.68,2.805993585167293,30913.939999999995,603.0944672271494,30913.939999999995,603.0944672271494,215.16047583321748,0.0696550075971349,215.16047583321748,0.0696550075971349,0.0,0.0,0.0,0.0
mfeat_factors,prophet_1sample,,10,2000,216,entropy,0.10146403312683105,0.007525000511759455,0.86765,0.009692909779833904,0.016106308842522808,0.004998681373049443,0.867658928687668,0.009668249506818565,0.015972568951333144,0.005116499522995933,129.64000000000001,3.80820167533181,151895.58,11420.885205779805,151895.58,11420.885205779805,1175.6709458080268,86.97716203792717,1175.6709458080268,86.97716203792717,0.0,0.0,0.0,0.0
mfeat_fourier,extra_tree,max_features=all,10,2000,76,entropy,0.006778502464294433,0.00025477889966028257,0.72315,0.00836674966758299,0.019549629860202762,0.00873281010494722,0.7231032945556115,0.008556501374051307,0.019019358129260373,0.008637613334368976,280.3,5.326349594234303,21302.8,404.802569161808,21302.8,404.802569161808,76.0,0.0,76.0,0.0,0.0,0.0,0.0,0.0
mfeat_fourier,prophet_1sample,,10,2000,76,entropy,0.07380618572235106,0.006268384712883495,0.7418,0.013098091464026353,0.017470628496869308,0.004634343526798358,0.7416628472781891,0.012849969099958844,0.017024956307153657,0.005069493075469131,247.85999999999999,4.802540994098859,152524.62,12262.28444669263,152524.62,12262.28444669263,616.9103606105951,54.456517382750995,616.9103606105951,54.456517382750995,0.0,0.0,0.0,0.0
mfeat_karhunen,extra_tree,max_features=all,10,2000,64,entropy,0.005390396118164062,8.320902629854446e-05,0.7834,0.0066060578259654916,0.018988962210199693,0.005519901645827421,0.7828086432934452,0.006619332788873247,0.018752698711991356,0.0056220559544721575,252.94,5.033527590070401,16188.16,322.14576576450565,16188.16,322.14576576450565,64.0,0.0,64.0,0.0,0.0,0.0,0.0,0.0
mfeat_karhunen,prophet_1sample,,10,2000,64,entropy,0.038633508682250975,0.001159561184308388,0.80815,0.007331609645909976,0.017618430374550655,0.002557520505706811,0.8079288759634149,0.007147948608705917,0.017629996418133488,0.002630755141001116,209.89999999999995,3.975172952212273,60792.04,3573.219799340646,60792.04,3573.219799340646,290.2244102692832,18.836809939638524,290.2244102692832,18.836809939638524,0.0,0.0,0.0,0.0
mfeat_morphological,extra_tree,max_features=all,10,2000,6,entropy,0.0010138416290283205,2.5400286063548623e-05,0.64805,0.0060185131054106885,0.015053337277888133,0.004924128024142297,0.6461672425739924,0.006021586684174153,0.01637473782459353,0.005174938607098017,590.92,13.477151034250523,1941.98,47.41277886814906,1941.98,47.41277886814906,3.286518083853847,0.028912712474855426,3.286518083853847,0.028912712474855426,0.0,0.0,0.0,0.0
mfeat_morphological,prophet_1sample,,10,2000,6,entropy,0.006931614875793457,0.0030672905233258036,0.63985,0.005962591718372131,0.01673396360830649,0.004901475487633694,0.6371895073695417,0.005705201974994189,0.017292056226754636,0.00566268520206395,551.76,11.38974977776071,12115.240000000002,1933.2336760981586,12115.240000000002,1933.2336760981586,22.003731356628577,3.3051864096643677,22.003731356628577,3.3051864096643677,0.0,0.0,0.0,0.0
mfeat_pixel,extra_tree,max_features=all,10,2000,240,entropy,0.014847679138183596,0.00018315930642950085,0.8817,0.005946427498927415,0.015505398657873376,0.0058594037632184424,0.8815906573549575,0.00616260089740119,0.015582155947520692,0.005761081295273829,137.04000000000002,2.3165491576912394,27843.28,412.4108359391155,27843.28,412.4108359391155,203.24201583097215,0.8999676417147018,203.24201583097215,0.8999676417147018,0.0,0.0,0.0,0.0
mfeat_pixel,prophet_1sample,,10,2000,240,entropy,0.03576489925384522,0.0009909704153326197,0.8744999999999999,0.004318564576337815,0.016918232262050678,0.0028936857340262903,0.8743574265678735,0.004377578430061677,0.017001409781241036,0.0029610637894700374,127.5,1.3949910393977447,56089.659999999996,1147.587441722852,56089.659999999996,1147.587441722852,440.1884477797906,9.16217336423072,440.1884477797906,9.16217336423072,0.0,0.0,0.0,0.0
mfeat_zernike,extra_tree,max_features=all,10,2000,47,entropy,0.005199418067932129,0.00011330139355532898,0.6484,0.007105631569396209,0.024106286890367135,0.0069524767068515495,0.6508721783123678,0.007102096689769827,0.024151240503998573,0.007323589040115068,417.62,11.38189790852123,19476.22,523.7572220027137,19476.22,523.7572220027137,46.639136660925686,0.029047066032457776,46.639136660925686,0.029047066032457776,0.0,0.0,0.0,0.0
mfeat_zernike,prophet_1sample,,10,2000,47,entropy,0.09068314075469971,0.01333529755870885,0.6393000000000001,0.008506468127254672,0.015519212886733613,0.003681580010843355,0.6415170163592157,0.008841412043108832,0.015534689638641718,0.003714357017747817,347.86,9.601687351710632,219612.3,11152.966358148846,219612.3,11152.966358148846,634.0067909744189,48.89695508807957,634.0067909744189,48.89695508807957,0.0,0.0,0.0,0.0
mofn_3_7_10,extra_tree,max_features=all,10,1324,10,entropy,0.0007188081741333009,4.451473060041197e-05,1.0,0.0,0.0,0.0,1.0,0.0,0.0,0.0,55.0,0.0,310.0,0.0,310.0,0.0,5.636363636363638,8.881784197001252e-16,5.636363636363638,8.881784197001252e-16,0.0,0.0,0.0,0.0
mofn_3_7_10,prophet_1sample,,10,1324,10,entropy,0.0010225629806518556,7.35733777464108e-05,1.0,0.0,0.0,0.0,1.0,0.0,0.0,0.0,55.0,0.0,310.0,0.0,310.0,0.0,5.636363636363638,8.881784197001252e-16,5.636363636363638,8.881784197001252e-16,0.0,0.0,0.0,0.0
molecular_biology_promoters,extra_tree,max_features=all,10,106,57,entropy,0.00044437885284423826,4.09481035386261e-05,0.7487012987012986,0.042990413278891845,0.0894157687329721,0.02678433592299111,0.7442561145923486,0.04484851599325924,0.09259495838724126,0.027371616136231597,12.32,0.4833218389437826,684.8199999999999,23.296257210118533,684.8199999999999,23.296257210118533,55.6164107004107,0.44947305540132115,55.6164107004107,0.44947305540132115,0.0,0.0,0.0,0.0
molecular_biology_promoters,prophet_1sample,,10,106,57,entropy,0.0006286239624023438,4.3914723429379776e-05,0.7271861471861472,0.031621769132247575,0.07214076463243996,0.018753077612195496,0.7248640533558961,0.031834233274161676,0.07334625943817666,0.019310184404012203,10.78,0.6289674077406557,1061.98,23.34959528557187,1061.98,23.34959528557187,99.66017077367077,6.483942381435411,99.66017077367077,6.483942381435411,0.0,0.0,0.0,0.0
monk1,extra_tree,max_features=all,10,556,6,entropy,0.00041364669799804683,0.0001049617778244963,0.9875675675675677,0.0066666666666666706,0.0181330218287718,0.00917316812185737,0.9875480076403234,0.0066833256372241774,0.01816242158382441,0.00919084904815507,27.48,8.688014732952517,111.4,24.05826261391292,111.4,24.05826261391292,4.311555821732004,0.409467520924478,4.311555821732004,0.409467520924478,0.0,0.0,0.0,0.0
monk1,prophet_1sample,,10,556,6,entropy,0.0004745054244995117,2.0488471984010988e-05,0.9981981981981981,0.005405405405405417,0.00279133934861796,0.00837401804585388,0.9981914449502913,0.005425665149126346,0.0028040784202275565,0.00841223526068267,32.739999999999995,6.074899176118069,145.7,15.748587238225532,145.7,15.748587238225532,5.185928848560964,0.28550936764867574,5.185928848560964,0.28550936764867574,0.0,0.0,0.0,0.0
monk2,extra_tree,max_features=all,10,601,6,entropy,0.00041513919830322266,2.276086612951788e-05,0.9271666666666667,0.018074690715042554,0.04955044782670763,0.013673892730124341,0.9280737422492704,0.01781985823264144,0.04891996339386736,0.013491819759563749,69.74,8.865235473466004,216.87999999999997,18.638283182739773,216.87999999999997,18.638283182739773,3.1452542527871112,0.1403965976963027,3.1452542527871112,0.1403965976963027,0.0,0.0,0.0,0.0
monk2,prophet_1sample,,10,601,6,entropy,0.0005494594573974609,3.482272913864712e-05,0.9363333333333334,0.005364492313143692,0.04362080046032782,0.0048308258415488275,0.9371285409717135,0.005288293276043855,0.04316043606566909,0.004672615512035109,53.379999999999995,3.7239226629993283,266.28000000000003,8.907614720002202,266.28000000000003,8.907614720002202,5.112294451194763,0.15313094599427354,5.112294451194763,0.15313094599427354,0.0,0.0,0.0,0.0
monk3,extra_tree,max_features=all,10,554,6,entropy,0.0003486156463623047,1.4537512987130071e-05,0.9594266994266996,0.003968077139862171,0.026444260977357893,0.003418661974224999,0.9593076953155004,0.003993102849174536,0.026561909820028734,0.0034546208921165653,24.6,0.9165151389911683,83.36,5.155036372325609,83.36,5.155036372325609,3.479163314154101,0.131887245088845,3.479163314154101,0.131887245088845,0.0,0.0,0.0,0.0
monk3,prophet_1sample,,10,554,6,entropy,0.00042070865631103514,3.336196518907842e-05,0.9534479934479932,0.003302757257625853,0.019786066498099053,0.003601462518799327,0.9533317622156199,0.0033273422661226184,0.01985330172661703,0.0036212647859715165,24.76,0.23323807579381228,97.24,2.740510901273702,97.24,2.740510901273702,4.1159535212592715,0.10669422329221816,4.1159535212592715,0.10669422329221816,0.0,0.0,0.0,0.0
movement_libras,extra_tree,max_features=all,10,360,90,entropy,0.0019221544265747071,4.5751963756587695e-05,0.5327777777777778,0.02815850199438711,0.12175860569459096,0.021274861153175628,0.518807616558326,0.03261481465375285,0.12365858789213688,0.024392124059669316,80.72,1.49184449591772,7260.160000000001,133.50496020747684,7260.160000000001,133.50496020747684,89.94268602333648,0.01988684510746501,89.94268602333648,0.01988684510746501,0.0,0.0,0.0,0.0
movement_libras,prophet_1sample,,10,360,90,entropy,0.010047907829284669,0.00030436156063980873,0.5011111111111111,0.024570382652773323,0.11666023712208635,0.023372061786445922,0.48687676849109796,0.025009716591802986,0.11822568514168477,0.025545603778418666,75.26,1.193482299826856,36301.59999999999,618.9753597680609,36301.59999999999,618.9753597680609,482.4819097807155,14.699237213068127,482.4819097807155,14.699237213068127,0.0,0.0,0.0,0.0
mushroom,extra_tree,max_features=all,10,8124,22,entropy,0.0028705978393554687,0.0002763656985909184,1.0,0.0,0.0,0.0,1.0,0.0,0.0,0.0,14.819999999999999,2.519444383192453,246.9,38.071853120120124,246.9,38.071853120120124,16.71643783976601,0.4549855498971375,16.71643783976601,0.4549855498971375,0.0,0.0,0.0,0.0
mushroom,prophet_1sample,,10,8124,22,entropy,0.004839787483215332,0.0010180737349170976,1.0,0.0,0.0,0.0,1.0,0.0,0.0,0.0,10.32,1.7690675509996785,435.91999999999996,82.13833209896582,435.91999999999996,82.13833209896582,42.267148989898985,2.434598463080795,42.267148989898985,2.434598463080795,0.0,0.0,0.0,0.0
mux6,extra_tree,max_features=all,10,128,6,entropy,0.0002892827987670898,1.0231664363024703e-05,1.0,0.0,0.0,0.0,1.0,0.0,0.0,0.0,21.6,0.20000000000000107,65.4,0.19999999999999576,65.4,0.19999999999999576,3.0767058823529414,0.016000000000000014,3.0767058823529414,0.016000000000000014,0.0,0.0,0.0,0.0
mux6,prophet_1sample,,10,128,6,entropy,0.00031419754028320316,1.4539026906727329e-05,1.0,0.0,0.0,0.0,1.0,0.0,0.0,0.0,21.6,0.20000000000000107,65.4,0.19999999999999576,65.4,0.19999999999999576,3.0767058823529414,0.016000000000000014,3.0767058823529414,0.016000000000000014,0.0,0.0,0.0,0.0
new_thyroid,extra_tree,max_features=all,10,215,5,entropy,0.0003008317947387695,1.3224173145717222e-05,0.9330232558139535,0.01382890116029625,0.043924486769714194,0.014422586945745039,0.9308250873747189,0.013627161158233259,0.04712777236105723,0.014263223209169491,19.3,1.8422811946062958,95.84,9.031411849760813,95.84,9.031411849760813,4.965843234937688,0.029136629857205363,4.965843234937688,0.029136629857205363,0.0,0.0,0.0,0.0
new_thyroid,prophet_1sample,,10,215,5,entropy,0.00044370174407958984,1.4681729374995204e-05,0.9125581395348838,0.014381046356967726,0.05782682714420995,0.013501424267153,0.9101086348042713,0.015632101981761293,0.06256436628247095,0.013575127204213121,15.7,0.8820430828479984,425.18,42.66534425033976,425.18,42.66534425033976,27.82496428562837,2.5074561016716297,27.82496428562837,2.5074561016716297,0.0,0.0,0.0,0.0
nursery,extra_tree,max_features=all,10,12958,8,entropy,0.004088845252990722,0.0003594245835604964,0.9434246155972001,0.008300367489313013,0.029666306013507993,0.004954123102412795,0.9433618954055779,0.008128842833223801,0.030199806344000085,0.005115829540044079,411.1,35.523766692173844,1402.3600000000001,85.85125741653408,1402.3600000000001,85.85125741653408,3.4345625449528563,0.09697414531330206,3.4345625449528563,0.09697414531330206,0.0,0.0,0.0,0.0
nursery,prophet_1sample,,10,12958,8,entropy,0.007045764923095703,0.0002577426593456033,0.9592381629667749,0.0036752826056658775,0.025198843675969234,0.002771891617803171,0.9592231515503444,0.00371473676568557,0.025167823706449217,0.002788596721929292,277.04,6.119346370324204,1700.8400000000001,19.932445911126873,1700.8400000000001,19.932445911126873,6.157941017598432,0.06398368523438681,6.157941017598432,0.06398368523438681,0.0,0.0,0.0,0.0
optdigits,extra_tree,max_features=all,10,5620,64,entropy,0.010956439971923828,0.0004193576591891159,0.8897864768683273,0.0036615049443108516,0.013607472966857428,0.003849045315446157,0.8897621460649191,0.003536336466630854,0.013492168856249806,0.003941667577771295,376.86,6.727882281966595,17257.739999999998,315.0762453756238,17257.739999999998,315.0762453756238,45.797581397675664,0.11742183214113064,45.797581397675664,0.11742183214113064,0.0,0.0,0.0,0.0
optdigits,prophet_1sample,,10,5620,64,entropy,0.04400492191314698,0.0008246474150219933,0.8855871886120996,0.003680307227458644,0.013113794849723609,0.004140901288465575,0.8855104382374039,0.0035825867212389098,0.013172027940942327,0.004161983214030128,326.23999999999995,5.098862618270864,49420.86,436.03085257811654,49420.86,436.03085257811654,151.5732914047187,2.0326807121271737,151.5732914047187,2.0326807121271737,0.0,0.0,0.0,0.0
page_blocks,extra_tree,max_features=all,10,5473,10,entropy,0.0022095680236816407,0.00022176859107219359,0.9436650054677653,0.002887888672259309,0.014893874789221686,0.003574621618090464,0.9449233169543529,0.0023603443442103502,0.01258509484051184,0.0031806904195993716,223.54000000000002,10.341779344000722,2103.18,102.25092469019539,2103.18,102.25092469019539,9.408418077904638,0.049468351005383826,9.408418077904638,0.049468351005383826,0.0,0.0,0.0,0.0
page_blocks,prophet_1sample,,10,5473,10,entropy,0.03256969928741456,0.0031669669645107415,0.945125508168257,0.0026418631425365055,0.014672722480311665,0.002428598459609241,0.9464534547894683,0.002168726017735138,0.012449164661988981,0.0019982342860364374,183.66,2.860839037764973,16716.260000000002,1222.8248608856459,16716.260000000002,1222.8248608856459,91.20875804472489,7.192065947787951,91.20875804472489,7.192065947787951,0.0,0.0,0.0,0.0
parity5,extra_tree,max_features=all,10,32,5,entropy,0.0002741098403930664,1.171052745627904e-05,0.03333333333333333,0.0,0.06666666666666667,0.0,0.02857142857142857,0.0,0.05714285714285714,0.0,23.0,0.0,46.8,0.0,46.8,0.0,2.0359683794466408,0.0,2.0359683794466408,0.0,0.0,0.0,0.0,0.0
parity5,prophet_1sample,,10,32,5,entropy,0.0002970504760742187,3.8395496483586286e-05,0.03333333333333333,0.0,0.06666666666666667,0.0,0.02857142857142857,0.0,0.05714285714285714,0.0,23.0,0.0,46.8,0.0,46.8,0.0,2.0359683794466408,0.0,2.0359683794466408,0.0,0.0,0.0,0.0,0.0
parity5+5,extra_tree,max_features=all,10,1124,10,entropy,0.000923166275024414,6.149319723814535e-05,0.6284361111111111,0.009793982084193735,0.1508137926852746,0.014838377364513693,0.6276856811305603,0.00991256480276072,0.15093420005867325,0.01497334026963223,464.21999999999997,8.62667954661583,1276.3799999999999,16.171443967685747,1276.3799999999999,16.171443967685747,2.8009585514219255,0.02535298762223184,2.8009585514219255,0.02535298762223184,0.0,0.0,0.0,0.0
parity5+5,prophet_1sample,,10,1124,10,entropy,0.0012407922744750977,7.877321869590322e-05,0.6284361111111111,0.009793982084193735,0.1508137926852746,0.014838377364513693,0.6276856811305603,0.00991256480276072,0.15093420005867325,0.01497334026963223,464.21999999999997,8.62667954661583,1276.3799999999999,16.171443967685747,1276.3799999999999,16.171443967685747,2.8009585514219255,0.02535298762223184,2.8009585514219255,0.02535298762223184,0.0,0.0,0.0,0.0
pendigits,extra_tree,max_features=all,10,10992,16,entropy,0.007086262702941895,0.00030732168981136037,0.9560586725457554,0.0016547609647176546,0.004326313021484137,0.0013795101340084012,0.9560549044431073,0.0016786727002001162,0.004323088178647718,0.0013737831530321264,459.1,11.537504062837854,6997.539999999999,167.46116087021494,6997.539999999999,167.46116087021494,15.242398617086687,0.03479861419330724,15.242398617086687,0.03479861419330724,0.0,0.0,0.0,0.0
pendigits,prophet_1sample,,10,10992,16,entropy,0.062375869750976566,0.002195689963825365,0.9506910370790594,0.0014503744937503697,0.005159977818472664,0.0016030888700100502,0.9506841072562178,0.0014693810178036568,0.005161155194618737,0.0015971607916813403,396.1,7.515450751618298,53526.8,1255.8596545792839,53526.8,1255.8596545792839,135.32389576375783,3.4861422569956657,135.32389576375783,3.4861422569956657,0.0,0.0,0.0,0.0
penguins,extra_tree,max_features=all,10,333,7,entropy,0.0003482770919799805,3.7844967144502246e-05,0.9596562641338761,0.025254254223445825,0.03374734167825262,0.03317381823247593,0.9588585305220638,0.02664602272923905,0.035275881519721525,0.035805525621242215,15.86,1.8548315287378532,96.3,11.665761869676578,96.3,11.665761869676578,6.081502236789698,0.20753828767509594,6.081502236789698,0.20753828767509594,0.0,0.0,0.0,0.0
penguins,prophet_1sample,,10,333,7,entropy,0.0005098438262939453,4.3060839172836544e-05,0.9753233830845772,0.009209822377324655,0.01944599720269198,0.008616211375579245,0.9754073571503163,0.009176821673995444,0.01928148435363915,0.008631333106330775,10.86,0.876584280032445,483.53999999999996,98.77574803563877,483.53999999999996,98.77574803563877,45.97795401820402,11.587501975465294,45.97795401820402,11.587501975465294,0.0,0.0,0.0,0.0
phoneme,extra_tree,max_features=all,10,5404,5,entropy,0.002424139976501465,0.0001778259889270685,0.8605285572343853,0.00642944017387144,0.008405616487515043,0.0025155852880385096,0.8600283988846563,0.006325281275457076,0.008645576025780664,0.0026432681249171203,791.8599999999999,22.668047997125814,3906.1399999999994,110.10983788926397,3906.1399999999994,110.10983788926397,4.933167771320886,0.0124674930137552,4.933167771320886,0.0124674930137552,0.0,0.0,0.0,0.0
phoneme,prophet_1sample,,10,5404,5,entropy,0.02851209163665771,0.005298714814996353,0.8529974988864903,0.0022285317202094465,0.008143931779362904,0.0023112116973996663,0.8527374162373921,0.0022633748419289743,0.008286316067417218,0.002455827408668716,652.12,5.753746605473671,31559.24,1181.8759555892486,31559.24,1181.8759555892486,48.438363503220494,1.783210930747246,48.438363503220494,1.783210930747246,0.0,0.0,0.0,0.0
postoperative_patient_data,extra_tree,max_features=all,10,88,8,entropy,0.0003226518630981445,3.025704612634552e-05,0.5821568627450979,0.02317829895946926,0.06204947455902504,0.020829211287164803,0.5587936920780361,0.023124817951877454,0.045569008561019655,0.01674555345777492,32.400000000000006,0.687022561492706,143.42,2.211696181666912,143.42,2.211696181666912,4.441654520708184,0.0704308359238521,4.441654520708184,0.0704308359238521,0.0,0.0,0.0,0.0
postoperative_patient_data,prophet_1sample,,10,88,8,entropy,0.00038357257843017577,4.387644751505805e-05,0.5922222222222222,0.028677024555660763,0.057937335611279804,0.022178150950154102,0.5652984942693343,0.024886525609501133,0.04775875645198174,0.014175590710120011,35.8,0.48989794855663504,175.32,2.0103730997006504,175.32,2.0103730997006504,4.941542007538816,0.054003817665016315,4.941542007538816,0.054003817665016315,0.0,0.0,0.0,0.0
prnn_crabs,extra_tree,max_features=all,10,200,7,entropy,0.0003534889221191406,5.734840552525325e-05,0.6675000000000001,0.06205844019954094,0.14039668631908506,0.04085058715147724,0.6395400299738061,0.07553092551834674,0.1600072826244774,0.03203928640040182,28.139999999999997,1.7619307591389624,182.86,10.918259934623286,182.86,10.918259934623286,6.509573203806023,0.058329000752851905,6.509573203806023,0.058329000752851905,0.0,0.0,0.0,0.0
prnn_crabs,prophet_1sample,,10,200,7,entropy,0.0004787349700927734,4.201786548232097e-05,0.7975000000000001,0.032958306995354014,0.1483016592061857,0.037438187411950714,0.7886531210162216,0.036910831825024214,0.1586912667354426,0.04506250751887459,20.48,0.6764613810115103,439.2,26.704905916329306,439.2,26.704905916329306,21.80212649367877,1.6016573079058884,21.80212649367877,1.6016573079058884,0.0,0.0,0.0,0.0
prnn_synth,extra_tree,max_features=all,10,250,2,entropy,0.0005231094360351562,6.634308982462246e-05,0.8112,0.020846102753272634,0.04109178216687855,0.012940843803624296,0.8103345442036843,0.02093176676360259,0.041068911408366174,0.013105734085221431,60.959999999999994,2.535823337695274,121.91999999999999,5.071646675390548,121.91999999999999,5.071646675390548,2.0,0.0,2.0,0.0,0.0,0.0,0.0,0.0
prnn_synth,prophet_1sample,,10,250,2,entropy,0.001012272834777832,0.00013869440612904917,0.7964000000000001,0.023148218073968493,0.0442971234119839,0.011703198597967488,0.7950411808526444,0.02356751309902385,0.04501005626749934,0.011795251034196716,44.739999999999995,1.5074481748969022,570.9,42.32117673222237,570.9,42.32117673222237,12.915687001722782,1.079864142884607,12.915687001722782,1.079864142884607,0.0,0.0,0.0,0.0
profb,extra_tree,max_features=all,10,672,9,entropy,0.000818924903869629,8.020748117875523e-05,0.5478982863460475,0.024430357925943808,0.06108347929579631,0.021416122598550767,0.5457379218779709,0.02685986873678233,0.05925674533875826,0.02972124581336228,200.74,2.5425184365113247,1418.4,21.190375173649002,1418.4,21.190375173649002,7.069851910771639,0.0733757445089922,7.069851910771639,0.0733757445089922,0.0,0.0,0.0,0.0
profb,prophet_1sample,,10,672,9,entropy,0.002179341316223145,0.00017166178550936505,0.5889972360420122,0.017438436178249427,0.03163131622061649,0.01200685386965019,0.5895432602574374,0.017037325125372715,0.029249109817886455,0.012648371186213281,163.04000000000002,2.929573347776088,3815.4399999999996,55.443289945673335,3815.4399999999996,55.443289945673335,23.450329884626036,0.6831239127495854,23.450329884626036,0.6831239127495854,0.0,0.0,0.0,0.0
ring,extra_tree,max_features=all,10,7400,20,entropy,0.007271728515624999,0.0002659166120201642,0.8772432432432433,0.004724398539833903,0.00948428798837003,0.0026009349857255793,0.8770216273833744,0.004766613613750705,0.009532337692598005,0.0026028889443431027,468.93999999999994,21.384115600136465,9378.7,427.7129341041723,9378.7,427.7129341041723,19.999786453720354,0.00039190897143619516,19.999786453720354,0.00039190897143619516,0.0,0.0,0.0,0.0
ring,prophet_1sample,,10,7400,20,entropy,0.5326182460784912,0.027364125348982114,0.8609189189189189,0.003972972972972981,0.011573712620586842,0.0036682478790090105,0.8608365248716362,0.003990405559479794,0.011566102635089334,0.003673492852907498,449.18,11.534105947146491,312558.32,8640.348023638862,312558.32,8640.348023638862,701.5436689315756,28.971351971623594,701.5436689315756,28.971351971623594,0.0,0.0,0.0,0.0
saheart,extra_tree,max_features=all,10,462,9,entropy,0.0005458736419677734,3.884690105338348e-05,0.6259350163627864,0.019770387727224406,0.03606715437463013,0.014352361430000722,0.624702356332854,0.019818304909260807,0.036802485231311514,0.01383157083763359,126.75999999999999,2.560937328401457,1022.32,23.847045938648236,1022.32,23.847045938648236,8.065783399448744,0.06734667526520119,8.065783399448744,0.06734667526520119,0.0,0.0,0.0,0.0
saheart,prophet_1sample,,10,462,9,entropy,0.0020036458969116214,0.00012960095581861214,0.6355002337540907,0.015720069656616553,0.038674649148485715,0.00939301825120382,0.6326339643206159,0.016538940995783884,0.03978494411991937,0.0110247842014108,101.14000000000001,2.2109726366465954,5436.24,297.50188974189723,5436.24,297.50188974189723,53.91730591626056,3.405404629197902,53.91730591626056,3.405404629197902,0.0,0.0,0.0,0.0
satimage,extra_tree,max_features=all,10,6435,36,entropy,0.009142074584960937,0.00036864490333269944,0.826915306915307,0.003594953450737258,0.01615717130310934,0.0028584697437227503,0.8262242308616333,0.0034822517905865715,0.012443935945283691,0.0026405435372882707,569.5400000000001,4.752304704035709,20307.340000000004,161.13472747983272,20307.340000000004,161.13472747983272,35.65621797987728,0.03786697365666049,35.65621797987728,0.03786697365666049,0.0,0.0,0.0,0.0
satimage,prophet_1sample,,10,6435,36,entropy,0.051598458290100103,0.0021931120420441885,0.8202020202020203,0.00398382475690174,0.020682891048069363,0.003976178477533868,0.8192865838506848,0.0039055654580038342,0.015513714230012784,0.0035878021025165904,510.12,2.7959971387682123,67393.59999999999,976.6101166791169,67393.59999999999,976.6101166791169,132.27145837461688,2.073909861268195,132.27145837461688,2.073909861268195,0.0,0.0,0.0,0.0
schizo,extra_tree,max_features=all,10,340,14,entropy,0.0008867454528808593,0.000760843401832286,0.4285294117647059,0.011914487706193603,0.049132025328264405,0.011964009058351635,0.43208711188499216,0.007318626720447755,0.045738753595674767,0.01210410180449328,112.46,2.96519813840492,1470.18,31.233117039450264,1470.18,31.233117039450264,13.076705057024089,0.11786180993918614,13.076705057024089,0.11786180993918614,0.0,0.0,0.0,0.0
schizo,prophet_1sample,,10,340,14,entropy,0.0016998434066772463,0.0001555876420736103,0.4567647058823529,0.025199892898108204,0.05036969317704918,0.020101504417285802,0.4549251794247892,0.024831941331604504,0.04807570880199492,0.020922378131677632,96.54,1.3595587519485874,4698.4,184.14300964196272,4698.4,184.14300964196272,48.82986049329937,1.891422527816435,48.82986049329937,1.891422527816435,0.0,0.0,0.0,0.0
segmentation,extra_tree,max_features=all,10,2310,19,entropy,0.0012492895126342773,3.426144664907894e-05,0.9322077922077922,0.01049227772726558,0.03647619916758517,0.011770187949903383,0.93111803632735,0.010802093443086837,0.03698511231367956,0.012117188739414078,110.08,4.1339569422044065,1845.86,63.36668209713997,1845.86,63.36668209713997,16.768989397770156,0.08732833317851967,16.768989397770156,0.08732833317851967,0.0,0.0,0.0,0.0
segmentation,prophet_1sample,,10,2310,19,entropy,0.017895116806030273,0.001316643464052194,0.9257575757575758,0.005866559590552918,0.031347797304938495,0.008602612773577488,0.923757036325562,0.006226572979921036,0.032614468286765855,0.008840399931964981,84.46,1.9920843355641369,25787.14,1598.9412973589745,25787.14,1598.9412973589745,308.62581882493265,21.97414800468293,308.62581882493265,21.97414800468293,0.0,0.0,0.0,0.0
shuttle,extra_tree,max_features=all,10,58000,9,entropy,0.012589821815490721,0.001038764572462274,0.9994862068965518,5.330905115080225e-05,0.0002149268400920505,8.792242903236293e-05,0.9994622240643881,5.9142334777233676e-05,0.00021916885707595123,9.23784284838312e-05,87.67999999999999,6.717856801093634,724.6200000000001,53.97195197507682,724.6200000000001,53.97195197507682,8.27453965148834,0.10530503117885852,8.27453965148834,0.10530503117885852,0.0,0.0,0.0,0.0
shuttle,prophet_1sample,,10,58000,9,entropy,0.04556125640869141,0.004299377100901767,0.9995586206896551,8.661970129023754e-05,0.0001509194590527179,4.808842300797066e-05,0.9995379069576009,8.624031176679335e-05,0.00015686710725993446,4.82729838473837e-05,56.17999999999999,4.124512092357106,2383.6600000000003,130.26852421057055,2383.6600000000003,130.26852421057055,42.81917135395075,3.96941091393478,42.81917135395075,3.96941091393478,0.0,0.0,0.0,0.0
sonar,extra_tree,max_features=all,10,208,60,entropy,0.0008148908615112305,7.398348561295752e-05,0.7466318234610917,0.04111784506791029,0.05343171201105953,0.015242113983995487,0.7450792805626119,0.04140535586312413,0.05370187231104569,0.014751194577488221,25.76,1.6292329483533035,1545.56,97.77512158008294,1545.56,97.77512158008294,59.998518518518516,0.0029629629629653207,59.998518518518516,0.0029629629629653207,0.0,0.0,0.0,0.0
sonar,prophet_1sample,,10,208,60,entropy,0.004578909873962403,0.0005622340720713668,0.7145644599303135,0.018206715015047108,0.0573964402477984,0.016707152991362155,0.713866310041974,0.017755996236663206,0.05742967624957994,0.016475353930375834,22.979999999999997,0.8784076502399099,10421.439999999999,915.6577648881704,10421.439999999999,915.6577648881704,459.56412369797806,49.1674168484959,459.56412369797806,49.1674168484959,0.0,0.0,0.0,0.0
soybean,extra_tree,max_features=all,10,675,35,entropy,0.0010108804702758788,0.00014258340667808165,0.9158518518518519,0.007221367470787522,0.030566844102079826,0.006995197485908278,0.9140629130705669,0.00702643218964075,0.030078057365928425,0.007117664634317627,68.53999999999999,1.135077089893017,1060.1799999999998,31.653176775799295,1060.1799999999998,31.653176775799295,15.496152174443022,0.34504550655951305,15.496152174443022,0.34504550655951305,0.0,0.0,0.0,0.0
soybean,prophet_1sample,,10,675,35,entropy,0.0016469383239746094,0.0002296632776300001,0.9205925925925926,0.006006854794878019,0.024368973266922576,0.0029735091149145497,0.9182373398910894,0.006673741132392256,0.025080993463705188,0.003624269223642754,63.17999999999999,0.905317623820504,1541.78,63.69046710458324,1541.78,63.69046710458324,24.42301417358086,0.7608303634430129,24.42301417358086,0.7608303634430129,0.0,0.0,0.0,0.0
spambase,extra_tree,max_features=all,10,4601,57,entropy,0.005462274551391602,0.0003839538022498403,0.8792170608506821,0.0076558003664330835,0.06074666758700668,0.005499732731741186,0.8793517084999278,0.007673658096574367,0.05946355115149232,0.005468245937234743,255.52000000000004,18.922198603756385,9999.04,758.3266567911219,9999.04,758.3266567911219,39.16298035443576,0.75805779155717,39.16298035443576,0.75805779155717,0.0,0.0,0.0,0.0
spambase,prophet_1sample,,10,4601,57,entropy,0.042489333152771,0.004116702166774389,0.8714380163338525,0.005518975673523938,0.05061854673533198,0.006850798065185513,0.8715615719649762,0.005464680895611928,0.04947501228460985,0.006756258630342374,249.25999999999993,9.257235008359675,73803.25999999998,3079.741645073496,73803.25999999998,3079.741645073496,297.86231521060245,20.785408887633814,297.86231521060245,20.785408887633814,0.0,0.0,0.0,0.0
spect,extra_tree,max_features=all,10,267,22,entropy,0.0007666969299316406,0.0010013701117558998,0.7932285115303983,0.005755466871705459,0.06332877662259885,0.0051135180279811695,0.7945455647006512,0.004787328169466319,0.06130278092734511,0.0038351789572349296,48.459999999999994,0.28354893757515587,542.32,3.3801775101316753,542.32,3.3801775101316753,11.20547454273869,0.05124099370541188,11.20547454273869,0.05124099370541188,0.0,0.0,0.0,0.0
spect,prophet_1sample,,10,267,22,entropy,0.0005258512496948242,1.1539369574899983e-05,0.7932285115303983,0.005755466871705459,0.06332877662259885,0.0051135180279811695,0.7945455647006512,0.004787328169466319,0.06130278092734511,0.0038351789572349296,55.25999999999999,0.28354893757515626,542.32,3.3801775101316753,542.32,3.3801775101316753,9.83719432082914,0.04330858681269941,9.83719432082914,0.04330858681269941,0.0,0.0,0.0,0.0
spectf,extra_tree,max_features=all,10,349,44,entropy,0.0007684183120727539,9.53256287747663e-05,0.8887743271221533,0.012863411853530292,0.08202131091445916,0.013173644005948563,0.8904849588838687,0.01153925744662363,0.08285816168514622,0.012499536528792444,36.300000000000004,1.5779733838059498,1594.2199999999998,68.97492007969272,1594.2199999999998,68.97492007969272,43.92158495574873,0.022131039450103265,43.92158495574873,0.022131039450103265,0.0,0.0,0.0,0.0
spectf,prophet_1sample,,10,349,44,entropy,0.002728886604309082,0.00022479345509280352,0.870472049689441,0.015717364543164573,0.09114456931778406,0.013207679304589827,0.8731591611977082,0.015141584778322255,0.09153214709789226,0.013613065614862911,33.08,0.5381449618829486,6232.66,238.0904206388826,6232.66,238.0904206388826,190.38485843747654,10.30345402590085,190.38485843747654,10.30345402590085,0.0,0.0,0.0,0.0
splice,extra_tree,max_features=all,10,3188,60,entropy,0.007350096702575684,0.0005924048059778346,0.8968317889007544,0.004692647804629015,0.01025397689429622,0.003912323301223038,0.8971106075115133,0.004742795659842826,0.010264169669849303,0.003872866083942547,179.74,4.721059203187355,10014.039999999999,272.58215348771483,10014.039999999999,272.58215348771483,55.71498307087611,0.13289719018001836,55.71498307087611,0.13289719018001836,0.0,0.0,0.0,0.0
splice,prophet_1sample,,10,3188,60,entropy,0.019287257194519042,0.0004817301822327461,0.8980253736411372,0.003326952088356073,0.011177328327733669,0.004862549403144335,0.8982925634551128,0.0033631598616933596,0.010985688466545396,0.00482556636060398,160.54000000000002,2.061164719278884,17117.7,301.89931102935645,17117.7,301.89931102935645,106.66438959391164,1.2358818786043264,106.66438959391164,1.2358818786043264,0.0,0.0,0.0,0.0
tae,extra_tree,max_features=all,10,151,5,entropy,0.00032854557037353515,1.6618721769443762e-05,0.7,0.012649110640673523,0.25010588400338046,0.014845205293997044,0.6877959713344691,0.012297629254985105,0.26284669713551156,0.014264753670499094,67.62,1.6086018774078332,180.76,4.3227768852902875,180.76,4.3227768852902875,2.6832461315939717,0.055111903226045464,2.6832461315939717,0.055111903226045464,0.0,0.0,0.0,0.0
tae,prophet_1sample,,10,151,5,entropy,0.0004279708862304688,2.9564086851968485e-05,0.7000000000000001,0.014605934866804433,0.245553068015596,0.014193962304650953,0.6950224811039456,0.014944744589943795,0.2513941834346743,0.015054489335973672,60.0,1.0844353369380773,506.73999999999995,20.12402544224191,506.73999999999995,20.12402544224191,8.454847629291862,0.40537946733407043,8.454847629291862,0.40537946733407043,0.0,0.0,0.0,0.0
texture,extra_tree,max_features=all,10,5500,40,entropy,0.006889562606811524,0.00028241991972360804,0.9247636363636363,0.004969859568662999,0.006597508819065458,0.0024373440416557593,0.92475710755447,0.004895814340271776,0.006597171544319405,0.0023912895326095806,326.32000000000005,10.132403466108128,13049.28,404.82778758380715,13049.28,404.82778758380715,39.989214394537285,0.002688150334645021,39.989214394537285,0.002688150334645021,0.0,0.0,0.0,0.0
texture,prophet_1sample,,10,5500,40,entropy,0.13677787780761716,0.0126053477147947,0.9136363636363637,0.0026832815729997484,0.007448337494772315,0.003487870950964256,0.9136222102229071,0.0026671879309302007,0.007438965877798721,0.003508517522655154,286.08000000000004,9.414117058970524,195601.51999999996,4725.225508438726,195601.51999999996,4725.225508438726,685.5138720847499,30.75962245695308,685.5138720847499,30.75962245695308,0.0,0.0,0.0,0.0
threeOf9,extra_tree,max_features=all,10,512,9,entropy,0.0004048490524291992,2.7707037808956552e-05,0.9805063773082049,0.0,0.012281044051769701,1.734723475976807e-18,0.9805143120597363,0.0,0.012269559905015711,1.734723475976807e-18,28.600000000000005,3.552713678800501e-15,149.59999999999997,2.842170943040401e-14,149.59999999999997,2.842170943040401e-14,5.235545314900152,8.881784197001252e-16,5.235545314900152,8.881784197001252e-16,0.0,0.0,0.0,0.0
threeOf9,prophet_1sample,,10,512,9,entropy,0.0004857397079467774,1.960886413215358e-05,0.9805063773082049,0.0,0.012281044051769701,1.734723475976807e-18,0.9805143120597363,0.0,0.012269559905015711,1.734723475976807e-18,28.600000000000005,3.552713678800501e-15,149.59999999999997,2.842170943040401e-14,149.59999999999997,2.842170943040401e-14,5.235545314900152,8.881784197001252e-16,5.235545314900152,8.881784197001252e-16,0.0,0.0,0.0,0.0
tic_tac_toe,extra_tree,max_features=all,10,958,9,entropy,0.0006407880783081055,2.1401215032232306e-05,0.8729799301919721,0.013508874621911434,0.023812179318224068,0.009131692172776993,0.872402756012834,0.013474282458061848,0.02402366067357967,0.00931748931855424,134.0,6.947805408904308,721.72,33.29602979335525,721.72,33.29602979335525,5.397189572765061,0.1574385991461917,5.397189572765061,0.1574385991461917,0.0,0.0,0.0,0.0
tic_tac_toe,prophet_1sample,,10,958,9,entropy,0.000933561325073242,2.2674705426611964e-05,0.8798538394415358,0.00859550758026061,0.03160212781291318,0.008007219431982779,0.8794580670565303,0.008542685635189132,0.03111377641796261,0.008208964108275894,115.76000000000002,4.291200298284849,984.1800000000001,36.90218963693074,984.1800000000001,36.90218963693074,8.514096223636695,0.031738994794505135,8.514096223636695,0.031738994794505135,0.0,0.0,0.0,0.0
tokyo1,extra_tree,max_features=all,10,959,44,entropy,0.001201615333557129,0.0003490027704952239,0.9063596204188482,0.00764568575219389,0.014805068482974637,0.005674376982168704,0.9062538632764643,0.0077933995766009,0.014899007979708048,0.005839822295259595,61.67999999999999,2.0517309765171463,2410.32,76.57838859626126,2410.32,76.57838859626126,39.082206596800894,0.1128306914672026,39.082206596800894,0.1128306914672026,0.0,0.0,0.0,0.0
tokyo1,prophet_1sample,,10,959,44,entropy,0.006993556022644043,0.000549730661793209,0.8979101221640489,0.004875065604680582,0.01705882390802982,0.004421764768712686,0.8978592790285156,0.004792041366962626,0.01712546267381165,0.004432805651839789,53.379999999999995,1.2147427711248182,12594.520000000002,1305.6164343328403,12594.520000000002,1305.6164343328403,237.96115303214938,27.034641374312404,237.96115303214938,27.034641374312404,0.0,0.0,0.0,0.0
twonorm,extra_tree,max_features=all,10,7400,20,entropy,0.00653040885925293,0.00025413221725766906,0.8500405405405406,0.004109108164193299,0.009154205458080492,0.002066907721660855,0.8500245435152214,0.004107077592081812,0.009161117991627448,0.002060766139006102,658.8000000000001,6.66093086587753,13175.960000000001,133.249864540269,13175.960000000001,133.249864540269,19.999939802694158,0.00012039669919867599,19.999939802694158,0.00012039669919867599,0.0,0.0,0.0,0.0
twonorm,prophet_1sample,,10,7400,20,entropy,0.17754137039184573,0.02523036875875527,0.8333918918918919,0.0028381273983546815,0.006390798409188253,0.0021851623632121553,0.8333729273800564,0.002846348127175438,0.006393135138545859,0.0021852348723877904,555.2,4.208562700020037,220780.56,5902.583870679009,220780.56,5902.583870679009,398.0237653128722,10.812073570056802,398.0237653128722,10.812073570056802,0.0,0.0,0.0,0.0
vehicle,extra_tree,max_features=all,10,846,18,entropy,0.0011932945251464841,9.96449332875405e-05,0.6923209189001044,0.008772080724292702,0.02681917360118845,0.007542273115647275,0.6918281139670491,0.008358862747776865,0.02621098336419771,0.0074287574635274415,171.23999999999998,2.9145153971115008,2987.32,54.61693510258513,2987.32,54.61693510258513,17.444982568203322,0.06551446343433155,17.444982568203322,0.06551446343433155,0.0,0.0,0.0,0.0
vehicle,prophet_1sample,,10,846,18,entropy,0.003682737350463867,0.0002795410850878279,0.6938579881656805,0.00826173196375805,0.024857952139926934,0.010804621658459584,0.6928262122728762,0.007994175425209069,0.02406474099180806,0.011112686063503373,146.66000000000003,3.7406416561868094,8507.859999999997,466.2858355129393,8507.859999999997,466.2858355129393,58.13316894863001,3.801487786129715,58.13316894863001,3.801487786129715,0.0,0.0,0.0,0.0
vowel,extra_tree,max_features=all,10,990,13,entropy,0.0015279293060302735,0.00019580236671226802,0.4061616161616161,0.028139789811504445,0.07084724512241244,0.020241188498827927,0.39460948922047023,0.02738670507233566,0.07396506598702134,0.021433298871818465,175.72,4.687173988663101,2144.54,57.86280670689939,2144.54,57.86280670689939,12.204503725095028,0.021458185499625294,12.204503725095028,0.021458185499625294,0.0,0.0,0.0,0.0
vowel,prophet_1sample,,10,990,13,entropy,0.006566405296325684,0.0006152778896747401,0.41626262626262633,0.01878597796401569,0.09290455515057766,0.023487957521826506,0.4097033084478589,0.01954683615882086,0.09316240100699584,0.022548541059480655,150.18,4.1477222664976,9585.38,438.17564925495356,9585.38,438.17564925495356,64.09065212853626,4.021573903349409,64.09065212853626,4.021573903349409,0.0,0.0,0.0,0.0
waveform_21,extra_tree,max_features=all,10,5000,21,entropy,0.005574293136596679,0.0001328887024543071,0.7433,0.004310220411997533,0.013490214415943863,0.005470476671356971,0.7431931393776999,0.004305986099291598,0.013541748718635704,0.005473253234581384,722.2,7.720621736622008,15163.679999999998,162.5225448976233,15163.679999999998,162.5225448976233,20.996501586611405,0.0011165012290473,20.996501586611405,0.0011165012290473,0.0,0.0,0.0,0.0
waveform_21,prophet_1sample,,10,5000,21,entropy,0.08313936710357667,0.002623571457758365,0.72566,0.0055728269307416985,0.016857522432126498,0.003745922776880498,0.7255958207917097,0.005660934566530162,0.01685920625432067,0.0037252592666233383,615.1,4.979357388258044,156896.9,1986.464320847471,156896.9,1986.464320847471,255.27034450642228,4.661489213404468,255.27034450642228,4.661489213404468,0.0,0.0,0.0,0.0
waveform_40,extra_tree,max_features=all,10,5000,40,entropy,0.009481911659240724,0.00036901695709643943,0.7341999999999999,0.00650046152207675,0.01112432657692686,0.0033095858063931422,0.7341320311684032,0.006441231336180278,0.011186051035488184,0.0033013187247344813,640.6,6.388740094885699,25621.6,255.25828488023689,25621.6,255.25828488023689,39.996245271109586,0.00085232865629294,39.996245271109586,0.00085232865629294,0.0,0.0,0.0,0.0
waveform_40,prophet_1sample,,10,5000,40,entropy,0.10983092784881592,0.0027643654668386658,0.7262799999999998,0.005149912620617928,0.015965281293124734,0.003410248265361576,0.7262791658748526,0.005169606574962779,0.015902995955999356,0.0034573006611184113,556.0600000000001,3.3965276386333163,186133.56,2616.668573281684,186133.56,2616.668573281684,334.9047446647125,5.341200636949034,334.9047446647125,5.341200636949034,0.0,0.0,0.0,0.0
wine_quality_red,extra_tree,max_features=all,10,1599,11,entropy,0.001817202568054199,0.00024877905217010165,0.4563387539184953,0.019251560280740983,0.026127856731551203,0.009847058712024,0.45767136762176286,0.019251247529703475,0.027918761146477306,0.00873531362844858,458.23999999999995,5.91391579243397,4969.000000000001,64.73299004371724,4969.000000000001,64.73299004371724,10.84381399484301,0.02132074039274811,10.84381399484301,0.02132074039274811,0.0,0.0,0.0,0.0
wine_quality_red,prophet_1sample,,10,1599,11,entropy,0.011456222534179687,0.0016341854025418697,0.45141888714733547,0.017179680405441163,0.023141373738712803,0.0074254125076863705,0.45252537297652295,0.01717688426158833,0.0240111429307877,0.007870038944777885,398.64,4.467482512556716,17602.34,579.0049675089155,17602.34,579.0049675089155,44.18412467825831,1.2006296276825652,44.18412467825831,1.2006296276825652,0.0,0.0,0.0,0.0
wine_quality_white,extra_tree,max_features=all,10,4898,11,entropy,0.004846930503845216,0.00017068108459018078,0.41699297492234894,0.00825713618261768,0.025317452507488365,0.004449949297309805,0.4175585805117664,0.008260620519608004,0.026188445592739595,0.005209266956013167,1388.94,15.337287895843929,15006.959999999997,166.77956229706328,15006.959999999997,166.77956229706328,10.804882255385028,0.014320399405394958,10.804882255385028,0.014320399405394958,0.0,0.0,0.0,0.0
wine_quality_white,prophet_1sample,,10,4898,11,entropy,0.027719635963439942,0.0020041367883701926,0.40631633695357616,0.008620677408496591,0.025861291227882686,0.009798209890917719,0.40726188591718093,0.007880147379220766,0.02708815154053313,0.009014102836446979,1233.62,8.893345827077681,47508.12,441.6843868646483,47508.12,441.6843868646483,38.520854168488526,0.4051287383711501,38.520854168488526,0.4051287383711501,0.0,0.0,0.0,0.0
wine_recognition,extra_tree,max_features=all,10,178,13,entropy,0.00035295486450195315,2.9273195867463656e-05,0.8923015873015873,0.02116942060753326,0.06825452871106333,0.019315160374223612,0.889690191437207,0.021730097911361452,0.07096349261935378,0.02013164120753619,14.16,1.5226293048539425,183.88,19.6406109884596,183.88,19.6406109884596,12.987362152553327,0.016219340861834238,12.987362152553327,0.016219340861834238,0.0,0.0,0.0,0.0
wine_recognition,prophet_1sample,,10,178,13,entropy,0.0006845521926879883,7.572402112899719e-05,0.8873015873015874,0.020890601560512638,0.08790583462800551,0.021261947492956772,0.884159850810204,0.02205856741077721,0.09217645935190184,0.023517022132054696,11.94,1.422814112946593,1290.1799999999998,118.1758164769764,1290.1799999999998,118.1758164769764,114.13701996481332,22.585437336335172,114.13701996481332,22.585437336335172,0.0,0.0,0.0,0.0
xd6,extra_tree,max_features=all,10,973,9,entropy,0.000538320541381836,3.720716804710157e-05,0.9948717948717949,0.0010256410256410664,0.010256410256410265,0.002051282051282044,0.994917917072811,0.001008699842611871,0.010164165854377915,0.00201739968522372,38.7,0.09999999999999788,185.5,0.09999999999999433,185.5,0.09999999999999433,4.7941897362949994,0.010384068278805003,4.7941897362949994,0.010384068278805003,0.0,0.0,0.0,0.0
xd6,prophet_1sample,,10,973,9,entropy,0.000681438446044922,4.7955822846442544e-05,0.9948717948717949,0.0010256410256410664,0.010256410256410265,0.002051282051282044,0.994917917072811,0.001008699842611871,0.010164165854377915,0.00201739968522372,38.7,0.09999999999999788,185.5,0.09999999999999433,185.5,0.09999999999999433,4.7941897362949994,0.010384068278805003,4.7941897362949994,0.010384068278805003,0.0,0.0,0.0,0.0
yeast,extra_tree,max_features=all,10,1479,8,entropy,0.0013067245483398438,5.1405115740536424e-05,0.4532150710032067,0.015197519220744644,0.03339565655089101,0.009402891509552104,0.452975992019338,0.014285704282344481,0.032813683946120054,0.009348831415302794,572.02,7.735864528286411,3254.64,41.474020784100524,3254.64,41.474020784100524,5.69083943522423,0.02136353719489614,5.69083943522423,0.02136353719489614,0.0,0.0,0.0,0.0
yeast,prophet_1sample,,10,1479,8,entropy,0.003931565284729004,0.00034749226622972536,0.46274186898763175,0.008388136525836552,0.02706834216020413,0.009491090157409721,0.4630308590525221,0.008370661020053542,0.027532046511090907,0.009269771969595634,495.16,3.187224497897816,8576.060000000001,129.42021634968782,8576.060000000001,129.42021634968782,17.33710893479048,0.24295746924470998,17.33710893479048,0.24295746924470998,0.0,0.0,0.0,0.0
