task,dataset,variant,loss_pct,effort_saved_pct,n_paired_runs,sample_budget,q
regression,1027_ESL,"samples=0.1n,q=0.5",0.6915590002306127,16.228056917064322,100,0.1n,0.5
regression,1027_ESL,"samples=0.1n,q=0.75",0.6915590002306127,16.228056917064322,100,0.1n,0.75
regression,1027_ESL,"samples=0.1n,q=0.9",0.6915590002306127,16.228056917064322,100,0.1n,0.9
regression,1027_ESL,"samples=0.1n,q=0.95",0.6915590002306127,16.228056917064322,100,0.1n,0.95
regression,1027_ESL,"samples=10,q=0.5",0.4857275410069972,-2.9360899742215674,100,10,0.5
regression,1027_ESL,"samples=10,q=0.75",0.31717654573315546,-4.855134233956326,100,10,0.75
regression,1027_ESL,"samples=10,q=0.9",0.8511330716120424,-6.4896591720305485,100,10,0.9
regression,1027_ESL,"samples=10,q=0.95",0.9166366736344411,-6.831678569047018,100,10,0.95
regression,1027_ESL,"samples=2,q=0.5",0.6264628963350893,5.473419855848583,100,2,0.5
regression,1027_ESL,"samples=2,q=0.75",0.6385125022565441,4.976510659909694,100,2,0.75
regression,1027_ESL,"samples=2,q=0.9",1.223380699925819,3.4801390911419707,100,2,0.9
regression,1027_ESL,"samples=2,q=0.95",1.1860019951184797,3.3980403494394738,100,2,0.95
regression,1027_ESL,"samples=ln_n,q=0.5",0.9253401188804855,-2.2909274880964836,100,ln_n,0.5
regression,1027_ESL,"samples=ln_n,q=0.75",0.44198046195641494,-4.513399264585249,100,ln_n,0.75
regression,1027_ESL,"samples=ln_n,q=0.9",0.044115354040547006,-5.686881900147389,100,ln_n,0.9
regression,1027_ESL,"samples=ln_n,q=0.95",0.4334237104936689,-6.126247200806045,100,ln_n,0.95
regression,1027_ESL,"samples=sqrt_n,q=0.5",0.6915590002306127,16.228056917064322,100,sqrt_n,0.5
regression,1027_ESL,"samples=sqrt_n,q=0.75",0.6915590002306127,16.228056917064322,100,sqrt_n,0.75
regression,1027_ESL,"samples=sqrt_n,q=0.9",0.6915590002306127,16.228056917064322,100,sqrt_n,0.9
regression,1027_ESL,"samples=sqrt_n,q=0.95",0.6915590002306127,16.228056917064322,100,sqrt_n,0.95
regression,1028_SWD,"samples=0.1n,q=0.5",0.0,-7.032935898214266,100,0.1n,0.5
regression,1028_SWD,"samples=0.1n,q=0.75",0.0,-7.032935898214266,100,0.1n,0.75
regression,1028_SWD,"samples=0.1n,q=0.9",0.0,-7.032935898214266,100,0.1n,0.9
regression,1028_SWD,"samples=0.1n,q=0.95",0.0,-7.032935898214266,100,0.1n,0.95
regression,1028_SWD,"samples=10,q=0.5",0.0,-20.77870892539897,100,10,0.5
regression,1028_SWD,"samples=10,q=0.75",0.0,-20.80086911080735,100,10,0.75
regression,1028_SWD,"samples=10,q=0.9",0.0,-19.027421582166106,100,10,0.9
regression,1028_SWD,"samples=10,q=0.95",0.0,-19.034018589654057,100,10,0.95
regression,1028_SWD,"samples=2,q=0.5",0.0,-20.187202006553917,100,2,0.5
regression,1028_SWD,"samples=2,q=0.75",0.0,-20.187202006553917,100,2,0.75
regression,1028_SWD,"samples=2,q=0.9",0.0,-18.65640352395257,100,2,0.9
regression,1028_SWD,"samples=2,q=0.95",0.0,-18.65640352395257,100,2,0.95
regression,1028_SWD,"samples=ln_n,q=0.5",0.0,-20.77870892539897,100,ln_n,0.5
regression,1028_SWD,"samples=ln_n,q=0.75",0.0,-20.80086911080735,100,ln_n,0.75
regression,1028_SWD,"samples=ln_n,q=0.9",0.0,-19.027421582166106,100,ln_n,0.9
regression,1028_SWD,"samples=ln_n,q=0.95",0.0,-19.034018589654057,100,ln_n,0.95
regression,1028_SWD,"samples=sqrt_n,q=0.5",0.0,-7.032935898214266,100,sqrt_n,0.5
regression,1028_SWD,"samples=sqrt_n,q=0.75",0.0,-7.032935898214266,100,sqrt_n,0.75
regression,1028_SWD,"samples=sqrt_n,q=0.9",0.0,-7.032935898214266,100,sqrt_n,0.9
regression,1028_SWD,"samples=sqrt_n,q=0.95",0.0,-7.032935898214266,100,sqrt_n,0.95
regression,1029_LEV,"samples=0.1n,q=0.5",0.0,7.405566600397612,100,0.1n,0.5
regression,1029_LEV,"samples=0.1n,q=0.75",0.0,7.405566600397612,100,0.1n,0.75
regression,1029_LEV,"samples=0.1n,q=0.9",0.0,7.405566600397612,100,0.1n,0.9
regression,1029_LEV,"samples=0.1n,q=0.95",0.0,7.405566600397612,100,0.1n,0.95
regression,1029_LEV,"samples=10,q=0.5",0.0,-9.269383697813115,100,10,0.5
regression,1029_LEV,"samples=10,q=0.75",0.0,-10.009935419771487,100,10,0.75
regression,1029_LEV,"samples=10,q=0.9",0.0,-10.332836562344749,100,10,0.9
regression,1029_LEV,"samples=10,q=0.95",0.0,-10.879284649776434,100,10,0.95
regression,1029_LEV,"samples=2,q=0.5",0.0,-2.733598409542748,100,2,0.5
regression,1029_LEV,"samples=2,q=0.75",0.0,-3.105584081205759,100,2,0.75
regression,1029_LEV,"samples=2,q=0.9",0.0,-2.7819175360158876,100,2,0.9
regression,1029_LEV,"samples=2,q=0.95",0.0,-3.031056087716133,100,2,0.95
regression,1029_LEV,"samples=ln_n,q=0.5",0.0,-9.269383697813115,100,ln_n,0.5
regression,1029_LEV,"samples=ln_n,q=0.75",0.0,-10.009935419771487,100,ln_n,0.75
regression,1029_LEV,"samples=ln_n,q=0.9",0.0,-10.332836562344749,100,ln_n,0.9
regression,1029_LEV,"samples=ln_n,q=0.95",0.0,-10.879284649776434,100,ln_n,0.95
regression,1029_LEV,"samples=sqrt_n,q=0.5",0.0,7.405566600397612,100,sqrt_n,0.5
regression,1029_LEV,"samples=sqrt_n,q=0.75",0.0,7.405566600397612,100,sqrt_n,0.75
regression,1029_LEV,"samples=sqrt_n,q=0.9",0.0,7.405566600397612,100,sqrt_n,0.9
regression,1029_LEV,"samples=sqrt_n,q=0.95",0.0,7.405566600397612,100,sqrt_n,0.95
regression,1030_ERA,"samples=0.1n,q=0.5",0.0,37.757625721352014,100,0.1n,0.5
regression,1030_ERA,"samples=0.1n,q=0.75",0.0,37.757625721352014,100,0.1n,0.75
regression,1030_ERA,"samples=0.1n,q=0.9",0.0,37.757625721352014,100,0.1n,0.9
regression,1030_ERA,"samples=0.1n,q=0.95",0.0,37.757625721352014,100,0.1n,0.95
regression,1030_ERA,"samples=10,q=0.5",0.0,13.58762886597938,100,10,0.5
regression,1030_ERA,"samples=10,q=0.75",0.0,10.698812690696151,100,10,0.75
regression,1030_ERA,"samples=10,q=0.9",0.0,10.391752577319586,100,10,0.9
regression,1030_ERA,"samples=10,q=0.95",0.0,12.72164948453608,100,10,0.95
regression,1030_ERA,"samples=2,q=0.5",0.0,28.13855058175606,100,2,0.5
regression,1030_ERA,"samples=2,q=0.75",0.0,26.74226804123712,100,2,0.75
regression,1030_ERA,"samples=2,q=0.9",0.0,27.649484536082475,100,2,0.9
regression,1030_ERA,"samples=2,q=0.95",0.0,28.056050857973332,100,2,0.95
regression,1030_ERA,"samples=ln_n,q=0.5",0.0,15.76669414674361,100,ln_n,0.5
regression,1030_ERA,"samples=ln_n,q=0.75",0.0,12.554083341124073,100,ln_n,0.75
regression,1030_ERA,"samples=ln_n,q=0.9",0.0,12.615947510220039,100,ln_n,0.9
regression,1030_ERA,"samples=ln_n,q=0.95",0.0,14.512480771028635,100,ln_n,0.95
regression,1030_ERA,"samples=sqrt_n,q=0.5",0.0,37.757625721352014,100,sqrt_n,0.5
regression,1030_ERA,"samples=sqrt_n,q=0.75",0.0,37.757625721352014,100,sqrt_n,0.75
regression,1030_ERA,"samples=sqrt_n,q=0.9",0.0,37.757625721352014,100,sqrt_n,0.9
regression,1030_ERA,"samples=sqrt_n,q=0.95",0.0,37.757625721352014,100,sqrt_n,0.95
regression,1089_USCrime,"samples=0.1n,q=0.5",11.912427495142285,48.7374104670139,100,0.1n,0.5
regression,1089_USCrime,"samples=0.1n,q=0.75",9.419554692381578,47.2932976895169,100,0.1n,0.75
regression,1089_USCrime,"samples=0.1n,q=0.9",8.563448232785598,45.332190093403824,100,0.1n,0.9
regression,1089_USCrime,"samples=0.1n,q=0.95",9.238057386610055,44.92552988352111,100,0.1n,0.95
regression,1089_USCrime,"samples=10,q=0.5",9.664918384827082,24.016612564445296,100,10,0.5
regression,1089_USCrime,"samples=10,q=0.75",6.2676859724014875,17.766964270659066,100,10,0.75
regression,1089_USCrime,"samples=10,q=0.9",5.392666933577312,13.31328809193626,100,10,0.9
regression,1089_USCrime,"samples=10,q=0.95",6.366964287186722,11.560853825720786,100,10,0.95
regression,1089_USCrime,"samples=2,q=0.5",14.448942057086384,43.267622049626326,100,2,0.5
regression,1089_USCrime,"samples=2,q=0.75",12.20888897028466,40.295954024376286,100,2,0.75
regression,1089_USCrime,"samples=2,q=0.9",10.45223117515005,37.6622756777396,100,2,0.9
regression,1089_USCrime,"samples=2,q=0.95",12.004117782759849,37.45464960855452,100,2,0.95
regression,1089_USCrime,"samples=ln_n,q=0.5",11.088804661455537,34.381861575179,100,ln_n,0.5
regression,1089_USCrime,"samples=ln_n,q=0.75",7.0863177548214304,29.406148558334927,100,ln_n,0.75
regression,1089_USCrime,"samples=ln_n,q=0.9",6.434598690534015,25.248186330660555,100,ln_n,0.9
regression,1089_USCrime,"samples=ln_n,q=0.95",8.052310257265171,24.355547068932605,100,ln_n,0.95
regression,1089_USCrime,"samples=sqrt_n,q=0.5",11.87438459890907,47.03326978999709,100,sqrt_n,0.5
regression,1089_USCrime,"samples=sqrt_n,q=0.75",9.296921271171948,44.39087263700593,100,sqrt_n,0.75
regression,1089_USCrime,"samples=sqrt_n,q=0.9",6.767246700605078,41.866338349554525,100,sqrt_n,0.9
regression,1089_USCrime,"samples=sqrt_n,q=0.95",9.314026033373851,41.481696465802585,100,sqrt_n,0.95
regression,1096_FacultySalaries,"samples=0.1n,q=0.5",9.54272025727127,44.41902390246716,100,0.1n,0.5
regression,1096_FacultySalaries,"samples=0.1n,q=0.75",8.672953637279246,43.15841213920005,100,0.1n,0.75
regression,1096_FacultySalaries,"samples=0.1n,q=0.9",8.395526133323688,41.853242441141205,100,0.1n,0.9
regression,1096_FacultySalaries,"samples=0.1n,q=0.95",9.152615320229629,41.02270713359938,100,0.1n,0.95
regression,1096_FacultySalaries,"samples=10,q=0.5",5.305164284575659,27.385620915032682,100,10,0.5
regression,1096_FacultySalaries,"samples=10,q=0.75",6.742688110473677,24.489129312318813,100,10,0.75
regression,1096_FacultySalaries,"samples=10,q=0.9",10.433579754459604,20.5718954248366,100,10,0.9
regression,1096_FacultySalaries,"samples=10,q=0.95",14.164330209329744,17.92483660130719,100,10,0.95
regression,1096_FacultySalaries,"samples=2,q=0.5",9.343775272280585,40.08501540768633,100,2,0.5
regression,1096_FacultySalaries,"samples=2,q=0.75",8.7917598213617,38.47034465960297,100,2,0.75
regression,1096_FacultySalaries,"samples=2,q=0.9",10.606041623389467,38.574691049299595,100,2,0.9
regression,1096_FacultySalaries,"samples=2,q=0.95",10.282221972215183,38.12715933055144,100,2,0.95
regression,1096_FacultySalaries,"samples=ln_n,q=0.5",10.240935643273762,34.41740540609836,100,ln_n,0.5
regression,1096_FacultySalaries,"samples=ln_n,q=0.75",8.232483174033394,31.100947402809545,100,ln_n,0.75
regression,1096_FacultySalaries,"samples=ln_n,q=0.9",10.4897362662219,28.685832082996704,100,ln_n,0.9
regression,1096_FacultySalaries,"samples=ln_n,q=0.95",12.343636690658528,28.26337242944657,100,ln_n,0.95
regression,1096_FacultySalaries,"samples=sqrt_n,q=0.5",8.71402635525465,43.45267938521482,100,sqrt_n,0.5
regression,1096_FacultySalaries,"samples=sqrt_n,q=0.75",9.35259393938913,42.007175008656176,100,sqrt_n,0.75
regression,1096_FacultySalaries,"samples=sqrt_n,q=0.9",9.998469690941198,40.032694693568146,100,sqrt_n,0.9
regression,1096_FacultySalaries,"samples=sqrt_n,q=0.95",10.460982213486343,39.222120566146955,100,sqrt_n,0.95
regression,1193_BNG_lowbwt,"samples=0.1n,q=0.5",-1.6797380333176681,53.72829377125235,100,0.1n,0.5
regression,1193_BNG_lowbwt,"samples=0.1n,q=0.75",-1.5467599591399983,50.940631926375644,100,0.1n,0.75
regression,1193_BNG_lowbwt,"samples=0.1n,q=0.9",-1.4220936636138992,46.81961050537589,100,0.1n,0.9
regression,1193_BNG_lowbwt,"samples=0.1n,q=0.95",-1.28686849615256,43.977365809000666,100,0.1n,0.95
regression,1193_BNG_lowbwt,"samples=10,q=0.5",-1.6227636285960578,51.48078167375651,100,10,0.5
regression,1193_BNG_lowbwt,"samples=10,q=0.75",-1.3014247068917961,48.21087630267486,100,10,0.75
regression,1193_BNG_lowbwt,"samples=10,q=0.9",-1.183294933664214,45.011148883519866,100,10,0.9
regression,1193_BNG_lowbwt,"samples=10,q=0.95",-1.334255319701949,42.55699632773029,100,10,0.95
regression,1193_BNG_lowbwt,"samples=2,q=0.5",-1.4566059805527165,53.91822058398381,100,2,0.5
regression,1193_BNG_lowbwt,"samples=2,q=0.75",-1.4482712747673654,52.56565214622998,100,2,0.75
regression,1193_BNG_lowbwt,"samples=2,q=0.9",-1.3785136686896182,51.09418451176365,100,2,0.9
regression,1193_BNG_lowbwt,"samples=2,q=0.95",-1.4383168881117903,49.665318389570345,100,2,0.95
regression,1193_BNG_lowbwt,"samples=ln_n,q=0.5",-1.6227636285960578,51.48078167375651,100,ln_n,0.5
regression,1193_BNG_lowbwt,"samples=ln_n,q=0.75",-1.3014247068917961,48.21087630267486,100,ln_n,0.75
regression,1193_BNG_lowbwt,"samples=ln_n,q=0.9",-1.183294933664214,45.011148883519866,100,ln_n,0.9
regression,1193_BNG_lowbwt,"samples=ln_n,q=0.95",-1.334255319701949,42.55699632773029,100,ln_n,0.95
regression,1193_BNG_lowbwt,"samples=sqrt_n,q=0.5",-1.6066120611756496,56.497209229890274,100,sqrt_n,0.5
regression,1193_BNG_lowbwt,"samples=sqrt_n,q=0.75",-1.6317285238366175,54.863380467104435,100,sqrt_n,0.75
regression,1193_BNG_lowbwt,"samples=sqrt_n,q=0.9",-1.697361573019196,52.69390840319938,100,sqrt_n,0.9
regression,1193_BNG_lowbwt,"samples=sqrt_n,q=0.95",-1.6990139021019646,51.01790833780751,100,sqrt_n,0.95
regression,1199_BNG_echoMonths,"samples=0.1n,q=0.5",-2.12375528038824,65.68194767034143,100,0.1n,0.5
regression,1199_BNG_echoMonths,"samples=0.1n,q=0.75",-1.6318159116915254,60.73750115666715,100,0.1n,0.75
regression,1199_BNG_echoMonths,"samples=0.1n,q=0.9",-0.8375198815405382,54.1243913311944,100,0.1n,0.9
regression,1199_BNG_echoMonths,"samples=0.1n,q=0.95",-0.5463068947066718,48.69767281480114,100,0.1n,0.95
regression,1199_BNG_echoMonths,"samples=10,q=0.5",-1.9245662963195742,62.28102617763265,100,10,0.5
regression,1199_BNG_echoMonths,"samples=10,q=0.75",-1.3681932084608661,56.47403333180081,100,10,0.75
regression,1199_BNG_echoMonths,"samples=10,q=0.9",-0.8458343331579132,48.81760246615984,100,10,0.9
regression,1199_BNG_echoMonths,"samples=10,q=0.95",-0.5833564440675842,43.97054878109107,100,10,0.95
regression,1199_BNG_echoMonths,"samples=2,q=0.5",-2.002648513825256,66.79449414799171,100,2,0.5
regression,1199_BNG_echoMonths,"samples=2,q=0.75",-1.5598564419246341,63.63893885755623,100,2,0.75
regression,1199_BNG_echoMonths,"samples=2,q=0.9",-1.3536844339448573,60.313164356145236,100,2,0.9
regression,1199_BNG_echoMonths,"samples=2,q=0.95",-1.4575956775278898,58.367650216871446,100,2,0.95
regression,1199_BNG_echoMonths,"samples=ln_n,q=0.5",-1.9245662963195742,62.28102617763265,100,ln_n,0.5
regression,1199_BNG_echoMonths,"samples=ln_n,q=0.75",-1.3681932084608661,56.47403333180081,100,ln_n,0.75
regression,1199_BNG_echoMonths,"samples=ln_n,q=0.9",-0.8458343331579132,48.81760246615984,100,ln_n,0.9
regression,1199_BNG_echoMonths,"samples=ln_n,q=0.95",-0.5833564440675842,43.97054878109107,100,ln_n,0.95
regression,1199_BNG_echoMonths,"samples=sqrt_n,q=0.5",-1.889148546000663,68.62746966622223,100,sqrt_n,0.5
regression,1199_BNG_echoMonths,"samples=sqrt_n,q=0.75",-1.6566646224745574,66.20892958675992,100,sqrt_n,0.75
regression,1199_BNG_echoMonths,"samples=sqrt_n,q=0.9",-1.419468310859373,62.04914715075781,100,sqrt_n,0.9
regression,1199_BNG_echoMonths,"samples=sqrt_n,q=0.95",-1.1083404592410862,59.59470674195818,100,sqrt_n,0.95
regression,197_cpu_act,"samples=0.1n,q=0.5",12.757884825867722,67.8957051189561,100,0.1n,0.5
regression,197_cpu_act,"samples=0.1n,q=0.75",9.128644589437462,62.40958576793177,100,0.1n,0.75
regression,197_cpu_act,"samples=0.1n,q=0.9",6.722370946899031,54.690163693033504,100,0.1n,0.9
regression,197_cpu_act,"samples=0.1n,q=0.95",8.60493302320754,53.214380567355384,100,0.1n,0.95
regression,197_cpu_act,"samples=10,q=0.5",12.468781415443143,57.98250141697341,100,10,0.5
regression,197_cpu_act,"samples=10,q=0.75",8.874220421111477,50.5230095199009,100,10,0.75
regression,197_cpu_act,"samples=10,q=0.9",8.179072597271048,42.02974343930082,100,10,0.9
regression,197_cpu_act,"samples=10,q=0.95",8.569714212656093,39.293448181407264,100,10,0.95
regression,197_cpu_act,"samples=2,q=0.5",13.881740688814586,68.30713711391593,100,2,0.5
regression,197_cpu_act,"samples=2,q=0.75",10.541538232776698,64.24544935657889,100,2,0.75
regression,197_cpu_act,"samples=2,q=0.9",12.159504093433265,60.424856657356294,100,2,0.9
regression,197_cpu_act,"samples=2,q=0.95",12.398675754005989,59.55954231928365,100,2,0.95
regression,197_cpu_act,"samples=ln_n,q=0.5",11.999218439611203,58.49252453051129,100,ln_n,0.5
regression,197_cpu_act,"samples=ln_n,q=0.75",8.471013566296136,51.25697790091178,100,ln_n,0.75
regression,197_cpu_act,"samples=ln_n,q=0.9",6.728038506946261,43.02816169194429,100,ln_n,0.9
regression,197_cpu_act,"samples=ln_n,q=0.95",8.132961699536212,40.27221670932161,100,ln_n,0.95
regression,197_cpu_act,"samples=sqrt_n,q=0.5",13.839532438221909,70.98224946214414,100,sqrt_n,0.5
regression,197_cpu_act,"samples=sqrt_n,q=0.75",11.231486471071134,68.73183796253096,100,sqrt_n,0.75
regression,197_cpu_act,"samples=sqrt_n,q=0.9",11.437088023487096,65.16350344097418,100,sqrt_n,0.9
regression,197_cpu_act,"samples=sqrt_n,q=0.95",12.46820927805547,64.3685811734043,100,sqrt_n,0.95
regression,201_pol,"samples=0.1n,q=0.5",26.993262450282852,44.10576516077052,100,0.1n,0.5
regression,201_pol,"samples=0.1n,q=0.75",23.80875791887504,40.204393511529176,100,0.1n,0.75
regression,201_pol,"samples=0.1n,q=0.9",18.975753523389077,38.90303564942823,100,0.1n,0.9
regression,201_pol,"samples=0.1n,q=0.95",19.25216704209884,37.000312476231855,100,0.1n,0.95
regression,201_pol,"samples=10,q=0.5",26.986105135550766,22.116704942333392,100,10,0.5
regression,201_pol,"samples=10,q=0.75",22.34849286569743,16.912366425572973,100,10,0.75
regression,201_pol,"samples=10,q=0.9",18.43060375243713,13.588691420321382,100,10,0.9
regression,201_pol,"samples=10,q=0.95",20.94227797100141,9.426733186639126,100,10,0.95
regression,201_pol,"samples=2,q=0.5",27.114075969614593,39.36220644273541,100,2,0.5
regression,201_pol,"samples=2,q=0.75",22.304893722573453,37.21829953905609,100,2,0.75
regression,201_pol,"samples=2,q=0.9",22.114436976416542,35.25140372156669,100,2,0.9
regression,201_pol,"samples=2,q=0.95",24.791140775184843,33.31937561634864,100,2,0.95
regression,201_pol,"samples=ln_n,q=0.5",26.986105135550766,22.116704942333392,100,ln_n,0.5
regression,201_pol,"samples=ln_n,q=0.75",22.34849286569743,16.912366425572973,100,ln_n,0.75
regression,201_pol,"samples=ln_n,q=0.9",18.43060375243713,13.588691420321382,100,ln_n,0.9
regression,201_pol,"samples=ln_n,q=0.95",20.94227797100141,9.426733186639126,100,ln_n,0.95
regression,201_pol,"samples=sqrt_n,q=0.5",26.344762604764483,49.25067288658824,100,sqrt_n,0.5
regression,201_pol,"samples=sqrt_n,q=0.75",26.344762604764483,49.25067288658824,100,sqrt_n,0.75
regression,201_pol,"samples=sqrt_n,q=0.9",26.344762604764483,49.25067288658824,100,sqrt_n,0.9
regression,201_pol,"samples=sqrt_n,q=0.95",26.344762604764483,49.25067288658824,100,sqrt_n,0.95
regression,210_cloud,"samples=0.1n,q=0.5",7.094854296794645,37.977429187195995,100,0.1n,0.5
regression,210_cloud,"samples=0.1n,q=0.75",4.290001843618757,35.723815877251496,100,0.1n,0.75
regression,210_cloud,"samples=0.1n,q=0.9",2.7915211387445957,33.792950072278444,100,0.1n,0.9
regression,210_cloud,"samples=0.1n,q=0.95",5.583169659735149,33.077607293751385,100,0.1n,0.95
regression,210_cloud,"samples=10,q=0.5",7.221874539951273,18.26318921091024,100,10,0.5
regression,210_cloud,"samples=10,q=0.75",2.361426389477711,13.603513453413392,100,10,0.75
regression,210_cloud,"samples=10,q=0.9",2.7850493177505764,9.262245601494556,100,10,0.9
regression,210_cloud,"samples=10,q=0.95",2.752496293570977,10.068375642943789,100,10,0.95
regression,210_cloud,"samples=2,q=0.5",8.034109922808558,35.080891863587425,100,2,0.5
regression,210_cloud,"samples=2,q=0.75",4.911655905064227,33.09056736515919,100,2,0.75
regression,210_cloud,"samples=2,q=0.9",6.278509516847058,31.59504065141367,100,2,0.9
regression,210_cloud,"samples=2,q=0.95",8.043038249654561,31.494967758507393,100,2,0.95
regression,210_cloud,"samples=ln_n,q=0.5",4.385336236607362,24.61085167889704,100,ln_n,0.5
regression,210_cloud,"samples=ln_n,q=0.75",0.23698375089804546,20.553733624410413,100,ln_n,0.75
regression,210_cloud,"samples=ln_n,q=0.9",2.5316351171895066,17.20131334822941,100,ln_n,0.9
regression,210_cloud,"samples=ln_n,q=0.95",5.669208948819065,17.895263509006,100,ln_n,0.95
regression,210_cloud,"samples=sqrt_n,q=0.5",7.2043200231734055,38.14977557347559,100,sqrt_n,0.5
regression,210_cloud,"samples=sqrt_n,q=0.75",4.190570627681233,36.14833255158726,100,sqrt_n,0.75
regression,210_cloud,"samples=sqrt_n,q=0.9",2.485229512801579,33.66876149391116,100,sqrt_n,0.9
regression,210_cloud,"samples=sqrt_n,q=0.95",5.4248402553673305,33.30182487448975,100,sqrt_n,0.95
regression,215_2dplanes,"samples=0.1n,q=0.5",-0.133273596208483,-21.5582257238935,100,0.1n,0.5
regression,215_2dplanes,"samples=0.1n,q=0.75",-0.133273596208483,-21.5582257238935,100,0.1n,0.75
regression,215_2dplanes,"samples=0.1n,q=0.9",-0.133273596208483,-21.5582257238935,100,0.1n,0.9
regression,215_2dplanes,"samples=0.1n,q=0.95",-0.133273596208483,-21.5582257238935,100,0.1n,0.95
regression,215_2dplanes,"samples=10,q=0.5",-0.07295710554727775,-33.15315636358925,100,10,0.5
regression,215_2dplanes,"samples=10,q=0.75",-0.07295710554727775,-33.15315636358925,100,10,0.75
regression,215_2dplanes,"samples=10,q=0.9",-0.687822998668397,-33.73564037605531,100,10,0.9
regression,215_2dplanes,"samples=10,q=0.95",-0.687822998668397,-33.73564037605531,100,10,0.95
regression,215_2dplanes,"samples=2,q=0.5",-0.07295710554727775,-33.15315636358925,100,2,0.5
regression,215_2dplanes,"samples=2,q=0.75",-0.07295710554727775,-33.15315636358925,100,2,0.75
regression,215_2dplanes,"samples=2,q=0.9",-0.687822998668397,-33.73564037605531,100,2,0.9
regression,215_2dplanes,"samples=2,q=0.95",-0.687822998668397,-33.73564037605531,100,2,0.95
regression,215_2dplanes,"samples=ln_n,q=0.5",-0.07295710554727775,-33.15315636358925,100,ln_n,0.5
regression,215_2dplanes,"samples=ln_n,q=0.75",-0.07295710554727775,-33.15315636358925,100,ln_n,0.75
regression,215_2dplanes,"samples=ln_n,q=0.9",-0.687822998668397,-33.73564037605531,100,ln_n,0.9
regression,215_2dplanes,"samples=ln_n,q=0.95",-0.687822998668397,-33.73564037605531,100,ln_n,0.95
regression,215_2dplanes,"samples=sqrt_n,q=0.5",-0.133273596208483,-21.5582257238935,100,sqrt_n,0.5
regression,215_2dplanes,"samples=sqrt_n,q=0.75",-0.133273596208483,-21.5582257238935,100,sqrt_n,0.75
regression,215_2dplanes,"samples=sqrt_n,q=0.9",-0.133273596208483,-21.5582257238935,100,sqrt_n,0.9
regression,215_2dplanes,"samples=sqrt_n,q=0.95",-0.133273596208483,-21.5582257238935,100,sqrt_n,0.95
regression,218_house_8L,"samples=0.1n,q=0.5",1.4113557922669717,65.92834538334883,100,0.1n,0.5
regression,218_house_8L,"samples=0.1n,q=0.75",-0.1123088165441044,59.8796062022401,100,0.1n,0.75
regression,218_house_8L,"samples=0.1n,q=0.9",-0.24505248985342565,53.23168221304638,100,0.1n,0.9
regression,218_house_8L,"samples=0.1n,q=0.95",-0.6066062257854998,49.433396471614074,100,0.1n,0.95
regression,218_house_8L,"samples=10,q=0.5",1.3236901980156424,61.339164140413125,100,10,0.5
regression,218_house_8L,"samples=10,q=0.75",-0.4146630831584397,54.60769501323801,100,10,0.75
regression,218_house_8L,"samples=10,q=0.9",-0.6708559739260989,47.07651988110135,100,10,0.9
regression,218_house_8L,"samples=10,q=0.95",-0.979523724743192,43.18682568564691,100,10,0.95
regression,218_house_8L,"samples=2,q=0.5",1.178933729737236,67.55471486543827,100,2,0.5
regression,218_house_8L,"samples=2,q=0.75",0.3404801112601108,63.88349524751213,100,2,0.75
regression,218_house_8L,"samples=2,q=0.9",0.611251173953159,60.66234150739422,100,2,0.9
regression,218_house_8L,"samples=2,q=0.95",0.39360329116455706,59.70710012277779,100,2,0.95
regression,218_house_8L,"samples=ln_n,q=0.5",1.3236901980156424,61.339164140413125,100,ln_n,0.5
regression,218_house_8L,"samples=ln_n,q=0.75",-0.4146630831584397,54.60769501323801,100,ln_n,0.75
regression,218_house_8L,"samples=ln_n,q=0.9",-0.6708559739260989,47.07651988110135,100,ln_n,0.9
regression,218_house_8L,"samples=ln_n,q=0.95",-0.979523724743192,43.18682568564691,100,ln_n,0.95
regression,218_house_8L,"samples=sqrt_n,q=0.5",1.533351943861716,69.51373861644714,100,sqrt_n,0.5
regression,218_house_8L,"samples=sqrt_n,q=0.75",1.1128852047723403,66.13213405973082,100,sqrt_n,0.75
regression,218_house_8L,"samples=sqrt_n,q=0.9",0.7629491426683954,62.98411354480279,100,sqrt_n,0.9
regression,218_house_8L,"samples=sqrt_n,q=0.95",0.5756238877417552,61.13050984966727,100,sqrt_n,0.95
regression,225_puma8NH,"samples=0.1n,q=0.5",1.7116226196268014,58.65769633801461,100,0.1n,0.5
regression,225_puma8NH,"samples=0.1n,q=0.75",1.2118983658991556,55.55296527790012,100,0.1n,0.75
regression,225_puma8NH,"samples=0.1n,q=0.9",1.218085310683692,51.69980250752663,100,0.1n,0.9
regression,225_puma8NH,"samples=0.1n,q=0.95",3.4846733085743375,52.25974912823165,100,0.1n,0.95
regression,225_puma8NH,"samples=10,q=0.5",1.8499062907111452,54.542103564070416,100,10,0.5
regression,225_puma8NH,"samples=10,q=0.75",1.2228933503797557,49.5977570373598,100,10,0.75
regression,225_puma8NH,"samples=10,q=0.9",1.3964589955744622,45.144784389782004,100,10,0.9
regression,225_puma8NH,"samples=10,q=0.95",2.4580792776260516,44.4713025495859,100,10,0.95
regression,225_puma8NH,"samples=2,q=0.5",3.0117712207091585,62.060502324177975,100,2,0.5
regression,225_puma8NH,"samples=2,q=0.75",2.276074602375222,59.27199743326781,100,2,0.75
regression,225_puma8NH,"samples=2,q=0.9",2.467415903206005,56.970375136444495,100,2,0.9
regression,225_puma8NH,"samples=2,q=0.95",2.9435091490513154,56.82188977890222,100,2,0.95
regression,225_puma8NH,"samples=ln_n,q=0.5",1.794069215355515,55.49205997875448,100,ln_n,0.5
regression,225_puma8NH,"samples=ln_n,q=0.75",1.205541731872739,50.86292225833723,100,ln_n,0.75
regression,225_puma8NH,"samples=ln_n,q=0.9",1.1876317804437764,46.08714780322812,100,ln_n,0.9
regression,225_puma8NH,"samples=ln_n,q=0.95",2.4565698482921503,44.71414211368808,100,ln_n,0.95
regression,225_puma8NH,"samples=sqrt_n,q=0.5",1.9045818297473205,62.00089974583297,100,sqrt_n,0.5
regression,225_puma8NH,"samples=sqrt_n,q=0.75",1.721954895932326,60.79362495586258,100,sqrt_n,0.75
regression,225_puma8NH,"samples=sqrt_n,q=0.9",1.9869638485156993,59.894549093591685,100,sqrt_n,0.9
regression,225_puma8NH,"samples=sqrt_n,q=0.95",4.29391146806612,60.578378259004225,100,sqrt_n,0.95
regression,227_cpu_small,"samples=0.1n,q=0.5",7.755651631606403,66.38793492269218,100,0.1n,0.5
regression,227_cpu_small,"samples=0.1n,q=0.75",4.910618954954443,61.8678120978645,100,0.1n,0.75
regression,227_cpu_small,"samples=0.1n,q=0.9",4.01767799812508,56.10742413787177,100,0.1n,0.9
regression,227_cpu_small,"samples=0.1n,q=0.95",4.630089573903973,54.62394361278693,100,0.1n,0.95
regression,227_cpu_small,"samples=10,q=0.5",6.816583366631635,57.61768297107755,100,10,0.5
regression,227_cpu_small,"samples=10,q=0.75",3.9238712644014075,51.41941500417161,100,10,0.75
regression,227_cpu_small,"samples=10,q=0.9",3.2959232769556532,45.12994668943108,100,10,0.9
regression,227_cpu_small,"samples=10,q=0.95",4.310919139641167,43.16604713516364,100,10,0.95
regression,227_cpu_small,"samples=2,q=0.5",7.82888094307061,66.77262696142219,100,2,0.5
regression,227_cpu_small,"samples=2,q=0.75",6.028239918760587,63.31164260288169,100,2,0.75
regression,227_cpu_small,"samples=2,q=0.9",7.399504570485361,60.989287530756776,100,2,0.9
regression,227_cpu_small,"samples=2,q=0.95",7.086126857189157,60.10981374261047,100,2,0.95
regression,227_cpu_small,"samples=ln_n,q=0.5",7.0963714692624915,58.08565643225828,100,ln_n,0.5
regression,227_cpu_small,"samples=ln_n,q=0.75",4.350366347616946,51.80048968019166,100,ln_n,0.75
regression,227_cpu_small,"samples=ln_n,q=0.9",2.885887205261789,45.44153754786574,100,ln_n,0.9
regression,227_cpu_small,"samples=ln_n,q=0.95",4.575843014346692,43.42397509688188,100,ln_n,0.95
regression,227_cpu_small,"samples=sqrt_n,q=0.5",7.952922440878046,69.70123405741325,100,sqrt_n,0.5
regression,227_cpu_small,"samples=sqrt_n,q=0.75",7.09353464639088,67.85762391544105,100,sqrt_n,0.75
regression,227_cpu_small,"samples=sqrt_n,q=0.9",6.846052140755532,65.5688287991184,100,sqrt_n,0.9
regression,227_cpu_small,"samples=sqrt_n,q=0.95",7.428148940601948,64.14182991006142,100,sqrt_n,0.95
regression,228_elusage,"samples=0.1n,q=0.5",-2.409161322083009,15.297906602254429,100,0.1n,0.5
regression,228_elusage,"samples=0.1n,q=0.75",-3.1261968530247985,15.458937198067636,100,0.1n,0.75
regression,228_elusage,"samples=0.1n,q=0.9",-1.9147542810382556,14.210950080515294,100,0.1n,0.9
regression,228_elusage,"samples=0.1n,q=0.95",-1.8685584379321107,13.08373590982287,100,0.1n,0.95
regression,228_elusage,"samples=10,q=0.5",-1.7699061481241785,-17.471819645732687,100,10,0.5
regression,228_elusage,"samples=10,q=0.75",-2.70409887060582,-19.524959742351044,100,10,0.75
regression,228_elusage,"samples=10,q=0.9",1.3917128741072593,-24.71819645732689,100,10,0.9
regression,228_elusage,"samples=10,q=0.95",-0.3494341382138,-30.233494363929136,100,10,0.95
regression,228_elusage,"samples=2,q=0.5",-1.948133380348127,6.360708534621584,100,2,0.5
regression,228_elusage,"samples=2,q=0.75",-2.169386891259839,6.199677938808373,100,2,0.75
regression,228_elusage,"samples=2,q=0.9",-1.8583686161501967,0.6843800322061222,100,2,0.9
regression,228_elusage,"samples=2,q=0.95",-1.8153892842168173,0.08051529790660261,100,2,0.95
regression,228_elusage,"samples=ln_n,q=0.5",-1.6173681880324753,-4.589371980676327,100,ln_n,0.5
regression,228_elusage,"samples=ln_n,q=0.75",-2.0678232107105288,-6.602254428341392,100,ln_n,0.75
regression,228_elusage,"samples=ln_n,q=0.9",-0.41608949554785557,-11.030595813204513,100,ln_n,0.9
regression,228_elusage,"samples=ln_n,q=0.95",-0.9205027780540331,-15.257648953301118,100,ln_n,0.95
regression,228_elusage,"samples=sqrt_n,q=0.5",-2.2731886464043227,14.2109500805153,100,sqrt_n,0.5
regression,228_elusage,"samples=sqrt_n,q=0.75",-2.528083622152133,14.653784219001608,100,sqrt_n,0.75
regression,228_elusage,"samples=sqrt_n,q=0.9",-1.7042423024839493,13.365539452495979,100,sqrt_n,0.9
regression,228_elusage,"samples=sqrt_n,q=0.95",-1.7234976792550483,12.198067632850247,100,sqrt_n,0.95
regression,229_pwLinear,"samples=0.1n,q=0.5",7.945629485619177,-6.333232445520598,100,0.1n,0.5
regression,229_pwLinear,"samples=0.1n,q=0.75",7.945629485619177,-6.333232445520598,100,0.1n,0.75
regression,229_pwLinear,"samples=0.1n,q=0.9",7.945629485619177,-6.333232445520598,100,0.1n,0.9
regression,229_pwLinear,"samples=0.1n,q=0.95",7.945629485619177,-6.333232445520598,100,0.1n,0.95
regression,229_pwLinear,"samples=10,q=0.5",5.035483474275882,-21.403163673643867,100,10,0.5
regression,229_pwLinear,"samples=10,q=0.75",5.035483474275882,-21.403163673643867,100,10,0.75
regression,229_pwLinear,"samples=10,q=0.9",8.945589602208216,-19.984868430726877,100,10,0.9
regression,229_pwLinear,"samples=10,q=0.95",8.945589602208216,-19.984868430726877,100,10,0.95
regression,229_pwLinear,"samples=2,q=0.5",5.035483474275882,-21.403163673643867,100,2,0.5
regression,229_pwLinear,"samples=2,q=0.75",5.035483474275882,-21.403163673643867,100,2,0.75
regression,229_pwLinear,"samples=2,q=0.9",8.945589602208216,-19.984868430726877,100,2,0.9
regression,229_pwLinear,"samples=2,q=0.95",8.945589602208216,-19.984868430726877,100,2,0.95
regression,229_pwLinear,"samples=ln_n,q=0.5",5.035483474275882,-21.403163673643867,100,ln_n,0.5
regression,229_pwLinear,"samples=ln_n,q=0.75",5.035483474275882,-21.403163673643867,100,ln_n,0.75
regression,229_pwLinear,"samples=ln_n,q=0.9",8.945589602208216,-19.984868430726877,100,ln_n,0.9
regression,229_pwLinear,"samples=ln_n,q=0.95",8.945589602208216,-19.984868430726877,100,ln_n,0.95
regression,229_pwLinear,"samples=sqrt_n,q=0.5",7.945629485619177,-6.333232445520598,100,sqrt_n,0.5
regression,229_pwLinear,"samples=sqrt_n,q=0.75",7.945629485619177,-6.333232445520598,100,sqrt_n,0.75
regression,229_pwLinear,"samples=sqrt_n,q=0.9",7.945629485619177,-6.333232445520598,100,sqrt_n,0.9
regression,229_pwLinear,"samples=sqrt_n,q=0.95",7.945629485619177,-6.333232445520598,100,sqrt_n,0.95
regression,230_machine_cpu,"samples=0.1n,q=0.5",3.1528936464965183,38.69037141348355,100,0.1n,0.5
regression,230_machine_cpu,"samples=0.1n,q=0.75",3.4827409463426995,37.25309114204414,100,0.1n,0.75
regression,230_machine_cpu,"samples=0.1n,q=0.9",3.95972210510549,37.06717404149692,100,0.1n,0.9
regression,230_machine_cpu,"samples=0.1n,q=0.95",3.848852222446558,36.78120447268222,100,0.1n,0.95
regression,230_machine_cpu,"samples=10,q=0.5",1.7796161865438698,14.207164005673606,100,10,0.5
regression,230_machine_cpu,"samples=10,q=0.75",1.5279053117949137,10.731256599788814,100,10,0.75
regression,230_machine_cpu,"samples=10,q=0.9",2.5093220943091077,10.754204642075294,100,10,0.9
regression,230_machine_cpu,"samples=10,q=0.95",4.389553329522822,12.240502451172425,100,10,0.95
regression,230_machine_cpu,"samples=2,q=0.5",0.6424816480744777,30.72490542799332,100,2,0.5
regression,230_machine_cpu,"samples=2,q=0.75",-1.0787783878598467,28.731676813451163,100,2,0.75
regression,230_machine_cpu,"samples=2,q=0.9",0.7742122928148354,29.009544678556864,100,2,0.9
regression,230_machine_cpu,"samples=2,q=0.95",-0.31292914487875967,29.14027070379563,100,2,0.95
regression,230_machine_cpu,"samples=ln_n,q=0.5",0.8610814994705618,20.309737565106133,100,ln_n,0.5
regression,230_machine_cpu,"samples=ln_n,q=0.75",1.8879645382892385,16.734856293402103,100,ln_n,0.75
regression,230_machine_cpu,"samples=ln_n,q=0.9",3.2472512472072115,16.83015961415174,100,ln_n,0.9
regression,230_machine_cpu,"samples=ln_n,q=0.95",2.5770746213895803,17.22165843344647,100,ln_n,0.95
regression,230_machine_cpu,"samples=sqrt_n,q=0.5",2.250728566402327,38.913096053701565,100,sqrt_n,0.5
regression,230_machine_cpu,"samples=sqrt_n,q=0.75",2.3452664497517315,38.72656860053529,100,sqrt_n,0.75
regression,230_machine_cpu,"samples=sqrt_n,q=0.9",0.9938205879678752,38.45138619032217,100,sqrt_n,0.9
regression,230_machine_cpu,"samples=sqrt_n,q=0.95",1.8259297291339127,38.3982439786643,100,sqrt_n,0.95
regression,294_satellite_image,"samples=0.1n,q=0.5",4.877177877590977,62.06129085620161,100,0.1n,0.5
regression,294_satellite_image,"samples=0.1n,q=0.75",4.204973533960866,58.77427044943407,100,0.1n,0.75
regression,294_satellite_image,"samples=0.1n,q=0.9",3.4470522090382927,54.436980428245064,100,0.1n,0.9
regression,294_satellite_image,"samples=0.1n,q=0.95",3.462852164821645,52.64028122628836,100,0.1n,0.95
regression,294_satellite_image,"samples=10,q=0.5",5.3293669575917635,40.06633528887524,100,10,0.5
regression,294_satellite_image,"samples=10,q=0.75",4.228368330789806,33.221240582346596,100,10,0.75
regression,294_satellite_image,"samples=10,q=0.9",3.027144303809637,24.437834165297808,100,10,0.9
regression,294_satellite_image,"samples=10,q=0.95",3.739735166622377,20.293736660708195,100,10,0.95
regression,294_satellite_image,"samples=2,q=0.5",4.757993247487285,58.438998099740886,100,2,0.5
regression,294_satellite_image,"samples=2,q=0.75",4.092079474770793,54.3504419123152,100,2,0.75
regression,294_satellite_image,"samples=2,q=0.9",3.5835372200491546,50.20943884348277,100,2,0.9
regression,294_satellite_image,"samples=2,q=0.95",4.1924734812401105,49.19110353894612,100,2,0.95
regression,294_satellite_image,"samples=ln_n,q=0.5",4.978876608671384,41.761098389070334,100,ln_n,0.5
regression,294_satellite_image,"samples=ln_n,q=0.75",4.07229814472061,34.84166082832533,100,ln_n,0.75
regression,294_satellite_image,"samples=ln_n,q=0.9",3.5445241580170093,26.218371806571678,100,ln_n,0.9
regression,294_satellite_image,"samples=ln_n,q=0.95",3.322703543230854,22.00197718078234,100,ln_n,0.95
regression,294_satellite_image,"samples=sqrt_n,q=0.5",4.647677422817997,65.57366186635727,100,sqrt_n,0.5
regression,294_satellite_image,"samples=sqrt_n,q=0.75",4.647677422817997,65.57366186635727,100,sqrt_n,0.75
regression,294_satellite_image,"samples=sqrt_n,q=0.9",4.647677422817997,65.57366186635727,100,sqrt_n,0.9
regression,294_satellite_image,"samples=sqrt_n,q=0.95",4.647677422817997,65.57366186635727,100,sqrt_n,0.95
regression,344_mv,"samples=0.1n,q=0.5",67.5662932516546,50.9894643459002,100,0.1n,0.5
regression,344_mv,"samples=0.1n,q=0.75",59.7936135920688,47.38983243975361,100,0.1n,0.75
regression,344_mv,"samples=0.1n,q=0.9",82.85202031515752,47.32359368651694,100,0.1n,0.9
regression,344_mv,"samples=0.1n,q=0.95",88.66226855773454,46.544810403307366,100,0.1n,0.95
regression,344_mv,"samples=10,q=0.5",64.48629354817376,44.83691611844039,100,10,0.5
regression,344_mv,"samples=10,q=0.75",56.462817286747736,40.32777018829706,100,10,0.75
regression,344_mv,"samples=10,q=0.9",72.7585974195479,38.81236262066044,100,10,0.9
regression,344_mv,"samples=10,q=0.95",84.28372279261805,39.24325821878401,100,10,0.95
regression,344_mv,"samples=2,q=0.5",79.05462563604648,55.231291104706344,100,2,0.5
regression,344_mv,"samples=2,q=0.75",75.0520615778988,52.985066649804956,100,2,0.75
regression,344_mv,"samples=2,q=0.9",80.22659599127441,52.44434683019898,100,2,0.9
regression,344_mv,"samples=2,q=0.95",82.94168109947276,51.70400318383629,100,2,0.95
regression,344_mv,"samples=ln_n,q=0.5",63.99922021442037,44.363122388594135,100,ln_n,0.5
regression,344_mv,"samples=ln_n,q=0.75",55.497462772466,39.74997486433399,100,ln_n,0.75
regression,344_mv,"samples=ln_n,q=0.9",73.79822003412204,38.25026675271582,100,ln_n,0.9
regression,344_mv,"samples=ln_n,q=0.95",84.53620719960159,38.92672537485237,100,ln_n,0.95
regression,344_mv,"samples=sqrt_n,q=0.5",74.93467386004565,56.078649473276116,100,sqrt_n,0.5
regression,344_mv,"samples=sqrt_n,q=0.75",71.73725708451363,53.30665598156542,100,sqrt_n,0.75
regression,344_mv,"samples=sqrt_n,q=0.9",81.93395461506972,52.903876536615336,100,sqrt_n,0.9
regression,344_mv,"samples=sqrt_n,q=0.95",87.27422410696758,52.878699985589286,100,sqrt_n,0.95
regression,4544_GeographicalOriginalofMusic,"samples=0.1n,q=0.5",11.411092726098737,72.3855647336983,100,0.1n,0.5
regression,4544_GeographicalOriginalofMusic,"samples=0.1n,q=0.75",6.51265160735049,66.08580216364155,100,0.1n,0.75
regression,4544_GeographicalOriginalofMusic,"samples=0.1n,q=0.9",1.3040724734042275,57.375358841243965,100,0.1n,0.9
regression,4544_GeographicalOriginalofMusic,"samples=0.1n,q=0.95",0.8396364075454743,53.53491612313006,100,0.1n,0.95
regression,4544_GeographicalOriginalofMusic,"samples=10,q=0.5",11.00373659544504,63.27102582127125,100,10,0.5
regression,4544_GeographicalOriginalofMusic,"samples=10,q=0.75",5.899981270777483,54.85466403739522,100,10,0.75
regression,4544_GeographicalOriginalofMusic,"samples=10,q=0.9",0.6608496402123909,43.51819697047347,100,10,0.9
regression,4544_GeographicalOriginalofMusic,"samples=10,q=0.95",0.5193702832753777,39.3741686318635,100,10,0.95
regression,4544_GeographicalOriginalofMusic,"samples=2,q=0.5",10.802680013105986,71.55128035473746,100,2,0.5
regression,4544_GeographicalOriginalofMusic,"samples=2,q=0.75",7.283659314779012,65.96164672658,100,2,0.75
regression,4544_GeographicalOriginalofMusic,"samples=2,q=0.9",4.96881682866862,60.51266203790465,100,2,0.9
regression,4544_GeographicalOriginalofMusic,"samples=2,q=0.95",5.167845621188832,60.07628699038425,100,2,0.95
regression,4544_GeographicalOriginalofMusic,"samples=ln_n,q=0.5",11.200539824825212,65.04275307056426,100,ln_n,0.5
regression,4544_GeographicalOriginalofMusic,"samples=ln_n,q=0.75",5.702033410631757,56.80978947215438,100,ln_n,0.75
regression,4544_GeographicalOriginalofMusic,"samples=ln_n,q=0.9",1.2971743202281616,46.49384472051115,100,ln_n,0.9
regression,4544_GeographicalOriginalofMusic,"samples=ln_n,q=0.95",-0.1528444820737107,42.568620619230146,100,ln_n,0.95
regression,4544_GeographicalOriginalofMusic,"samples=sqrt_n,q=0.5",10.450783539955616,74.09175780004023,100,sqrt_n,0.5
regression,4544_GeographicalOriginalofMusic,"samples=sqrt_n,q=0.75",7.06715980626878,70.0162755013451,100,sqrt_n,0.75
regression,4544_GeographicalOriginalofMusic,"samples=sqrt_n,q=0.9",3.0172108900882346,63.642564671740104,100,sqrt_n,0.9
regression,4544_GeographicalOriginalofMusic,"samples=sqrt_n,q=0.95",3.0573586967765243,62.02028289655352,100,sqrt_n,0.95
regression,485_analcatdata_vehicle,"samples=0.1n,q=0.5",-10.400359622337941,-6.557377049180335,100,0.1n,0.5
regression,485_analcatdata_vehicle,"samples=0.1n,q=0.75",-10.400359622337941,-6.557377049180335,100,0.1n,0.75
regression,485_analcatdata_vehicle,"samples=0.1n,q=0.9",-10.400359622337941,-6.557377049180335,100,0.1n,0.9
regression,485_analcatdata_vehicle,"samples=0.1n,q=0.95",-10.400359622337941,-6.557377049180335,100,0.1n,0.95
regression,485_analcatdata_vehicle,"samples=10,q=0.5",-9.19846567516327,-40.266393442622956,100,10,0.5
regression,485_analcatdata_vehicle,"samples=10,q=0.75",-5.706384053768621,-40.266393442622956,100,10,0.75
regression,485_analcatdata_vehicle,"samples=10,q=0.9",-10.000809760994379,-35.040983606557404,100,10,0.9
regression,485_analcatdata_vehicle,"samples=10,q=0.95",-11.407382880279226,-28.995901639344268,100,10,0.95
regression,485_analcatdata_vehicle,"samples=2,q=0.5",-9.19846567516327,-23.66803278688525,100,2,0.5
regression,485_analcatdata_vehicle,"samples=2,q=0.75",-9.140220326430327,-24.077868852459027,100,2,0.75
regression,485_analcatdata_vehicle,"samples=2,q=0.9",-11.718617179126934,-16.700819672131153,100,2,0.9
regression,485_analcatdata_vehicle,"samples=2,q=0.95",-11.424460203216903,-15.881147540983608,100,2,0.95
regression,485_analcatdata_vehicle,"samples=ln_n,q=0.5",-9.19846567516327,-39.34426229508197,100,ln_n,0.5
regression,485_analcatdata_vehicle,"samples=ln_n,q=0.75",-8.41608213233841,-39.54918032786885,100,ln_n,0.75
regression,485_analcatdata_vehicle,"samples=ln_n,q=0.9",-10.843500906520752,-34.11885245901641,100,ln_n,0.9
regression,485_analcatdata_vehicle,"samples=ln_n,q=0.95",-11.544283649657183,-28.38114754098362,100,ln_n,0.95
regression,485_analcatdata_vehicle,"samples=sqrt_n,q=0.5",-10.400359622337941,-6.557377049180335,100,sqrt_n,0.5
regression,485_analcatdata_vehicle,"samples=sqrt_n,q=0.75",-10.400359622337941,-6.557377049180335,100,sqrt_n,0.75
regression,485_analcatdata_vehicle,"samples=sqrt_n,q=0.9",-10.400359622337941,-6.557377049180335,100,sqrt_n,0.9
regression,485_analcatdata_vehicle,"samples=sqrt_n,q=0.95",-10.400359622337941,-6.557377049180335,100,sqrt_n,0.95
regression,503_wind,"samples=0.1n,q=0.5",5.672710145622978,62.61507211701793,100,0.1n,0.5
regression,503_wind,"samples=0.1n,q=0.75",4.189158130882625,58.31536289812007,100,0.1n,0.75
regression,503_wind,"samples=0.1n,q=0.9",2.4892765139983783,52.97942484978242,100,0.1n,0.9
regression,503_wind,"samples=0.1n,q=0.95",3.694373293433512,50.48632688111964,100,0.1n,0.95
regression,503_wind,"samples=10,q=0.5",5.126624482449754,49.01987544559911,100,10,0.5
regression,503_wind,"samples=10,q=0.75",3.1491674773179046,41.34905100172561,100,10,0.75
regression,503_wind,"samples=10,q=0.9",2.0412620988083,33.74276370794994,100,10,0.9
regression,503_wind,"samples=10,q=0.95",2.886092399410395,31.089168799973365,100,10,0.95
regression,503_wind,"samples=2,q=0.5",5.5679117905747315,60.42643873614749,100,2,0.5
regression,503_wind,"samples=2,q=0.75",4.170973045724574,56.31865494641627,100,2,0.75
regression,503_wind,"samples=2,q=0.9",3.9905272183927423,53.36767762287509,100,2,0.9
regression,503_wind,"samples=2,q=0.95",4.302868593419296,52.60923163579197,100,2,0.95
regression,503_wind,"samples=ln_n,q=0.5",4.902533256305558,49.82024539012299,100,ln_n,0.5
regression,503_wind,"samples=ln_n,q=0.75",3.423271848997178,42.14054702268294,100,ln_n,0.75
regression,503_wind,"samples=ln_n,q=0.9",2.047173568446181,34.65505129247842,100,ln_n,0.9
regression,503_wind,"samples=ln_n,q=0.95",2.8393641443291653,32.193226058358256,100,ln_n,0.95
regression,503_wind,"samples=sqrt_n,q=0.5",5.757335326737756,65.33478636091144,100,sqrt_n,0.5
regression,503_wind,"samples=sqrt_n,q=0.75",4.944223068293585,64.37882899000016,100,sqrt_n,0.75
regression,503_wind,"samples=sqrt_n,q=0.9",4.02525690721146,63.16055300474626,100,sqrt_n,0.9
regression,503_wind,"samples=sqrt_n,q=0.95",4.680701744152393,62.81092687047525,100,sqrt_n,0.95
regression,505_tecator,"samples=0.1n,q=0.5",49.835278498186355,56.400277623959596,100,0.1n,0.5
regression,505_tecator,"samples=0.1n,q=0.75",40.34585975196397,50.66802966239659,100,0.1n,0.75
regression,505_tecator,"samples=0.1n,q=0.9",38.85913940795204,48.38891897714357,100,0.1n,0.9
regression,505_tecator,"samples=0.1n,q=0.95",46.330015492654496,48.55905976923524,100,0.1n,0.95
regression,505_tecator,"samples=10,q=0.5",48.001097241414016,41.15262260191798,100,10,0.5
regression,505_tecator,"samples=10,q=0.75",34.23943151577734,31.382466078929006,100,10,0.75
regression,505_tecator,"samples=10,q=0.9",35.06022286754936,28.25366638062603,100,10,0.9
regression,505_tecator,"samples=10,q=0.95",43.228862129527116,27.584937026463948,100,10,0.95
regression,505_tecator,"samples=2,q=0.5",56.66665814448099,57.431547745547796,100,2,0.5
regression,505_tecator,"samples=2,q=0.75",48.02839677730405,52.53685335781488,100,2,0.75
regression,505_tecator,"samples=2,q=0.9",47.74981470779269,49.057240437330044,100,2,0.9
regression,505_tecator,"samples=2,q=0.95",51.725200983387566,49.037761420936036,100,2,0.95
regression,505_tecator,"samples=ln_n,q=0.5",49.34628434314378,47.22815849356208,100,ln_n,0.5
regression,505_tecator,"samples=ln_n,q=0.75",38.32199808528013,39.94369324294364,100,ln_n,0.75
regression,505_tecator,"samples=ln_n,q=0.9",35.81512233700634,35.5194217672518,100,ln_n,0.9
regression,505_tecator,"samples=ln_n,q=0.95",41.39407747683441,34.24292751190781,100,ln_n,0.95
regression,505_tecator,"samples=sqrt_n,q=0.5",51.33518278858739,58.241492903995095,100,sqrt_n,0.5
regression,505_tecator,"samples=sqrt_n,q=0.75",45.26381355005651,54.07664333911809,100,sqrt_n,0.75
regression,505_tecator,"samples=sqrt_n,q=0.9",44.58723627898698,53.09852162574684,100,sqrt_n,0.9
regression,505_tecator,"samples=sqrt_n,q=0.95",47.59167786693118,52.401825557831,100,sqrt_n,0.95
regression,519_vinnie,"samples=0.1n,q=0.5",0.020389545298105105,-6.138423655777025,100,0.1n,0.5
regression,519_vinnie,"samples=0.1n,q=0.75",0.13051653588678214,-6.007799540882386,100,0.1n,0.75
regression,519_vinnie,"samples=0.1n,q=0.9",0.40805591695212695,-7.2703350588149585,100,0.1n,0.9
regression,519_vinnie,"samples=0.1n,q=0.95",0.4816827687840086,-7.3138890657836075,100,0.1n,0.95
regression,519_vinnie,"samples=10,q=0.5",-0.18218472001795272,-37.412891986062725,100,10,0.5
regression,519_vinnie,"samples=10,q=0.75",-0.11918365098029238,-38.31080958142667,100,10,0.75
regression,519_vinnie,"samples=10,q=0.9",2.015761222899709,-39.92173924909707,100,10,0.9
regression,519_vinnie,"samples=10,q=0.95",7.624176913747204,-37.674216027874564,100,10,0.95
regression,519_vinnie,"samples=2,q=0.5",0.0,-22.106179286335923,100,2,0.5
regression,519_vinnie,"samples=2,q=0.75",0.0,-22.551120046821502,100,2,0.75
regression,519_vinnie,"samples=2,q=0.9",-0.11576752990710704,-21.462800556763497,100,2,0.9
regression,519_vinnie,"samples=2,q=0.95",0.44422802110380966,-21.235857267188862,100,2,0.95
regression,519_vinnie,"samples=ln_n,q=0.5",-0.2725280878064562,-34.58188153310105,100,ln_n,0.5
regression,519_vinnie,"samples=ln_n,q=0.75",-0.283383238440571,-35.45296167247387,100,ln_n,0.75
regression,519_vinnie,"samples=ln_n,q=0.9",1.891241858912751,-36.466492602262846,100,ln_n,0.9
regression,519_vinnie,"samples=ln_n,q=0.95",5.032503349142992,-34.30558461683087,100,ln_n,0.95
regression,519_vinnie,"samples=sqrt_n,q=0.5",0.8631023680065797,-6.925087108013949,100,sqrt_n,0.5
regression,519_vinnie,"samples=sqrt_n,q=0.75",0.8631023680065797,-6.925087108013949,100,sqrt_n,0.75
regression,519_vinnie,"samples=sqrt_n,q=0.9",0.8631023680065797,-6.925087108013949,100,sqrt_n,0.9
regression,519_vinnie,"samples=sqrt_n,q=0.95",0.8631023680065797,-6.925087108013949,100,sqrt_n,0.95
regression,522_pm10,"samples=0.1n,q=0.5",4.121687693740239,54.45220868001306,100,0.1n,0.5
regression,522_pm10,"samples=0.1n,q=0.75",3.522464679461729,49.92399364796013,100,0.1n,0.75
regression,522_pm10,"samples=0.1n,q=0.9",2.4371800167524604,45.74519875058111,100,0.1n,0.9
regression,522_pm10,"samples=0.1n,q=0.95",3.086386253953266,43.364605971182996,100,0.1n,0.95
regression,522_pm10,"samples=10,q=0.5",3.466439997758486,35.9990651229198,100,10,0.5
regression,522_pm10,"samples=10,q=0.75",3.137458272004773,29.391773505080714,100,10,0.75
regression,522_pm10,"samples=10,q=0.9",3.1694032290277674,22.6779743757846,100,10,0.9
regression,522_pm10,"samples=10,q=0.95",3.5831557111141557,19.001271767922546,100,10,0.95
regression,522_pm10,"samples=2,q=0.5",3.4334629313301335,50.94098604337027,100,2,0.5
regression,522_pm10,"samples=2,q=0.75",3.1195676054401544,47.52977387470051,100,2,0.75
regression,522_pm10,"samples=2,q=0.9",3.487224145302065,44.191458943265125,100,2,0.9
regression,522_pm10,"samples=2,q=0.95",3.0456412835211664,43.21815182693212,100,2,0.95
regression,522_pm10,"samples=ln_n,q=0.5",3.5597013147269485,40.62572728993271,100,ln_n,0.5
regression,522_pm10,"samples=ln_n,q=0.75",2.431223960941631,34.22494888761045,100,ln_n,0.75
regression,522_pm10,"samples=ln_n,q=0.9",3.0668097373582723,28.287497908580576,100,ln_n,0.9
regression,522_pm10,"samples=ln_n,q=0.95",3.100577927610443,25.29807845833779,100,ln_n,0.95
regression,522_pm10,"samples=sqrt_n,q=0.5",4.058446774421887,56.076169574727984,100,sqrt_n,0.5
regression,522_pm10,"samples=sqrt_n,q=0.75",3.340960241635127,53.62005059094301,100,sqrt_n,0.75
regression,522_pm10,"samples=sqrt_n,q=0.9",3.028439719195186,51.139017252255655,100,sqrt_n,0.9
regression,522_pm10,"samples=sqrt_n,q=0.95",3.890564797899354,50.0005263874929,100,sqrt_n,0.95
regression,523_analcatdata_neavote,"samples=0.1n,q=0.5",0.0,-33.33333333333333,100,0.1n,0.5
regression,523_analcatdata_neavote,"samples=0.1n,q=0.75",0.0,-33.33333333333333,100,0.1n,0.75
regression,523_analcatdata_neavote,"samples=0.1n,q=0.9",0.0,-33.33333333333333,100,0.1n,0.9
regression,523_analcatdata_neavote,"samples=0.1n,q=0.95",0.0,-33.33333333333333,100,0.1n,0.95
regression,523_analcatdata_neavote,"samples=10,q=0.5",0.0,-53.33333333333334,100,10,0.5
regression,523_analcatdata_neavote,"samples=10,q=0.75",0.0,-53.33333333333334,100,10,0.75
regression,523_analcatdata_neavote,"samples=10,q=0.9",-0.2233600448133366,-48.88888888888889,100,10,0.9
regression,523_analcatdata_neavote,"samples=10,q=0.95",-0.2233600448133366,-48.88888888888889,100,10,0.95
regression,523_analcatdata_neavote,"samples=2,q=0.5",0.0,-53.33333333333334,100,2,0.5
regression,523_analcatdata_neavote,"samples=2,q=0.75",0.0,-53.33333333333334,100,2,0.75
regression,523_analcatdata_neavote,"samples=2,q=0.9",-0.2233600448133366,-48.88888888888889,100,2,0.9
regression,523_analcatdata_neavote,"samples=2,q=0.95",-0.2233600448133366,-48.88888888888889,100,2,0.95
regression,523_analcatdata_neavote,"samples=ln_n,q=0.5",0.0,-53.33333333333334,100,ln_n,0.5
regression,523_analcatdata_neavote,"samples=ln_n,q=0.75",0.0,-53.33333333333334,100,ln_n,0.75
regression,523_analcatdata_neavote,"samples=ln_n,q=0.9",-0.2233600448133366,-48.88888888888889,100,ln_n,0.9
regression,523_analcatdata_neavote,"samples=ln_n,q=0.95",-0.2233600448133366,-48.88888888888889,100,ln_n,0.95
regression,523_analcatdata_neavote,"samples=sqrt_n,q=0.5",0.0,-33.33333333333333,100,sqrt_n,0.5
regression,523_analcatdata_neavote,"samples=sqrt_n,q=0.75",0.0,-33.33333333333333,100,sqrt_n,0.75
regression,523_analcatdata_neavote,"samples=sqrt_n,q=0.9",0.0,-33.33333333333333,100,sqrt_n,0.9
regression,523_analcatdata_neavote,"samples=sqrt_n,q=0.95",0.0,-33.33333333333333,100,sqrt_n,0.95
regression,527_analcatdata_election2000,"samples=0.1n,q=0.5",-8.639921226774629,54.57262244790014,100,0.1n,0.5
regression,527_analcatdata_election2000,"samples=0.1n,q=0.75",-5.04989783465144,51.54183856976621,100,0.1n,0.75
regression,527_analcatdata_election2000,"samples=0.1n,q=0.9",-3.9954470034124445,47.4611234528721,100,0.1n,0.9
regression,527_analcatdata_election2000,"samples=0.1n,q=0.95",-3.5330906092328807,47.75203639056384,100,0.1n,0.95
regression,527_analcatdata_election2000,"samples=10,q=0.5",-2.181180604128352,36.213371416481536,100,10,0.5
regression,527_analcatdata_election2000,"samples=10,q=0.75",-2.1934353063993606,29.81857611340315,100,10,0.75
regression,527_analcatdata_election2000,"samples=10,q=0.9",-1.487726410758028,21.847561620649522,100,10,0.9
regression,527_analcatdata_election2000,"samples=10,q=0.95",-3.413291344574354,22.98741140378715,100,10,0.95
regression,527_analcatdata_election2000,"samples=2,q=0.5",-5.555977335093443,52.22416164180683,100,2,0.5
regression,527_analcatdata_election2000,"samples=2,q=0.75",-2.3750749181125963,48.64857717126837,100,2,0.75
regression,527_analcatdata_election2000,"samples=2,q=0.9",-6.317061264026469,45.96424415529461,100,2,0.9
regression,527_analcatdata_election2000,"samples=2,q=0.95",-4.888054507571393,46.18639585316831,100,2,0.95
regression,527_analcatdata_election2000,"samples=ln_n,q=0.5",-4.715254108389233,44.689516555590814,100,ln_n,0.5
regression,527_analcatdata_election2000,"samples=ln_n,q=0.75",-5.136293332884145,38.92679572622448,100,ln_n,0.75
regression,527_analcatdata_election2000,"samples=ln_n,q=0.9",0.5584335183997313,33.70358616312282,100,ln_n,0.9
regression,527_analcatdata_election2000,"samples=ln_n,q=0.95",1.2531409939837812,34.96244578440706,100,ln_n,0.95
regression,527_analcatdata_election2000,"samples=sqrt_n,q=0.5",-6.528259578290674,53.97492859409711,100,sqrt_n,0.5
regression,527_analcatdata_election2000,"samples=sqrt_n,q=0.75",-0.8676962347008432,50.44430339574738,100,sqrt_n,0.75
regression,527_analcatdata_election2000,"samples=sqrt_n,q=0.9",-2.7753185534257097,45.76060509891039,100,sqrt_n,0.9
regression,527_analcatdata_election2000,"samples=sqrt_n,q=0.95",-4.430600012701613,46.302761028245,100,sqrt_n,0.95
regression,529_pollen,"samples=0.1n,q=0.5",9.948184174232777,54.978342879359836,100,0.1n,0.5
regression,529_pollen,"samples=0.1n,q=0.75",6.387636052783235,51.03714441517079,100,0.1n,0.75
regression,529_pollen,"samples=0.1n,q=0.9",5.246496900394382,47.734480098677466,100,0.1n,0.9
regression,529_pollen,"samples=0.1n,q=0.95",7.142497347663163,46.992038974122,100,0.1n,0.95
regression,529_pollen,"samples=10,q=0.5",7.839133885020122,50.05024551361598,100,10,0.5
regression,529_pollen,"samples=10,q=0.75",5.4492562199299766,45.08134307686383,100,10,0.75
regression,529_pollen,"samples=10,q=0.9",4.411813061620601,40.70743695709691,100,10,0.9
regression,529_pollen,"samples=10,q=0.95",6.533678735546572,39.52129502997961,100,10,0.95
regression,529_pollen,"samples=2,q=0.5",10.221534792989072,56.75202814245628,100,2,0.5
regression,529_pollen,"samples=2,q=0.75",8.531741537320853,54.842201759648816,100,2,0.75
regression,529_pollen,"samples=2,q=0.9",8.179903629064405,52.76573914318046,100,2,0.9
regression,529_pollen,"samples=2,q=0.95",9.315107809065148,52.14198674114679,100,2,0.95
regression,529_pollen,"samples=ln_n,q=0.5",8.279528427276661,50.56810347718829,100,ln_n,0.5
regression,529_pollen,"samples=ln_n,q=0.75",5.603137107537715,46.069422033744615,100,ln_n,0.75
regression,529_pollen,"samples=ln_n,q=0.9",4.953329237633936,42.39491607322305,100,ln_n,0.9
regression,529_pollen,"samples=ln_n,q=0.95",6.285353061894039,41.55713889996485,100,ln_n,0.95
regression,529_pollen,"samples=sqrt_n,q=0.5",10.084109509338985,58.3382088250748,100,sqrt_n,0.5
regression,529_pollen,"samples=sqrt_n,q=0.75",8.208248083672942,55.51657232434876,100,sqrt_n,0.75
regression,529_pollen,"samples=sqrt_n,q=0.9",7.594216564563494,53.45389772274166,100,sqrt_n,0.9
regression,529_pollen,"samples=sqrt_n,q=0.95",8.704982224914492,52.72456142312187,100,sqrt_n,0.95
regression,537_houses,"samples=0.1n,q=0.5",4.607079156855271,62.023073471105704,100,0.1n,0.5
regression,537_houses,"samples=0.1n,q=0.75",3.890170426836037,56.7428566751704,100,0.1n,0.75
regression,537_houses,"samples=0.1n,q=0.9",3.4231586224085007,52.06081501057225,100,0.1n,0.9
regression,537_houses,"samples=0.1n,q=0.95",4.175302468642944,50.61007745513671,100,0.1n,0.95
regression,537_houses,"samples=10,q=0.5",4.532628180656934,54.12303265126404,100,10,0.5
regression,537_houses,"samples=10,q=0.75",3.2572116623439893,47.23217076071721,100,10,0.75
regression,537_houses,"samples=10,q=0.9",3.169950495712209,40.84369203493709,100,10,0.9
regression,537_houses,"samples=10,q=0.95",2.6716841132562563,38.88447226713454,100,10,0.95
regression,537_houses,"samples=2,q=0.5",4.635333992896445,63.37973015188609,100,2,0.5
regression,537_houses,"samples=2,q=0.75",3.9145529959483563,59.517456413259794,100,2,0.75
regression,537_houses,"samples=2,q=0.9",3.6089329620951016,57.2264782870393,100,2,0.9
regression,537_houses,"samples=2,q=0.95",4.374551747982686,56.450645561707375,100,2,0.95
regression,537_houses,"samples=ln_n,q=0.5",4.532628180656934,54.12303265126404,100,ln_n,0.5
regression,537_houses,"samples=ln_n,q=0.75",3.2572116623439893,47.23217076071721,100,ln_n,0.75
regression,537_houses,"samples=ln_n,q=0.9",3.169950495712209,40.84369203493709,100,ln_n,0.9
regression,537_houses,"samples=ln_n,q=0.95",2.6716841132562563,38.88447226713454,100,ln_n,0.95
regression,537_houses,"samples=sqrt_n,q=0.5",4.73141904627799,66.40121196635586,100,sqrt_n,0.5
regression,537_houses,"samples=sqrt_n,q=0.75",4.535745579782663,64.49163711297027,100,sqrt_n,0.75
regression,537_houses,"samples=sqrt_n,q=0.9",4.8750780618855405,63.02072216321264,100,sqrt_n,0.9
regression,537_houses,"samples=sqrt_n,q=0.95",4.768734960303799,63.00128440880036,100,sqrt_n,0.95
regression,542_pollution,"samples=0.1n,q=0.5",2.4284348078655094,49.136175726537914,100,0.1n,0.5
regression,542_pollution,"samples=0.1n,q=0.75",3.7887993068664194,46.390448571604864,100,0.1n,0.75
regression,542_pollution,"samples=0.1n,q=0.9",1.5119709113787572,43.13568211266736,100,0.1n,0.9
regression,542_pollution,"samples=0.1n,q=0.95",0.7968286003435687,42.84568396371938,100,0.1n,0.95
regression,542_pollution,"samples=10,q=0.5",4.852672596626112,22.79262047263529,100,10,0.5
regression,542_pollution,"samples=10,q=0.75",-0.29222522922702776,14.37650397976184,100,10,0.75
regression,542_pollution,"samples=10,q=0.9",-0.9517251238966962,6.534213611402484,100,10,0.9
regression,542_pollution,"samples=10,q=0.95",-0.3496684497840241,4.4795458752390935,100,10,0.95
regression,542_pollution,"samples=2,q=0.5",5.132127856480162,42.52792003455298,100,2,0.5
regression,542_pollution,"samples=2,q=0.75",2.7254802612312004,38.93996421299438,100,2,0.75
regression,542_pollution,"samples=2,q=0.9",2.3152246184735494,35.8487073486765,100,2,0.9
regression,542_pollution,"samples=2,q=0.95",1.4808609022095298,34.72573579317579,100,2,0.95
regression,542_pollution,"samples=ln_n,q=0.5",5.150582869475445,34.00999568087863,100,ln_n,0.5
regression,542_pollution,"samples=ln_n,q=0.75",-0.3737883942743103,26.809403344233978,100,ln_n,0.75
regression,542_pollution,"samples=ln_n,q=0.9",0.6723889653352744,21.225396433639787,100,ln_n,0.9
regression,542_pollution,"samples=ln_n,q=0.95",0.2195069364147817,19.358918985623504,100,ln_n,0.95
regression,542_pollution,"samples=sqrt_n,q=0.5",2.1664101839408256,48.195224285802425,100,sqrt_n,0.5
regression,542_pollution,"samples=sqrt_n,q=0.75",4.797728183937583,44.591843030789164,100,sqrt_n,0.75
regression,542_pollution,"samples=sqrt_n,q=0.9",0.7371772707010671,41.31548096501512,100,sqrt_n,0.9
regression,542_pollution,"samples=sqrt_n,q=0.95",2.090137570922368,39.356450916270745,100,sqrt_n,0.95
regression,547_no2,"samples=0.1n,q=0.5",6.079335322380198,52.61356660527932,100,0.1n,0.5
regression,547_no2,"samples=0.1n,q=0.75",4.198946867957776,48.640388787330174,100,0.1n,0.75
regression,547_no2,"samples=0.1n,q=0.9",4.038778033000973,44.43421500840746,100,0.1n,0.9
regression,547_no2,"samples=0.1n,q=0.95",4.5317263619984,43.08330495303225,100,0.1n,0.95
regression,547_no2,"samples=10,q=0.5",5.681239519759911,35.04588660456193,100,10,0.5
regression,547_no2,"samples=10,q=0.75",4.52375150197426,28.258603846677122,100,10,0.75
regression,547_no2,"samples=10,q=0.9",3.006037680967033,22.262635563740538,100,10,0.9
regression,547_no2,"samples=10,q=0.95",3.2122818398164945,19.073050951503987,100,10,0.95
regression,547_no2,"samples=2,q=0.5",5.730342259246557,50.06854393739688,100,2,0.5
regression,547_no2,"samples=2,q=0.75",5.140278761315519,46.60937180274196,100,2,0.75
regression,547_no2,"samples=2,q=0.9",4.972520201658792,43.80920231592299,100,2,0.9
regression,547_no2,"samples=2,q=0.95",4.769733330224057,42.86847012412392,100,2,0.95
regression,547_no2,"samples=ln_n,q=0.5",4.845825298173256,39.30113136520796,100,ln_n,0.5
regression,547_no2,"samples=ln_n,q=0.75",3.6599317778419516,33.49752934078542,100,ln_n,0.75
regression,547_no2,"samples=ln_n,q=0.9",3.096025201279673,27.73685287497442,100,ln_n,0.9
regression,547_no2,"samples=ln_n,q=0.95",3.8865663443546863,25.015344012766217,100,ln_n,0.95
regression,547_no2,"samples=sqrt_n,q=0.5",5.571215415256092,54.755037310346964,100,sqrt_n,0.5
regression,547_no2,"samples=sqrt_n,q=0.75",4.62252964801414,52.13997831379529,100,sqrt_n,0.75
regression,547_no2,"samples=sqrt_n,q=0.9",4.630365428344047,49.83222485321648,100,sqrt_n,0.9
regression,547_no2,"samples=sqrt_n,q=0.95",4.590275350775852,49.211249924975405,100,sqrt_n,0.95
regression,556_analcatdata_apnea2,"samples=0.1n,q=0.5",0.0001441869886709135,21.45072363886974,100,0.1n,0.5
regression,556_analcatdata_apnea2,"samples=0.1n,q=0.75",0.0001441869886709135,21.23535492763611,100,0.1n,0.75
regression,556_analcatdata_apnea2,"samples=0.1n,q=0.9",3.32119882484605e-05,20.92522398345968,100,0.1n,0.9
regression,556_analcatdata_apnea2,"samples=0.1n,q=0.95",2.4693298350531023e-05,20.856305995864922,100,0.1n,0.95
regression,556_analcatdata_apnea2,"samples=10,q=0.5",0.0001441869886709135,-42.54824259131633,100,10,0.5
regression,556_analcatdata_apnea2,"samples=10,q=0.75",-0.00020050432105733762,-38.4131633356306,100,10,0.75
regression,556_analcatdata_apnea2,"samples=10,q=0.9",-6.547954996759775,-25.53411440385942,100,10,0.9
regression,556_analcatdata_apnea2,"samples=10,q=0.95",-0.5811850653198891,-13.344245348035845,100,10,0.95
regression,556_analcatdata_apnea2,"samples=2,q=0.5",0.0001441869886709135,3.9110957960027504,100,2,0.5
regression,556_analcatdata_apnea2,"samples=2,q=0.75",0.00012433182280391364,3.290833907649887,100,2,0.75
regression,556_analcatdata_apnea2,"samples=2,q=0.9",-7.2879157538195845,12.698139214334935,100,2,0.9
regression,556_analcatdata_apnea2,"samples=2,q=0.95",-9.69902218533616,14.291867677463815,100,2,0.95
regression,556_analcatdata_apnea2,"samples=ln_n,q=0.5",0.0001441869886709135,-27.412129565816677,100,ln_n,0.5
regression,556_analcatdata_apnea2,"samples=ln_n,q=0.75",-0.0004476176212797611,-25.852860096485188,100,ln_n,0.75
regression,556_analcatdata_apnea2,"samples=ln_n,q=0.9",-7.112243057769185,-14.748449345279123,100,ln_n,0.9
regression,556_analcatdata_apnea2,"samples=ln_n,q=0.95",-6.668112316102626,-5.918332184700215,100,ln_n,0.95
regression,556_analcatdata_apnea2,"samples=sqrt_n,q=0.5",0.0001441869886709135,22.277739490006887,100,sqrt_n,0.5
regression,556_analcatdata_apnea2,"samples=sqrt_n,q=0.75",0.0001441869886709135,22.277739490006887,100,sqrt_n,0.75
regression,556_analcatdata_apnea2,"samples=sqrt_n,q=0.9",0.0001441869886709135,22.277739490006887,100,sqrt_n,0.9
regression,556_analcatdata_apnea2,"samples=sqrt_n,q=0.95",0.0001441869886709135,22.277739490006887,100,sqrt_n,0.95
regression,557_analcatdata_apnea1,"samples=0.1n,q=0.5",1.7612761138430244e-06,21.70555514642492,100,0.1n,0.5
regression,557_analcatdata_apnea1,"samples=0.1n,q=0.75",0.0001006806946424188,21.48493126711319,100,0.1n,0.75
regression,557_analcatdata_apnea1,"samples=0.1n,q=0.9",0.00033843484394946444,21.01950304555895,100,0.1n,0.9
regression,557_analcatdata_apnea1,"samples=0.1n,q=0.95",0.023752564056811476,21.179605052011546,100,0.1n,0.95
regression,557_analcatdata_apnea1,"samples=10,q=0.5",1.7612761138430244e-06,-37.295656188954005,100,10,0.5
regression,557_analcatdata_apnea1,"samples=10,q=0.75",-8.024073941959031e-05,-33.56395668208147,100,10,0.75
regression,557_analcatdata_apnea1,"samples=10,q=0.9",-8.334161336307345,-24.370793562233917,100,10,0.9
regression,557_analcatdata_apnea1,"samples=10,q=0.95",1.5172342286320362,-13.313824547057372,100,10,0.95
regression,557_analcatdata_apnea1,"samples=2,q=0.5",1.7612761138430244e-06,6.876356564604263,100,2,0.5
regression,557_analcatdata_apnea1,"samples=2,q=0.75",1.7612761138430244e-06,5.383120822687615,100,2,0.75
regression,557_analcatdata_apnea1,"samples=2,q=0.9",-4.603167281663989,13.90465491502933,100,2,0.9
regression,557_analcatdata_apnea1,"samples=2,q=0.95",-3.6785324209329895,14.752783500654532,100,2,0.95
regression,557_analcatdata_apnea1,"samples=ln_n,q=0.5",4.8652683853900314e-05,-22.105921141137443,100,ln_n,0.5
regression,557_analcatdata_apnea1,"samples=ln_n,q=0.75",-0.0003579595624914056,-21.859473222920677,100,ln_n,0.75
regression,557_analcatdata_apnea1,"samples=ln_n,q=0.9",-6.448136209442423,-14.057805509257339,100,ln_n,0.9
regression,557_analcatdata_apnea1,"samples=ln_n,q=0.95",-0.6980129367287535,-4.228329736628689,100,ln_n,0.95
regression,557_analcatdata_apnea1,"samples=sqrt_n,q=0.5",1.7612761138430244e-06,22.452059659090917,100,sqrt_n,0.5
regression,557_analcatdata_apnea1,"samples=sqrt_n,q=0.75",1.7612761138430244e-06,22.452059659090917,100,sqrt_n,0.75
regression,557_analcatdata_apnea1,"samples=sqrt_n,q=0.9",1.7612761138430244e-06,22.452059659090917,100,sqrt_n,0.9
regression,557_analcatdata_apnea1,"samples=sqrt_n,q=0.95",1.7612761138430244e-06,22.452059659090917,100,sqrt_n,0.95
regression,560_bodyfat,"samples=0.1n,q=0.5",54.72463969910406,47.924220373794626,100,0.1n,0.5
regression,560_bodyfat,"samples=0.1n,q=0.75",43.9747933210579,44.17618088092968,100,0.1n,0.75
regression,560_bodyfat,"samples=0.1n,q=0.9",41.31117242364648,42.68302940080487,100,0.1n,0.9
regression,560_bodyfat,"samples=0.1n,q=0.95",50.155553358706754,41.62505274816279,100,0.1n,0.95
regression,560_bodyfat,"samples=10,q=0.5",51.8032016810247,27.703858212629235,100,10,0.5
regression,560_bodyfat,"samples=10,q=0.75",38.22027678137103,22.259855178511966,100,10,0.75
regression,560_bodyfat,"samples=10,q=0.9",38.32859789553365,19.022663582833907,100,10,0.9
regression,560_bodyfat,"samples=10,q=0.95",47.76323025051373,16.432961588069123,100,10,0.95
regression,560_bodyfat,"samples=2,q=0.5",59.45070769007018,46.293020944145375,100,2,0.5
regression,560_bodyfat,"samples=2,q=0.75",50.577311160176954,42.4551402474574,100,2,0.75
regression,560_bodyfat,"samples=2,q=0.9",52.31696547123303,40.72171407131376,100,2,0.9
regression,560_bodyfat,"samples=2,q=0.95",55.50567016982227,39.99961131840796,100,2,0.95
regression,560_bodyfat,"samples=ln_n,q=0.5",52.71479505092954,33.51418904713227,100,ln_n,0.5
regression,560_bodyfat,"samples=ln_n,q=0.75",40.93403746898461,27.272965479554184,100,ln_n,0.75
regression,560_bodyfat,"samples=ln_n,q=0.9",39.44370089775194,23.864880524608623,100,ln_n,0.9
regression,560_bodyfat,"samples=ln_n,q=0.95",48.71121396815573,22.961458073458004,100,ln_n,0.95
regression,560_bodyfat,"samples=sqrt_n,q=0.5",56.58349048913398,49.939433200211575,100,sqrt_n,0.5
regression,560_bodyfat,"samples=sqrt_n,q=0.75",47.516565442661474,47.01710528597245,100,sqrt_n,0.75
regression,560_bodyfat,"samples=sqrt_n,q=0.9",43.23359111821992,44.85892590333624,100,sqrt_n,0.9
regression,560_bodyfat,"samples=sqrt_n,q=0.95",51.00824245994935,45.420502821100996,100,sqrt_n,0.95
regression,561_cpu,"samples=0.1n,q=0.5",-4.863836282462386,37.25474728534142,100,0.1n,0.5
regression,561_cpu,"samples=0.1n,q=0.75",-8.532456978282188,36.47274323440928,100,0.1n,0.75
regression,561_cpu,"samples=0.1n,q=0.9",-5.019455919603677,35.89602003200735,100,0.1n,0.9
regression,561_cpu,"samples=0.1n,q=0.95",-5.142842387165169,35.53385322260801,100,0.1n,0.95
regression,561_cpu,"samples=10,q=0.5",-3.898674330356333,8.556326164527896,100,10,0.5
regression,561_cpu,"samples=10,q=0.75",-6.642311819994362,4.3828882331821974,100,10,0.75
regression,561_cpu,"samples=10,q=0.9",0.010182408718256708,3.4754372426928692,100,10,0.9
regression,561_cpu,"samples=10,q=0.95",4.1172215018346385,2.6280147031638776,100,10,0.95
regression,561_cpu,"samples=2,q=0.5",-5.325685755223885,29.018192272947086,100,2,0.5
regression,561_cpu,"samples=2,q=0.75",-4.129687402143134,26.409372721100887,100,2,0.75
regression,561_cpu,"samples=2,q=0.9",1.5121086196793088,26.205705245118274,100,2,0.9
regression,561_cpu,"samples=2,q=0.95",-0.9322029014694144,26.115899889238605,100,2,0.95
regression,561_cpu,"samples=ln_n,q=0.5",-8.209242554040053,15.860164601717269,100,ln_n,0.5
regression,561_cpu,"samples=ln_n,q=0.75",-4.421347054407865,12.5106313365709,100,ln_n,0.75
regression,561_cpu,"samples=ln_n,q=0.9",0.718134107341728,11.714054399030022,100,ln_n,0.9
regression,561_cpu,"samples=ln_n,q=0.95",2.678267419226282,10.572264238644618,100,ln_n,0.95
regression,561_cpu,"samples=sqrt_n,q=0.5",-2.600246412789453,37.608985619410085,100,sqrt_n,0.5
regression,561_cpu,"samples=sqrt_n,q=0.75",-2.600246412789453,37.318728622820146,100,sqrt_n,0.75
regression,561_cpu,"samples=sqrt_n,q=0.9",-2.003171245469071,36.94737945641056,100,sqrt_n,0.9
regression,561_cpu,"samples=sqrt_n,q=0.95",-1.8441418994590286,36.46649008474779,100,sqrt_n,0.95
regression,562_cpu_small,"samples=0.1n,q=0.5",7.755651631606403,66.38793492269218,100,0.1n,0.5
regression,562_cpu_small,"samples=0.1n,q=0.75",4.910618954954443,61.8678120978645,100,0.1n,0.75
regression,562_cpu_small,"samples=0.1n,q=0.9",4.01767799812508,56.10742413787177,100,0.1n,0.9
regression,562_cpu_small,"samples=0.1n,q=0.95",4.630089573903973,54.62394361278693,100,0.1n,0.95
regression,562_cpu_small,"samples=10,q=0.5",6.816583366631635,57.61768297107755,100,10,0.5
regression,562_cpu_small,"samples=10,q=0.75",3.9238712644014075,51.41941500417161,100,10,0.75
regression,562_cpu_small,"samples=10,q=0.9",3.2959232769556532,45.12994668943108,100,10,0.9
regression,562_cpu_small,"samples=10,q=0.95",4.310919139641167,43.16604713516364,100,10,0.95
regression,562_cpu_small,"samples=2,q=0.5",7.82888094307061,66.77262696142219,100,2,0.5
regression,562_cpu_small,"samples=2,q=0.75",6.028239918760587,63.31164260288169,100,2,0.75
regression,562_cpu_small,"samples=2,q=0.9",7.399504570485361,60.989287530756776,100,2,0.9
regression,562_cpu_small,"samples=2,q=0.95",7.086126857189157,60.10981374261047,100,2,0.95
regression,562_cpu_small,"samples=ln_n,q=0.5",7.0963714692624915,58.08565643225828,100,ln_n,0.5
regression,562_cpu_small,"samples=ln_n,q=0.75",4.350366347616946,51.80048968019166,100,ln_n,0.75
regression,562_cpu_small,"samples=ln_n,q=0.9",2.885887205261789,45.44153754786574,100,ln_n,0.9
regression,562_cpu_small,"samples=ln_n,q=0.95",4.575843014346692,43.42397509688188,100,ln_n,0.95
regression,562_cpu_small,"samples=sqrt_n,q=0.5",7.952922440878046,69.70123405741325,100,sqrt_n,0.5
regression,562_cpu_small,"samples=sqrt_n,q=0.75",7.09353464639088,67.85762391544105,100,sqrt_n,0.75
regression,562_cpu_small,"samples=sqrt_n,q=0.9",6.846052140755532,65.5688287991184,100,sqrt_n,0.9
regression,562_cpu_small,"samples=sqrt_n,q=0.95",7.428148940601948,64.14182991006142,100,sqrt_n,0.95
regression,564_fried,"samples=0.1n,q=0.5",12.413493987003832,60.10477639283815,99,0.1n,0.5
regression,564_fried,"samples=0.1n,q=0.75",9.002196886529513,54.97270046571667,99,0.1n,0.75
regression,564_fried,"samples=0.1n,q=0.9",7.879868377274779,50.209111337919886,99,0.1n,0.9
regression,564_fried,"samples=0.1n,q=0.95",18.84941043267343,51.365279863396964,99,0.1n,0.95
regression,564_fried,"samples=10,q=0.5",11.947736614701165,51.03385706930228,99,10,0.5
regression,564_fried,"samples=10,q=0.75",7.603375369946585,43.88544500474053,99,10,0.75
regression,564_fried,"samples=10,q=0.9",5.741376978482338,36.794915100362665,99,10,0.9
regression,564_fried,"samples=10,q=0.95",12.322632781869125,36.25771919600722,99,10,0.95
regression,564_fried,"samples=2,q=0.5",15.191227837369937,62.224233293651665,99,2,0.5
regression,564_fried,"samples=2,q=0.75",11.814201976396788,58.349291847506166,99,2,0.75
regression,564_fried,"samples=2,q=0.9",12.181323165548053,55.41255079074254,99,2,0.9
regression,564_fried,"samples=2,q=0.95",14.69077947314913,55.02321905276948,99,2,0.95
regression,564_fried,"samples=ln_n,q=0.5",11.935808954541605,50.45353592992923,99,ln_n,0.5
regression,564_fried,"samples=ln_n,q=0.75",7.664245124331415,43.195163074051244,99,ln_n,0.75
regression,564_fried,"samples=ln_n,q=0.9",5.748666925566226,35.95986743034746,99,ln_n,0.9
regression,564_fried,"samples=ln_n,q=0.95",12.548937858781828,35.46388229859348,99,ln_n,0.95
regression,564_fried,"samples=sqrt_n,q=0.5",15.600861060324956,66.0163070582097,99,sqrt_n,0.5
regression,564_fried,"samples=sqrt_n,q=0.75",15.187303616832015,65.12047076451758,99,sqrt_n,0.75
regression,564_fried,"samples=sqrt_n,q=0.9",15.357464531302266,64.25585956033335,99,sqrt_n,0.9
regression,564_fried,"samples=sqrt_n,q=0.95",17.55852149286693,64.26084440637396,99,sqrt_n,0.95
regression,573_cpu_act,"samples=0.1n,q=0.5",12.757884825867722,67.8957051189561,100,0.1n,0.5
regression,573_cpu_act,"samples=0.1n,q=0.75",9.128644589437462,62.40958576793177,100,0.1n,0.75
regression,573_cpu_act,"samples=0.1n,q=0.9",6.722370946899031,54.690163693033504,100,0.1n,0.9
regression,573_cpu_act,"samples=0.1n,q=0.95",8.60493302320754,53.214380567355384,100,0.1n,0.95
regression,573_cpu_act,"samples=10,q=0.5",12.468781415443143,57.98250141697341,100,10,0.5
regression,573_cpu_act,"samples=10,q=0.75",8.874220421111477,50.5230095199009,100,10,0.75
regression,573_cpu_act,"samples=10,q=0.9",8.179072597271048,42.02974343930082,100,10,0.9
regression,573_cpu_act,"samples=10,q=0.95",8.569714212656093,39.293448181407264,100,10,0.95
regression,573_cpu_act,"samples=2,q=0.5",13.881740688814586,68.30713711391593,100,2,0.5
regression,573_cpu_act,"samples=2,q=0.75",10.541538232776698,64.24544935657889,100,2,0.75
regression,573_cpu_act,"samples=2,q=0.9",12.159504093433265,60.424856657356294,100,2,0.9
regression,573_cpu_act,"samples=2,q=0.95",12.398675754005989,59.55954231928365,100,2,0.95
regression,573_cpu_act,"samples=ln_n,q=0.5",11.999218439611203,58.49252453051129,100,ln_n,0.5
regression,573_cpu_act,"samples=ln_n,q=0.75",8.471013566296136,51.25697790091178,100,ln_n,0.75
regression,573_cpu_act,"samples=ln_n,q=0.9",6.728038506946261,43.02816169194429,100,ln_n,0.9
regression,573_cpu_act,"samples=ln_n,q=0.95",8.132961699536212,40.27221670932161,100,ln_n,0.95
regression,573_cpu_act,"samples=sqrt_n,q=0.5",13.839532438221909,70.98224946214414,100,sqrt_n,0.5
regression,573_cpu_act,"samples=sqrt_n,q=0.75",11.231486471071134,68.73183796253096,100,sqrt_n,0.75
regression,573_cpu_act,"samples=sqrt_n,q=0.9",11.437088023487096,65.16350344097418,100,sqrt_n,0.9
regression,573_cpu_act,"samples=sqrt_n,q=0.95",12.46820927805547,64.3685811734043,100,sqrt_n,0.95
regression,574_house_16H,"samples=0.1n,q=0.5",5.766758098951819,72.3230880229425,100,0.1n,0.5
regression,574_house_16H,"samples=0.1n,q=0.75",4.075327096567316,66.85933821624215,100,0.1n,0.75
regression,574_house_16H,"samples=0.1n,q=0.9",2.678660179284015,59.28345869581496,100,0.1n,0.9
regression,574_house_16H,"samples=0.1n,q=0.95",2.301511265919448,54.9039719584421,100,0.1n,0.95
regression,574_house_16H,"samples=10,q=0.5",5.798974584637417,68.22738147433542,100,10,0.5
regression,574_house_16H,"samples=10,q=0.75",3.67846903746174,61.84852632800579,100,10,0.75
regression,574_house_16H,"samples=10,q=0.9",2.427395362205825,54.0477748800478,100,10,0.9
regression,574_house_16H,"samples=10,q=0.95",1.9673902519127595,49.71641899653379,100,10,0.95
regression,574_house_16H,"samples=2,q=0.5",5.402759062116397,73.59668716059875,100,2,0.5
regression,574_house_16H,"samples=2,q=0.75",4.429167458266475,69.70626658348681,100,2,0.75
regression,574_house_16H,"samples=2,q=0.9",3.5943759715291232,66.09650717557952,100,2,0.9
regression,574_house_16H,"samples=2,q=0.95",4.087513817495952,65.06129809426878,100,2,0.95
regression,574_house_16H,"samples=ln_n,q=0.5",5.798974584637417,68.22738147433542,100,ln_n,0.5
regression,574_house_16H,"samples=ln_n,q=0.75",3.67846903746174,61.84852632800579,100,ln_n,0.75
regression,574_house_16H,"samples=ln_n,q=0.9",2.427395362205825,54.0477748800478,100,ln_n,0.9
regression,574_house_16H,"samples=ln_n,q=0.95",1.9673902519127595,49.71641899653379,100,ln_n,0.95
regression,574_house_16H,"samples=sqrt_n,q=0.5",5.410973905640837,75.29531324463088,100,sqrt_n,0.5
regression,574_house_16H,"samples=sqrt_n,q=0.75",4.754105399796122,72.76119991161404,100,sqrt_n,0.75
regression,574_house_16H,"samples=sqrt_n,q=0.9",3.9007928394499736,68.93110828481946,100,sqrt_n,0.9
regression,574_house_16H,"samples=sqrt_n,q=0.95",3.496782928410985,66.96278081639664,100,sqrt_n,0.95
regression,579_fri_c0_250_5,"samples=0.1n,q=0.5",10.583107001549664,50.265735978447225,100,0.1n,0.5
regression,579_fri_c0_250_5,"samples=0.1n,q=0.75",9.549093328768194,47.166299289737935,100,0.1n,0.75
regression,579_fri_c0_250_5,"samples=0.1n,q=0.9",8.038886541799418,42.50673524369337,100,0.1n,0.9
regression,579_fri_c0_250_5,"samples=0.1n,q=0.95",8.856955521920757,40.44819985304923,100,0.1n,0.95
regression,579_fri_c0_250_5,"samples=10,q=0.5",9.829430682943602,35.165319617928,100,10,0.5
regression,579_fri_c0_250_5,"samples=10,q=0.75",7.520729291812817,30.068577026696055,100,10,0.75
regression,579_fri_c0_250_5,"samples=10,q=0.9",4.945626561872329,23.779084006857698,100,10,0.9
regression,579_fri_c0_250_5,"samples=10,q=0.95",9.042639884741677,20.74210139603234,100,10,0.95
regression,579_fri_c0_250_5,"samples=2,q=0.5",10.454704749432114,49.382806759735494,100,2,0.5
regression,579_fri_c0_250_5,"samples=2,q=0.75",9.191625949152671,46.85525349008083,100,2,0.75
regression,579_fri_c0_250_5,"samples=2,q=0.9",11.123065543139727,43.70928239039922,100,2,0.9
regression,579_fri_c0_250_5,"samples=2,q=0.95",11.478990804551454,42.64511388684791,100,2,0.95
regression,579_fri_c0_250_5,"samples=ln_n,q=0.5",10.123622649912479,39.45015919666912,100,ln_n,0.5
regression,579_fri_c0_250_5,"samples=ln_n,q=0.75",7.944749942001799,34.13421503796228,100,ln_n,0.75
regression,579_fri_c0_250_5,"samples=ln_n,q=0.9",7.098484141805656,28.790105314719572,100,ln_n,0.9
regression,579_fri_c0_250_5,"samples=ln_n,q=0.95",9.122638282866742,25.39064413421504,100,ln_n,0.95
regression,579_fri_c0_250_5,"samples=sqrt_n,q=0.5",10.442891467624815,52.157727161400935,100,sqrt_n,0.5
regression,579_fri_c0_250_5,"samples=sqrt_n,q=0.75",10.64066087447077,49.353416605437175,100,sqrt_n,0.75
regression,579_fri_c0_250_5,"samples=sqrt_n,q=0.9",8.11549404580112,46.2539799167279,100,sqrt_n,0.9
regression,579_fri_c0_250_5,"samples=sqrt_n,q=0.95",11.24644582499904,44.49914278716629,100,sqrt_n,0.95
regression,581_fri_c3_500_25,"samples=0.1n,q=0.5",28.05999181538499,64.2366078725349,100,0.1n,0.5
regression,581_fri_c3_500_25,"samples=0.1n,q=0.75",18.314674094672156,58.98700690718384,100,0.1n,0.75
regression,581_fri_c3_500_25,"samples=0.1n,q=0.9",14.088656280332001,54.05058003797639,100,0.1n,0.9
regression,581_fri_c3_500_25,"samples=0.1n,q=0.95",17.490586169678004,52.492781054581485,100,0.1n,0.95
regression,581_fri_c3_500_25,"samples=10,q=0.5",27.07886871977226,53.5863680481707,100,10,0.5
regression,581_fri_c3_500_25,"samples=10,q=0.75",15.242126146548468,46.22667589507861,100,10,0.75
regression,581_fri_c3_500_25,"samples=10,q=0.9",9.964559113945832,38.9773614678825,100,10,0.9
regression,581_fri_c3_500_25,"samples=10,q=0.95",16.072708878718835,37.449527918300305,100,10,0.95
regression,581_fri_c3_500_25,"samples=2,q=0.5",31.089507209986934,64.36393574280982,100,2,0.5
regression,581_fri_c3_500_25,"samples=2,q=0.75",24.308947753023958,59.919769316606505,100,2,0.75
regression,581_fri_c3_500_25,"samples=2,q=0.9",24.96631424820462,56.87298086449772,100,2,0.9
regression,581_fri_c3_500_25,"samples=2,q=0.95",24.769789927794022,56.05897035944396,100,2,0.95
regression,581_fri_c3_500_25,"samples=ln_n,q=0.5",27.125128218762306,56.166926636142954,100,ln_n,0.5
regression,581_fri_c3_500_25,"samples=ln_n,q=0.75",15.352853006197408,49.11334601903663,100,ln_n,0.75
regression,581_fri_c3_500_25,"samples=ln_n,q=0.9",10.61276187617765,42.60943436964632,100,ln_n,0.9
regression,581_fri_c3_500_25,"samples=ln_n,q=0.95",15.45448462257632,41.394371341341596,100,ln_n,0.95
regression,581_fri_c3_500_25,"samples=sqrt_n,q=0.5",27.01758738220807,65.33110290957299,100,sqrt_n,0.5
regression,581_fri_c3_500_25,"samples=sqrt_n,q=0.75",19.23412143905361,61.833521331958494,100,sqrt_n,0.75
regression,581_fri_c3_500_25,"samples=sqrt_n,q=0.9",17.87477470516275,57.60254332880656,100,sqrt_n,0.9
regression,581_fri_c3_500_25,"samples=sqrt_n,q=0.95",21.83762066912923,56.89003190259317,100,sqrt_n,0.95
regression,582_fri_c1_500_25,"samples=0.1n,q=0.5",28.806870935376445,63.08423525984694,100,0.1n,0.5
regression,582_fri_c1_500_25,"samples=0.1n,q=0.75",19.430950283853313,57.954338564614204,100,0.1n,0.75
regression,582_fri_c1_500_25,"samples=0.1n,q=0.9",13.647371703023842,53.173146329500014,100,0.1n,0.9
regression,582_fri_c1_500_25,"samples=0.1n,q=0.95",16.761259953375674,52.44146670065179,100,0.1n,0.95
regression,582_fri_c1_500_25,"samples=10,q=0.5",27.672081036581396,51.40145779026754,100,10,0.5
regression,582_fri_c1_500_25,"samples=10,q=0.75",17.15630789149283,43.90431189771907,100,10,0.75
regression,582_fri_c1_500_25,"samples=10,q=0.9",10.786039346678528,37.319409430013856,100,10,0.9
regression,582_fri_c1_500_25,"samples=10,q=0.95",16.530743655678037,36.512762626078725,100,10,0.95
regression,582_fri_c1_500_25,"samples=2,q=0.5",29.777765492983463,62.486639778439866,100,2,0.5
regression,582_fri_c1_500_25,"samples=2,q=0.75",24.02278712780848,57.81661315438311,100,2,0.75
regression,582_fri_c1_500_25,"samples=2,q=0.9",24.923963977275974,56.14163227101276,100,2,0.9
regression,582_fri_c1_500_25,"samples=2,q=0.95",26.658179427632774,55.10837040638634,100,2,0.95
regression,582_fri_c1_500_25,"samples=ln_n,q=0.5",26.28690717812104,54.490105403848176,100,ln_n,0.5
regression,582_fri_c1_500_25,"samples=ln_n,q=0.75",18.51301907993095,46.96404360090902,100,ln_n,0.75
regression,582_fri_c1_500_25,"samples=ln_n,q=0.9",12.547422129720719,41.42172034673389,100,ln_n,0.9
regression,582_fri_c1_500_25,"samples=ln_n,q=0.95",17.33246404472814,40.35322390981663,100,ln_n,0.95
regression,582_fri_c1_500_25,"samples=sqrt_n,q=0.5",27.07654398719194,63.8889543364227,100,sqrt_n,0.5
regression,582_fri_c1_500_25,"samples=sqrt_n,q=0.75",21.79346259780162,60.597252774320964,100,sqrt_n,0.75
regression,582_fri_c1_500_25,"samples=sqrt_n,q=0.9",19.036395465428136,57.966333312628116,100,sqrt_n,0.9
regression,582_fri_c1_500_25,"samples=sqrt_n,q=0.95",20.11459396198407,57.00632508765804,100,sqrt_n,0.95
regression,583_fri_c1_1000_50,"samples=0.1n,q=0.5",35.20577585820814,65.56618308170681,100,0.1n,0.5
regression,583_fri_c1_1000_50,"samples=0.1n,q=0.75",22.01033538479862,59.63597666054771,100,0.1n,0.75
regression,583_fri_c1_1000_50,"samples=0.1n,q=0.9",15.560937089617427,53.680014423257035,100,0.1n,0.9
regression,583_fri_c1_1000_50,"samples=0.1n,q=0.95",19.644210596616535,51.8470666466864,100,0.1n,0.95
regression,583_fri_c1_1000_50,"samples=10,q=0.5",31.91695896863957,55.64265444123927,100,10,0.5
regression,583_fri_c1_1000_50,"samples=10,q=0.75",21.470147217025588,47.87205447120968,100,10,0.75
regression,583_fri_c1_1000_50,"samples=10,q=0.9",14.394259215533388,40.295185067246095,100,10,0.9
regression,583_fri_c1_1000_50,"samples=10,q=0.95",18.458657015636142,39.24228730378751,100,10,0.95
regression,583_fri_c1_1000_50,"samples=2,q=0.5",38.027852749966065,65.73525830742142,100,2,0.5
regression,583_fri_c1_1000_50,"samples=2,q=0.75",29.540656295413655,60.92273723448095,100,2,0.75
regression,583_fri_c1_1000_50,"samples=2,q=0.9",28.282368842943328,57.7658468512344,100,2,0.9
regression,583_fri_c1_1000_50,"samples=2,q=0.95",32.74778556620646,57.28163750796088,100,2,0.95
regression,583_fri_c1_1000_50,"samples=ln_n,q=0.5",32.496185403038524,58.054499306934396,100,ln_n,0.5
regression,583_fri_c1_1000_50,"samples=ln_n,q=0.75",21.079042508062113,50.41963248791818,100,ln_n,0.75
regression,583_fri_c1_1000_50,"samples=ln_n,q=0.9",15.037113777495042,43.730495822874914,100,ln_n,0.9
regression,583_fri_c1_1000_50,"samples=ln_n,q=0.95",20.07125327314572,42.60065841231784,100,ln_n,0.95
regression,583_fri_c1_1000_50,"samples=sqrt_n,q=0.5",34.03281708509935,67.61353632038362,100,sqrt_n,0.5
regression,583_fri_c1_1000_50,"samples=sqrt_n,q=0.75",25.67081226064211,63.53135653542127,100,sqrt_n,0.75
regression,583_fri_c1_1000_50,"samples=sqrt_n,q=0.9",22.771820467216266,60.71184392911999,100,sqrt_n,0.9
regression,583_fri_c1_1000_50,"samples=sqrt_n,q=0.95",26.247604003336427,60.07691623272019,100,sqrt_n,0.95
regression,584_fri_c4_500_25,"samples=0.1n,q=0.5",30.468271170144092,63.381388845735586,100,0.1n,0.5
regression,584_fri_c4_500_25,"samples=0.1n,q=0.75",20.15938231505574,57.69685671379007,100,0.1n,0.75
regression,584_fri_c4_500_25,"samples=0.1n,q=0.9",15.87081748021676,52.65630987520067,100,0.1n,0.9
regression,584_fri_c4_500_25,"samples=0.1n,q=0.95",19.708815960887897,50.70395111594428,100,0.1n,0.95
regression,584_fri_c4_500_25,"samples=10,q=0.5",29.18487639014529,52.29630780384237,100,10,0.5
regression,584_fri_c4_500_25,"samples=10,q=0.75",17.434179178947407,45.172285226036976,100,10,0.75
regression,584_fri_c4_500_25,"samples=10,q=0.9",11.242977800407306,37.49583139143493,100,10,0.9
regression,584_fri_c4_500_25,"samples=10,q=0.95",16.968437127112384,36.11496038527264,100,10,0.95
regression,584_fri_c4_500_25,"samples=2,q=0.5",32.52202242973546,62.984723732587646,100,2,0.5
regression,584_fri_c4_500_25,"samples=2,q=0.75",27.202844933543112,59.0584640878256,100,2,0.75
regression,584_fri_c4_500_25,"samples=2,q=0.9",26.58567362710547,55.66599347522138,100,2,0.9
regression,584_fri_c4_500_25,"samples=2,q=0.95",28.050336565148537,55.01693335404691,100,2,0.95
regression,584_fri_c4_500_25,"samples=ln_n,q=0.5",28.513981655474616,55.12122624410958,100,ln_n,0.5
regression,584_fri_c4_500_25,"samples=ln_n,q=0.75",18.55951890156159,47.63761586660453,100,ln_n,0.75
regression,584_fri_c4_500_25,"samples=ln_n,q=0.9",12.189543319067681,41.714773963026246,100,ln_n,0.9
regression,584_fri_c4_500_25,"samples=ln_n,q=0.95",16.92942657731248,40.28553674071773,100,ln_n,0.95
regression,584_fri_c4_500_25,"samples=sqrt_n,q=0.5",29.50782116862745,64.453006058723,100,sqrt_n,0.5
regression,584_fri_c4_500_25,"samples=sqrt_n,q=0.75",23.40099386992288,60.666666666666664,100,sqrt_n,0.75
regression,584_fri_c4_500_25,"samples=sqrt_n,q=0.9",20.063521873596237,57.22821189995339,100,sqrt_n,0.9
regression,584_fri_c4_500_25,"samples=sqrt_n,q=0.95",24.162190792309147,56.72715032882813,100,sqrt_n,0.95
regression,586_fri_c3_1000_25,"samples=0.1n,q=0.5",30.567176110746974,64.12747371501902,100,0.1n,0.5
regression,586_fri_c3_1000_25,"samples=0.1n,q=0.75",22.641159887755848,59.4684917936826,100,0.1n,0.75
regression,586_fri_c3_1000_25,"samples=0.1n,q=0.9",18.1685798582781,54.07591687867258,100,0.1n,0.9
regression,586_fri_c3_1000_25,"samples=0.1n,q=0.95",22.537664426003893,52.25661345881082,100,0.1n,0.95
regression,586_fri_c3_1000_25,"samples=10,q=0.5",29.60394465021256,55.06436724677488,100,10,0.5
regression,586_fri_c3_1000_25,"samples=10,q=0.75",20.33863697592765,48.52196231172749,100,10,0.75
regression,586_fri_c3_1000_25,"samples=10,q=0.9",14.781086192905928,41.15343224441092,100,10,0.9
regression,586_fri_c3_1000_25,"samples=10,q=0.95",20.941344638870277,40.27007677240696,100,10,0.95
regression,586_fri_c3_1000_25,"samples=2,q=0.5",35.01293461005444,65.17536078528492,100,2,0.5
regression,586_fri_c3_1000_25,"samples=2,q=0.75",27.94726404804657,61.13528603912916,100,2,0.75
regression,586_fri_c3_1000_25,"samples=2,q=0.9",27.63055006238431,57.78093973028345,100,2,0.9
regression,586_fri_c3_1000_25,"samples=2,q=0.95",30.87539596608233,57.28257198820272,100,2,0.95
regression,586_fri_c3_1000_25,"samples=ln_n,q=0.5",30.58236030197256,57.294414300830766,100,ln_n,0.5
regression,586_fri_c3_1000_25,"samples=ln_n,q=0.75",20.915160566376642,50.163540986559205,100,ln_n,0.75
regression,586_fri_c3_1000_25,"samples=ln_n,q=0.9",15.81974985757969,43.35029380642547,100,ln_n,0.9
regression,586_fri_c3_1000_25,"samples=ln_n,q=0.95",21.37731051042906,42.36436499538465,100,ln_n,0.95
regression,586_fri_c3_1000_25,"samples=sqrt_n,q=0.5",32.018210512998664,66.72791949028525,100,sqrt_n,0.5
regression,586_fri_c3_1000_25,"samples=sqrt_n,q=0.75",25.71593357390394,63.99887430488326,100,sqrt_n,0.75
regression,586_fri_c3_1000_25,"samples=sqrt_n,q=0.9",23.839062485893322,60.08883985861269,100,sqrt_n,0.9
regression,586_fri_c3_1000_25,"samples=sqrt_n,q=0.95",27.678005264065163,59.695747123848975,100,sqrt_n,0.95
regression,588_fri_c4_1000_100,"samples=0.1n,q=0.5",37.3177505427683,67.79561445845883,100,0.1n,0.5
regression,588_fri_c4_1000_100,"samples=0.1n,q=0.75",26.271962625250733,62.190235073871754,100,0.1n,0.75
regression,588_fri_c4_1000_100,"samples=0.1n,q=0.9",18.66859349499491,55.464415391701145,100,0.1n,0.9
regression,588_fri_c4_1000_100,"samples=0.1n,q=0.95",22.954969096388446,55.27231815865605,100,0.1n,0.95
regression,588_fri_c4_1000_100,"samples=10,q=0.5",35.84527887840542,59.27453694845562,100,10,0.5
regression,588_fri_c4_1000_100,"samples=10,q=0.75",24.553371268909864,51.329695965770526,100,10,0.75
regression,588_fri_c4_1000_100,"samples=10,q=0.9",17.14478215629478,43.109867611914375,100,10,0.9
regression,588_fri_c4_1000_100,"samples=10,q=0.95",21.294448318466277,42.24574454256936,100,10,0.95
regression,588_fri_c4_1000_100,"samples=2,q=0.5",39.27523554095579,68.56198410213054,100,2,0.5
regression,588_fri_c4_1000_100,"samples=2,q=0.75",32.662728400706456,63.636818051512385,100,2,0.75
regression,588_fri_c4_1000_100,"samples=2,q=0.9",32.23587264462033,60.14798405490346,100,2,0.9
regression,588_fri_c4_1000_100,"samples=2,q=0.95",34.72123116145754,59.86231541992704,100,2,0.95
regression,588_fri_c4_1000_100,"samples=ln_n,q=0.5",35.48617375479735,60.622847885341486,100,ln_n,0.5
regression,588_fri_c4_1000_100,"samples=ln_n,q=0.75",24.840474838111415,52.91248712565646,100,ln_n,0.75
regression,588_fri_c4_1000_100,"samples=ln_n,q=0.9",17.119343120003254,44.93384788776905,100,ln_n,0.9
regression,588_fri_c4_1000_100,"samples=ln_n,q=0.95",21.461998947550676,44.124035955252566,100,ln_n,0.95
regression,588_fri_c4_1000_100,"samples=sqrt_n,q=0.5",36.95602474621508,70.06120099335755,100,sqrt_n,0.5
regression,588_fri_c4_1000_100,"samples=sqrt_n,q=0.75",28.858950922624043,65.95346058602621,100,sqrt_n,0.75
regression,588_fri_c4_1000_100,"samples=sqrt_n,q=0.9",25.254633299763015,62.42333600144242,100,sqrt_n,0.9
regression,588_fri_c4_1000_100,"samples=sqrt_n,q=0.95",29.683209047236897,62.460290084587236,100,sqrt_n,0.95
regression,589_fri_c2_1000_25,"samples=0.1n,q=0.5",28.09443822383269,63.09654915821784,100,0.1n,0.5
regression,589_fri_c2_1000_25,"samples=0.1n,q=0.75",16.725313542264008,57.80285554832109,100,0.1n,0.75
regression,589_fri_c2_1000_25,"samples=0.1n,q=0.9",11.450788921985888,52.47646730536695,100,0.1n,0.9
regression,589_fri_c2_1000_25,"samples=0.1n,q=0.95",18.260902250177246,51.94279601897498,100,0.1n,0.95
regression,589_fri_c2_1000_25,"samples=10,q=0.5",28.797423111027,53.56185471118966,100,10,0.5
regression,589_fri_c2_1000_25,"samples=10,q=0.75",14.449307366658036,46.252395126034784,100,10,0.75
regression,589_fri_c2_1000_25,"samples=10,q=0.9",8.503517967902468,39.74314017300716,100,10,0.9
regression,589_fri_c2_1000_25,"samples=10,q=0.95",15.33074998989392,37.99930239047531,100,10,0.95
regression,589_fri_c2_1000_25,"samples=2,q=0.5",33.39158105096143,63.74932564412612,100,2,0.5
regression,589_fri_c2_1000_25,"samples=2,q=0.75",25.19318232645358,59.791647288624304,100,2,0.75
regression,589_fri_c2_1000_25,"samples=2,q=0.9",25.871442992006592,57.14068458748024,100,2,0.9
regression,589_fri_c2_1000_25,"samples=2,q=0.95",27.096692323753693,56.36991907729514,100,2,0.95
regression,589_fri_c2_1000_25,"samples=ln_n,q=0.5",27.52608904952821,55.342061203608964,100,ln_n,0.5
regression,589_fri_c2_1000_25,"samples=ln_n,q=0.75",15.908666265761445,48.10417635568784,100,ln_n,0.75
regression,589_fri_c2_1000_25,"samples=ln_n,q=0.9",11.33997984465509,41.68542461166403,100,ln_n,0.9
regression,589_fri_c2_1000_25,"samples=ln_n,q=0.95",15.439859500729881,40.91712398846619,100,ln_n,0.95
regression,589_fri_c2_1000_25,"samples=sqrt_n,q=0.5",29.122745445553093,65.88982420239978,100,sqrt_n,0.5
regression,589_fri_c2_1000_25,"samples=sqrt_n,q=0.75",20.293418347292846,62.126964933494556,100,sqrt_n,0.75
regression,589_fri_c2_1000_25,"samples=sqrt_n,q=0.9",17.857913851493173,58.869593526183614,100,sqrt_n,0.9
regression,589_fri_c2_1000_25,"samples=sqrt_n,q=0.95",21.020415306588887,58.2357455120454,100,sqrt_n,0.95
regression,590_fri_c0_1000_50,"samples=0.1n,q=0.5",15.212916900676055,62.49204302361245,100,0.1n,0.5
regression,590_fri_c0_1000_50,"samples=0.1n,q=0.75",8.84531731583888,57.37722626554503,100,0.1n,0.75
regression,590_fri_c0_1000_50,"samples=0.1n,q=0.9",6.198622664840803,53.73618620675022,100,0.1n,0.9
regression,590_fri_c0_1000_50,"samples=0.1n,q=0.95",13.00699171494864,55.19752108839864,100,0.1n,0.95
regression,590_fri_c0_1000_50,"samples=10,q=0.5",14.50267699657929,52.561495371450945,100,10,0.5
regression,590_fri_c0_1000_50,"samples=10,q=0.75",7.564193998822821,46.17995208453492,100,10,0.75
regression,590_fri_c0_1000_50,"samples=10,q=0.9",4.75824503812211,39.76795527889926,100,10,0.9
regression,590_fri_c0_1000_50,"samples=10,q=0.95",8.432112334074688,38.996176793406036,100,10,0.95
regression,590_fri_c0_1000_50,"samples=2,q=0.5",21.514552311640234,64.05667392600108,100,2,0.5
regression,590_fri_c0_1000_50,"samples=2,q=0.75",15.236923026588522,59.70729418436652,100,2,0.75
regression,590_fri_c0_1000_50,"samples=2,q=0.9",13.96658751722391,56.648150219998335,100,2,0.9
regression,590_fri_c0_1000_50,"samples=2,q=0.95",17.291005488029107,56.669103591152236,100,2,0.95
regression,590_fri_c0_1000_50,"samples=ln_n,q=0.5",15.182699617136997,55.124558026129755,100,ln_n,0.5
regression,590_fri_c0_1000_50,"samples=ln_n,q=0.75",8.733776802789585,48.519568375021464,100,ln_n,0.75
regression,590_fri_c0_1000_50,"samples=ln_n,q=0.9",4.998570754169579,42.808147172235266,100,ln_n,0.9
regression,590_fri_c0_1000_50,"samples=ln_n,q=0.95",8.780491502089376,42.163993765588444,100,ln_n,0.95
regression,590_fri_c0_1000_50,"samples=sqrt_n,q=0.5",16.102006943321697,65.28197595353512,100,sqrt_n,0.5
regression,590_fri_c0_1000_50,"samples=sqrt_n,q=0.75",11.24828264173578,62.18449383020873,100,sqrt_n,0.75
regression,590_fri_c0_1000_50,"samples=sqrt_n,q=0.9",10.298080967776691,59.882637009488576,100,sqrt_n,0.9
regression,590_fri_c0_1000_50,"samples=sqrt_n,q=0.95",15.071933665892539,61.070083119057585,100,sqrt_n,0.95
regression,591_fri_c1_100_10,"samples=0.1n,q=0.5",21.568891785303663,53.99695470118006,100,0.1n,0.5
regression,591_fri_c1_100_10,"samples=0.1n,q=0.75",14.610328702498133,49.647887323943664,100,0.1n,0.75
regression,591_fri_c1_100_10,"samples=0.1n,q=0.9",13.526655618334459,45.40730871716787,100,0.1n,0.9
regression,591_fri_c1_100_10,"samples=0.1n,q=0.95",16.788159228922886,44.851541682527596,100,0.1n,0.95
regression,591_fri_c1_100_10,"samples=10,q=0.5",24.275006704598717,35.2455272173582,100,10,0.5
regression,591_fri_c1_100_10,"samples=10,q=0.75",14.694474579279909,26.92234488009136,100,10,0.75
regression,591_fri_c1_100_10,"samples=10,q=0.9",10.964672195734288,19.48229920060906,100,10,0.9
regression,591_fri_c1_100_10,"samples=10,q=0.95",17.362145023692193,18.26988960791778,100,10,0.95
regression,591_fri_c1_100_10,"samples=2,q=0.5",25.084545210864512,50.60905976398934,100,2,0.5
regression,591_fri_c1_100_10,"samples=2,q=0.75",19.52774265758012,46.08108108108108,100,2,0.75
regression,591_fri_c1_100_10,"samples=2,q=0.9",21.656731707947024,43.82946326608298,100,2,0.9
regression,591_fri_c1_100_10,"samples=2,q=0.95",21.318154323525576,42.98058622002284,100,2,0.95
regression,591_fri_c1_100_10,"samples=ln_n,q=0.5",23.548124631395563,41.54358583936049,100,ln_n,0.5
regression,591_fri_c1_100_10,"samples=ln_n,q=0.75",15.261417111696478,33.78568709554625,100,ln_n,0.75
regression,591_fri_c1_100_10,"samples=ln_n,q=0.9",10.964897816393437,28.193757137419112,100,ln_n,0.9
regression,591_fri_c1_100_10,"samples=ln_n,q=0.95",16.18947314334718,27.25542443852303,100,ln_n,0.95
regression,591_fri_c1_100_10,"samples=sqrt_n,q=0.5",21.568891785303663,53.99695470118006,100,sqrt_n,0.5
regression,591_fri_c1_100_10,"samples=sqrt_n,q=0.75",14.610328702498133,49.647887323943664,100,sqrt_n,0.75
regression,591_fri_c1_100_10,"samples=sqrt_n,q=0.9",13.526655618334459,45.40730871716787,100,sqrt_n,0.9
regression,591_fri_c1_100_10,"samples=sqrt_n,q=0.95",16.788159228922886,44.851541682527596,100,sqrt_n,0.95
regression,592_fri_c4_1000_25,"samples=0.1n,q=0.5",31.59337588863267,64.02763950448914,100,0.1n,0.5
regression,592_fri_c4_1000_25,"samples=0.1n,q=0.75",23.041042788074115,58.85032390044323,100,0.1n,0.75
regression,592_fri_c4_1000_25,"samples=0.1n,q=0.9",18.97711800497394,52.387498579384015,100,0.1n,0.9
regression,592_fri_c4_1000_25,"samples=0.1n,q=0.95",22.621870240689884,52.095601772928745,100,0.1n,0.95
regression,592_fri_c4_1000_25,"samples=10,q=0.5",30.543338376318886,55.11976360950108,100,10,0.5
regression,592_fri_c4_1000_25,"samples=10,q=0.75",21.004221061298363,47.615592680986474,100,10,0.75
regression,592_fri_c4_1000_25,"samples=10,q=0.9",15.900682893717171,40.19543129901125,100,10,0.9
regression,592_fri_c4_1000_25,"samples=10,q=0.95",21.01736103817841,38.89646550744403,100,10,0.95
regression,592_fri_c4_1000_25,"samples=2,q=0.5",36.27426542005015,65.05266507557677,100,2,0.5
regression,592_fri_c4_1000_25,"samples=2,q=0.75",29.854402518466863,60.58929423798159,100,2,0.75
regression,592_fri_c4_1000_25,"samples=2,q=0.9",29.993013418381295,57.562313899306744,100,2,0.9
regression,592_fri_c4_1000_25,"samples=2,q=0.95",31.81416568579391,56.84486873508353,100,2,0.95
regression,592_fri_c4_1000_25,"samples=ln_n,q=0.5",31.809933214643227,57.02452551426299,100,ln_n,0.5
regression,592_fri_c4_1000_25,"samples=ln_n,q=0.75",21.081103045454736,49.2594158427094,100,ln_n,0.75
regression,592_fri_c4_1000_25,"samples=ln_n,q=0.9",16.191539652825327,42.15006250710308,100,ln_n,0.9
regression,592_fri_c4_1000_25,"samples=ln_n,q=0.95",21.95841298474005,40.884918740766,100,ln_n,0.95
regression,592_fri_c4_1000_25,"samples=sqrt_n,q=0.5",33.09633384298033,66.59897715649507,100,sqrt_n,0.5
regression,592_fri_c4_1000_25,"samples=sqrt_n,q=0.75",28.136159412123646,63.065666553017394,100,sqrt_n,0.75
regression,592_fri_c4_1000_25,"samples=sqrt_n,q=0.9",24.65212084096283,59.42416183657234,100,sqrt_n,0.9
regression,592_fri_c4_1000_25,"samples=sqrt_n,q=0.95",27.16387938627094,58.31967269007842,100,sqrt_n,0.95
regression,593_fri_c1_1000_10,"samples=0.1n,q=0.5",24.46027319856224,58.3153582669876,100,0.1n,0.5
regression,593_fri_c1_1000_10,"samples=0.1n,q=0.75",15.919022009155103,53.70035641547862,100,0.1n,0.75
regression,593_fri_c1_1000_10,"samples=0.1n,q=0.9",13.168813775555172,48.465793371597854,100,0.1n,0.9
regression,593_fri_c1_1000_10,"samples=0.1n,q=0.95",17.22059686160528,46.22951768191075,100,0.1n,0.95
regression,593_fri_c1_1000_10,"samples=10,q=0.5",23.06887397806217,47.53946028513238,100,10,0.5
regression,593_fri_c1_1000_10,"samples=10,q=0.75",13.10688153276941,40.96405758192927,100,10,0.75
regression,593_fri_c1_1000_10,"samples=10,q=0.9",10.014104335903344,34.057697648583584,100,10,0.9
regression,593_fri_c1_1000_10,"samples=10,q=0.95",14.855369417688053,32.28591927420848,100,10,0.95
regression,593_fri_c1_1000_10,"samples=2,q=0.5",28.09529498811684,59.401384002962416,100,2,0.5
regression,593_fri_c1_1000_10,"samples=2,q=0.75",21.080091355970083,55.19591279392705,100,2,0.75
regression,593_fri_c1_1000_10,"samples=2,q=0.9",22.732303667868393,52.2321097944825,100,2,0.9
regression,593_fri_c1_1000_10,"samples=2,q=0.95",25.70256552461945,51.933206813553056,100,2,0.95
regression,593_fri_c1_1000_10,"samples=ln_n,q=0.5",23.78509043480461,50.1897796704314,100,ln_n,0.5
regression,593_fri_c1_1000_10,"samples=ln_n,q=0.75",13.89686069974555,43.68346139603777,100,ln_n,0.75
regression,593_fri_c1_1000_10,"samples=ln_n,q=0.9",10.682346086400084,37.249467691168306,100,ln_n,0.9
regression,593_fri_c1_1000_10,"samples=ln_n,q=0.95",15.268349401237707,34.98241066469173,100,ln_n,0.95
regression,593_fri_c1_1000_10,"samples=sqrt_n,q=0.5",25.295895553506636,61.53131364562118,100,sqrt_n,0.5
regression,593_fri_c1_1000_10,"samples=sqrt_n,q=0.75",20.58242903828101,58.28029531568228,100,sqrt_n,0.75
regression,593_fri_c1_1000_10,"samples=sqrt_n,q=0.9",18.74496562938347,55.35143954823181,100,sqrt_n,0.9
regression,593_fri_c1_1000_10,"samples=sqrt_n,q=0.95",21.12438455999859,53.350884095537864,100,sqrt_n,0.95
regression,594_fri_c2_100_5,"samples=0.1n,q=0.5",4.352297049803849,52.48803827751196,100,0.1n,0.5
regression,594_fri_c2_100_5,"samples=0.1n,q=0.75",1.2782820140396889,48.010936431989066,100,0.1n,0.75
regression,594_fri_c2_100_5,"samples=0.1n,q=0.9",-0.39158033845592133,44.853041695146956,100,0.1n,0.9
regression,594_fri_c2_100_5,"samples=0.1n,q=0.95",4.216268356179303,43.687628161312375,100,0.1n,0.95
regression,594_fri_c2_100_5,"samples=10,q=0.5",5.554292622515184,35.30416951469583,100,10,0.5
regression,594_fri_c2_100_5,"samples=10,q=0.75",-1.942364342596481,27.317156527682847,100,10,0.75
regression,594_fri_c2_100_5,"samples=10,q=0.9",-5.371397673531531,21.41490088858511,100,10,0.9
regression,594_fri_c2_100_5,"samples=10,q=0.95",1.278375858806785,19.784688995215316,100,10,0.95
regression,594_fri_c2_100_5,"samples=2,q=0.5",6.590727706854599,49.6514012303486,100,2,0.5
regression,594_fri_c2_100_5,"samples=2,q=0.75",2.383271136357701,46.380724538619276,100,2,0.75
regression,594_fri_c2_100_5,"samples=2,q=0.9",2.4032005693092993,44.460013670539986,100,2,0.9
regression,594_fri_c2_100_5,"samples=2,q=0.95",2.5190529087035674,43.14080656185919,100,2,0.95
regression,594_fri_c2_100_5,"samples=ln_n,q=0.5",4.679461290339864,40.63909774436091,100,ln_n,0.5
regression,594_fri_c2_100_5,"samples=ln_n,q=0.75",-3.584444294687472,34.99658236500342,100,ln_n,0.75
regression,594_fri_c2_100_5,"samples=ln_n,q=0.9",-3.197114587645189,30.331510594668494,100,ln_n,0.9
regression,594_fri_c2_100_5,"samples=ln_n,q=0.95",1.5236730485085614,28.055365686944633,100,ln_n,0.95
regression,594_fri_c2_100_5,"samples=sqrt_n,q=0.5",4.352297049803849,52.48803827751196,100,sqrt_n,0.5
regression,594_fri_c2_100_5,"samples=sqrt_n,q=0.75",1.2782820140396889,48.010936431989066,100,sqrt_n,0.75
regression,594_fri_c2_100_5,"samples=sqrt_n,q=0.9",-0.39158033845592133,44.853041695146956,100,sqrt_n,0.9
regression,594_fri_c2_100_5,"samples=sqrt_n,q=0.95",4.216268356179303,43.687628161312375,100,sqrt_n,0.95
regression,595_fri_c0_1000_10,"samples=0.1n,q=0.5",10.946850587030372,55.58461355245922,100,0.1n,0.5
regression,595_fri_c0_1000_10,"samples=0.1n,q=0.75",7.395110097263801,51.42812909372395,100,0.1n,0.75
regression,595_fri_c0_1000_10,"samples=0.1n,q=0.9",6.2067672171949635,48.03715612718828,100,0.1n,0.9
regression,595_fri_c0_1000_10,"samples=0.1n,q=0.95",11.912357488442254,47.238180302488985,100,0.1n,0.95
regression,595_fri_c0_1000_10,"samples=10,q=0.5",10.81787204994228,44.75503155889008,100,10,0.5
regression,595_fri_c0_1000_10,"samples=10,q=0.75",5.721850205327728,39.0529951173038,100,10,0.75
regression,595_fri_c0_1000_10,"samples=10,q=0.9",4.660501423804203,33.343455996189114,100,10,0.9
regression,595_fri_c0_1000_10,"samples=10,q=0.95",8.303759204533456,30.932594974395617,100,10,0.95
regression,595_fri_c0_1000_10,"samples=2,q=0.5",14.50756977324214,57.77694414671907,100,2,0.5
regression,595_fri_c0_1000_10,"samples=2,q=0.75",11.133021770709306,54.638799571275456,100,2,0.75
regression,595_fri_c0_1000_10,"samples=2,q=0.9",11.21360705279067,51.84280100035728,100,2,0.9
regression,595_fri_c0_1000_10,"samples=2,q=0.95",13.160877189495285,51.14528998451828,100,2,0.95
regression,595_fri_c0_1000_10,"samples=ln_n,q=0.5",10.636604840826664,47.633083244015715,100,ln_n,0.5
regression,595_fri_c0_1000_10,"samples=ln_n,q=0.75",6.263671761090578,41.46326068834108,100,ln_n,0.75
regression,595_fri_c0_1000_10,"samples=ln_n,q=0.9",4.587417307728497,35.875788972251996,100,ln_n,0.9
regression,595_fri_c0_1000_10,"samples=ln_n,q=0.95",7.86275483543028,34.34750506133143,100,ln_n,0.95
regression,595_fri_c0_1000_10,"samples=sqrt_n,q=0.5",12.355420137302975,58.56865547219245,100,sqrt_n,0.5
regression,595_fri_c0_1000_10,"samples=sqrt_n,q=0.75",9.93386976425231,55.8886507085864,100,sqrt_n,0.75
regression,595_fri_c0_1000_10,"samples=sqrt_n,q=0.9",9.452533064045443,54.53114207455043,100,sqrt_n,0.9
regression,595_fri_c0_1000_10,"samples=sqrt_n,q=0.95",12.21688818697666,53.99166368941289,100,sqrt_n,0.95
regression,596_fri_c2_250_5,"samples=0.1n,q=0.5",13.856237573418571,52.26665075196945,100,0.1n,0.5
regression,596_fri_c2_250_5,"samples=0.1n,q=0.75",7.008283790680576,46.823824301742654,100,0.1n,0.75
regression,596_fri_c2_250_5,"samples=0.1n,q=0.9",4.046098231418416,42.2415851038434,100,0.1n,0.9
regression,596_fri_c2_250_5,"samples=0.1n,q=0.95",7.907178849668034,40.00238720458343,100,0.1n,0.95
regression,596_fri_c2_250_5,"samples=10,q=0.5",13.123732850353704,36.71998090236333,100,10,0.5
regression,596_fri_c2_250_5,"samples=10,q=0.75",5.052245406449712,29.85796132728575,100,10,0.75
regression,596_fri_c2_250_5,"samples=10,q=0.9",0.986765239086701,22.208164239675337,100,10,0.9
regression,596_fri_c2_250_5,"samples=10,q=0.95",7.526104325616717,20.087132967295297,100,10,0.95
regression,596_fri_c2_250_5,"samples=2,q=0.5",14.481138875185955,51.09333969921222,100,2,0.5
regression,596_fri_c2_250_5,"samples=2,q=0.75",9.500704287330414,47.33110527572212,100,2,0.75
regression,596_fri_c2_250_5,"samples=2,q=0.9",9.580446678222199,44.42349009310098,100,2,0.9
regression,596_fri_c2_250_5,"samples=2,q=0.95",10.91563719686988,43.202434948675105,100,2,0.95
regression,596_fri_c2_250_5,"samples=ln_n,q=0.5",13.4593864942745,41.52900453568871,100,ln_n,0.5
regression,596_fri_c2_250_5,"samples=ln_n,q=0.75",4.1120504625614505,34.29935545476248,100,ln_n,0.75
regression,596_fri_c2_250_5,"samples=ln_n,q=0.9",2.3345927691014126,27.889711148245404,100,ln_n,0.9
regression,596_fri_c2_250_5,"samples=ln_n,q=0.95",6.942485695981205,25.624253998567674,100,ln_n,0.95
regression,596_fri_c2_250_5,"samples=sqrt_n,q=0.5",13.719365143149243,53.67032704702793,100,sqrt_n,0.5
regression,596_fri_c2_250_5,"samples=sqrt_n,q=0.75",8.663297981154233,49.060634996419196,100,sqrt_n,0.75
regression,596_fri_c2_250_5,"samples=sqrt_n,q=0.9",6.766157982556792,45.023872045834324,100,sqrt_n,0.9
regression,596_fri_c2_250_5,"samples=sqrt_n,q=0.95",6.893213861015434,43.44354261160181,100,sqrt_n,0.95
regression,597_fri_c2_500_5,"samples=0.1n,q=0.5",18.778152988951884,51.60733773320169,100,0.1n,0.5
regression,597_fri_c2_500_5,"samples=0.1n,q=0.75",12.67093748678123,45.36143013043705,100,0.1n,0.75
regression,597_fri_c2_500_5,"samples=0.1n,q=0.9",9.872829102074359,40.49680403263524,100,0.1n,0.9
regression,597_fri_c2_500_5,"samples=0.1n,q=0.95",11.777085000568238,37.44634412513642,100,0.1n,0.95
regression,597_fri_c2_500_5,"samples=10,q=0.5",18.434079296320668,38.40045730915138,100,10,0.5
regression,597_fri_c2_500_5,"samples=10,q=0.75",9.281058266434094,30.889154497739433,100,10,0.75
regression,597_fri_c2_500_5,"samples=10,q=0.9",7.290864954606791,24.818895182663823,100,10,0.9
regression,597_fri_c2_500_5,"samples=10,q=0.95",12.457926653060136,22.056332172738138,100,10,0.95
regression,597_fri_c2_500_5,"samples=2,q=0.5",19.517088113429242,51.84430702073482,100,2,0.5
regression,597_fri_c2_500_5,"samples=2,q=0.75",15.267157753139404,48.481525749623245,100,2,0.75
regression,597_fri_c2_500_5,"samples=2,q=0.9",17.244576204493228,45.47056072337993,100,2,0.9
regression,597_fri_c2_500_5,"samples=2,q=0.95",20.04342183402123,44.625578132307844,100,2,0.95
regression,597_fri_c2_500_5,"samples=ln_n,q=0.5",18.246729573166377,42.435690900587225,100,ln_n,0.5
regression,597_fri_c2_500_5,"samples=ln_n,q=0.75",11.071991527199344,35.437301876006856,100,ln_n,0.75
regression,597_fri_c2_500_5,"samples=ln_n,q=0.9",8.653798194828394,29.606610195915394,100,ln_n,0.9
regression,597_fri_c2_500_5,"samples=ln_n,q=0.95",13.804433952727868,27.375149404978437,100,ln_n,0.95
regression,597_fri_c2_500_5,"samples=sqrt_n,q=0.5",20.281400670072074,53.793587278490875,100,sqrt_n,0.5
regression,597_fri_c2_500_5,"samples=sqrt_n,q=0.75",15.473887744500065,49.6066101959154,100,sqrt_n,0.75
regression,597_fri_c2_500_5,"samples=sqrt_n,q=0.9",12.834529183087028,45.66803512965754,100,sqrt_n,0.9
regression,597_fri_c2_500_5,"samples=sqrt_n,q=0.95",14.065965505329237,43.654315855116145,100,sqrt_n,0.95
regression,598_fri_c0_1000_25,"samples=0.1n,q=0.5",16.61972907092752,60.1309037666547,100,0.1n,0.5
regression,598_fri_c0_1000_25,"samples=0.1n,q=0.75",11.191976304921297,54.971157207502515,100,0.1n,0.75
regression,598_fri_c0_1000_25,"samples=0.1n,q=0.9",7.820056670990539,51.136620033369894,100,0.1n,0.9
regression,598_fri_c0_1000_25,"samples=0.1n,q=0.95",14.775263496714487,52.00969915761809,100,0.1n,0.95
regression,598_fri_c0_1000_25,"samples=10,q=0.5",15.81781349121894,50.573176057722385,100,10,0.5
regression,598_fri_c0_1000_25,"samples=10,q=0.75",10.158839743896063,43.81451135748503,100,10,0.75
regression,598_fri_c0_1000_25,"samples=10,q=0.9",6.180888759895514,37.73181480574086,100,10,0.9
regression,598_fri_c0_1000_25,"samples=10,q=0.95",11.03906988630946,36.93262203595157,100,10,0.95
regression,598_fri_c0_1000_25,"samples=2,q=0.5",21.21389618083674,62.400318786210846,100,2,0.5
regression,598_fri_c0_1000_25,"samples=2,q=0.75",16.54813197826015,57.96984894452906,100,2,0.75
regression,598_fri_c0_1000_25,"samples=2,q=0.9",15.951167733351667,55.265831095600035,100,2,0.9
regression,598_fri_c0_1000_25,"samples=2,q=0.95",18.414023970980175,55.141783362884645,100,2,0.95
regression,598_fri_c0_1000_25,"samples=ln_n,q=0.5",15.886640873316558,52.56292686800294,100,ln_n,0.5
regression,598_fri_c0_1000_25,"samples=ln_n,q=0.75",9.758217209228842,45.017658160859206,100,ln_n,0.75
regression,598_fri_c0_1000_25,"samples=ln_n,q=0.9",7.414246041144978,40.060203337571544,100,ln_n,0.9
regression,598_fri_c0_1000_25,"samples=ln_n,q=0.95",10.905475577737406,39.67489035671712,100,ln_n,0.95
regression,598_fri_c0_1000_25,"samples=sqrt_n,q=0.5",17.689818197356495,62.713924236951506,100,sqrt_n,0.5
regression,598_fri_c0_1000_25,"samples=sqrt_n,q=0.75",14.479713772565628,59.77149458634777,100,sqrt_n,0.75
regression,598_fri_c0_1000_25,"samples=sqrt_n,q=0.9",12.318104979518274,57.3499492091836,100,sqrt_n,0.9
regression,598_fri_c0_1000_25,"samples=sqrt_n,q=0.95",16.799836470118212,58.51886426118003,100,sqrt_n,0.95
regression,599_fri_c2_1000_5,"samples=0.1n,q=0.5",12.77878663320342,53.259203137534534,100,0.1n,0.5
regression,599_fri_c2_1000_5,"samples=0.1n,q=0.75",5.785879555248302,47.60495587842053,100,0.1n,0.75
regression,599_fri_c2_1000_5,"samples=0.1n,q=0.9",3.930227450757351,42.15170692575096,100,0.1n,0.9
regression,599_fri_c2_1000_5,"samples=0.1n,q=0.95",7.413376343588013,39.59131829931367,100,0.1n,0.95
regression,599_fri_c2_1000_5,"samples=10,q=0.5",9.339589623261958,42.70768339424191,100,10,0.5
regression,599_fri_c2_1000_5,"samples=10,q=0.75",2.7736819428573645,35.21280862821999,100,10,0.75
regression,599_fri_c2_1000_5,"samples=10,q=0.9",1.2578085270616712,28.53039486585257,100,10,0.9
regression,599_fri_c2_1000_5,"samples=10,q=0.95",7.732891270725845,26.42280951956503,100,10,0.95
regression,599_fri_c2_1000_5,"samples=2,q=0.5",12.733823556075773,54.285809786968535,100,2,0.5
regression,599_fri_c2_1000_5,"samples=2,q=0.75",8.081364973184884,51.205544166146716,100,2,0.75
regression,599_fri_c2_1000_5,"samples=2,q=0.9",11.562415671040121,48.349674659060526,100,2,0.9
regression,599_fri_c2_1000_5,"samples=2,q=0.95",12.954738452405866,47.1550494696497,100,2,0.95
regression,599_fri_c2_1000_5,"samples=ln_n,q=0.5",9.49669775785939,45.13370175594973,100,ln_n,0.5
regression,599_fri_c2_1000_5,"samples=ln_n,q=0.75",3.2856221024121446,38.74075229521348,100,ln_n,0.75
regression,599_fri_c2_1000_5,"samples=ln_n,q=0.9",2.685755405150825,32.136554060076655,100,ln_n,0.9
regression,599_fri_c2_1000_5,"samples=ln_n,q=0.95",7.311338698922342,29.34708975844549,100,ln_n,0.95
regression,599_fri_c2_1000_5,"samples=sqrt_n,q=0.5",13.504770442799412,56.26481861128443,100,sqrt_n,0.5
regression,599_fri_c2_1000_5,"samples=sqrt_n,q=0.75",8.510347117793016,51.72920937694981,100,sqrt_n,0.75
regression,599_fri_c2_1000_5,"samples=sqrt_n,q=0.9",6.736064901479033,48.00472412871022,100,sqrt_n,0.9
regression,599_fri_c2_1000_5,"samples=sqrt_n,q=0.95",10.70679946483163,46.39317229699617,100,sqrt_n,0.95
regression,601_fri_c1_250_5,"samples=0.1n,q=0.5",16.65293958089601,51.027590435315744,100,0.1n,0.5
regression,601_fri_c1_250_5,"samples=0.1n,q=0.75",12.151670030655058,45.82096873083997,100,0.1n,0.75
regression,601_fri_c1_250_5,"samples=0.1n,q=0.9",7.614175302666759,40.76762722256284,100,0.1n,0.9
regression,601_fri_c1_250_5,"samples=0.1n,q=0.95",10.252636113254475,39.33415082771306,100,0.1n,0.95
regression,601_fri_c1_250_5,"samples=10,q=0.5",17.64870690358623,35.684855916615575,100,10,0.5
regression,601_fri_c1_250_5,"samples=10,q=0.75",9.091890401679446,27.574494175352548,100,10,0.75
regression,601_fri_c1_250_5,"samples=10,q=0.9",6.594815347365657,20.374003678724705,100,10,0.9
regression,601_fri_c1_250_5,"samples=10,q=0.95",11.319245997815209,19.00061312078479,100,10,0.95
regression,601_fri_c1_250_5,"samples=2,q=0.5",15.80663839164977,49.17964438994482,100,2,0.5
regression,601_fri_c1_250_5,"samples=2,q=0.75",12.267025861003711,45.61250766400981,100,2,0.75
regression,601_fri_c1_250_5,"samples=2,q=0.9",13.648715229626712,43.039852851011645,100,2,0.9
regression,601_fri_c1_250_5,"samples=2,q=0.95",16.89387563863938,41.866339668914776,100,2,0.95
regression,601_fri_c1_250_5,"samples=ln_n,q=0.5",14.402185952368129,39.60147148988351,100,ln_n,0.5
regression,601_fri_c1_250_5,"samples=ln_n,q=0.75",8.915662508728428,32.332311465358686,100,ln_n,0.75
regression,601_fri_c1_250_5,"samples=ln_n,q=0.9",6.302139553281066,26.344573881054572,100,ln_n,0.9
regression,601_fri_c1_250_5,"samples=ln_n,q=0.95",10.775655173299615,24.235438381361128,100,ln_n,0.95
regression,601_fri_c1_250_5,"samples=sqrt_n,q=0.5",17.860538957571187,52.364193746168,100,sqrt_n,0.5
regression,601_fri_c1_250_5,"samples=sqrt_n,q=0.75",11.424073384942673,47.72532188841201,100,sqrt_n,0.75
regression,601_fri_c1_250_5,"samples=sqrt_n,q=0.9",10.221646502596416,43.313304721030036,100,sqrt_n,0.9
regression,601_fri_c1_250_5,"samples=sqrt_n,q=0.95",11.555745006568912,42.952789699570815,100,sqrt_n,0.95
regression,602_fri_c3_250_10,"samples=0.1n,q=0.5",26.861091438238738,59.66450916936354,100,0.1n,0.5
regression,602_fri_c3_250_10,"samples=0.1n,q=0.75",21.218240174215442,54.52750809061489,100,0.1n,0.75
regression,602_fri_c3_250_10,"samples=0.1n,q=0.9",17.590339080942698,48.53290183387271,100,0.1n,0.9
regression,602_fri_c3_250_10,"samples=0.1n,q=0.95",20.0951669046755,46.91585760517799,100,0.1n,0.95
regression,602_fri_c3_250_10,"samples=10,q=0.5",27.84740038645783,45.89913700107875,100,10,0.5
regression,602_fri_c3_250_10,"samples=10,q=0.75",18.079409251053526,39.180690399137,100,10,0.75
regression,602_fri_c3_250_10,"samples=10,q=0.9",13.747937246546204,31.966019417475728,100,10,0.9
regression,602_fri_c3_250_10,"samples=10,q=0.95",18.103633573847077,29.310679611650485,100,10,0.95
regression,602_fri_c3_250_10,"samples=2,q=0.5",29.881211923847335,58.73678532901833,100,2,0.5
regression,602_fri_c3_250_10,"samples=2,q=0.75",23.09941333625393,54.47788565264294,100,2,0.75
regression,602_fri_c3_250_10,"samples=2,q=0.9",25.090693889399127,51.88241639697951,100,2,0.9
regression,602_fri_c3_250_10,"samples=2,q=0.95",26.592779890344907,50.850053937432584,100,2,0.95
regression,602_fri_c3_250_10,"samples=ln_n,q=0.5",28.41596859156951,50.13160733549083,100,ln_n,0.5
regression,602_fri_c3_250_10,"samples=ln_n,q=0.75",18.371842503704535,42.93419633225458,100,ln_n,0.75
regression,602_fri_c3_250_10,"samples=ln_n,q=0.9",15.104600334008467,36.258360302049624,100,ln_n,0.9
regression,602_fri_c3_250_10,"samples=ln_n,q=0.95",20.47358967075218,34.32362459546925,100,ln_n,0.95
regression,602_fri_c3_250_10,"samples=sqrt_n,q=0.5",29.87711371112821,61.362459546925564,100,sqrt_n,0.5
regression,602_fri_c3_250_10,"samples=sqrt_n,q=0.75",24.11147964525306,57.07874865156418,100,sqrt_n,0.75
regression,602_fri_c3_250_10,"samples=sqrt_n,q=0.9",18.957376634016185,51.696871628910465,100,sqrt_n,0.9
regression,602_fri_c3_250_10,"samples=sqrt_n,q=0.95",20.665398726966483,50.63052858683926,100,sqrt_n,0.95
regression,603_fri_c0_250_50,"samples=0.1n,q=0.5",14.493419009851715,58.64757403456478,100,0.1n,0.5
regression,603_fri_c0_250_50,"samples=0.1n,q=0.75",10.176629874252509,53.752768959075546,100,0.1n,0.75
regression,603_fri_c0_250_50,"samples=0.1n,q=0.9",6.925190212715998,49.82429232041323,100,0.1n,0.9
regression,603_fri_c0_250_50,"samples=0.1n,q=0.95",8.146773826590536,49.48334030889845,100,0.1n,0.95
regression,603_fri_c0_250_50,"samples=10,q=0.5",14.212510712562482,45.9726319657823,100,10,0.5
regression,603_fri_c0_250_50,"samples=10,q=0.75",9.345955417094032,38.01015199926502,100,10,0.75
regression,603_fri_c0_250_50,"samples=10,q=0.9",5.888287287130661,31.03275793427997,100,10,0.9
regression,603_fri_c0_250_50,"samples=10,q=0.95",7.1475464700309965,29.62352364716571,100,10,0.95
regression,603_fri_c0_250_50,"samples=2,q=0.5",17.5084661063701,59.60726717775441,100,2,0.5
regression,603_fri_c0_250_50,"samples=2,q=0.75",13.078457138248579,54.98897520441809,100,2,0.75
regression,603_fri_c0_250_50,"samples=2,q=0.9",13.817646005379242,51.10618001041231,100,2,0.9
regression,603_fri_c0_250_50,"samples=2,q=0.95",14.10017889710634,51.02872571737732,100,2,0.95
regression,603_fri_c0_250_50,"samples=ln_n,q=0.5",14.121787993111862,50.260180071661175,100,ln_n,0.5
regression,603_fri_c0_250_50,"samples=ln_n,q=0.75",10.045153129693741,41.954834066618346,100,ln_n,0.75
regression,603_fri_c0_250_50,"samples=ln_n,q=0.9",6.354427919575234,36.51593491287349,100,ln_n,0.9
regression,603_fri_c0_250_50,"samples=ln_n,q=0.95",7.331243869350496,35.73348067087923,100,ln_n,0.95
regression,603_fri_c0_250_50,"samples=sqrt_n,q=0.5",13.954496848531223,60.68065352538255,100,sqrt_n,0.5
regression,603_fri_c0_250_50,"samples=sqrt_n,q=0.75",10.312896302108921,57.61234062535091,100,sqrt_n,0.75
regression,603_fri_c0_250_50,"samples=sqrt_n,q=0.9",8.10680257160833,54.280147201437316,100,sqrt_n,0.9
regression,603_fri_c0_250_50,"samples=sqrt_n,q=0.95",10.806423366014982,54.02992007023204,100,sqrt_n,0.95
regression,604_fri_c4_500_10,"samples=0.1n,q=0.5",20.271222301466842,55.941151810511975,100,0.1n,0.5
regression,604_fri_c4_500_10,"samples=0.1n,q=0.75",14.287560887198719,51.19609076141067,100,0.1n,0.75
regression,604_fri_c4_500_10,"samples=0.1n,q=0.9",12.025538407403452,46.05853377351569,100,0.1n,0.9
regression,604_fri_c4_500_10,"samples=0.1n,q=0.95",13.9182467044132,44.243567573232724,100,0.1n,0.95
regression,604_fri_c4_500_10,"samples=10,q=0.5",20.183994246171938,43.914740868836134,100,10,0.5
regression,604_fri_c4_500_10,"samples=10,q=0.75",10.76112451855678,36.31059057800136,100,10,0.75
regression,604_fri_c4_500_10,"samples=10,q=0.9",8.815229616776588,29.815542629565584,100,10,0.9
regression,604_fri_c4_500_10,"samples=10,q=0.95",13.17313741565621,27.75192579783053,100,10,0.95
regression,604_fri_c4_500_10,"samples=2,q=0.5",22.978977099958176,56.100979929780436,100,2,0.5
regression,604_fri_c4_500_10,"samples=2,q=0.75",17.009252872056678,51.77304407063879,100,2,0.75
regression,604_fri_c4_500_10,"samples=2,q=0.9",18.40222841762853,48.463029921920025,100,2,0.9
regression,604_fri_c4_500_10,"samples=2,q=0.95",20.63419447894284,47.76555048996489,100,2,0.95
regression,604_fri_c4_500_10,"samples=ln_n,q=0.5",19.88663552252435,47.46371115652675,100,ln_n,0.5
regression,604_fri_c4_500_10,"samples=ln_n,q=0.75",10.89933042532344,40.117905989624276,100,ln_n,0.75
regression,604_fri_c4_500_10,"samples=ln_n,q=0.9",8.280441723995573,34.50138867054447,100,ln_n,0.9
regression,604_fri_c4_500_10,"samples=ln_n,q=0.95",13.544814508951909,32.59786197138815,100,ln_n,0.95
regression,604_fri_c4_500_10,"samples=sqrt_n,q=0.5",21.30637925623448,58.41350940627784,100,sqrt_n,0.5
regression,604_fri_c4_500_10,"samples=sqrt_n,q=0.75",18.82424069418913,54.131687889744796,100,sqrt_n,0.75
regression,604_fri_c4_500_10,"samples=sqrt_n,q=0.9",15.898766108563157,50.838966619504276,100,sqrt_n,0.9
regression,604_fri_c4_500_10,"samples=sqrt_n,q=0.95",16.975072173481554,49.857726772520046,100,sqrt_n,0.95
regression,605_fri_c2_250_25,"samples=0.1n,q=0.5",24.632609556905713,61.21281350881549,100,0.1n,0.5
regression,605_fri_c2_250_25,"samples=0.1n,q=0.75",14.083020053503386,55.621057859448726,100,0.1n,0.75
regression,605_fri_c2_250_25,"samples=0.1n,q=0.9",9.821873200265841,50.55872858207101,100,0.1n,0.9
regression,605_fri_c2_250_25,"samples=0.1n,q=0.95",11.253693468725862,48.908865160168865,100,0.1n,0.95
regression,605_fri_c2_250_25,"samples=10,q=0.5",23.599989603692162,48.59771542090887,100,10,0.5
regression,605_fri_c2_250_25,"samples=10,q=0.75",14.076918719286606,39.65458157437298,100,10,0.75
regression,605_fri_c2_250_25,"samples=10,q=0.9",8.99404238696249,31.946610379935436,100,10,0.9
regression,605_fri_c2_250_25,"samples=10,q=0.95",10.467947275112355,29.725850509063818,100,10,0.95
regression,605_fri_c2_250_25,"samples=2,q=0.5",24.91620038564391,60.07623541097591,100,2,0.5
regression,605_fri_c2_250_25,"samples=2,q=0.75",19.628799637572968,55.35833126396822,100,2,0.75
regression,605_fri_c2_250_25,"samples=2,q=0.9",17.42539619345642,52.65557486963,100,2,0.9
regression,605_fri_c2_250_25,"samples=2,q=0.95",20.00600940235711,51.901167121926996,100,2,0.95
regression,605_fri_c2_250_25,"samples=ln_n,q=0.5",21.527704376175507,51.6329774025329,100,ln_n,0.5
regression,605_fri_c2_250_25,"samples=ln_n,q=0.75",13.389814592525166,43.34740501614104,100,ln_n,0.75
regression,605_fri_c2_250_25,"samples=ln_n,q=0.9",9.370679657276105,36.91879811273901,100,ln_n,0.9
regression,605_fri_c2_250_25,"samples=ln_n,q=0.95",13.446726437496837,35.5083188477775,100,ln_n,0.95
regression,605_fri_c2_250_25,"samples=sqrt_n,q=0.5",24.55447250756128,62.00496647628508,100,sqrt_n,0.5
regression,605_fri_c2_250_25,"samples=sqrt_n,q=0.75",16.485386649074826,57.15644400297988,100,sqrt_n,0.75
regression,605_fri_c2_250_25,"samples=sqrt_n,q=0.9",11.858974303756964,53.941395579836104,100,sqrt_n,0.9
regression,605_fri_c2_250_25,"samples=sqrt_n,q=0.95",14.847675754299122,52.999751676185745,100,sqrt_n,0.95
regression,606_fri_c2_1000_10,"samples=0.1n,q=0.5",22.71215902270238,58.119178686734955,100,0.1n,0.5
regression,606_fri_c2_1000_10,"samples=0.1n,q=0.75",13.506332434049423,52.59784451722297,100,0.1n,0.75
regression,606_fri_c2_1000_10,"samples=0.1n,q=0.9",9.20419750515658,47.31656330569299,100,0.1n,0.9
regression,606_fri_c2_1000_10,"samples=0.1n,q=0.95",14.762413214990778,44.40352588669779,100,0.1n,0.95
regression,606_fri_c2_1000_10,"samples=10,q=0.5",22.01586889510654,47.24815924558102,100,10,0.5
regression,606_fri_c2_1000_10,"samples=10,q=0.75",10.459337119849527,40.02206582584256,100,10,0.75
regression,606_fri_c2_1000_10,"samples=10,q=0.9",6.933858718050345,32.65207999442548,100,10,0.9
regression,606_fri_c2_1000_10,"samples=10,q=0.95",13.236615170442505,30.324367639885722,100,10,0.95
regression,606_fri_c2_1000_10,"samples=2,q=0.5",25.296220613286046,58.52007990151673,100,2,0.5
regression,606_fri_c2_1000_10,"samples=2,q=0.75",19.204246919857027,54.70025317631756,100,2,0.75
regression,606_fri_c2_1000_10,"samples=2,q=0.9",21.128543041302695,51.60406940282907,100,2,0.9
regression,606_fri_c2_1000_10,"samples=2,q=0.95",23.213406941459688,50.70378370845236,100,2,0.95
regression,606_fri_c2_1000_10,"samples=ln_n,q=0.5",21.737471249883527,49.2883190486145,100,ln_n,0.5
regression,606_fri_c2_1000_10,"samples=ln_n,q=0.75",10.953872907374818,42.0027640350266,100,ln_n,0.75
regression,606_fri_c2_1000_10,"samples=ln_n,q=0.9",7.194055272293825,35.64397370682647,100,ln_n,0.9
regression,606_fri_c2_1000_10,"samples=ln_n,q=0.95",13.212018634922268,33.52426079483428,100,ln_n,0.95
regression,606_fri_c2_1000_10,"samples=sqrt_n,q=0.5",22.691724744902004,60.87357443151464,100,sqrt_n,0.5
regression,606_fri_c2_1000_10,"samples=sqrt_n,q=0.75",16.964045256777162,57.64708614962953,100,sqrt_n,0.75
regression,606_fri_c2_1000_10,"samples=sqrt_n,q=0.9",14.636484126077875,53.776856432768916,100,sqrt_n,0.9
regression,606_fri_c2_1000_10,"samples=sqrt_n,q=0.95",18.06591242848028,52.045153647829416,100,sqrt_n,0.95
regression,607_fri_c4_1000_50,"samples=0.1n,q=0.5",36.28487230916582,65.36188458523297,100,0.1n,0.5
regression,607_fri_c4_1000_50,"samples=0.1n,q=0.75",24.44279836308137,59.75976129479265,100,0.1n,0.75
regression,607_fri_c4_1000_50,"samples=0.1n,q=0.9",17.383948649200057,54.27165124726817,100,0.1n,0.9
regression,607_fri_c4_1000_50,"samples=0.1n,q=0.95",22.40265015220711,53.132378506308015,100,0.1n,0.95
regression,607_fri_c4_1000_50,"samples=10,q=0.5",31.91055523692003,56.03292001693354,100,10,0.5
regression,607_fri_c4_1000_50,"samples=10,q=0.75",21.00073138470559,48.48397471494365,100,10,0.75
regression,607_fri_c4_1000_50,"samples=10,q=0.9",14.011317302516563,41.02859601764545,100,10,0.9
regression,607_fri_c4_1000_50,"samples=10,q=0.95",21.01399269875934,40.012630446066645,100,10,0.95
regression,607_fri_c4_1000_50,"samples=2,q=0.5",36.934529199686274,65.63535837148103,100,2,0.5
regression,607_fri_c4_1000_50,"samples=2,q=0.75",30.87957339078501,60.88583666017176,100,2,0.75
regression,607_fri_c4_1000_50,"samples=2,q=0.9",29.750172716905922,57.94670211989816,100,2,0.9
regression,607_fri_c4_1000_50,"samples=2,q=0.95",32.84951355146419,57.655848691159576,100,2,0.95
regression,607_fri_c4_1000_50,"samples=ln_n,q=0.5",33.21153180520504,58.736058529431304,100,ln_n,0.5
regression,607_fri_c4_1000_50,"samples=ln_n,q=0.75",21.453675207561986,51.035157529730114,100,ln_n,0.75
regression,607_fri_c4_1000_50,"samples=ln_n,q=0.9",16.227044033972483,43.60364098863213,100,ln_n,0.9
regression,607_fri_c4_1000_50,"samples=ln_n,q=0.95",21.50754832374918,42.401192782522585,100,ln_n,0.95
regression,607_fri_c4_1000_50,"samples=sqrt_n,q=0.5",34.427951715272194,67.8550965336907,100,sqrt_n,0.5
regression,607_fri_c4_1000_50,"samples=sqrt_n,q=0.75",26.72839423008222,64.6184401724395,100,sqrt_n,0.75
regression,607_fri_c4_1000_50,"samples=sqrt_n,q=0.9",24.09600705633601,60.70474450299102,100,sqrt_n,0.9
regression,607_fri_c4_1000_50,"samples=sqrt_n,q=0.95",27.261205788411942,60.51533428162362,100,sqrt_n,0.95
regression,608_fri_c3_1000_10,"samples=0.1n,q=0.5",19.923907468018584,58.08879885508351,100,0.1n,0.5
regression,608_fri_c3_1000_10,"samples=0.1n,q=0.75",13.154254230651947,53.17045102565436,100,0.1n,0.75
regression,608_fri_c3_1000_10,"samples=0.1n,q=0.9",9.372144302875164,48.02940518151584,100,0.1n,0.9
regression,608_fri_c3_1000_10,"samples=0.1n,q=0.95",13.408814768522316,46.491997567278545,100,0.1n,0.95
regression,608_fri_c3_1000_10,"samples=10,q=0.5",19.29240567351473,48.15307605871993,100,10,0.5
regression,608_fri_c3_1000_10,"samples=10,q=0.75",9.666975116292637,41.24559408369376,100,10,0.75
regression,608_fri_c3_1000_10,"samples=10,q=0.9",5.4580988982256216,34.421991259385535,100,10,0.9
regression,608_fri_c3_1000_10,"samples=10,q=0.95",11.79301485039889,32.33032559128019,100,10,0.95
regression,608_fri_c3_1000_10,"samples=2,q=0.5",22.33994016847715,59.26808093094553,100,2,0.5
regression,608_fri_c3_1000_10,"samples=2,q=0.75",16.504441251700527,55.45802311989745,100,2,0.75
regression,608_fri_c3_1000_10,"samples=2,q=0.9",17.433102814896134,52.35585107946363,100,2,0.9
regression,608_fri_c3_1000_10,"samples=2,q=0.95",20.38936787356333,51.52225962744996,100,2,0.95
regression,608_fri_c3_1000_10,"samples=ln_n,q=0.5",19.06190942492566,50.63644153442324,100,ln_n,0.5
regression,608_fri_c3_1000_10,"samples=ln_n,q=0.75",10.364730598443266,43.787855836383656,100,ln_n,0.75
regression,608_fri_c3_1000_10,"samples=ln_n,q=0.9",7.202921313288785,37.011166553245175,100,ln_n,0.9
regression,608_fri_c3_1000_10,"samples=ln_n,q=0.95",12.672495980749465,35.216921431688235,100,ln_n,0.95
regression,608_fri_c3_1000_10,"samples=sqrt_n,q=0.5",21.30967303721504,61.1714141663068,100,sqrt_n,0.5
regression,608_fri_c3_1000_10,"samples=sqrt_n,q=0.75",16.539775634522712,58.13966895996636,100,sqrt_n,0.75
regression,608_fri_c3_1000_10,"samples=sqrt_n,q=0.9",15.306044490827963,54.143200475692005,100,sqrt_n,0.9
regression,608_fri_c3_1000_10,"samples=sqrt_n,q=0.95",18.312154968753237,53.29502626027859,100,sqrt_n,0.95
regression,609_fri_c0_1000_5,"samples=0.1n,q=0.5",8.760009692170932,50.200348601698224,100,0.1n,0.5
regression,609_fri_c0_1000_5,"samples=0.1n,q=0.75",6.70082753575657,45.52538560411311,100,0.1n,0.75
regression,609_fri_c0_1000_5,"samples=0.1n,q=0.9",6.509798568225278,42.067363870063105,100,0.1n,0.9
regression,609_fri_c0_1000_5,"samples=0.1n,q=0.95",8.859548464495347,38.73544247098232,100,0.1n,0.95
regression,609_fri_c0_1000_5,"samples=10,q=0.5",7.930225672674157,38.81407260263302,100,10,0.5
regression,609_fri_c0_1000_5,"samples=10,q=0.75",5.505759946332894,32.9326361299369,100,10,0.75
regression,609_fri_c0_1000_5,"samples=10,q=0.9",4.405021759837451,26.945791462179642,100,10,0.9
regression,609_fri_c0_1000_5,"samples=10,q=0.95",7.420107869208476,23.43737828152996,100,10,0.95
regression,609_fri_c0_1000_5,"samples=2,q=0.5",10.59917212660763,52.38178702188985,100,2,0.5
regression,609_fri_c0_1000_5,"samples=2,q=0.75",8.429096956516918,49.57349848095349,100,2,0.75
regression,609_fri_c0_1000_5,"samples=2,q=0.9",9.156924090017293,46.148827607696504,100,2,0.9
regression,609_fri_c0_1000_5,"samples=2,q=0.95",10.480397962672066,45.42655020643453,100,2,0.95
regression,609_fri_c0_1000_5,"samples=ln_n,q=0.5",7.468940898373705,41.11455168653113,100,ln_n,0.5
regression,609_fri_c0_1000_5,"samples=ln_n,q=0.75",5.143051521129821,35.86994624912363,100,ln_n,0.75
regression,609_fri_c0_1000_5,"samples=ln_n,q=0.9",4.159100803961979,30.259698527693388,100,ln_n,0.9
regression,609_fri_c0_1000_5,"samples=ln_n,q=0.95",6.894326344631235,27.042679364337467,100,ln_n,0.95
regression,609_fri_c0_1000_5,"samples=sqrt_n,q=0.5",10.158643206725277,53.784227233777365,100,sqrt_n,0.5
regression,609_fri_c0_1000_5,"samples=sqrt_n,q=0.75",8.525796785340662,50.30697398145984,100,sqrt_n,0.75
regression,609_fri_c0_1000_5,"samples=sqrt_n,q=0.9",8.21731813116287,48.07417036690816,100,sqrt_n,0.9
regression,609_fri_c0_1000_5,"samples=sqrt_n,q=0.95",10.158823805821914,45.52855028433435,100,sqrt_n,0.95
regression,611_fri_c3_100_5,"samples=0.1n,q=0.5",13.24371749597114,48.66837857666911,100,0.1n,0.5
regression,611_fri_c3_100_5,"samples=0.1n,q=0.75",14.359927732216416,44.629493763756415,100,0.1n,0.75
regression,611_fri_c3_100_5,"samples=0.1n,q=0.9",12.134301876937243,39.185619955979455,100,0.1n,0.9
regression,611_fri_c3_100_5,"samples=0.1n,q=0.95",12.991514252039199,37.82465150403522,100,0.1n,0.95
regression,611_fri_c3_100_5,"samples=10,q=0.5",12.97119015986506,30.572267057960378,100,10,0.5
regression,611_fri_c3_100_5,"samples=10,q=0.75",12.018259343592142,23.462949376375647,100,10,0.75
regression,611_fri_c3_100_5,"samples=10,q=0.9",7.873287039553356,15.707997065297143,100,10,0.9
regression,611_fri_c3_100_5,"samples=10,q=0.95",10.67219812262713,12.905355832721938,100,10,0.95
regression,611_fri_c3_100_5,"samples=2,q=0.5",14.535000187127235,45.781364636830524,100,2,0.5
regression,611_fri_c3_100_5,"samples=2,q=0.75",11.526205915493714,42.59721203228173,100,2,0.75
regression,611_fri_c3_100_5,"samples=2,q=0.9",12.807599184339175,38.716067498165806,100,2,0.9
regression,611_fri_c3_100_5,"samples=2,q=0.95",10.509497215185254,37.98972853998533,100,2,0.95
regression,611_fri_c3_100_5,"samples=ln_n,q=0.5",11.36366104103077,36.49669845928099,100,ln_n,0.5
regression,611_fri_c3_100_5,"samples=ln_n,q=0.75",10.08642390966255,30.300807043286866,100,ln_n,0.75
regression,611_fri_c3_100_5,"samples=ln_n,q=0.9",10.387200443495404,23.991195891415995,100,ln_n,0.9
regression,611_fri_c3_100_5,"samples=ln_n,q=0.95",9.440771758938677,21.606749816581072,100,ln_n,0.95
regression,611_fri_c3_100_5,"samples=sqrt_n,q=0.5",13.24371749597114,48.66837857666911,100,sqrt_n,0.5
regression,611_fri_c3_100_5,"samples=sqrt_n,q=0.75",14.359927732216416,44.629493763756415,100,sqrt_n,0.75
regression,611_fri_c3_100_5,"samples=sqrt_n,q=0.9",12.134301876937243,39.185619955979455,100,sqrt_n,0.9
regression,611_fri_c3_100_5,"samples=sqrt_n,q=0.95",12.991514252039199,37.82465150403522,100,sqrt_n,0.95
regression,612_fri_c1_1000_5,"samples=0.1n,q=0.5",14.430857968478177,53.63771598581073,100,0.1n,0.5
regression,612_fri_c1_1000_5,"samples=0.1n,q=0.75",8.226840453877276,48.32108936949308,100,0.1n,0.75
regression,612_fri_c1_1000_5,"samples=0.1n,q=0.9",6.277292864961465,41.529465613914624,100,0.1n,0.9
regression,612_fri_c1_1000_5,"samples=0.1n,q=0.95",9.840424284330002,39.995880535530375,100,0.1n,0.95
regression,612_fri_c1_1000_5,"samples=10,q=0.5",12.815605624178183,43.07495136743334,100,10,0.5
regression,612_fri_c1_1000_5,"samples=10,q=0.75",6.7681479350662155,35.49994278521571,100,10,0.75
regression,612_fri_c1_1000_5,"samples=10,q=0.9",3.669902175480072,27.93179997711409,100,10,0.9
regression,612_fri_c1_1000_5,"samples=10,q=0.95",9.370206119609975,25.93866575123012,100,10,0.95
regression,612_fri_c1_1000_5,"samples=2,q=0.5",15.662950516642589,54.55772971735897,100,2,0.5
regression,612_fri_c1_1000_5,"samples=2,q=0.75",9.990887661638343,50.974711065339285,100,2,0.75
regression,612_fri_c1_1000_5,"samples=2,q=0.9",12.659767738547007,47.85856505320975,100,2,0.9
regression,612_fri_c1_1000_5,"samples=2,q=0.95",14.004720889100437,47.3470648815654,100,2,0.95
regression,612_fri_c1_1000_5,"samples=ln_n,q=0.5",12.652782598117469,45.264217873898616,100,ln_n,0.5
regression,612_fri_c1_1000_5,"samples=ln_n,q=0.75",6.30998099808513,38.421100812449936,100,ln_n,0.75
regression,612_fri_c1_1000_5,"samples=ln_n,q=0.9",4.281058797093323,31.417324636686118,100,ln_n,0.9
regression,612_fri_c1_1000_5,"samples=ln_n,q=0.95",9.022076570643812,29.35713468360224,100,ln_n,0.95
regression,612_fri_c1_1000_5,"samples=sqrt_n,q=0.5",15.82315186225157,56.44078269824923,100,sqrt_n,0.5
regression,612_fri_c1_1000_5,"samples=sqrt_n,q=0.75",12.37019631455209,52.491360567570666,100,sqrt_n,0.75
regression,612_fri_c1_1000_5,"samples=sqrt_n,q=0.9",10.073585040266819,47.79608650875386,100,sqrt_n,0.9
regression,612_fri_c1_1000_5,"samples=sqrt_n,q=0.95",12.362360842273667,46.83785330129305,100,sqrt_n,0.95
regression,613_fri_c3_250_5,"samples=0.1n,q=0.5",13.822592862947985,50.63863116038077,100,0.1n,0.5
regression,613_fri_c3_250_5,"samples=0.1n,q=0.75",12.879016504007541,45.61874924689722,100,0.1n,0.75
regression,613_fri_c3_250_5,"samples=0.1n,q=0.9",11.702419672589166,40.62658151584529,100,0.1n,0.9
regression,613_fri_c3_250_5,"samples=0.1n,q=0.95",13.573884518012107,38.33955898301,100,0.1n,0.95
regression,613_fri_c3_250_5,"samples=10,q=0.5",14.26893265218489,35.176527292444874,100,10,0.5
regression,613_fri_c3_250_5,"samples=10,q=0.75",8.827605480579688,28.076876732136405,100,10,0.75
regression,613_fri_c3_250_5,"samples=10,q=0.9",6.933941316647102,21.38691408603446,100,10,0.9
regression,613_fri_c3_250_5,"samples=10,q=0.95",11.413401586628812,18.446800819375824,100,10,0.95
regression,613_fri_c3_250_5,"samples=2,q=0.5",15.255169508476785,49.236052536450174,100,2,0.5
regression,613_fri_c3_250_5,"samples=2,q=0.75",13.512611899885123,46.083865525966985,100,2,0.75
regression,613_fri_c3_250_5,"samples=2,q=0.9",13.96004675462449,42.875045186167014,100,2,0.9
regression,613_fri_c3_250_5,"samples=2,q=0.95",14.800478575076964,41.811061573683574,100,2,0.95
regression,613_fri_c3_250_5,"samples=ln_n,q=0.5",13.001431323573708,39.43969152909989,100,ln_n,0.5
regression,613_fri_c3_250_5,"samples=ln_n,q=0.75",8.765857869502014,32.83889625256055,100,ln_n,0.75
regression,613_fri_c3_250_5,"samples=ln_n,q=0.9",8.794591808012964,26.367032172550903,100,ln_n,0.9
regression,613_fri_c3_250_5,"samples=ln_n,q=0.95",9.914278411234633,23.8860103626943,100,ln_n,0.95
regression,613_fri_c3_250_5,"samples=sqrt_n,q=0.5",15.467109521678434,51.944812628027464,100,sqrt_n,0.5
regression,613_fri_c3_250_5,"samples=sqrt_n,q=0.75",12.739645851674357,48.703458247981686,100,sqrt_n,0.75
regression,613_fri_c3_250_5,"samples=sqrt_n,q=0.9",13.059491824351566,44.87287625015062,100,sqrt_n,0.9
regression,613_fri_c3_250_5,"samples=sqrt_n,q=0.95",12.868347586031753,42.189420412097846,100,sqrt_n,0.95
regression,615_fri_c4_250_10,"samples=0.1n,q=0.5",27.292286316309433,56.6421568627451,100,0.1n,0.5
regression,615_fri_c4_250_10,"samples=0.1n,q=0.75",24.51300025783373,51.757703081232485,100,0.1n,0.75
regression,615_fri_c4_250_10,"samples=0.1n,q=0.9",20.347730316579266,46.0404995331466,100,0.1n,0.9
regression,615_fri_c4_250_10,"samples=0.1n,q=0.95",22.255514364765155,44.62710084033614,100,0.1n,0.95
regression,615_fri_c4_250_10,"samples=10,q=0.5",27.177783805945797,42.35760971055089,100,10,0.5
regression,615_fri_c4_250_10,"samples=10,q=0.75",20.957125375300933,35.59640522875817,100,10,0.75
regression,615_fri_c4_250_10,"samples=10,q=0.9",17.740357543352715,28.18860877684407,100,10,0.9
regression,615_fri_c4_250_10,"samples=10,q=0.95",19.391346906534025,25.594654528478056,100,10,0.95
regression,615_fri_c4_250_10,"samples=2,q=0.5",27.95754674069671,56.16129785247432,100,2,0.5
regression,615_fri_c4_250_10,"samples=2,q=0.75",24.597682832367887,51.825980392156865,100,2,0.75
regression,615_fri_c4_250_10,"samples=2,q=0.9",25.442985515906365,48.68405695611578,100,2,0.9
regression,615_fri_c4_250_10,"samples=2,q=0.95",26.731084028024917,47.620214752567705,100,2,0.95
regression,615_fri_c4_250_10,"samples=ln_n,q=0.5",28.691353450101936,46.35504201680672,100,ln_n,0.5
regression,615_fri_c4_250_10,"samples=ln_n,q=0.75",22.998266682109435,39.364495798319325,100,ln_n,0.75
regression,615_fri_c4_250_10,"samples=ln_n,q=0.9",19.166454198635936,33.609943977591044,100,ln_n,0.9
regression,615_fri_c4_250_10,"samples=ln_n,q=0.95",19.991569621412772,30.96930438842204,100,ln_n,0.95
regression,615_fri_c4_250_10,"samples=sqrt_n,q=0.5",28.145099394371165,59.010270774976654,100,sqrt_n,0.5
regression,615_fri_c4_250_10,"samples=sqrt_n,q=0.75",23.412117478919882,54.1234827264239,100,sqrt_n,0.75
regression,615_fri_c4_250_10,"samples=sqrt_n,q=0.9",21.09117345575706,50.38515406162465,100,sqrt_n,0.9
regression,615_fri_c4_250_10,"samples=sqrt_n,q=0.95",23.582067342048507,48.818860877684415,100,sqrt_n,0.95
regression,616_fri_c4_500_50,"samples=0.1n,q=0.5",33.82897727895163,65.70095864220445,100,0.1n,0.5
regression,616_fri_c4_500_50,"samples=0.1n,q=0.75",23.170544387469405,60.27016938321596,100,0.1n,0.75
regression,616_fri_c4_500_50,"samples=0.1n,q=0.9",18.280028397433906,54.37618977207043,100,0.1n,0.9
regression,616_fri_c4_500_50,"samples=0.1n,q=0.95",21.54618931801022,53.89335299354667,100,0.1n,0.95
regression,616_fri_c4_500_50,"samples=10,q=0.5",34.110740030610046,54.99277735325411,100,10,0.5
regression,616_fri_c4_500_50,"samples=10,q=0.75",23.674973112065985,46.93298603966303,100,10,0.75
regression,616_fri_c4_500_50,"samples=10,q=0.9",16.077940314511878,39.4072673165153,100,10,0.9
regression,616_fri_c4_500_50,"samples=10,q=0.95",19.99025245951237,37.84573832821319,100,10,0.95
regression,616_fri_c4_500_50,"samples=2,q=0.5",35.961171031931826,65.30803011486955,100,2,0.5
regression,616_fri_c4_500_50,"samples=2,q=0.75",30.56874765914195,60.48219568461075,100,2,0.75
regression,616_fri_c4_500_50,"samples=2,q=0.9",30.528117686711433,57.00053872569143,100,2,0.9
regression,616_fri_c4_500_50,"samples=2,q=0.95",31.996495968387826,56.73701810676695,100,2,0.95
regression,616_fri_c4_500_50,"samples=ln_n,q=0.5",34.02933973372498,58.39807175495322,100,ln_n,0.5
regression,616_fri_c4_500_50,"samples=ln_n,q=0.75",25.102169007208246,51.009981418616746,100,ln_n,0.75
regression,616_fri_c4_500_50,"samples=ln_n,q=0.9",18.7386636077117,44.05643901283945,100,ln_n,0.9
regression,616_fri_c4_500_50,"samples=ln_n,q=0.95",21.39571941247604,42.722033053561326,100,ln_n,0.95
regression,616_fri_c4_500_50,"samples=sqrt_n,q=0.5",33.88368859869903,67.65210728603232,100,sqrt_n,0.5
regression,616_fri_c4_500_50,"samples=sqrt_n,q=0.75",26.704396142254733,63.96018186386681,100,sqrt_n,0.75
regression,616_fri_c4_500_50,"samples=sqrt_n,q=0.9",24.305015119181405,60.08425214844012,100,sqrt_n,0.9
regression,616_fri_c4_500_50,"samples=sqrt_n,q=0.95",25.981944254385184,60.53834310312202,100,sqrt_n,0.95
regression,617_fri_c3_500_5,"samples=0.1n,q=0.5",16.99153025223802,50.2030351685917,100,0.1n,0.5
regression,617_fri_c3_500_5,"samples=0.1n,q=0.75",11.479593844788276,45.29289894856788,100,0.1n,0.75
regression,617_fri_c3_500_5,"samples=0.1n,q=0.9",8.528864778672691,39.743098358108455,100,0.1n,0.9
regression,617_fri_c3_500_5,"samples=0.1n,q=0.95",11.789566509932285,37.01817993473869,100,0.1n,0.95
regression,617_fri_c3_500_5,"samples=10,q=0.5",14.994452360624923,37.88418708240535,100,10,0.5
regression,617_fri_c3_500_5,"samples=10,q=0.75",8.657632237024977,30.941109442171225,100,10,0.75
regression,617_fri_c3_500_5,"samples=10,q=0.9",6.676233054268577,23.703837986222617,100,10,0.9
regression,617_fri_c3_500_5,"samples=10,q=0.95",9.569781574906699,20.231004298958926,100,10,0.95
regression,617_fri_c3_500_5,"samples=2,q=0.5",16.06700586056019,50.900191640337695,100,2,0.5
regression,617_fri_c3_500_5,"samples=2,q=0.75",13.208460073027219,47.584813798104314,100,2,0.75
regression,617_fri_c3_500_5,"samples=2,q=0.9",12.75262270963472,44.204692598539395,100,2,0.9
regression,617_fri_c3_500_5,"samples=2,q=0.95",16.63427336338478,42.687108302688145,100,2,0.95
regression,617_fri_c3_500_5,"samples=ln_n,q=0.5",13.76231515058069,41.75791163826592,100,ln_n,0.5
regression,617_fri_c3_500_5,"samples=ln_n,q=0.75",8.153853963483797,35.24524783757187,100,ln_n,0.75
regression,617_fri_c3_500_5,"samples=ln_n,q=0.9",7.387009051574067,28.153001502045896,100,ln_n,0.9
regression,617_fri_c3_500_5,"samples=ln_n,q=0.95",10.643263482804848,26.177034236287362,100,ln_n,0.95
regression,617_fri_c3_500_5,"samples=sqrt_n,q=0.5",16.50563060032784,52.74460040399855,100,sqrt_n,0.5
regression,617_fri_c3_500_5,"samples=sqrt_n,q=0.75",13.195016156750667,49.334956233490445,100,sqrt_n,0.75
regression,617_fri_c3_500_5,"samples=sqrt_n,q=0.9",12.030623408191637,45.07484332107525,100,sqrt_n,0.9
regression,617_fri_c3_500_5,"samples=sqrt_n,q=0.95",13.57876026749683,42.97508675609882,100,sqrt_n,0.95
regression,618_fri_c3_1000_50,"samples=0.1n,q=0.5",35.9088503212722,66.1103940228,100,0.1n,0.5
regression,618_fri_c3_1000_50,"samples=0.1n,q=0.75",24.533018940027407,60.676222952844256,100,0.1n,0.75
regression,618_fri_c3_1000_50,"samples=0.1n,q=0.9",19.611102696139994,55.55412286615414,100,0.1n,0.9
regression,618_fri_c3_1000_50,"samples=0.1n,q=0.95",24.247621422506768,54.320317027890304,100,0.1n,0.95
regression,618_fri_c3_1000_50,"samples=10,q=0.5",34.22857447010053,58.05033379927963,100,10,0.5
regression,618_fri_c3_1000_50,"samples=10,q=0.75",22.30136195619776,49.97427851571197,100,10,0.75
regression,618_fri_c3_1000_50,"samples=10,q=0.9",16.07977405123063,42.90805361312121,100,10,0.9
regression,618_fri_c3_1000_50,"samples=10,q=0.95",21.770448506922524,41.62851573427588,100,10,0.95
regression,618_fri_c3_1000_50,"samples=2,q=0.5",37.82737839360989,66.77225934573289,100,2,0.5
regression,618_fri_c3_1000_50,"samples=2,q=0.75",30.03884687103006,62.37491171485337,100,2,0.75
regression,618_fri_c3_1000_50,"samples=2,q=0.9",29.718565978533476,59.31180194501715,100,2,0.9
regression,618_fri_c3_1000_50,"samples=2,q=0.95",33.11386579359552,59.11091559114574,100,2,0.95
regression,618_fri_c3_1000_50,"samples=ln_n,q=0.5",32.874103357124824,59.45718521744135,100,ln_n,0.5
regression,618_fri_c3_1000_50,"samples=ln_n,q=0.75",21.904987801810513,51.60680082290904,100,ln_n,0.75
regression,618_fri_c3_1000_50,"samples=ln_n,q=0.9",16.796994633024724,45.80266869880522,100,ln_n,0.9
regression,618_fri_c3_1000_50,"samples=ln_n,q=0.95",22.224957720133723,44.4245950037411,100,ln_n,0.95
regression,618_fri_c3_1000_50,"samples=sqrt_n,q=0.5",34.44187291557722,68.73385157030442,100,sqrt_n,0.5
regression,618_fri_c3_1000_50,"samples=sqrt_n,q=0.75",27.46870052322786,65.04671137549931,100,sqrt_n,0.75
regression,618_fri_c3_1000_50,"samples=sqrt_n,q=0.9",24.666392193562963,61.46667338890482,100,sqrt_n,0.9
regression,618_fri_c3_1000_50,"samples=sqrt_n,q=0.95",28.57461416126352,61.253294380045304,100,sqrt_n,0.95
regression,620_fri_c1_1000_25,"samples=0.1n,q=0.5",29.030756524318974,63.98294649287888,100,0.1n,0.5
regression,620_fri_c1_1000_25,"samples=0.1n,q=0.75",18.95077214097328,58.98008875258475,100,0.1n,0.75
regression,620_fri_c1_1000_25,"samples=0.1n,q=0.9",14.045912085478074,53.077995399735144,100,0.1n,0.9
regression,620_fri_c1_1000_25,"samples=0.1n,q=0.95",18.046145069916708,52.6504031040171,100,0.1n,0.95
regression,620_fri_c1_1000_25,"samples=10,q=0.5",28.74944536124435,54.88004460862898,100,10,0.5
regression,620_fri_c1_1000_25,"samples=10,q=0.75",18.504063632234324,47.40791338491206,100,10,0.75
regression,620_fri_c1_1000_25,"samples=10,q=0.9",11.757372146739904,40.15492205106759,100,10,0.9
regression,620_fri_c1_1000_25,"samples=10,q=0.95",17.62140205027726,39.22780604539857,100,10,0.95
regression,620_fri_c1_1000_25,"samples=2,q=0.5",34.10698465587644,65.14435073534537,100,2,0.5
regression,620_fri_c1_1000_25,"samples=2,q=0.75",26.51904366550314,60.6299574824005,100,2,0.75
regression,620_fri_c1_1000_25,"samples=2,q=0.9",26.13016874804559,57.931785971515524,100,2,0.9
regression,620_fri_c1_1000_25,"samples=2,q=0.95",29.515802772009806,57.446620664018035,100,2,0.95
regression,620_fri_c1_1000_25,"samples=ln_n,q=0.5",30.420706308254637,56.570014637206384,100,ln_n,0.5
regression,620_fri_c1_1000_25,"samples=ln_n,q=0.75",19.125415944959524,49.54220394507563,100,ln_n,0.75
regression,620_fri_c1_1000_25,"samples=ln_n,q=0.9",13.437475073324674,42.9340861039474,100,ln_n,0.9
regression,620_fri_c1_1000_25,"samples=ln_n,q=0.95",17.88305752640979,41.67319532538742,100,ln_n,0.95
regression,620_fri_c1_1000_25,"samples=sqrt_n,q=0.5",31.357985347777717,66.68372017378778,100,sqrt_n,0.5
regression,620_fri_c1_1000_25,"samples=sqrt_n,q=0.75",23.77896635181815,63.04151855207825,100,sqrt_n,0.75
regression,620_fri_c1_1000_25,"samples=sqrt_n,q=0.9",19.49446332217744,59.70088984921354,100,sqrt_n,0.9
regression,620_fri_c1_1000_25,"samples=sqrt_n,q=0.95",23.497132816938347,59.51362654213425,100,sqrt_n,0.95
regression,621_fri_c0_100_10,"samples=0.1n,q=0.5",21.85487734130735,50.549385164617206,100,0.1n,0.5
regression,621_fri_c0_100_10,"samples=0.1n,q=0.75",17.3961339538862,46.87227290757636,100,0.1n,0.75
regression,621_fri_c0_100_10,"samples=0.1n,q=0.9",16.517531817421485,43.95477984926616,100,0.1n,0.9
regression,621_fri_c0_100_10,"samples=0.1n,q=0.95",19.3444821705894,42.39984133280444,100,0.1n,0.95
regression,621_fri_c0_100_10,"samples=10,q=0.5",20.633790331338922,29.750099166997224,100,10,0.5
regression,621_fri_c0_100_10,"samples=10,q=0.75",15.6408938424824,23.397461324871088,100,10,0.75
regression,621_fri_c0_100_10,"samples=10,q=0.9",13.041539234176426,17.550575168583897,100,10,0.9
regression,621_fri_c0_100_10,"samples=10,q=0.95",14.66210423865235,14.159063863546212,100,10,0.95
regression,621_fri_c0_100_10,"samples=2,q=0.5",23.46959821243168,48.13169377231257,100,2,0.5
regression,621_fri_c0_100_10,"samples=2,q=0.75",20.14171994916984,44.82546608488695,100,2,0.75
regression,621_fri_c0_100_10,"samples=2,q=0.9",19.843478188383756,41.64815549385165,100,2,0.9
regression,621_fri_c0_100_10,"samples=2,q=0.95",20.901167919998294,40.34113447044824,100,2,0.95
regression,621_fri_c0_100_10,"samples=ln_n,q=0.5",22.126324551503917,37.56445854819516,100,ln_n,0.5
regression,621_fri_c0_100_10,"samples=ln_n,q=0.75",15.764584346044362,31.94962316541055,100,ln_n,0.75
regression,621_fri_c0_100_10,"samples=ln_n,q=0.9",15.698670157460278,26.134470448234826,100,ln_n,0.9
regression,621_fri_c0_100_10,"samples=ln_n,q=0.95",17.424382589008353,23.86552955176517,100,ln_n,0.95
regression,621_fri_c0_100_10,"samples=sqrt_n,q=0.5",21.85487734130735,50.549385164617206,100,sqrt_n,0.5
regression,621_fri_c0_100_10,"samples=sqrt_n,q=0.75",17.3961339538862,46.87227290757636,100,sqrt_n,0.75
regression,621_fri_c0_100_10,"samples=sqrt_n,q=0.9",16.517531817421485,43.95477984926616,100,sqrt_n,0.9
regression,621_fri_c0_100_10,"samples=sqrt_n,q=0.95",19.3444821705894,42.39984133280444,100,sqrt_n,0.95
regression,622_fri_c2_1000_50,"samples=0.1n,q=0.5",36.87774132676596,65.36333461373758,100,0.1n,0.5
regression,622_fri_c2_1000_50,"samples=0.1n,q=0.75",23.620491513565245,58.711397190584805,100,0.1n,0.75
regression,622_fri_c2_1000_50,"samples=0.1n,q=0.9",17.25262012049309,53.3080147179098,100,0.1n,0.9
regression,622_fri_c2_1000_50,"samples=0.1n,q=0.95",23.376129854917522,53.02899839918838,100,0.1n,0.95
regression,622_fri_c2_1000_50,"samples=10,q=0.5",34.81639260879787,56.22416600655396,100,10,0.5
regression,622_fri_c2_1000_50,"samples=10,q=0.75",21.271713132140768,48.06749323193022,100,10,0.75
regression,622_fri_c2_1000_50,"samples=10,q=0.9",15.038474078664033,40.69999209702646,100,10,0.9
regression,622_fri_c2_1000_50,"samples=10,q=0.95",21.156393141871316,39.925316900049445,100,10,0.95
regression,622_fri_c2_1000_50,"samples=2,q=0.5",39.13700410268925,65.6731587450078,100,2,0.5
regression,622_fri_c2_1000_50,"samples=2,q=0.75",31.229012838933496,60.760610660927526,100,2,0.75
regression,622_fri_c2_1000_50,"samples=2,q=0.9",30.796486360213482,57.806690510366685,100,2,0.9
regression,622_fri_c2_1000_50,"samples=2,q=0.95",34.455791158445514,58.07474834542979,100,2,0.95
regression,622_fri_c2_1000_50,"samples=ln_n,q=0.5",34.92369765832248,57.90336409366678,100,ln_n,0.5
regression,622_fri_c2_1000_50,"samples=ln_n,q=0.75",22.81661973825541,49.762221580999054,100,ln_n,0.75
regression,622_fri_c2_1000_50,"samples=ln_n,q=0.9",15.597794699087093,43.88679725564649,100,ln_n,0.9
regression,622_fri_c2_1000_50,"samples=ln_n,q=0.95",21.77665566687118,43.079889872982676,100,ln_n,0.95
regression,622_fri_c2_1000_50,"samples=sqrt_n,q=0.5",35.517287272539576,67.73349151533085,100,sqrt_n,0.5
regression,622_fri_c2_1000_50,"samples=sqrt_n,q=0.75",27.017212413723747,63.308010123157736,100,sqrt_n,0.75
regression,622_fri_c2_1000_50,"samples=sqrt_n,q=0.9",22.940211533763705,60.45324472200831,100,sqrt_n,0.9
regression,622_fri_c2_1000_50,"samples=sqrt_n,q=0.95",27.714887100257396,60.77581929023947,100,sqrt_n,0.95
regression,623_fri_c4_1000_10,"samples=0.1n,q=0.5",22.377816027826057,58.29352429731641,100,0.1n,0.5
regression,623_fri_c4_1000_10,"samples=0.1n,q=0.75",15.613606832807697,53.640568056662396,100,0.1n,0.75
regression,623_fri_c4_1000_10,"samples=0.1n,q=0.9",12.734591327688877,47.3249223220122,100,0.1n,0.9
regression,623_fri_c4_1000_10,"samples=0.1n,q=0.95",17.321712370148838,45.04909159286885,100,0.1n,0.95
regression,623_fri_c4_1000_10,"samples=10,q=0.5",22.929166231061934,48.50632168984321,100,10,0.5
regression,623_fri_c4_1000_10,"samples=10,q=0.75",13.649305519940945,41.674688168769414,100,10,0.75
regression,623_fri_c4_1000_10,"samples=10,q=0.9",9.2934422516115,34.38303082943078,100,10,0.9
regression,623_fri_c4_1000_10,"samples=10,q=0.95",14.044717947070424,31.88625435399672,100,10,0.95
regression,623_fri_c4_1000_10,"samples=2,q=0.5",25.259700094827146,59.555064067550745,100,2,0.5
regression,623_fri_c4_1000_10,"samples=2,q=0.75",20.35588623600686,55.72780021311078,100,2,0.75
regression,623_fri_c4_1000_10,"samples=2,q=0.9",21.075096984728845,52.21415843623241,100,2,0.9
regression,623_fri_c4_1000_10,"samples=2,q=0.95",23.43829472129448,51.9221384503801,100,2,0.95
regression,623_fri_c4_1000_10,"samples=ln_n,q=0.5",22.12806863627254,50.48800580234421,100,ln_n,0.5
regression,623_fri_c4_1000_10,"samples=ln_n,q=0.75",12.754560842256701,43.92679017541346,100,ln_n,0.75
regression,623_fri_c4_1000_10,"samples=ln_n,q=0.9",10.303572500557372,36.95860457203234,100,ln_n,0.9
regression,623_fri_c4_1000_10,"samples=ln_n,q=0.95",15.268762002070119,35.32546405322397,100,ln_n,0.95
regression,623_fri_c4_1000_10,"samples=sqrt_n,q=0.5",24.378984428874766,62.122802854610086,100,sqrt_n,0.5
regression,623_fri_c4_1000_10,"samples=sqrt_n,q=0.75",20.197427884841098,58.36851601464913,100,sqrt_n,0.75
regression,623_fri_c4_1000_10,"samples=sqrt_n,q=0.9",17.669367770196253,54.54382650274448,100,sqrt_n,0.9
regression,623_fri_c4_1000_10,"samples=sqrt_n,q=0.95",21.364183424977867,52.99910905362691,100,sqrt_n,0.95
regression,624_fri_c0_100_5,"samples=0.1n,q=0.5",10.885566216977537,46.81475903614458,100,0.1n,0.5
regression,624_fri_c0_100_5,"samples=0.1n,q=0.75",6.6243892969354405,43.4487951807229,100,0.1n,0.75
regression,624_fri_c0_100_5,"samples=0.1n,q=0.9",8.45960627861606,39.62725903614458,100,0.1n,0.9
regression,624_fri_c0_100_5,"samples=0.1n,q=0.95",9.758934358156669,37.30798192771084,100,0.1n,0.95
regression,624_fri_c0_100_5,"samples=10,q=0.5",9.375023027923158,27.39834337349398,100,10,0.5
regression,624_fri_c0_100_5,"samples=10,q=0.75",6.577344696914016,20.184487951807224,100,10,0.75
regression,624_fri_c0_100_5,"samples=10,q=0.9",5.359868726210931,14.009789156626512,100,10,0.9
regression,624_fri_c0_100_5,"samples=10,q=0.95",7.735182459139962,11.434487951807231,100,10,0.95
regression,624_fri_c0_100_5,"samples=2,q=0.5",11.981438326037852,44.72891566265059,100,2,0.5
regression,624_fri_c0_100_5,"samples=2,q=0.75",10.522216756636016,40.95256024096386,100,2,0.75
regression,624_fri_c0_100_5,"samples=2,q=0.9",10.088496526794643,38.866716867469876,100,2,0.9
regression,624_fri_c0_100_5,"samples=2,q=0.95",11.845661437161265,37.447289156626496,100,2,0.95
regression,624_fri_c0_100_5,"samples=ln_n,q=0.5",11.262906443510644,34.18674698795181,100,ln_n,0.5
regression,624_fri_c0_100_5,"samples=ln_n,q=0.75",7.510165113763328,28.158885542168676,100,ln_n,0.75
regression,624_fri_c0_100_5,"samples=ln_n,q=0.9",7.339540529116567,23.181475903614455,100,ln_n,0.9
regression,624_fri_c0_100_5,"samples=ln_n,q=0.95",10.365530020159785,20.538403614457835,100,ln_n,0.95
regression,624_fri_c0_100_5,"samples=sqrt_n,q=0.5",10.885566216977537,46.81475903614458,100,sqrt_n,0.5
regression,624_fri_c0_100_5,"samples=sqrt_n,q=0.75",6.6243892969354405,43.4487951807229,100,sqrt_n,0.75
regression,624_fri_c0_100_5,"samples=sqrt_n,q=0.9",8.45960627861606,39.62725903614458,100,sqrt_n,0.9
regression,624_fri_c0_100_5,"samples=sqrt_n,q=0.95",9.758934358156669,37.30798192771084,100,sqrt_n,0.95
regression,626_fri_c2_500_50,"samples=0.1n,q=0.5",32.757577328072095,65.53455593397956,100,0.1n,0.5
regression,626_fri_c2_500_50,"samples=0.1n,q=0.75",18.600706277984095,59.09310977207231,100,0.1n,0.75
regression,626_fri_c2_500_50,"samples=0.1n,q=0.9",12.698151341421854,53.8432800628766,100,0.1n,0.9
regression,626_fri_c2_500_50,"samples=0.1n,q=0.95",17.606449476755174,52.06366256222164,100,0.1n,0.95
regression,626_fri_c2_500_50,"samples=10,q=0.5",33.54556973775145,54.834267749541524,100,10,0.5
regression,626_fri_c2_500_50,"samples=10,q=0.75",18.59168931926365,45.9615928739848,100,10,0.75
regression,626_fri_c2_500_50,"samples=10,q=0.9",9.932886227307058,37.59172124705266,100,10,0.9
regression,626_fri_c2_500_50,"samples=10,q=0.95",15.064233964769747,35.16316478910139,100,10,0.95
regression,626_fri_c2_500_50,"samples=2,q=0.5",34.43312289506689,63.885774168194914,100,2,0.5
regression,626_fri_c2_500_50,"samples=2,q=0.75",28.51237893203953,58.88095362850406,100,2,0.75
regression,626_fri_c2_500_50,"samples=2,q=0.9",26.06909328971483,55.42268797484936,100,2,0.9
regression,626_fri_c2_500_50,"samples=2,q=0.95",28.921146526400626,55.46675399528426,100,2,0.95
regression,626_fri_c2_500_50,"samples=ln_n,q=0.5",32.89091732317982,57.61152737752161,100,ln_n,0.5
regression,626_fri_c2_500_50,"samples=ln_n,q=0.75",19.657109258829625,49.04862457427299,100,ln_n,0.75
regression,626_fri_c2_500_50,"samples=ln_n,q=0.9",11.992181671704571,41.817867435158504,100,ln_n,0.9
regression,626_fri_c2_500_50,"samples=ln_n,q=0.95",16.075552656458406,40.252030390358925,100,ln_n,0.95
regression,626_fri_c2_500_50,"samples=sqrt_n,q=0.5",32.9563709827537,67.00492533403197,100,sqrt_n,0.5
regression,626_fri_c2_500_50,"samples=sqrt_n,q=0.75",20.983064138528324,61.98145140162431,100,sqrt_n,0.75
regression,626_fri_c2_500_50,"samples=sqrt_n,q=0.9",16.46408795473357,58.16662300235787,100,sqrt_n,0.9
regression,626_fri_c2_500_50,"samples=sqrt_n,q=0.95",18.77284922103628,57.287293686140956,100,sqrt_n,0.95
regression,627_fri_c2_500_10,"samples=0.1n,q=0.5",27.11624162684469,58.25771784863386,100,0.1n,0.5
regression,627_fri_c2_500_10,"samples=0.1n,q=0.75",19.683996004954743,53.64449738936483,100,0.1n,0.75
regression,627_fri_c2_500_10,"samples=0.1n,q=0.9",16.83215322805343,49.12809854514117,100,0.1n,0.9
regression,627_fri_c2_500_10,"samples=0.1n,q=0.95",20.732078585954838,46.84189182338926,100,0.1n,0.95
regression,627_fri_c2_500_10,"samples=10,q=0.5",27.15556802709504,46.12814923708622,100,10,0.5
regression,627_fri_c2_500_10,"samples=10,q=0.75",18.109802923134694,39.61195316064278,100,10,0.75
regression,627_fri_c2_500_10,"samples=10,q=0.9",14.516700787783382,32.769300958077764,100,10,0.9
regression,627_fri_c2_500_10,"samples=10,q=0.95",20.530445568732674,31.062249708521314,100,10,0.95
regression,627_fri_c2_500_10,"samples=2,q=0.5",29.47076383219212,58.47037055811831,100,2,0.5
regression,627_fri_c2_500_10,"samples=2,q=0.75",24.921174348127785,53.692401277437014,100,2,0.75
regression,627_fri_c2_500_10,"samples=2,q=0.9",26.485710736432594,51.80361940487657,100,2,0.9
regression,627_fri_c2_500_10,"samples=2,q=0.95",28.675901302274486,51.35879758706341,100,2,0.95
regression,627_fri_c2_500_10,"samples=ln_n,q=0.5",27.235098706313494,49.348101586657876,100,ln_n,0.5
regression,627_fri_c2_500_10,"samples=ln_n,q=0.75",17.32493103199294,42.66411517209916,100,ln_n,0.75
regression,627_fri_c2_500_10,"samples=ln_n,q=0.9",15.48772549401944,37.43448066102296,100,ln_n,0.9
regression,627_fri_c2_500_10,"samples=ln_n,q=0.95",19.240037711638905,35.449384092867646,100,ln_n,0.95
regression,627_fri_c2_500_10,"samples=sqrt_n,q=0.5",29.349771551011923,60.57966239164597,100,sqrt_n,0.5
regression,627_fri_c2_500_10,"samples=sqrt_n,q=0.75",22.101836540194775,56.78258224768084,100,sqrt_n,0.75
regression,627_fri_c2_500_10,"samples=sqrt_n,q=0.9",21.69026221469762,53.38191311400618,100,sqrt_n,0.9
regression,627_fri_c2_500_10,"samples=sqrt_n,q=0.95",23.84040110309045,52.35464084756933,100,sqrt_n,0.95
regression,628_fri_c3_1000_5,"samples=0.1n,q=0.5",17.318983545432843,51.858821390422946,100,0.1n,0.5
regression,628_fri_c3_1000_5,"samples=0.1n,q=0.75",11.723889557072775,46.60621349514784,100,0.1n,0.75
regression,628_fri_c3_1000_5,"samples=0.1n,q=0.9",9.458242790748939,40.36317356423718,100,0.1n,0.9
regression,628_fri_c3_1000_5,"samples=0.1n,q=0.95",12.648447952497548,38.135269652962435,100,0.1n,0.95
regression,628_fri_c3_1000_5,"samples=10,q=0.5",15.249056079496743,41.23656280539079,100,10,0.5
regression,628_fri_c3_1000_5,"samples=10,q=0.75",8.164503868332062,34.49148882979932,100,10,0.75
regression,628_fri_c3_1000_5,"samples=10,q=0.9",6.370423107430573,27.203927183473105,100,10,0.9
regression,628_fri_c3_1000_5,"samples=10,q=0.95",12.742781340574975,24.12831526556215,100,10,0.95
regression,628_fri_c3_1000_5,"samples=2,q=0.5",18.126383773880242,53.003795368287086,100,2,0.5
regression,628_fri_c3_1000_5,"samples=2,q=0.75",13.972471399625757,49.37478693666053,100,2,0.75
regression,628_fri_c3_1000_5,"samples=2,q=0.9",15.432527387287298,46.30303856730529,100,2,0.9
regression,628_fri_c3_1000_5,"samples=2,q=0.95",17.94596160835107,45.30624303993092,100,2,0.95
regression,628_fri_c3_1000_5,"samples=ln_n,q=0.5",15.38975843274203,43.649917047339834,100,ln_n,0.5
regression,628_fri_c3_1000_5,"samples=ln_n,q=0.75",9.244398770162903,37.10347492102453,100,ln_n,0.75
regression,628_fri_c3_1000_5,"samples=ln_n,q=0.9",6.636702531602001,30.48567078020954,100,ln_n,0.9
regression,628_fri_c3_1000_5,"samples=ln_n,q=0.95",11.980308748309326,27.57823685825322,100,ln_n,0.95
regression,628_fri_c3_1000_5,"samples=sqrt_n,q=0.5",19.461410606804346,54.628758437308235,100,sqrt_n,0.5
regression,628_fri_c3_1000_5,"samples=sqrt_n,q=0.75",14.84621680177765,50.627031203836275,100,sqrt_n,0.75
regression,628_fri_c3_1000_5,"samples=sqrt_n,q=0.9",12.660667301131479,46.600304538533216,100,sqrt_n,0.9
regression,628_fri_c3_1000_5,"samples=sqrt_n,q=0.95",15.307522336518304,44.79625463057658,100,sqrt_n,0.95
regression,631_fri_c1_500_5,"samples=0.1n,q=0.5",10.964082110523115,51.50717831029513,100,0.1n,0.5
regression,631_fri_c1_500_5,"samples=0.1n,q=0.75",5.380545073348247,46.25660457917489,100,0.1n,0.75
regression,631_fri_c1_500_5,"samples=0.1n,q=0.9",1.8585779010565129,40.101937343224634,100,0.1n,0.9
regression,631_fri_c1_500_5,"samples=0.1n,q=0.95",3.885836995894598,37.477184181032186,100,0.1n,0.95
regression,631_fri_c1_500_5,"samples=10,q=0.5",9.587077588749304,38.62678123498959,100,10,0.5
regression,631_fri_c1_500_5,"samples=10,q=0.75",3.4655313309325364,31.263809574638415,100,10,0.75
regression,631_fri_c1_500_5,"samples=10,q=0.9",-0.05116573771625221,23.60463254523136,100,10,0.9
regression,631_fri_c1_500_5,"samples=10,q=0.95",4.425702662510001,21.05833377808614,100,10,0.95
regression,631_fri_c1_500_5,"samples=2,q=0.5",10.600067990711498,51.37535357848108,100,2,0.5
regression,631_fri_c1_500_5,"samples=2,q=0.75",6.753119012047981,48.00768532849442,100,2,0.75
regression,631_fri_c1_500_5,"samples=2,q=0.9",8.251427830615526,44.74035331162939,100,2,0.9
regression,631_fri_c1_500_5,"samples=2,q=0.95",10.628769508926982,43.96808453861344,100,2,0.95
regression,631_fri_c1_500_5,"samples=ln_n,q=0.5",9.504080583816087,42.226076746544265,100,ln_n,0.5
regression,631_fri_c1_500_5,"samples=ln_n,q=0.75",2.651275728510588,35.35571329455088,100,ln_n,0.75
regression,631_fri_c1_500_5,"samples=ln_n,q=0.9",0.5961390216165596,29.0115813630784,100,ln_n,0.9
regression,631_fri_c1_500_5,"samples=ln_n,q=0.95",4.902400572542448,26.758819448150717,100,ln_n,0.95
regression,631_fri_c1_500_5,"samples=sqrt_n,q=0.5",11.127243137303427,53.91631531194962,100,sqrt_n,0.5
regression,631_fri_c1_500_5,"samples=sqrt_n,q=0.75",6.9142878625524595,49.860703421038586,100,sqrt_n,0.75
regression,631_fri_c1_500_5,"samples=sqrt_n,q=0.9",4.265799598725334,46.0431232321076,100,sqrt_n,0.9
regression,631_fri_c1_500_5,"samples=sqrt_n,q=0.95",5.360871890595814,43.92592197256764,100,sqrt_n,0.95
regression,633_fri_c0_500_25,"samples=0.1n,q=0.5",16.213494862168226,58.51969722084094,100,0.1n,0.5
regression,633_fri_c0_500_25,"samples=0.1n,q=0.75",11.934123634804822,54.58920382341566,100,0.1n,0.75
regression,633_fri_c0_500_25,"samples=0.1n,q=0.9",7.634009352080784,51.30250290071274,100,0.1n,0.9
regression,633_fri_c0_500_25,"samples=0.1n,q=0.95",12.515446702386662,50.95165478755732,100,0.1n,0.95
regression,633_fri_c0_500_25,"samples=10,q=0.5",16.954503845294226,46.55373225040057,100,10,0.5
regression,633_fri_c0_500_25,"samples=10,q=0.75",11.030852997439217,39.82363666500912,100,10,0.75
regression,633_fri_c0_500_25,"samples=10,q=0.9",6.326296785037061,33.8730316592077,100,10,0.9
regression,633_fri_c0_500_25,"samples=10,q=0.95",11.198009173079932,33.48505442289629,100,10,0.95
regression,633_fri_c0_500_25,"samples=2,q=0.5",22.681269408956922,59.81269683407923,100,2,0.5
regression,633_fri_c0_500_25,"samples=2,q=0.75",17.270061545528346,55.99336979943644,100,2,0.75
regression,633_fri_c0_500_25,"samples=2,q=0.9",16.02584089525952,53.03165920769103,100,2,0.9
regression,633_fri_c0_500_25,"samples=2,q=0.95",18.32596409845125,52.06464445549478,100,2,0.95
regression,633_fri_c0_500_25,"samples=ln_n,q=0.5",16.81707644999959,49.848168407094306,100,ln_n,0.5
regression,633_fri_c0_500_25,"samples=ln_n,q=0.75",10.481225716219956,42.77938007624731,100,ln_n,0.75
regression,633_fri_c0_500_25,"samples=ln_n,q=0.9",8.321152108352997,37.809381733797444,100,ln_n,0.9
regression,633_fri_c0_500_25,"samples=ln_n,q=0.95",11.730430269042236,37.11763080833195,100,ln_n,0.95
regression,633_fri_c0_500_25,"samples=sqrt_n,q=0.5",17.876430950821586,59.73998563456544,100,sqrt_n,0.5
regression,633_fri_c0_500_25,"samples=sqrt_n,q=0.75",13.620471068460171,56.55616332394055,100,sqrt_n,0.75
regression,633_fri_c0_500_25,"samples=sqrt_n,q=0.9",11.650040571440488,55.01640974639482,100,sqrt_n,0.9
regression,633_fri_c0_500_25,"samples=sqrt_n,q=0.95",14.738245682777112,54.947897673904635,100,sqrt_n,0.95
regression,634_fri_c2_100_10,"samples=0.1n,q=0.5",13.32604864510174,55.21132075471697,100,0.1n,0.5
regression,634_fri_c2_100_10,"samples=0.1n,q=0.75",7.438217236213756,50.9566037735849,100,0.1n,0.75
regression,634_fri_c2_100_10,"samples=0.1n,q=0.9",6.857124324259245,46.01509433962264,100,0.1n,0.9
regression,634_fri_c2_100_10,"samples=0.1n,q=0.95",8.871814718288729,44.90754716981132,100,0.1n,0.95
regression,634_fri_c2_100_10,"samples=10,q=0.5",15.547501557050381,36.260377358490565,100,10,0.5
regression,634_fri_c2_100_10,"samples=10,q=0.75",6.604070736773322,28.169811320754718,100,10,0.75
regression,634_fri_c2_100_10,"samples=10,q=0.9",3.7219566280448033,21.464150943396227,100,10,0.9
regression,634_fri_c2_100_10,"samples=10,q=0.95",7.605748699343478,18.030188679245278,100,10,0.95
regression,634_fri_c2_100_10,"samples=2,q=0.5",14.407258567015996,51.06792452830189,100,2,0.5
regression,634_fri_c2_100_10,"samples=2,q=0.75",8.393541891884304,47.226415094339615,100,2,0.75
regression,634_fri_c2_100_10,"samples=2,q=0.9",10.673529259257041,44.79056603773584,100,2,0.9
regression,634_fri_c2_100_10,"samples=2,q=0.95",11.996467901740232,44.213207547169816,100,2,0.95
regression,634_fri_c2_100_10,"samples=ln_n,q=0.5",14.526612991354993,43.23396226415095,100,ln_n,0.5
regression,634_fri_c2_100_10,"samples=ln_n,q=0.75",7.41147738218787,36.22641509433963,100,ln_n,0.75
regression,634_fri_c2_100_10,"samples=ln_n,q=0.9",6.554818886161784,30.47547169811321,100,ln_n,0.9
regression,634_fri_c2_100_10,"samples=ln_n,q=0.95",10.85570196044754,27.784905660377355,100,ln_n,0.95
regression,634_fri_c2_100_10,"samples=sqrt_n,q=0.5",13.32604864510174,55.21132075471697,100,sqrt_n,0.5
regression,634_fri_c2_100_10,"samples=sqrt_n,q=0.75",7.438217236213756,50.9566037735849,100,sqrt_n,0.75
regression,634_fri_c2_100_10,"samples=sqrt_n,q=0.9",6.857124324259245,46.01509433962264,100,sqrt_n,0.9
regression,634_fri_c2_100_10,"samples=sqrt_n,q=0.95",8.871814718288729,44.90754716981132,100,sqrt_n,0.95
regression,635_fri_c0_250_10,"samples=0.1n,q=0.5",13.053463785939584,53.14993726474279,100,0.1n,0.5
regression,635_fri_c0_250_10,"samples=0.1n,q=0.75",8.68325185125896,50.17189460476788,100,0.1n,0.75
regression,635_fri_c0_250_10,"samples=0.1n,q=0.9",7.96285265214523,46.638017565872026,100,0.1n,0.9
regression,635_fri_c0_250_10,"samples=0.1n,q=0.95",10.242068936562472,45.65621079046424,100,0.1n,0.95
regression,635_fri_c0_250_10,"samples=10,q=0.5",11.12503268611637,37.48243412797993,100,10,0.5
regression,635_fri_c0_250_10,"samples=10,q=0.75",6.089744609937247,31.958594730238392,100,10,0.75
regression,635_fri_c0_250_10,"samples=10,q=0.9",4.64044370693889,26.648055207026356,100,10,0.9
regression,635_fri_c0_250_10,"samples=10,q=0.95",9.070079821471333,24.232747804265998,100,10,0.95
regression,635_fri_c0_250_10,"samples=2,q=0.5",15.08906657053356,53.79171894604768,100,2,0.5
regression,635_fri_c0_250_10,"samples=2,q=0.75",11.605822023439261,50.27352572145546,100,2,0.75
regression,635_fri_c0_250_10,"samples=2,q=0.9",11.673762720514812,47.27227101631117,100,2,0.9
regression,635_fri_c0_250_10,"samples=2,q=0.95",13.81963592176384,46.18255959849436,100,2,0.95
regression,635_fri_c0_250_10,"samples=ln_n,q=0.5",11.904166440205,42.007528230865745,100,ln_n,0.5
regression,635_fri_c0_250_10,"samples=ln_n,q=0.75",8.265291207103537,36.26599749058971,100,ln_n,0.75
regression,635_fri_c0_250_10,"samples=ln_n,q=0.9",4.762222018778923,31.636762860727735,100,ln_n,0.9
regression,635_fri_c0_250_10,"samples=ln_n,q=0.95",8.011025089515572,29.120451693851948,100,ln_n,0.95
regression,635_fri_c0_250_10,"samples=sqrt_n,q=0.5",13.644330280352797,56.159974905897116,100,sqrt_n,0.5
regression,635_fri_c0_250_10,"samples=sqrt_n,q=0.75",9.86945994981352,53.396486825595986,100,sqrt_n,0.75
regression,635_fri_c0_250_10,"samples=sqrt_n,q=0.9",9.303929399370775,50.39836888331242,100,sqrt_n,0.9
regression,635_fri_c0_250_10,"samples=sqrt_n,q=0.95",11.355739172178481,49.408406524466756,100,sqrt_n,0.95
regression,637_fri_c1_500_50,"samples=0.1n,q=0.5",27.06968718142783,64.65999684060871,100,0.1n,0.5
regression,637_fri_c1_500_50,"samples=0.1n,q=0.75",17.06922467155237,59.197303986098674,100,0.1n,0.75
regression,637_fri_c1_500_50,"samples=0.1n,q=0.9",10.888230781073531,54.34553209414986,100,0.1n,0.9
regression,637_fri_c1_500_50,"samples=0.1n,q=0.95",15.759732792356584,52.81507029645621,100,0.1n,0.95
regression,637_fri_c1_500_50,"samples=10,q=0.5",30.113909658733057,53.75509451845611,100,10,0.5
regression,637_fri_c1_500_50,"samples=10,q=0.75",16.807982194172627,45.541835606339845,100,10,0.75
regression,637_fri_c1_500_50,"samples=10,q=0.9",9.10789135006322,37.383918698330795,100,10,0.9
regression,637_fri_c1_500_50,"samples=10,q=0.95",12.337358288775057,35.99768311305355,100,10,0.95
regression,637_fri_c1_500_50,"samples=2,q=0.5",32.83809797128035,64.14169869938391,100,2,0.5
regression,637_fri_c1_500_50,"samples=2,q=0.75",25.618414439779595,59.10183771260071,100,2,0.75
regression,637_fri_c1_500_50,"samples=2,q=0.9",24.010931463331524,55.507766836922755,100,2,0.9
regression,637_fri_c1_500_50,"samples=2,q=0.95",27.473432415352097,55.75356747933231,100,2,0.95
regression,637_fri_c1_500_50,"samples=ln_n,q=0.5",28.6980667263934,56.85382549628771,100,ln_n,0.5
regression,637_fri_c1_500_50,"samples=ln_n,q=0.75",18.65737313046141,49.42125217208151,100,ln_n,0.75
regression,637_fri_c1_500_50,"samples=ln_n,q=0.9",10.683509450756512,42.13316834289927,100,ln_n,0.9
regression,637_fri_c1_500_50,"samples=ln_n,q=0.95",14.364555454170047,41.07693117792638,100,ln_n,0.95
regression,637_fri_c1_500_50,"samples=sqrt_n,q=0.5",27.716060817168135,66.4944973935022,100,sqrt_n,0.5
regression,637_fri_c1_500_50,"samples=sqrt_n,q=0.75",19.209571610445273,62.36943815491549,100,sqrt_n,0.75
regression,637_fri_c1_500_50,"samples=sqrt_n,q=0.9",16.60030433204301,58.62218945816439,100,sqrt_n,0.9
regression,637_fri_c1_500_50,"samples=sqrt_n,q=0.95",18.879256703113395,58.199199620873046,100,sqrt_n,0.95
regression,641_fri_c1_500_10,"samples=0.1n,q=0.5",24.841092508619674,56.70805278750336,100,0.1n,0.5
regression,641_fri_c1_500_10,"samples=0.1n,q=0.75",17.89325555967215,51.84890923781309,100,0.1n,0.75
regression,641_fri_c1_500_10,"samples=0.1n,q=0.9",12.709381332803899,46.86749259359009,100,0.1n,0.9
regression,641_fri_c1_500_10,"samples=0.1n,q=0.95",16.60695854527302,44.85887422569351,100,0.1n,0.95
regression,641_fri_c1_500_10,"samples=10,q=0.5",23.52261788889456,43.53191489361702,100,10,0.5
regression,641_fri_c1_500_10,"samples=10,q=0.75",14.039428528751795,36.76084029086992,100,10,0.75
regression,641_fri_c1_500_10,"samples=10,q=0.9",9.272582846535277,29.162133046054407,100,10,0.9
regression,641_fri_c1_500_10,"samples=10,q=0.95",14.611206148726897,26.915162941018053,100,10,0.95
regression,641_fri_c1_500_10,"samples=2,q=0.5",25.590212443587582,56.05036358739564,100,2,0.5
regression,641_fri_c1_500_10,"samples=2,q=0.75",20.255086108095117,52.40721788311339,100,2,0.75
regression,641_fri_c1_500_10,"samples=2,q=0.9",21.41001887475319,49.19014274171829,100,2,0.9
regression,641_fri_c1_500_10,"samples=2,q=0.95",24.126753924656597,48.4661998384056,100,2,0.95
regression,641_fri_c1_500_10,"samples=ln_n,q=0.5",21.94790869999686,47.25154861298141,100,ln_n,0.5
regression,641_fri_c1_500_10,"samples=ln_n,q=0.75",14.149286536171196,40.847831941826016,100,ln_n,0.75
regression,641_fri_c1_500_10,"samples=ln_n,q=0.9",10.13231420488242,34.43980608672233,100,ln_n,0.9
regression,641_fri_c1_500_10,"samples=ln_n,q=0.95",15.294690461663457,32.663075680043086,100,ln_n,0.95
regression,641_fri_c1_500_10,"samples=sqrt_n,q=0.5",24.88746905714001,58.691354699703744,100,sqrt_n,0.5
regression,641_fri_c1_500_10,"samples=sqrt_n,q=0.75",20.70082318918572,56.011850255857794,100,sqrt_n,0.75
regression,641_fri_c1_500_10,"samples=sqrt_n,q=0.9",17.772016728165504,52.152168058173984,100,sqrt_n,0.9
regression,641_fri_c1_500_10,"samples=sqrt_n,q=0.95",19.33476521676123,51.13789388634527,100,sqrt_n,0.95
regression,643_fri_c2_500_25,"samples=0.1n,q=0.5",33.874165064627306,63.46729559748428,100,0.1n,0.5
regression,643_fri_c2_500_25,"samples=0.1n,q=0.75",22.606944257531286,58.158909853249476,100,0.1n,0.75
regression,643_fri_c2_500_25,"samples=0.1n,q=0.9",19.34649183412425,53.801153039832286,100,0.1n,0.9
regression,643_fri_c2_500_25,"samples=0.1n,q=0.95",23.57053537702604,51.521802935010484,100,0.1n,0.95
regression,643_fri_c2_500_25,"samples=10,q=0.5",35.19745654991294,52.457023060796644,100,10,0.5
regression,643_fri_c2_500_25,"samples=10,q=0.75",21.696778370245404,44.7625786163522,100,10,0.75
regression,643_fri_c2_500_25,"samples=10,q=0.9",15.150961345282631,37.1982180293501,100,10,0.9
regression,643_fri_c2_500_25,"samples=10,q=0.95",21.378171931135434,35.95995807127883,100,10,0.95
regression,643_fri_c2_500_25,"samples=2,q=0.5",37.81760877509912,62.65807127882599,100,2,0.5
regression,643_fri_c2_500_25,"samples=2,q=0.75",29.903354568998036,58.63679245283019,100,2,0.75
regression,643_fri_c2_500_25,"samples=2,q=0.9",29.869998374722524,55.65408805031447,100,2,0.9
regression,643_fri_c2_500_25,"samples=2,q=0.95",32.55943805655767,55.48438155136269,100,2,0.95
regression,643_fri_c2_500_25,"samples=ln_n,q=0.5",34.27075315630972,55.30461215932914,100,ln_n,0.5
regression,643_fri_c2_500_25,"samples=ln_n,q=0.75",21.633831126346653,48.12578616352201,100,ln_n,0.75
regression,643_fri_c2_500_25,"samples=ln_n,q=0.9",17.43560915142144,41.93825995807128,100,ln_n,0.9
regression,643_fri_c2_500_25,"samples=ln_n,q=0.95",21.58685515821522,40.36593291404613,100,ln_n,0.95
regression,643_fri_c2_500_25,"samples=sqrt_n,q=0.5",34.83017180855765,64.97945492662474,100,sqrt_n,0.5
regression,643_fri_c2_500_25,"samples=sqrt_n,q=0.75",25.569511703797843,60.78574423480084,100,sqrt_n,0.75
regression,643_fri_c2_500_25,"samples=sqrt_n,q=0.9",22.414376493493865,58.34884696016772,100,sqrt_n,0.9
regression,643_fri_c2_500_25,"samples=sqrt_n,q=0.95",25.521903901620355,57.28270440251573,100,sqrt_n,0.95
regression,644_fri_c4_250_25,"samples=0.1n,q=0.5",23.341173055482358,61.54355946499578,100,0.1n,0.5
regression,644_fri_c4_250_25,"samples=0.1n,q=0.75",14.276626682164267,56.35209061332691,100,0.1n,0.75
regression,644_fri_c4_250_25,"samples=0.1n,q=0.9",11.745733043596468,50.89890348234728,100,0.1n,0.9
regression,644_fri_c4_250_25,"samples=0.1n,q=0.95",12.43747882656951,49.15411495360887,100,0.1n,0.95
regression,644_fri_c4_250_25,"samples=10,q=0.5",22.785996078331735,48.88998674539101,100,10,0.5
regression,644_fri_c4_250_25,"samples=10,q=0.75",12.803658204664808,41.10422942523195,100,10,0.75
regression,644_fri_c4_250_25,"samples=10,q=0.9",8.86972648874831,33.15411495360887,100,10,0.9
regression,644_fri_c4_250_25,"samples=10,q=0.95",11.653742234688552,31.20472346065791,100,10,0.95
regression,644_fri_c4_250_25,"samples=2,q=0.5",22.347991224281998,60.63863116038077,100,2,0.5
regression,644_fri_c4_250_25,"samples=2,q=0.75",17.201173557356775,55.629111941197735,100,2,0.75
regression,644_fri_c4_250_25,"samples=2,q=0.9",17.901172648805584,52.28003373900469,100,2,0.9
regression,644_fri_c4_250_25,"samples=2,q=0.95",19.608752919835364,51.88890227738282,100,2,0.95
regression,644_fri_c4_250_25,"samples=ln_n,q=0.5",20.986008258731395,52.96638149174599,100,ln_n,0.5
regression,644_fri_c4_250_25,"samples=ln_n,q=0.75",12.619865755874343,44.87215327147849,100,ln_n,0.75
regression,644_fri_c4_250_25,"samples=ln_n,q=0.9",10.70900833789663,37.82311121821907,100,ln_n,0.9
regression,644_fri_c4_250_25,"samples=ln_n,q=0.95",11.032635068369629,36.204120978431135,100,ln_n,0.95
regression,644_fri_c4_250_25,"samples=sqrt_n,q=0.5",21.69598095481917,62.95433184721051,100,sqrt_n,0.5
regression,644_fri_c4_250_25,"samples=sqrt_n,q=0.75",15.362434219190934,59.2565369321605,100,sqrt_n,0.75
regression,644_fri_c4_250_25,"samples=sqrt_n,q=0.9",12.896939378796052,55.49415592240028,100,sqrt_n,0.9
regression,644_fri_c4_250_25,"samples=sqrt_n,q=0.95",15.099837224963064,53.80069887938306,100,sqrt_n,0.95
regression,645_fri_c3_500_50,"samples=0.1n,q=0.5",35.508744991330666,65.58853263293523,100,0.1n,0.5
regression,645_fri_c3_500_50,"samples=0.1n,q=0.75",28.70362056377106,60.43644382774171,100,0.1n,0.75
regression,645_fri_c3_500_50,"samples=0.1n,q=0.9",22.02229152980282,54.39669953912484,100,0.1n,0.9
regression,645_fri_c3_500_50,"samples=0.1n,q=0.95",24.40149119666456,53.01496605381833,100,0.1n,0.95
regression,645_fri_c3_500_50,"samples=10,q=0.5",37.761848265065,56.03800981218098,100,10,0.5
regression,645_fri_c3_500_50,"samples=10,q=0.75",26.46289653306822,48.08206551365281,100,10,0.75
regression,645_fri_c3_500_50,"samples=10,q=0.9",20.635924680330387,40.35868972694385,100,10,0.9
regression,645_fri_c3_500_50,"samples=10,q=0.95",22.75922934430335,38.356806581099164,100,10,0.95
regression,645_fri_c3_500_50,"samples=2,q=0.5",37.96811691904212,65.58427077654989,100,2,0.5
regression,645_fri_c3_500_50,"samples=2,q=0.75",32.52435497772936,60.52708261063482,100,2,0.75
regression,645_fri_c3_500_50,"samples=2,q=0.9",31.84896578558497,57.55830318648099,100,2,0.9
regression,645_fri_c3_500_50,"samples=2,q=0.95",34.14788700758183,57.5513652807374,100,2,0.95
regression,645_fri_c3_500_50,"samples=ln_n,q=0.5",36.39603720430989,58.692303880271574,100,ln_n,0.5
regression,645_fri_c3_500_50,"samples=ln_n,q=0.75",27.55846145425381,51.02676049358244,100,ln_n,0.75
regression,645_fri_c3_500_50,"samples=ln_n,q=0.9",21.54831713457221,44.231577382427275,100,ln_n,0.9
regression,645_fri_c3_500_50,"samples=ln_n,q=0.95",24.728709338695452,43.23351008474156,100,ln_n,0.95
regression,645_fri_c3_500_50,"samples=sqrt_n,q=0.5",36.722171381702935,67.22786064720749,100,sqrt_n,0.5
regression,645_fri_c3_500_50,"samples=sqrt_n,q=0.75",30.46454040136866,63.61227018187225,100,sqrt_n,0.75
regression,645_fri_c3_500_50,"samples=sqrt_n,q=0.9",25.246454539666317,60.16685663313346,100,sqrt_n,0.9
regression,645_fri_c3_500_50,"samples=sqrt_n,q=0.95",27.208548609238537,58.49427622776153,100,sqrt_n,0.95
regression,646_fri_c3_500_10,"samples=0.1n,q=0.5",22.166110515522597,59.47128195006414,100,0.1n,0.5
regression,646_fri_c3_500_10,"samples=0.1n,q=0.75",14.010428708078953,54.697276226191654,100,0.1n,0.75
regression,646_fri_c3_500_10,"samples=0.1n,q=0.9",11.315560403212881,48.932201717161746,100,0.1n,0.9
regression,646_fri_c3_500_10,"samples=0.1n,q=0.95",14.687610978557093,46.26270601006612,100,0.1n,0.95
regression,646_fri_c3_500_10,"samples=10,q=0.5",21.60439521325128,48.04870225994276,100,10,0.5
regression,646_fri_c3_500_10,"samples=10,q=0.75",11.740495428426307,41.0944438961808,100,10,0.75
regression,646_fri_c3_500_10,"samples=10,q=0.9",7.925945252346489,33.616648573966245,100,10,0.9
regression,646_fri_c3_500_10,"samples=10,q=0.95",12.399582062377512,31.19485838349945,100,10,0.95
regression,646_fri_c3_500_10,"samples=2,q=0.5",22.806666662932034,59.49496693970197,100,2,0.5
regression,646_fri_c3_500_10,"samples=2,q=0.75",18.153808380218756,55.705121879009184,100,2,0.75
regression,646_fri_c3_500_10,"samples=2,q=0.9",19.657425183946984,51.993239909207546,100,2,0.9
regression,646_fri_c3_500_10,"samples=2,q=0.95",21.535091300479138,51.43491562222441,100,2,0.95
regression,646_fri_c3_500_10,"samples=ln_n,q=0.5",21.202152527025063,51.35695253133326,100,ln_n,0.5
regression,646_fri_c3_500_10,"samples=ln_n,q=0.75",12.90194161128596,44.41552353695846,100,ln_n,0.75
regression,646_fri_c3_500_10,"samples=ln_n,q=0.9",9.869859254329423,38.134066910095726,100,ln_n,0.9
regression,646_fri_c3_500_10,"samples=ln_n,q=0.95",14.59623120361186,35.77691700384881,100,ln_n,0.95
regression,646_fri_c3_500_10,"samples=sqrt_n,q=0.5",22.143467848037304,61.920211191157605,100,sqrt_n,0.5
regression,646_fri_c3_500_10,"samples=sqrt_n,q=0.75",17.027958014636823,58.257919668410146,100,sqrt_n,0.75
regression,646_fri_c3_500_10,"samples=sqrt_n,q=0.9",15.853894407045061,54.178426921938225,100,sqrt_n,0.9
regression,646_fri_c3_500_10,"samples=sqrt_n,q=0.95",18.01516422851741,52.73339583538932,100,sqrt_n,0.95
regression,647_fri_c1_250_10,"samples=0.1n,q=0.5",25.72906307900442,57.642443264123614,100,0.1n,0.5
regression,647_fri_c1_250_10,"samples=0.1n,q=0.75",15.514279336630853,53.31542732979237,100,0.1n,0.75
regression,647_fri_c1_250_10,"samples=0.1n,q=0.9",12.225875349225383,49.13507967165621,100,0.1n,0.9
regression,647_fri_c1_250_10,"samples=0.1n,q=0.95",15.591607259962542,47.04430226943505,100,0.1n,0.95
regression,647_fri_c1_250_10,"samples=10,q=0.5",23.58773159942938,42.46016417189763,100,10,0.5
regression,647_fri_c1_250_10,"samples=10,q=0.75",13.605150294223701,35.54925156929019,100,10,0.75
regression,647_fri_c1_250_10,"samples=10,q=0.9",8.225196477595404,29.196040560115883,100,10,0.9
regression,647_fri_c1_250_10,"samples=10,q=0.95",14.107143502468633,26.319410912602613,100,10,0.95
regression,647_fri_c1_250_10,"samples=2,q=0.5",25.953138035743663,55.83413809753742,100,2,0.5
regression,647_fri_c1_250_10,"samples=2,q=0.75",19.203874860632403,52.20364558184452,100,2,0.75
regression,647_fri_c1_250_10,"samples=2,q=0.9",20.48696377420371,49.36202317720908,100,2,0.9
regression,647_fri_c1_250_10,"samples=2,q=0.95",22.361239876850853,48.80432158377596,100,2,0.95
regression,647_fri_c1_250_10,"samples=ln_n,q=0.5",22.50810034489146,46.48841139546113,100,ln_n,0.5
regression,647_fri_c1_250_10,"samples=ln_n,q=0.75",13.909960780847447,39.62276677933366,100,ln_n,0.75
regression,647_fri_c1_250_10,"samples=ln_n,q=0.9",10.638227284605328,33.713785610816025,100,ln_n,0.9
regression,647_fri_c1_250_10,"samples=ln_n,q=0.95",13.849134303200072,31.238532110091743,100,ln_n,0.95
regression,647_fri_c1_250_10,"samples=sqrt_n,q=0.5",25.237903907364448,59.81047802993722,100,sqrt_n,0.5
regression,647_fri_c1_250_10,"samples=sqrt_n,q=0.75",19.279880895395294,56.04780299372284,100,sqrt_n,0.75
regression,647_fri_c1_250_10,"samples=sqrt_n,q=0.9",16.074473759562295,52.50422501207146,100,sqrt_n,0.9
regression,647_fri_c1_250_10,"samples=sqrt_n,q=0.95",16.034252412506177,50.539594398841146,100,sqrt_n,0.95
regression,648_fri_c1_250_50,"samples=0.1n,q=0.5",30.618020617309945,62.87802143035136,100,0.1n,0.5
regression,648_fri_c1_250_50,"samples=0.1n,q=0.75",21.693613164768735,58.200722651383,100,0.1n,0.75
regression,648_fri_c1_250_50,"samples=0.1n,q=0.9",12.743881244150035,52.313605781211066,100,0.1n,0.9
regression,648_fri_c1_250_50,"samples=0.1n,q=0.95",17.13208044839282,50.9978818838774,100,0.1n,0.95
regression,648_fri_c1_250_50,"samples=10,q=0.5",29.890274191678035,50.053077498131074,100,10,0.5
regression,648_fri_c1_250_50,"samples=10,q=0.75",18.628231999607863,41.768377772240214,100,10,0.75
regression,648_fri_c1_250_50,"samples=10,q=0.9",11.796359167986463,33.272738599551445,100,10,0.9
regression,648_fri_c1_250_50,"samples=10,q=0.95",14.892777371768489,32.24320956890108,100,10,0.95
regression,648_fri_c1_250_50,"samples=2,q=0.5",33.182032146937715,61.866184899078,100,2,0.5
regression,648_fri_c1_250_50,"samples=2,q=0.75",25.59821853132508,57.17057064540244,100,2,0.75
regression,648_fri_c1_250_50,"samples=2,q=0.9",23.27143894413372,53.54310989284824,100,2,0.9
regression,648_fri_c1_250_50,"samples=2,q=0.95",24.628713560650777,53.25990530774981,100,2,0.95
regression,648_fri_c1_250_50,"samples=ln_n,q=0.5",30.01969187247864,54.276974831796664,100,ln_n,0.5
regression,648_fri_c1_250_50,"samples=ln_n,q=0.75",18.846980164512228,46.04996262148019,100,ln_n,0.75
regression,648_fri_c1_250_50,"samples=ln_n,q=0.9",14.825449093920284,38.989907799651135,100,ln_n,0.9
regression,648_fri_c1_250_50,"samples=ln_n,q=0.95",16.907105576992198,37.51993521056566,100,ln_n,0.95
regression,648_fri_c1_250_50,"samples=sqrt_n,q=0.5",30.998257214160965,64.35821081485173,100,sqrt_n,0.5
regression,648_fri_c1_250_50,"samples=sqrt_n,q=0.75",23.40214647473789,60.72389733366559,100,sqrt_n,0.75
regression,648_fri_c1_250_50,"samples=sqrt_n,q=0.9",17.230396912308365,56.75566907550461,100,sqrt_n,0.9
regression,648_fri_c1_250_50,"samples=sqrt_n,q=0.95",19.85550265880662,55.74009469225018,100,sqrt_n,0.95
regression,649_fri_c0_500_5,"samples=0.1n,q=0.5",6.130487239108406,49.98648940769563,100,0.1n,0.5
regression,649_fri_c0_500_5,"samples=0.1n,q=0.75",3.4867943057926287,45.60473411154345,100,0.1n,0.75
regression,649_fri_c0_500_5,"samples=0.1n,q=0.9",3.569090827949534,41.66396454820579,100,0.1n,0.9
regression,649_fri_c0_500_5,"samples=0.1n,q=0.95",6.2842796004042745,39.04993514915694,100,0.1n,0.95
regression,649_fri_c0_500_5,"samples=10,q=0.5",5.235267478623351,36.401318633808906,100,10,0.5
regression,649_fri_c0_500_5,"samples=10,q=0.75",2.0677107767891223,30.479896238651108,100,10,0.75
regression,649_fri_c0_500_5,"samples=10,q=0.9",1.5114576478684305,24.93136619109382,100,10,0.9
regression,649_fri_c0_500_5,"samples=10,q=0.95",4.739708736393961,21.352140077821005,100,10,0.95
regression,649_fri_c0_500_5,"samples=2,q=0.5",7.629939500891902,50.57717250324254,100,2,0.5
regression,649_fri_c0_500_5,"samples=2,q=0.75",6.176233176026691,47.79723303069606,100,2,0.75
regression,649_fri_c0_500_5,"samples=2,q=0.9",6.59848509330454,44.843817552961525,100,2,0.9
regression,649_fri_c0_500_5,"samples=2,q=0.95",7.282130659195535,43.522481625594466,100,2,0.95
regression,649_fri_c0_500_5,"samples=ln_n,q=0.5",5.732716657736514,40.61770428015564,100,ln_n,0.5
regression,649_fri_c0_500_5,"samples=ln_n,q=0.75",2.5365320541501593,34.61575875486381,100,ln_n,0.75
regression,649_fri_c0_500_5,"samples=ln_n,q=0.9",2.199318229682973,29.213143104193684,100,ln_n,0.9
regression,649_fri_c0_500_5,"samples=ln_n,q=0.95",4.871516962908612,26.48724600086468,100,ln_n,0.95
regression,649_fri_c0_500_5,"samples=sqrt_n,q=0.5",7.488134094449483,52.4297449200173,100,sqrt_n,0.5
regression,649_fri_c0_500_5,"samples=sqrt_n,q=0.75",4.605903184173943,48.88618677042802,100,sqrt_n,0.75
regression,649_fri_c0_500_5,"samples=sqrt_n,q=0.9",5.170730430755732,45.967898832684824,100,sqrt_n,0.9
regression,649_fri_c0_500_5,"samples=sqrt_n,q=0.95",7.057912264361843,44.66115434500649,100,sqrt_n,0.95
regression,650_fri_c0_500_50,"samples=0.1n,q=0.5",17.77187653489057,60.623602214743244,100,0.1n,0.5
regression,650_fri_c0_500_50,"samples=0.1n,q=0.75",11.820995726250933,56.06752795570514,100,0.1n,0.75
regression,650_fri_c0_500_50,"samples=0.1n,q=0.9",8.465071133464846,52.8265117793942,100,0.1n,0.9
regression,650_fri_c0_500_50,"samples=0.1n,q=0.95",14.114695072488864,53.735370752361305,100,0.1n,0.95
regression,650_fri_c0_500_50,"samples=10,q=0.5",18.029158747340745,49.48811203995223,100,10,0.5
regression,650_fri_c0_500_50,"samples=10,q=0.75",11.18928162608957,42.39523395939637,100,10,0.75
regression,650_fri_c0_500_50,"samples=10,q=0.9",7.491304143922256,35.93214634675931,100,10,0.9
regression,650_fri_c0_500_50,"samples=10,q=0.95",12.286689360231296,36.08245575941808,100,10,0.95
regression,650_fri_c0_500_50,"samples=2,q=0.5",24.1095386634969,62.70274671588318,100,2,0.5
regression,650_fri_c0_500_50,"samples=2,q=0.75",17.933223265220143,57.58158723265661,100,2,0.75
regression,650_fri_c0_500_50,"samples=2,q=0.9",17.410649919148888,54.56150255129736,100,2,0.9
regression,650_fri_c0_500_50,"samples=2,q=0.95",20.882210691045756,54.94772554554338,100,2,0.95
regression,650_fri_c0_500_50,"samples=ln_n,q=0.5",18.925501385182592,53.00917381391814,100,ln_n,0.5
regression,650_fri_c0_500_50,"samples=ln_n,q=0.75",12.04188239251842,46.28254261209423,100,ln_n,0.75
regression,650_fri_c0_500_50,"samples=ln_n,q=0.9",9.904033149172653,40.80555857127348,100,ln_n,0.9
regression,650_fri_c0_500_50,"samples=ln_n,q=0.95",13.391127247415003,40.2849853436109,100,ln_n,0.95
regression,650_fri_c0_500_50,"samples=sqrt_n,q=0.5",19.15313939259176,62.93518619042449,100,sqrt_n,0.5
regression,650_fri_c0_500_50,"samples=sqrt_n,q=0.75",14.913863898107344,60.24742156117686,100,sqrt_n,0.75
regression,650_fri_c0_500_50,"samples=sqrt_n,q=0.9",12.345514857057331,57.94962544783411,100,sqrt_n,0.9
regression,650_fri_c0_500_50,"samples=sqrt_n,q=0.95",17.192572108677332,58.711269134730216,100,sqrt_n,0.95
regression,651_fri_c0_100_25,"samples=0.1n,q=0.5",13.736003695208503,55.63109877032923,100,0.1n,0.5
regression,651_fri_c0_100_25,"samples=0.1n,q=0.75",9.790503578466808,51.57239190797303,100,0.1n,0.75
regression,651_fri_c0_100_25,"samples=0.1n,q=0.9",7.0514041705191985,47.83974613248711,100,0.1n,0.9
regression,651_fri_c0_100_25,"samples=0.1n,q=0.95",9.554427611912907,47.12019040063466,100,0.1n,0.95
regression,651_fri_c0_100_25,"samples=10,q=0.5",11.863251148500298,39.7159857199524,100,10,0.5
regression,651_fri_c0_100_25,"samples=10,q=0.75",6.62460744255407,30.904403014676717,100,10,0.75
regression,651_fri_c0_100_25,"samples=10,q=0.9",3.866413255949963,23.79055930186434,100,10,0.9
regression,651_fri_c0_100_25,"samples=10,q=0.95",6.538581254708614,23.453391511305032,100,10,0.95
regression,651_fri_c0_100_25,"samples=2,q=0.5",16.589874038091722,54.32764775882586,100,2,0.5
regression,651_fri_c0_100_25,"samples=2,q=0.75",11.510969362847835,50.04998016660055,100,2,0.75
regression,651_fri_c0_100_25,"samples=2,q=0.9",10.157401429056351,46.58310194367314,100,2,0.9
regression,651_fri_c0_100_25,"samples=2,q=0.95",12.068360720546632,46.38556128520428,100,2,0.95
regression,651_fri_c0_100_25,"samples=ln_n,q=0.5",12.79051970114627,44.74176913923047,100,ln_n,0.5
regression,651_fri_c0_100_25,"samples=ln_n,q=0.75",9.802644355007999,37.85878619595398,100,ln_n,0.75
regression,651_fri_c0_100_25,"samples=ln_n,q=0.9",4.6347871920008,32.60769535898453,100,ln_n,0.9
regression,651_fri_c0_100_25,"samples=ln_n,q=0.95",5.853298957313418,29.924633082110276,100,ln_n,0.95
regression,651_fri_c0_100_25,"samples=sqrt_n,q=0.5",13.736003695208503,55.63109877032923,100,sqrt_n,0.5
regression,651_fri_c0_100_25,"samples=sqrt_n,q=0.75",9.790503578466808,51.57239190797303,100,sqrt_n,0.75
regression,651_fri_c0_100_25,"samples=sqrt_n,q=0.9",7.0514041705191985,47.83974613248711,100,sqrt_n,0.9
regression,651_fri_c0_100_25,"samples=sqrt_n,q=0.95",9.554427611912907,47.12019040063466,100,sqrt_n,0.95
regression,653_fri_c0_250_25,"samples=0.1n,q=0.5",16.236210095294304,59.16016322366743,100,0.1n,0.5
regression,653_fri_c0_250_25,"samples=0.1n,q=0.75",9.817581184456554,54.12649834225962,100,0.1n,0.75
regression,653_fri_c0_250_25,"samples=0.1n,q=0.9",8.413461503688673,50.050752359092066,100,0.1n,0.9
regression,653_fri_c0_250_25,"samples=0.1n,q=0.95",11.688660751088008,50.28589645498597,100,0.1n,0.95
regression,653_fri_c0_250_25,"samples=10,q=0.5",15.816432913575785,45.31828615149197,100,10,0.5
regression,653_fri_c0_250_25,"samples=10,q=0.75",8.283890513344833,37.431522570772756,100,10,0.75
regression,653_fri_c0_250_25,"samples=10,q=0.9",5.207639044621265,31.46799285896455,100,10,0.9
regression,653_fri_c0_250_25,"samples=10,q=0.95",9.699832214172392,30.520275439938786,100,10,0.95
regression,653_fri_c0_250_25,"samples=2,q=0.5",19.918980672350994,59.530731956133636,100,2,0.5
regression,653_fri_c0_250_25,"samples=2,q=0.75",13.957893955534695,54.729150726855394,100,2,0.75
regression,653_fri_c0_250_25,"samples=2,q=0.9",14.624050952655143,51.463657230298395,100,2,0.9
regression,653_fri_c0_250_25,"samples=2,q=0.95",17.068144544215478,51.5391481764856,100,2,0.95
regression,653_fri_c0_250_25,"samples=ln_n,q=0.5",15.198103359828835,48.86151491966335,100,ln_n,0.5
regression,653_fri_c0_250_25,"samples=ln_n,q=0.75",8.60426073288597,41.86202499362408,100,ln_n,0.75
regression,653_fri_c0_250_25,"samples=ln_n,q=0.9",5.277833496716355,35.9918388166284,100,ln_n,0.9
regression,653_fri_c0_250_25,"samples=ln_n,q=0.95",9.905687702205107,35.31726600357051,100,ln_n,0.95
regression,653_fri_c0_250_25,"samples=sqrt_n,q=0.5",16.375285245171167,61.70262688089774,100,sqrt_n,0.5
regression,653_fri_c0_250_25,"samples=sqrt_n,q=0.75",11.564951094962368,57.009436368273406,100,sqrt_n,0.75
regression,653_fri_c0_250_25,"samples=sqrt_n,q=0.9",10.10971181921736,54.27748023463403,100,sqrt_n,0.9
regression,653_fri_c0_250_25,"samples=sqrt_n,q=0.95",12.34715925409633,54.080591685794445,100,sqrt_n,0.95
regression,654_fri_c0_500_10,"samples=0.1n,q=0.5",11.610943722628203,54.41792813661585,100,0.1n,0.5
regression,654_fri_c0_500_10,"samples=0.1n,q=0.75",8.182934856127954,50.62382158056349,100,0.1n,0.75
regression,654_fri_c0_500_10,"samples=0.1n,q=0.9",7.444743147961185,47.1149598664009,100,0.1n,0.9
regression,654_fri_c0_500_10,"samples=0.1n,q=0.95",11.856089679018371,46.84156655712977,100,0.1n,0.95
regression,654_fri_c0_500_10,"samples=10,q=0.5",10.97330611239662,41.64305338576738,100,10,0.5
regression,654_fri_c0_500_10,"samples=10,q=0.75",6.148693080142964,35.42207617303238,100,10,0.75
regression,654_fri_c0_500_10,"samples=10,q=0.9",3.9340665394483167,29.67435220600118,100,10,0.9
regression,654_fri_c0_500_10,"samples=10,q=0.95",8.176103478026647,28.019985993643264,100,10,0.95
regression,654_fri_c0_500_10,"samples=2,q=0.5",16.059001869799808,54.965792167214346,100,2,0.5
regression,654_fri_c0_500_10,"samples=2,q=0.75",11.719675249455886,52.02311048860636,100,2,0.75
regression,654_fri_c0_500_10,"samples=2,q=0.9",12.867134796969992,49.0464903302268,100,2,0.9
regression,654_fri_c0_500_10,"samples=2,q=0.95",14.753115979586788,48.422938102677364,100,2,0.95
regression,654_fri_c0_500_10,"samples=ln_n,q=0.5",11.648918507508471,45.621397403436944,100,ln_n,0.5
regression,654_fri_c0_500_10,"samples=ln_n,q=0.75",6.613108570981596,39.447826321176535,100,ln_n,0.75
regression,654_fri_c0_500_10,"samples=ln_n,q=0.9",5.6124610593018485,34.677315089155854,100,ln_n,0.9
regression,654_fri_c0_500_10,"samples=ln_n,q=0.95",9.327975561365982,33.08867101222863,100,ln_n,0.95
regression,654_fri_c0_500_10,"samples=sqrt_n,q=0.5",13.65629967767925,56.850455206593765,100,sqrt_n,0.5
regression,654_fri_c0_500_10,"samples=sqrt_n,q=0.75",9.620830477649589,52.56316328179713,100,sqrt_n,0.75
regression,654_fri_c0_500_10,"samples=sqrt_n,q=0.9",9.093536840540061,51.58271831061789,100,sqrt_n,0.9
regression,654_fri_c0_500_10,"samples=sqrt_n,q=0.95",13.478556356904075,51.45073533372839,100,sqrt_n,0.95
regression,656_fri_c1_100_5,"samples=0.1n,q=0.5",12.586743356427876,49.376400298730395,100,0.1n,0.5
regression,656_fri_c1_100_5,"samples=0.1n,q=0.75",8.96363214279366,46.232262882748316,100,0.1n,0.75
regression,656_fri_c1_100_5,"samples=0.1n,q=0.9",7.956348619380716,41.75877520537715,100,0.1n,0.9
regression,656_fri_c1_100_5,"samples=0.1n,q=0.95",9.089581046856187,40.32113517550411,100,0.1n,0.95
regression,656_fri_c1_100_5,"samples=10,q=0.5",10.915856989441286,30.328603435399554,100,10,0.5
regression,656_fri_c1_100_5,"samples=10,q=0.75",4.468325748876717,22.73711725168036,100,10,0.75
regression,656_fri_c1_100_5,"samples=10,q=0.9",5.109922333469197,16.258401792382376,100,10,0.9
regression,656_fri_c1_100_5,"samples=10,q=0.95",10.436850596433473,14.200896191187452,100,10,0.95
regression,656_fri_c1_100_5,"samples=2,q=0.5",9.450604726591088,46.55339805825242,100,2,0.5
regression,656_fri_c1_100_5,"samples=2,q=0.75",6.183006925865076,43.36071695294997,100,2,0.75
regression,656_fri_c1_100_5,"samples=2,q=0.9",8.507364507465969,40.235250186706494,100,2,0.9
regression,656_fri_c1_100_5,"samples=2,q=0.95",9.418229088868928,39.783420463032115,100,2,0.95
regression,656_fri_c1_100_5,"samples=ln_n,q=0.5",9.267943052565075,37.25914861837192,100,ln_n,0.5
regression,656_fri_c1_100_5,"samples=ln_n,q=0.75",6.010674717568055,30.362210604929054,100,ln_n,0.75
regression,656_fri_c1_100_5,"samples=ln_n,q=0.9",5.878068509731027,25.631067961165055,100,ln_n,0.9
regression,656_fri_c1_100_5,"samples=ln_n,q=0.95",8.057802996197665,23.543689320388353,100,ln_n,0.95
regression,656_fri_c1_100_5,"samples=sqrt_n,q=0.5",12.586743356427876,49.376400298730395,100,sqrt_n,0.5
regression,656_fri_c1_100_5,"samples=sqrt_n,q=0.75",8.96363214279366,46.232262882748316,100,sqrt_n,0.75
regression,656_fri_c1_100_5,"samples=sqrt_n,q=0.9",7.956348619380716,41.75877520537715,100,sqrt_n,0.9
regression,656_fri_c1_100_5,"samples=sqrt_n,q=0.95",9.089581046856187,40.32113517550411,100,sqrt_n,0.95
regression,657_fri_c2_250_10,"samples=0.1n,q=0.5",31.496382795601296,58.64393427864056,100,0.1n,0.5
regression,657_fri_c2_250_10,"samples=0.1n,q=0.75",20.773018374995072,53.11444969615124,100,0.1n,0.75
regression,657_fri_c2_250_10,"samples=0.1n,q=0.9",16.838391400947632,48.89770425388252,100,0.1n,0.9
regression,657_fri_c2_250_10,"samples=0.1n,q=0.95",20.92667350310119,47.142696376322306,100,0.1n,0.95
regression,657_fri_c2_250_10,"samples=10,q=0.5",30.369173334095272,45.127166329056934,100,10,0.5
regression,657_fri_c2_250_10,"samples=10,q=0.75",18.526637099915014,37.541638532523066,100,10,0.75
regression,657_fri_c2_250_10,"samples=10,q=0.9",14.941673765712787,30.931240153049743,100,10,0.9
regression,657_fri_c2_250_10,"samples=10,q=0.95",17.567636384121837,28.610735989196492,100,10,0.95
regression,657_fri_c2_250_10,"samples=2,q=0.5",31.473123198407027,57.5979068197164,100,2,0.5
regression,657_fri_c2_250_10,"samples=2,q=0.75",26.15636667655469,54.029934728786856,100,2,0.75
regression,657_fri_c2_250_10,"samples=2,q=0.9",27.075476270944094,50.54692775151924,100,2,0.9
regression,657_fri_c2_250_10,"samples=2,q=0.95",29.104031545390093,49.71978392977718,100,2,0.95
regression,657_fri_c2_250_10,"samples=ln_n,q=0.5",30.885792813021585,48.71314427188837,100,ln_n,0.5
regression,657_fri_c2_250_10,"samples=ln_n,q=0.75",19.289986248180263,41.323430114787314,100,ln_n,0.75
regression,657_fri_c2_250_10,"samples=ln_n,q=0.9",15.315545999533231,35.603196038712575,100,ln_n,0.9
regression,657_fri_c2_250_10,"samples=ln_n,q=0.95",21.370617101351968,33.818365968939915,100,ln_n,0.95
regression,657_fri_c2_250_10,"samples=sqrt_n,q=0.5",32.58771811641101,59.87227098807112,100,sqrt_n,0.5
regression,657_fri_c2_250_10,"samples=sqrt_n,q=0.75",22.662567170494846,56.084289894215615,100,sqrt_n,0.75
regression,657_fri_c2_250_10,"samples=sqrt_n,q=0.9",18.479812464006024,52.735201440468146,100,sqrt_n,0.9
regression,657_fri_c2_250_10,"samples=sqrt_n,q=0.95",21.64617973838436,50.70335358991672,100,sqrt_n,0.95
regression,658_fri_c3_250_25,"samples=0.1n,q=0.5",31.434512035345797,60.926490640882605,100,0.1n,0.5
regression,658_fri_c3_250_25,"samples=0.1n,q=0.75",25.752844712930298,55.508863270112805,100,0.1n,0.75
regression,658_fri_c3_250_25,"samples=0.1n,q=0.9",20.93255201409292,50.418990950787155,100,0.1n,0.9
regression,658_fri_c3_250_25,"samples=0.1n,q=0.95",23.2931167900226,48.65774141564398,100,0.1n,0.95
regression,658_fri_c3_250_25,"samples=10,q=0.5",33.20931129227475,48.27197223255237,100,10,0.5
regression,658_fri_c3_250_25,"samples=10,q=0.75",23.544503944307614,39.837610016115036,100,10,0.75
regression,658_fri_c3_250_25,"samples=10,q=0.9",18.27294467586611,31.838105863394073,100,10,0.9
regression,658_fri_c3_250_25,"samples=10,q=0.95",22.40451860762102,30.028015371265653,100,10,0.95
regression,658_fri_c3_250_25,"samples=2,q=0.5",34.46154175021077,59.682657741415646,100,2,0.5
regression,658_fri_c3_250_25,"samples=2,q=0.75",29.82051998681353,55.37696789388868,100,2,0.75
regression,658_fri_c3_250_25,"samples=2,q=0.9",28.810709153399756,52.04512210239247,100,2,0.9
regression,658_fri_c3_250_25,"samples=2,q=0.95",29.921282320085083,50.82087517044749,100,2,0.95
regression,658_fri_c3_250_25,"samples=ln_n,q=0.5",30.95058954727685,51.47787281517292,100,ln_n,0.5
regression,658_fri_c3_250_25,"samples=ln_n,q=0.75",25.430994681842975,42.8377339779348,100,ln_n,0.75
regression,658_fri_c3_250_25,"samples=ln_n,q=0.9",17.95088050782325,36.48146770794595,100,ln_n,0.9
regression,658_fri_c3_250_25,"samples=ln_n,q=0.95",22.337853868581053,34.38849634312632,100,ln_n,0.95
regression,658_fri_c3_250_25,"samples=sqrt_n,q=0.5",33.879205177449165,61.57158795091112,100,sqrt_n,0.5
regression,658_fri_c3_250_25,"samples=sqrt_n,q=0.75",27.68282018500884,57.66356762117269,100,sqrt_n,0.75
regression,658_fri_c3_250_25,"samples=sqrt_n,q=0.9",25.680790540524367,53.98016610883848,100,sqrt_n,0.9
regression,658_fri_c3_250_25,"samples=sqrt_n,q=0.95",25.258962079731656,53.08516177017478,100,sqrt_n,0.95
regression,659_sleuth_ex1714,"samples=0.1n,q=0.5",16.549802768791505,44.68316335061027,100,0.1n,0.5
regression,659_sleuth_ex1714,"samples=0.1n,q=0.75",15.322899701148208,43.01120214011035,100,0.1n,0.75
regression,659_sleuth_ex1714,"samples=0.1n,q=0.9",13.65228543638718,41.472997826450424,100,0.1n,0.9
regression,659_sleuth_ex1714,"samples=0.1n,q=0.95",15.12068665557088,40.87109179067046,100,0.1n,0.95
regression,659_sleuth_ex1714,"samples=10,q=0.5",13.92673528623705,15.716435378699224,100,10,0.5
regression,659_sleuth_ex1714,"samples=10,q=0.75",12.343012976065904,10.307640862731986,100,10,0.75
regression,659_sleuth_ex1714,"samples=10,q=0.9",11.79623433785613,5.308476843337234,100,10,0.9
regression,659_sleuth_ex1714,"samples=10,q=0.95",13.108586565432052,4.597893328874769,100,10,0.95
regression,659_sleuth_ex1714,"samples=2,q=0.5",14.643467937134268,36.81658585520816,100,2,0.5
regression,659_sleuth_ex1714,"samples=2,q=0.75",15.59641557364667,33.75689683999331,100,2,0.75
regression,659_sleuth_ex1714,"samples=2,q=0.9",15.402720608742175,32.2186925263334,100,2,0.9
regression,659_sleuth_ex1714,"samples=2,q=0.95",16.430844554734968,31.62514629660592,100,2,0.95
regression,659_sleuth_ex1714,"samples=ln_n,q=0.5",15.39622692799015,27.662598227721126,100,ln_n,0.5
regression,659_sleuth_ex1714,"samples=ln_n,q=0.75",12.8205664485514,23.098144123056347,100,ln_n,0.75
regression,659_sleuth_ex1714,"samples=ln_n,q=0.9",11.830218777833473,20.188931616786498,100,ln_n,0.9
regression,659_sleuth_ex1714,"samples=ln_n,q=0.95",15.477711816776452,18.742685169704068,100,ln_n,0.95
regression,659_sleuth_ex1714,"samples=sqrt_n,q=0.5",13.99435487093807,42.92760407958536,100,sqrt_n,0.5
regression,659_sleuth_ex1714,"samples=sqrt_n,q=0.75",12.687015313704826,40.402942651730484,100,sqrt_n,0.75
regression,659_sleuth_ex1714,"samples=sqrt_n,q=0.9",12.029524810054138,37.986958702558105,100,sqrt_n,0.9
regression,659_sleuth_ex1714,"samples=sqrt_n,q=0.95",13.991158266291892,37.39341247283063,100,sqrt_n,0.95
regression,663_rabe_266,"samples=0.1n,q=0.5",0.0,3.000000000000008,100,0.1n,0.5
regression,663_rabe_266,"samples=0.1n,q=0.75",0.0,3.000000000000008,100,0.1n,0.75
regression,663_rabe_266,"samples=0.1n,q=0.9",0.0,3.000000000000008,100,0.1n,0.9
regression,663_rabe_266,"samples=0.1n,q=0.95",0.0,3.000000000000008,100,0.1n,0.95
regression,663_rabe_266,"samples=10,q=0.5",0.0,-52.13793103448276,100,10,0.5
regression,663_rabe_266,"samples=10,q=0.75",0.0,-48.48275862068967,100,10,0.75
regression,663_rabe_266,"samples=10,q=0.9",12.934094728787098,-40.206896551724135,100,10,0.9
regression,663_rabe_266,"samples=10,q=0.95",19.080730333982913,-37.31034482758619,100,10,0.95
regression,663_rabe_266,"samples=2,q=0.5",0.0,-14.862068965517238,100,2,0.5
regression,663_rabe_266,"samples=2,q=0.75",0.0,-15.172413793103445,100,2,0.75
regression,663_rabe_266,"samples=2,q=0.9",9.804697181014177,-10.000000000000009,100,2,0.9
regression,663_rabe_266,"samples=2,q=0.95",12.45662182650753,-8.62068965517242,100,2,0.95
regression,663_rabe_266,"samples=ln_n,q=0.5",0.0,-45.44827586206897,100,ln_n,0.5
regression,663_rabe_266,"samples=ln_n,q=0.75",0.0,-42.103448275862064,100,ln_n,0.75
regression,663_rabe_266,"samples=ln_n,q=0.9",13.247654811982585,-34.6206896551724,100,ln_n,0.9
regression,663_rabe_266,"samples=ln_n,q=0.95",18.955098270137704,-31.17241379310345,100,ln_n,0.95
regression,663_rabe_266,"samples=sqrt_n,q=0.5",0.0,3.000000000000008,100,sqrt_n,0.5
regression,663_rabe_266,"samples=sqrt_n,q=0.75",0.0,3.000000000000008,100,sqrt_n,0.75
regression,663_rabe_266,"samples=sqrt_n,q=0.9",0.0,3.000000000000008,100,sqrt_n,0.9
regression,663_rabe_266,"samples=sqrt_n,q=0.95",0.0,3.000000000000008,100,sqrt_n,0.95
regression,665_sleuth_case2002,"samples=0.1n,q=0.5",2.069206947437685,21.406326090707218,100,0.1n,0.5
regression,665_sleuth_case2002,"samples=0.1n,q=0.75",1.7285438499074213,21.14964762622892,100,0.1n,0.75
regression,665_sleuth_case2002,"samples=0.1n,q=0.9",1.4852454680195415,19.666077398974956,100,0.1n,0.9
regression,665_sleuth_case2002,"samples=0.1n,q=0.95",0.6788431160818731,18.602505611690724,100,0.1n,0.95
regression,665_sleuth_case2002,"samples=10,q=0.5",0.8948023916233838,-0.9103245396802184,100,10,0.5
regression,665_sleuth_case2002,"samples=10,q=0.75",0.21210279093941686,-2.716023873290374,100,10,0.75
regression,665_sleuth_case2002,"samples=10,q=0.9",0.6219858026711544,-6.7626728110599,100,10,0.9
regression,665_sleuth_case2002,"samples=10,q=0.95",0.742475645014129,-10.829188957979552,100,10,0.95
regression,665_sleuth_case2002,"samples=2,q=0.5",2.8728561437414593,15.340314038905762,100,2,0.5
regression,665_sleuth_case2002,"samples=2,q=0.75",1.661766611237353,14.850189938363474,100,2,0.75
regression,665_sleuth_case2002,"samples=2,q=0.9",1.8793128349190724,11.290375757256571,100,2,0.9
regression,665_sleuth_case2002,"samples=2,q=0.95",1.425272314710535,10.23041474654377,100,2,0.95
regression,665_sleuth_case2002,"samples=ln_n,q=0.5",1.7561779781364473,6.02188085615199,100,ln_n,0.5
regression,665_sleuth_case2002,"samples=ln_n,q=0.75",0.616670736071423,3.9926572405213414,100,ln_n,0.75
regression,665_sleuth_case2002,"samples=ln_n,q=0.9",2.0635141679862743,0.5417987675497837,100,ln_n,0.9
regression,665_sleuth_case2002,"samples=ln_n,q=0.95",1.0942963658173765,-3.0306522240147515,100,ln_n,0.95
regression,665_sleuth_case2002,"samples=sqrt_n,q=0.5",2.0856608480283425,21.54200230149597,100,sqrt_n,0.5
regression,665_sleuth_case2002,"samples=sqrt_n,q=0.75",1.6935586840115535,21.004171228284577,100,sqrt_n,0.75
regression,665_sleuth_case2002,"samples=sqrt_n,q=0.9",1.53551390685836,20.311058912072653,100,sqrt_n,0.9
regression,665_sleuth_case2002,"samples=sqrt_n,q=0.95",1.923837860075317,19.644920018086545,100,sqrt_n,0.95
regression,666_rmftsa_ladata,"samples=0.1n,q=0.5",4.094857613304809,60.58462340165083,100,0.1n,0.5
regression,666_rmftsa_ladata,"samples=0.1n,q=0.75",1.6454973305199294,55.262692158318295,100,0.1n,0.75
regression,666_rmftsa_ladata,"samples=0.1n,q=0.9",0.7013881648452069,48.879373491369776,100,0.1n,0.9
regression,666_rmftsa_ladata,"samples=0.1n,q=0.95",0.666428812813169,47.03804574928839,100,0.1n,0.95
regression,666_rmftsa_ladata,"samples=10,q=0.5",2.7102687253215354,48.93812096571998,100,10,0.5
regression,666_rmftsa_ladata,"samples=10,q=0.75",1.6495424859522045,41.01532350439746,100,10,0.75
regression,666_rmftsa_ladata,"samples=10,q=0.9",-0.19153892666341488,33.529076312723376,100,10,0.9
regression,666_rmftsa_ladata,"samples=10,q=0.95",0.9715786463148024,30.144828501619852,100,10,0.95
regression,666_rmftsa_ladata,"samples=2,q=0.5",4.752738059508982,60.44721822105765,100,2,0.5
regression,666_rmftsa_ladata,"samples=2,q=0.75",2.4757837971350725,56.22895291844671,100,2,0.75
regression,666_rmftsa_ladata,"samples=2,q=0.9",3.0992771682881615,52.35039058467255,100,2,0.9
regression,666_rmftsa_ladata,"samples=2,q=0.95",3.851663602206062,51.024762429146605,100,2,0.95
regression,666_rmftsa_ladata,"samples=ln_n,q=0.5",2.627599465596453,52.73950042524322,100,ln_n,0.5
regression,666_rmftsa_ladata,"samples=ln_n,q=0.75",1.0733725756819024,45.3316651344801,100,ln_n,0.75
regression,666_rmftsa_ladata,"samples=ln_n,q=0.9",0.2544068680190026,38.14456303186129,100,ln_n,0.9
regression,666_rmftsa_ladata,"samples=ln_n,q=0.95",1.3711037767461243,34.77776739933042,100,ln_n,0.95
regression,666_rmftsa_ladata,"samples=sqrt_n,q=0.5",3.3678047375122033,62.16588910246641,100,sqrt_n,0.5
regression,666_rmftsa_ladata,"samples=sqrt_n,q=0.75",1.7740637164478879,58.54886364195012,100,sqrt_n,0.75
regression,666_rmftsa_ladata,"samples=sqrt_n,q=0.9",-0.1382850503410027,54.07225693539744,100,sqrt_n,0.9
regression,666_rmftsa_ladata,"samples=sqrt_n,q=0.95",1.6638151163985426,52.513113714462705,100,sqrt_n,0.95
regression,678_visualizing_environmental,"samples=0.1n,q=0.5",4.061895113863123,42.726003368261885,100,0.1n,0.5
regression,678_visualizing_environmental,"samples=0.1n,q=0.75",4.251846575140694,41.02154256457616,100,0.1n,0.75
regression,678_visualizing_environmental,"samples=0.1n,q=0.9",4.088202086119747,39.507888291140866,100,0.1n,0.9
regression,678_visualizing_environmental,"samples=0.1n,q=0.95",5.121577913177516,38.34978941034026,100,0.1n,0.95
regression,678_visualizing_environmental,"samples=10,q=0.5",3.168182310575407,23.873748609566185,100,10,0.5
regression,678_visualizing_environmental,"samples=10,q=0.75",2.9157565155253917,20.158543109639805,100,10,0.75
regression,678_visualizing_environmental,"samples=10,q=0.9",2.4358153522766712,16.838161562651212,100,10,0.9
regression,678_visualizing_environmental,"samples=10,q=0.95",4.795439056634776,13.635098550725022,100,10,0.95
regression,678_visualizing_environmental,"samples=2,q=0.5",4.705555121071159,39.040332617747424,100,2,0.5
regression,678_visualizing_environmental,"samples=2,q=0.75",5.342701411122425,37.55300388602379,100,2,0.75
regression,678_visualizing_environmental,"samples=2,q=0.9",3.3610319180935933,34.96664350049867,100,2,0.9
regression,678_visualizing_environmental,"samples=2,q=0.95",5.162784693781247,34.508181329896544,100,2,0.95
regression,678_visualizing_environmental,"samples=ln_n,q=0.5",2.9080506065304155,30.757443531370537,100,ln_n,0.5
regression,678_visualizing_environmental,"samples=ln_n,q=0.75",2.70849331418499,26.52620183720215,100,ln_n,0.75
regression,678_visualizing_environmental,"samples=ln_n,q=0.9",3.823440948246076,24.400597880698513,100,ln_n,0.9
regression,678_visualizing_environmental,"samples=ln_n,q=0.95",4.822090294023296,21.863698071299353,100,ln_n,0.95
regression,678_visualizing_environmental,"samples=sqrt_n,q=0.5",3.9668083833774794,42.298875653710844,100,sqrt_n,0.5
regression,678_visualizing_environmental,"samples=sqrt_n,q=0.75",4.073067744236797,40.76597829725098,100,sqrt_n,0.75
regression,678_visualizing_environmental,"samples=sqrt_n,q=0.9",3.798023326147204,39.59941987555938,100,sqrt_n,0.9
regression,678_visualizing_environmental,"samples=sqrt_n,q=0.95",5.097159883145341,38.641262480588765,100,sqrt_n,0.95
regression,690_visualizing_galaxy,"samples=0.1n,q=0.5",2.974136217483614,50.573810447718685,100,0.1n,0.5
regression,690_visualizing_galaxy,"samples=0.1n,q=0.75",2.441131742046138,47.22431984088864,100,0.1n,0.75
regression,690_visualizing_galaxy,"samples=0.1n,q=0.9",1.018599643339363,44.75655940996616,100,0.1n,0.9
regression,690_visualizing_galaxy,"samples=0.1n,q=0.95",9.096746712159554,44.25967196346728,100,0.1n,0.95
regression,690_visualizing_galaxy,"samples=10,q=0.5",2.286881861552742,39.46838442173849,100,10,0.5
regression,690_visualizing_galaxy,"samples=10,q=0.75",0.020035874395124553,34.10729885569975,100,10,0.75
regression,690_visualizing_galaxy,"samples=10,q=0.9",1.7375180240650379,31.00992071028464,100,10,0.9
regression,690_visualizing_galaxy,"samples=10,q=0.95",10.172839563097984,31.27905943672816,100,10,0.95
regression,690_visualizing_galaxy,"samples=2,q=0.5",6.111418428616277,49.12187171607195,100,2,0.5
regression,690_visualizing_galaxy,"samples=2,q=0.75",4.595754940053642,46.58601222853265,100,2,0.75
regression,690_visualizing_galaxy,"samples=2,q=0.9",6.087799094793528,46.30989753005982,100,2,0.9
regression,690_visualizing_galaxy,"samples=2,q=0.95",9.790286151734257,45.80414899631657,100,2,0.95
regression,690_visualizing_galaxy,"samples=ln_n,q=0.5",2.1286477096964185,41.923828703429486,100,ln_n,0.5
regression,690_visualizing_galaxy,"samples=ln_n,q=0.75",0.021135072578470915,37.542389116269504,100,ln_n,0.75
regression,690_visualizing_galaxy,"samples=ln_n,q=0.9",3.17302872568182,34.66060534265237,100,ln_n,0.9
regression,690_visualizing_galaxy,"samples=ln_n,q=0.95",7.04925321204215,34.667555585788264,100,ln_n,0.95
regression,690_visualizing_galaxy,"samples=sqrt_n,q=0.5",6.497075080693149,51.69998598267934,100,sqrt_n,0.5
regression,690_visualizing_galaxy,"samples=sqrt_n,q=0.75",5.190191744920797,49.49059773620692,100,sqrt_n,0.75
regression,690_visualizing_galaxy,"samples=sqrt_n,q=0.9",4.047419217685006,47.58999470743582,100,sqrt_n,0.9
regression,690_visualizing_galaxy,"samples=sqrt_n,q=0.95",10.049176616611676,47.02877248604101,100,sqrt_n,0.95
regression,695_chatfield_4,"samples=0.1n,q=0.5",14.841322821480984,63.423538041858656,100,0.1n,0.5
regression,695_chatfield_4,"samples=0.1n,q=0.75",12.58790928357728,58.57517823166678,100,0.1n,0.75
regression,695_chatfield_4,"samples=0.1n,q=0.9",9.81109739033647,52.29580725763931,100,0.1n,0.9
regression,695_chatfield_4,"samples=0.1n,q=0.95",10.929295509991967,51.55651835041149,100,0.1n,0.95
regression,695_chatfield_4,"samples=10,q=0.5",14.836859997280627,49.6933956857621,100,10,0.5
regression,695_chatfield_4,"samples=10,q=0.75",11.672511408400105,42.17442633473168,100,10,0.75
regression,695_chatfield_4,"samples=10,q=0.9",7.664405227060211,32.99692822593586,100,10,0.9
regression,695_chatfield_4,"samples=10,q=0.95",7.744081083498123,32.212938128968666,100,10,0.95
regression,695_chatfield_4,"samples=2,q=0.5",13.643132618431782,61.98908832496619,100,2,0.5
regression,695_chatfield_4,"samples=2,q=0.75",13.189385764877443,58.007243885106476,100,2,0.75
regression,695_chatfield_4,"samples=2,q=0.9",12.872734469692183,54.92458106961924,100,2,0.9
regression,695_chatfield_4,"samples=2,q=0.95",11.05327454540594,54.53258602113564,100,2,0.95
regression,695_chatfield_4,"samples=ln_n,q=0.5",14.08058921955385,54.67127432776289,100,ln_n,0.5
regression,695_chatfield_4,"samples=ln_n,q=0.75",10.860647847156907,47.668087935263515,100,ln_n,0.75
regression,695_chatfield_4,"samples=ln_n,q=0.9",8.814096583769937,41.54517112532379,100,ln_n,0.9
regression,695_chatfield_4,"samples=ln_n,q=0.95",10.277698358012362,39.761135180982514,100,ln_n,0.95
regression,695_chatfield_4,"samples=sqrt_n,q=0.5",15.381051164575045,64.44593448410242,100,sqrt_n,0.5
regression,695_chatfield_4,"samples=sqrt_n,q=0.75",12.642248796376808,60.99935813676272,100,sqrt_n,0.75
regression,695_chatfield_4,"samples=sqrt_n,q=0.9",10.382392658629907,55.57962542695367,100,sqrt_n,0.9
regression,695_chatfield_4,"samples=sqrt_n,q=0.95",11.809148363092671,54.66038557641612,100,sqrt_n,0.95
regression,706_sleuth_case1202,"samples=0.1n,q=0.5",13.255465926879184,40.89866358393438,100,0.1n,0.5
regression,706_sleuth_case1202,"samples=0.1n,q=0.75",11.809066612909618,40.06379520234344,100,0.1n,0.75
regression,706_sleuth_case1202,"samples=0.1n,q=0.9",12.449701690794178,38.10950971737062,100,0.1n,0.9
regression,706_sleuth_case1202,"samples=0.1n,q=0.95",14.264387814644376,38.07883658629927,100,0.1n,0.95
regression,706_sleuth_case1202,"samples=10,q=0.5",14.087611338926342,18.970143946965884,100,10,0.5
regression,706_sleuth_case1202,"samples=10,q=0.75",10.022501123443313,15.31783775957286,100,10,0.75
regression,706_sleuth_case1202,"samples=10,q=0.9",9.494639531013405,12.278259962989026,100,10,0.9
regression,706_sleuth_case1202,"samples=10,q=0.95",14.714507794869174,10.842245123719135,100,10,0.95
regression,706_sleuth_case1202,"samples=2,q=0.5",13.442028462809658,35.662740603587686,100,2,0.5
regression,706_sleuth_case1202,"samples=2,q=0.75",12.253579115233133,33.30991965501843,100,2,0.75
regression,706_sleuth_case1202,"samples=2,q=0.9",13.992238346909424,32.96548472968364,100,2,0.9
regression,706_sleuth_case1202,"samples=2,q=0.95",12.877724593239703,31.91964256298877,100,2,0.95
regression,706_sleuth_case1202,"samples=ln_n,q=0.5",13.323771134253654,25.905844562941876,100,ln_n,0.5
regression,706_sleuth_case1202,"samples=ln_n,q=0.75",12.371506440866014,21.533849327834098,100,ln_n,0.75
regression,706_sleuth_case1202,"samples=ln_n,q=0.9",11.965883226383678,19.253601431723073,100,ln_n,0.9
regression,706_sleuth_case1202,"samples=ln_n,q=0.95",14.064050185392091,18.526556383728824,100,ln_n,0.95
regression,706_sleuth_case1202,"samples=sqrt_n,q=0.5",12.307198838403266,40.81044717312364,100,sqrt_n,0.5
regression,706_sleuth_case1202,"samples=sqrt_n,q=0.75",11.483522623942743,40.08931322107021,100,sqrt_n,0.75
regression,706_sleuth_case1202,"samples=sqrt_n,q=0.9",12.19941985570373,38.397754815665266,100,sqrt_n,0.9
regression,706_sleuth_case1202,"samples=sqrt_n,q=0.95",14.223942670140943,38.34673039509558,100,sqrt_n,0.95
regression,712_chscase_geyser1,"samples=0.1n,q=0.5",1.0721872848703462,10.869227196922548,100,0.1n,0.5
regression,712_chscase_geyser1,"samples=0.1n,q=0.75",0.5993391328035447,10.715382253607608,100,0.1n,0.75
regression,712_chscase_geyser1,"samples=0.1n,q=0.9",0.6107771599806799,10.153374233128842,100,0.1n,0.9
regression,712_chscase_geyser1,"samples=0.1n,q=0.95",1.3219917665606429,9.467541359714136,100,0.1n,0.95
regression,712_chscase_geyser1,"samples=10,q=0.5",-1.0430632379235805,-25.06904194300391,100,10,0.5
regression,712_chscase_geyser1,"samples=10,q=0.75",-1.6751227009026648,-26.116311801045445,100,10,0.75
regression,712_chscase_geyser1,"samples=10,q=0.9",-1.258060994031851,-29.733021500638348,100,10,0.9
regression,712_chscase_geyser1,"samples=10,q=0.95",1.4022122539178006,-32.04047292839536,100,10,0.95
regression,712_chscase_geyser1,"samples=2,q=0.5",-0.2608893865853945,-1.9625700939720714,100,2,0.5
regression,712_chscase_geyser1,"samples=2,q=0.75",0.32088610270738505,-2.6061581693691216,100,2,0.75
regression,712_chscase_geyser1,"samples=2,q=0.9",-1.8309288707609506,-4.831288343558282,100,2,0.9
regression,712_chscase_geyser1,"samples=2,q=0.95",-1.5084764302813802,-5.184051030919889,100,2,0.95
regression,712_chscase_geyser1,"samples=ln_n,q=0.5",-0.9827062697531974,-16.69989069557871,100,ln_n,0.5
regression,712_chscase_geyser1,"samples=ln_n,q=0.75",-1.1748439392975318,-18.328217878751353,100,ln_n,0.75
regression,712_chscase_geyser1,"samples=ln_n,q=0.9",-1.5666761251263317,-21.290616553905615,100,ln_n,0.9
regression,712_chscase_geyser1,"samples=ln_n,q=0.95",0.2619097064112619,-23.2586683031605,100,ln_n,0.95
regression,712_chscase_geyser1,"samples=sqrt_n,q=0.5",1.2110485068898114,11.213369489304746,100,sqrt_n,0.5
regression,712_chscase_geyser1,"samples=sqrt_n,q=0.75",1.1204713672326727,11.368517950291496,100,sqrt_n,0.75
regression,712_chscase_geyser1,"samples=sqrt_n,q=0.9",1.1281857258012562,10.799185153629391,100,sqrt_n,0.9
regression,712_chscase_geyser1,"samples=sqrt_n,q=0.95",1.4282873940745455,10.754832770788582,100,sqrt_n,0.95
regression,banana,"samples=0.1n,q=0.5",-0.6992475328654102,31.608851929460897,100,0.1n,0.5
regression,banana,"samples=0.1n,q=0.75",-0.7456255801833289,28.54145464651669,100,0.1n,0.75
regression,banana,"samples=0.1n,q=0.9",-0.752822434021061,24.931936816481276,100,0.1n,0.9
regression,banana,"samples=0.1n,q=0.95",-0.45208115667890736,19.65714009481152,100,0.1n,0.95
regression,banana,"samples=10,q=0.5",-0.5111612453951531,30.519670288926115,100,10,0.5
regression,banana,"samples=10,q=0.75",-0.7830054510548634,27.064305442967257,100,10,0.75
regression,banana,"samples=10,q=0.9",-0.49180653717556533,23.079273003735985,100,10,0.9
regression,banana,"samples=10,q=0.95",-0.5415674502619816,16.666795327394528,100,10,0.95
regression,banana,"samples=2,q=0.5",-0.31739896470750484,36.54804733289521,100,2,0.5
regression,banana,"samples=2,q=0.75",-0.47075360422679235,35.11372682201349,100,2,0.75
regression,banana,"samples=2,q=0.9",-0.7408062486291889,30.708114013898815,100,2,0.9
regression,banana,"samples=2,q=0.95",-0.837247729889179,27.701532309081273,100,2,0.95
regression,banana,"samples=ln_n,q=0.5",-0.7425444618645249,30.827625102580807,100,ln_n,0.5
regression,banana,"samples=ln_n,q=0.75",-0.6245576597034397,27.306083841737248,100,ln_n,0.75
regression,banana,"samples=ln_n,q=0.9",-0.8188097845173714,23.77935848248319,100,ln_n,0.9
regression,banana,"samples=ln_n,q=0.95",-0.4893816007010776,17.240077732323947,100,ln_n,0.95
regression,banana,"samples=sqrt_n,q=0.5",-0.25600081401419006,36.893555981246834,100,sqrt_n,0.5
regression,banana,"samples=sqrt_n,q=0.75",-0.4632912709853887,35.025786531441824,100,sqrt_n,0.75
regression,banana,"samples=sqrt_n,q=0.9",-0.27814808028693294,31.885061214926615,100,sqrt_n,0.9
regression,banana,"samples=sqrt_n,q=0.95",-0.21957334608372348,27.231076812669524,100,sqrt_n,0.95
regression,titanic,"samples=0.1n,q=0.5",0.8797871180449279,41.71371091898955,100,0.1n,0.5
regression,titanic,"samples=0.1n,q=0.75",0.9281240168973359,39.753027362632025,100,0.1n,0.75
regression,titanic,"samples=0.1n,q=0.9",0.8100023973243609,37.24104193641627,100,0.1n,0.9
regression,titanic,"samples=0.1n,q=0.95",1.1217030915098625,35.777178495282875,100,0.1n,0.95
regression,titanic,"samples=10,q=0.5",1.1418409570425114,22.3581259094867,100,10,0.5
regression,titanic,"samples=10,q=0.75",1.278957968312494,19.85270004311669,100,10,0.75
regression,titanic,"samples=10,q=0.9",0.5429641377125927,15.156675212699554,100,10,0.9
regression,titanic,"samples=10,q=0.95",-0.30654670614091994,12.243313067844912,100,10,0.95
regression,titanic,"samples=2,q=0.5",0.9502498088006406,37.684540102778726,100,2,0.5
regression,titanic,"samples=2,q=0.75",1.1991809771650985,36.3110822061378,100,2,0.75
regression,titanic,"samples=2,q=0.9",0.27704000425040065,34.12903373048532,100,2,0.9
regression,titanic,"samples=2,q=0.95",0.13822069538828585,33.1001793986198,100,2,0.95
regression,titanic,"samples=ln_n,q=0.5",0.9318955795948158,24.253522736866135,100,ln_n,0.5
regression,titanic,"samples=ln_n,q=0.75",1.0819750377274673,21.77727487620009,100,ln_n,0.75
regression,titanic,"samples=ln_n,q=0.9",0.29114807231077067,18.26957625271567,100,ln_n,0.9
regression,titanic,"samples=ln_n,q=0.95",0.0240561039303977,14.157014822522774,100,ln_n,0.95
regression,titanic,"samples=sqrt_n,q=0.5",1.0233197978886999,44.26209771261823,100,sqrt_n,0.5
regression,titanic,"samples=sqrt_n,q=0.75",0.8888095264362905,43.996732302224615,100,sqrt_n,0.75
regression,titanic,"samples=sqrt_n,q=0.9",0.8464196527123435,43.22798325856864,100,sqrt_n,0.9
regression,titanic,"samples=sqrt_n,q=0.95",1.085422667443392,42.87840010385176,100,sqrt_n,0.95
classification_gini,GAMETES_Epistasis_2_Way_20atts_0.1H_EDM_1_1,"samples=0.1n,q=0.5",0.18853362802319085,-8.707350407050606,100,0.1n,0.5
classification_gini,GAMETES_Epistasis_2_Way_20atts_0.1H_EDM_1_1,"samples=0.1n,q=0.75",0.6002411613058645,-11.280609838611433,100,0.1n,0.75
classification_gini,GAMETES_Epistasis_2_Way_20atts_0.1H_EDM_1_1,"samples=0.1n,q=0.9",0.6002411613058645,-11.280609838611433,100,0.1n,0.9
classification_gini,GAMETES_Epistasis_2_Way_20atts_0.1H_EDM_1_1,"samples=0.1n,q=0.95",0.6002411613058645,-11.280609838611433,100,0.1n,0.95
classification_gini,GAMETES_Epistasis_2_Way_20atts_0.1H_EDM_1_1,"samples=10,q=0.5",0.3710734087583656,-21.12149846321174,100,10,0.5
classification_gini,GAMETES_Epistasis_2_Way_20atts_0.1H_EDM_1_1,"samples=10,q=0.75",0.11181269171456343,-22.834409317651417,100,10,0.75
classification_gini,GAMETES_Epistasis_2_Way_20atts_0.1H_EDM_1_1,"samples=10,q=0.9",0.11212488384283459,-26.191059456675447,100,10,0.9
classification_gini,GAMETES_Epistasis_2_Way_20atts_0.1H_EDM_1_1,"samples=10,q=0.95",0.11212488384283459,-26.191059456675447,100,10,0.95
classification_gini,GAMETES_Epistasis_2_Way_20atts_0.1H_EDM_1_1,"samples=2,q=0.5",0.3710734087583656,-21.12149846321174,100,2,0.5
classification_gini,GAMETES_Epistasis_2_Way_20atts_0.1H_EDM_1_1,"samples=2,q=0.75",0.11181269171456343,-22.834409317651417,100,2,0.75
classification_gini,GAMETES_Epistasis_2_Way_20atts_0.1H_EDM_1_1,"samples=2,q=0.9",0.11212488384283459,-26.191059456675447,100,2,0.9
classification_gini,GAMETES_Epistasis_2_Way_20atts_0.1H_EDM_1_1,"samples=2,q=0.95",0.11212488384283459,-26.191059456675447,100,2,0.95
classification_gini,GAMETES_Epistasis_2_Way_20atts_0.1H_EDM_1_1,"samples=ln_n,q=0.5",0.3710734087583656,-21.12149846321174,100,ln_n,0.5
classification_gini,GAMETES_Epistasis_2_Way_20atts_0.1H_EDM_1_1,"samples=ln_n,q=0.75",0.11181269171456343,-22.834409317651417,100,ln_n,0.75
classification_gini,GAMETES_Epistasis_2_Way_20atts_0.1H_EDM_1_1,"samples=ln_n,q=0.9",0.11212488384283459,-26.191059456675447,100,ln_n,0.9
classification_gini,GAMETES_Epistasis_2_Way_20atts_0.1H_EDM_1_1,"samples=ln_n,q=0.95",0.11212488384283459,-26.191059456675447,100,ln_n,0.95
classification_gini,GAMETES_Epistasis_2_Way_20atts_0.1H_EDM_1_1,"samples=sqrt_n,q=0.5",0.18853362802319085,-8.707350407050606,100,sqrt_n,0.5
classification_gini,GAMETES_Epistasis_2_Way_20atts_0.1H_EDM_1_1,"samples=sqrt_n,q=0.75",0.6002411613058645,-11.280609838611433,100,sqrt_n,0.75
classification_gini,GAMETES_Epistasis_2_Way_20atts_0.1H_EDM_1_1,"samples=sqrt_n,q=0.9",0.6002411613058645,-11.280609838611433,100,sqrt_n,0.9
classification_gini,GAMETES_Epistasis_2_Way_20atts_0.1H_EDM_1_1,"samples=sqrt_n,q=0.95",0.6002411613058645,-11.280609838611433,100,sqrt_n,0.95
classification_gini,GAMETES_Epistasis_2_Way_20atts_0.4H_EDM_1_1,"samples=0.1n,q=0.5",1.0567317626643258,-9.553118093897993,100,0.1n,0.5
classification_gini,GAMETES_Epistasis_2_Way_20atts_0.4H_EDM_1_1,"samples=0.1n,q=0.75",1.426097005159127,-13.118106521307173,100,0.1n,0.75
classification_gini,GAMETES_Epistasis_2_Way_20atts_0.4H_EDM_1_1,"samples=0.1n,q=0.9",1.426097005159127,-13.118106521307173,100,0.1n,0.9
classification_gini,GAMETES_Epistasis_2_Way_20atts_0.4H_EDM_1_1,"samples=0.1n,q=0.95",1.426097005159127,-13.118106521307173,100,0.1n,0.95
classification_gini,GAMETES_Epistasis_2_Way_20atts_0.4H_EDM_1_1,"samples=10,q=0.5",1.2240265338529621,-22.88529040173136,100,10,0.5
classification_gini,GAMETES_Epistasis_2_Way_20atts_0.4H_EDM_1_1,"samples=10,q=0.75",1.7914188053338165,-25.213581702997892,100,10,0.75
classification_gini,GAMETES_Epistasis_2_Way_20atts_0.4H_EDM_1_1,"samples=10,q=0.9",1.6088735248291963,-29.390965037174368,100,10,0.9
classification_gini,GAMETES_Epistasis_2_Way_20atts_0.4H_EDM_1_1,"samples=10,q=0.95",1.6088735248291963,-29.390965037174368,100,10,0.95
classification_gini,GAMETES_Epistasis_2_Way_20atts_0.4H_EDM_1_1,"samples=2,q=0.5",1.2240265338529621,-22.88529040173136,100,2,0.5
classification_gini,GAMETES_Epistasis_2_Way_20atts_0.4H_EDM_1_1,"samples=2,q=0.75",1.7914188053338165,-25.213581702997892,100,2,0.75
classification_gini,GAMETES_Epistasis_2_Way_20atts_0.4H_EDM_1_1,"samples=2,q=0.9",1.6088735248291963,-29.390965037174368,100,2,0.9
classification_gini,GAMETES_Epistasis_2_Way_20atts_0.4H_EDM_1_1,"samples=2,q=0.95",1.6088735248291963,-29.390965037174368,100,2,0.95
classification_gini,GAMETES_Epistasis_2_Way_20atts_0.4H_EDM_1_1,"samples=ln_n,q=0.5",1.2240265338529621,-22.88529040173136,100,ln_n,0.5
classification_gini,GAMETES_Epistasis_2_Way_20atts_0.4H_EDM_1_1,"samples=ln_n,q=0.75",1.7914188053338165,-25.213581702997892,100,ln_n,0.75
classification_gini,GAMETES_Epistasis_2_Way_20atts_0.4H_EDM_1_1,"samples=ln_n,q=0.9",1.6088735248291963,-29.390965037174368,100,ln_n,0.9
classification_gini,GAMETES_Epistasis_2_Way_20atts_0.4H_EDM_1_1,"samples=ln_n,q=0.95",1.6088735248291963,-29.390965037174368,100,ln_n,0.95
classification_gini,GAMETES_Epistasis_2_Way_20atts_0.4H_EDM_1_1,"samples=sqrt_n,q=0.5",1.0567317626643258,-9.553118093897993,100,sqrt_n,0.5
classification_gini,GAMETES_Epistasis_2_Way_20atts_0.4H_EDM_1_1,"samples=sqrt_n,q=0.75",1.426097005159127,-13.118106521307173,100,sqrt_n,0.75
classification_gini,GAMETES_Epistasis_2_Way_20atts_0.4H_EDM_1_1,"samples=sqrt_n,q=0.9",1.426097005159127,-13.118106521307173,100,sqrt_n,0.9
classification_gini,GAMETES_Epistasis_2_Way_20atts_0.4H_EDM_1_1,"samples=sqrt_n,q=0.95",1.426097005159127,-13.118106521307173,100,sqrt_n,0.95
classification_gini,GAMETES_Epistasis_3_Way_20atts_0.2H_EDM_1_1,"samples=0.1n,q=0.5",-0.1851022387644896,-10.263162937800441,100,0.1n,0.5
classification_gini,GAMETES_Epistasis_3_Way_20atts_0.2H_EDM_1_1,"samples=0.1n,q=0.75",0.014334802322374385,-12.873877626394826,100,0.1n,0.75
classification_gini,GAMETES_Epistasis_3_Way_20atts_0.2H_EDM_1_1,"samples=0.1n,q=0.9",0.014334802322374385,-12.873877626394826,100,0.1n,0.9
classification_gini,GAMETES_Epistasis_3_Way_20atts_0.2H_EDM_1_1,"samples=0.1n,q=0.95",0.014334802322374385,-12.873877626394826,100,0.1n,0.95
classification_gini,GAMETES_Epistasis_3_Way_20atts_0.2H_EDM_1_1,"samples=10,q=0.5",-0.47112431387753007,-22.6954710920062,100,10,0.5
classification_gini,GAMETES_Epistasis_3_Way_20atts_0.2H_EDM_1_1,"samples=10,q=0.75",-0.3839537304448304,-24.54086209290257,100,10,0.75
classification_gini,GAMETES_Epistasis_3_Way_20atts_0.2H_EDM_1_1,"samples=10,q=0.9",-0.21307476403104597,-27.299891282932265,100,10,0.9
classification_gini,GAMETES_Epistasis_3_Way_20atts_0.2H_EDM_1_1,"samples=10,q=0.95",-0.21307476403104597,-27.299891282932265,100,10,0.95
classification_gini,GAMETES_Epistasis_3_Way_20atts_0.2H_EDM_1_1,"samples=2,q=0.5",-0.47112431387753007,-22.6954710920062,100,2,0.5
classification_gini,GAMETES_Epistasis_3_Way_20atts_0.2H_EDM_1_1,"samples=2,q=0.75",-0.3839537304448304,-24.54086209290257,100,2,0.75
classification_gini,GAMETES_Epistasis_3_Way_20atts_0.2H_EDM_1_1,"samples=2,q=0.9",-0.21307476403104597,-27.299891282932265,100,2,0.9
classification_gini,GAMETES_Epistasis_3_Way_20atts_0.2H_EDM_1_1,"samples=2,q=0.95",-0.21307476403104597,-27.299891282932265,100,2,0.95
classification_gini,GAMETES_Epistasis_3_Way_20atts_0.2H_EDM_1_1,"samples=ln_n,q=0.5",-0.47112431387753007,-22.6954710920062,100,ln_n,0.5
classification_gini,GAMETES_Epistasis_3_Way_20atts_0.2H_EDM_1_1,"samples=ln_n,q=0.75",-0.3839537304448304,-24.54086209290257,100,ln_n,0.75
classification_gini,GAMETES_Epistasis_3_Way_20atts_0.2H_EDM_1_1,"samples=ln_n,q=0.9",-0.21307476403104597,-27.299891282932265,100,ln_n,0.9
classification_gini,GAMETES_Epistasis_3_Way_20atts_0.2H_EDM_1_1,"samples=ln_n,q=0.95",-0.21307476403104597,-27.299891282932265,100,ln_n,0.95
classification_gini,GAMETES_Epistasis_3_Way_20atts_0.2H_EDM_1_1,"samples=sqrt_n,q=0.5",-0.1851022387644896,-10.263162937800441,100,sqrt_n,0.5
classification_gini,GAMETES_Epistasis_3_Way_20atts_0.2H_EDM_1_1,"samples=sqrt_n,q=0.75",0.014334802322374385,-12.873877626394826,100,sqrt_n,0.75
classification_gini,GAMETES_Epistasis_3_Way_20atts_0.2H_EDM_1_1,"samples=sqrt_n,q=0.9",0.014334802322374385,-12.873877626394826,100,sqrt_n,0.9
classification_gini,GAMETES_Epistasis_3_Way_20atts_0.2H_EDM_1_1,"samples=sqrt_n,q=0.95",0.014334802322374385,-12.873877626394826,100,sqrt_n,0.95
classification_gini,GAMETES_Heterogeneity_20atts_1600_Het_0.4_0.2_50_EDM_2_001,"samples=0.1n,q=0.5",1.1192137265678526,-10.555573187620082,100,0.1n,0.5
classification_gini,GAMETES_Heterogeneity_20atts_1600_Het_0.4_0.2_50_EDM_2_001,"samples=0.1n,q=0.75",1.3142208079007178,-12.559797421658747,100,0.1n,0.75
classification_gini,GAMETES_Heterogeneity_20atts_1600_Het_0.4_0.2_50_EDM_2_001,"samples=0.1n,q=0.9",1.3142208079007178,-12.559797421658747,100,0.1n,0.9
classification_gini,GAMETES_Heterogeneity_20atts_1600_Het_0.4_0.2_50_EDM_2_001,"samples=0.1n,q=0.95",1.3142208079007178,-12.559797421658747,100,0.1n,0.95
classification_gini,GAMETES_Heterogeneity_20atts_1600_Het_0.4_0.2_50_EDM_2_001,"samples=10,q=0.5",0.9235632044810205,-21.918119096616742,100,10,0.5
classification_gini,GAMETES_Heterogeneity_20atts_1600_Het_0.4_0.2_50_EDM_2_001,"samples=10,q=0.75",1.5893397271941667,-23.35383897613491,100,10,0.75
classification_gini,GAMETES_Heterogeneity_20atts_1600_Het_0.4_0.2_50_EDM_2_001,"samples=10,q=0.9",1.3378640201414382,-26.810315146342656,100,10,0.9
classification_gini,GAMETES_Heterogeneity_20atts_1600_Het_0.4_0.2_50_EDM_2_001,"samples=10,q=0.95",1.3378640201414382,-26.810315146342656,100,10,0.95
classification_gini,GAMETES_Heterogeneity_20atts_1600_Het_0.4_0.2_50_EDM_2_001,"samples=2,q=0.5",0.9235632044810205,-21.918119096616742,100,2,0.5
classification_gini,GAMETES_Heterogeneity_20atts_1600_Het_0.4_0.2_50_EDM_2_001,"samples=2,q=0.75",1.5893397271941667,-23.35383897613491,100,2,0.75
classification_gini,GAMETES_Heterogeneity_20atts_1600_Het_0.4_0.2_50_EDM_2_001,"samples=2,q=0.9",1.3378640201414382,-26.810315146342656,100,2,0.9
classification_gini,GAMETES_Heterogeneity_20atts_1600_Het_0.4_0.2_50_EDM_2_001,"samples=2,q=0.95",1.3378640201414382,-26.810315146342656,100,2,0.95
classification_gini,GAMETES_Heterogeneity_20atts_1600_Het_0.4_0.2_50_EDM_2_001,"samples=ln_n,q=0.5",0.9235632044810205,-21.918119096616742,100,ln_n,0.5
classification_gini,GAMETES_Heterogeneity_20atts_1600_Het_0.4_0.2_50_EDM_2_001,"samples=ln_n,q=0.75",1.5893397271941667,-23.35383897613491,100,ln_n,0.75
classification_gini,GAMETES_Heterogeneity_20atts_1600_Het_0.4_0.2_50_EDM_2_001,"samples=ln_n,q=0.9",1.3378640201414382,-26.810315146342656,100,ln_n,0.9
classification_gini,GAMETES_Heterogeneity_20atts_1600_Het_0.4_0.2_50_EDM_2_001,"samples=ln_n,q=0.95",1.3378640201414382,-26.810315146342656,100,ln_n,0.95
classification_gini,GAMETES_Heterogeneity_20atts_1600_Het_0.4_0.2_50_EDM_2_001,"samples=sqrt_n,q=0.5",1.1192137265678526,-10.555573187620082,100,sqrt_n,0.5
classification_gini,GAMETES_Heterogeneity_20atts_1600_Het_0.4_0.2_50_EDM_2_001,"samples=sqrt_n,q=0.75",1.3142208079007178,-12.559797421658747,100,sqrt_n,0.75
classification_gini,GAMETES_Heterogeneity_20atts_1600_Het_0.4_0.2_50_EDM_2_001,"samples=sqrt_n,q=0.9",1.3142208079007178,-12.559797421658747,100,sqrt_n,0.9
classification_gini,GAMETES_Heterogeneity_20atts_1600_Het_0.4_0.2_50_EDM_2_001,"samples=sqrt_n,q=0.95",1.3142208079007178,-12.559797421658747,100,sqrt_n,0.95
classification_gini,GAMETES_Heterogeneity_20atts_1600_Het_0.4_0.2_75_EDM_2_001,"samples=0.1n,q=0.5",-0.37897998763321006,-7.092813268218223,100,0.1n,0.5
classification_gini,GAMETES_Heterogeneity_20atts_1600_Het_0.4_0.2_75_EDM_2_001,"samples=0.1n,q=0.75",0.1831443482146533,-9.576267492859802,100,0.1n,0.75
classification_gini,GAMETES_Heterogeneity_20atts_1600_Het_0.4_0.2_75_EDM_2_001,"samples=0.1n,q=0.9",0.1831443482146533,-9.576267492859802,100,0.1n,0.9
classification_gini,GAMETES_Heterogeneity_20atts_1600_Het_0.4_0.2_75_EDM_2_001,"samples=0.1n,q=0.95",0.1831443482146533,-9.576267492859802,100,0.1n,0.95
classification_gini,GAMETES_Heterogeneity_20atts_1600_Het_0.4_0.2_75_EDM_2_001,"samples=10,q=0.5",0.18524306164706683,-20.384076268604943,100,10,0.5
classification_gini,GAMETES_Heterogeneity_20atts_1600_Het_0.4_0.2_75_EDM_2_001,"samples=10,q=0.75",0.3796499762514449,-22.60676479296556,100,10,0.75
classification_gini,GAMETES_Heterogeneity_20atts_1600_Het_0.4_0.2_75_EDM_2_001,"samples=10,q=0.9",0.29668419833300264,-26.735884650225962,100,10,0.9
classification_gini,GAMETES_Heterogeneity_20atts_1600_Het_0.4_0.2_75_EDM_2_001,"samples=10,q=0.95",0.29668419833300264,-26.735884650225962,100,10,0.95
classification_gini,GAMETES_Heterogeneity_20atts_1600_Het_0.4_0.2_75_EDM_2_001,"samples=2,q=0.5",0.18524306164706683,-20.384076268604943,100,2,0.5
classification_gini,GAMETES_Heterogeneity_20atts_1600_Het_0.4_0.2_75_EDM_2_001,"samples=2,q=0.75",0.3796499762514449,-22.60676479296556,100,2,0.75
classification_gini,GAMETES_Heterogeneity_20atts_1600_Het_0.4_0.2_75_EDM_2_001,"samples=2,q=0.9",0.29668419833300264,-26.735884650225962,100,2,0.9
classification_gini,GAMETES_Heterogeneity_20atts_1600_Het_0.4_0.2_75_EDM_2_001,"samples=2,q=0.95",0.29668419833300264,-26.735884650225962,100,2,0.95
classification_gini,GAMETES_Heterogeneity_20atts_1600_Het_0.4_0.2_75_EDM_2_001,"samples=ln_n,q=0.5",0.18524306164706683,-20.384076268604943,100,ln_n,0.5
classification_gini,GAMETES_Heterogeneity_20atts_1600_Het_0.4_0.2_75_EDM_2_001,"samples=ln_n,q=0.75",0.3796499762514449,-22.60676479296556,100,ln_n,0.75
classification_gini,GAMETES_Heterogeneity_20atts_1600_Het_0.4_0.2_75_EDM_2_001,"samples=ln_n,q=0.9",0.29668419833300264,-26.735884650225962,100,ln_n,0.9
classification_gini,GAMETES_Heterogeneity_20atts_1600_Het_0.4_0.2_75_EDM_2_001,"samples=ln_n,q=0.95",0.29668419833300264,-26.735884650225962,100,ln_n,0.95
classification_gini,GAMETES_Heterogeneity_20atts_1600_Het_0.4_0.2_75_EDM_2_001,"samples=sqrt_n,q=0.5",-0.37897998763321006,-7.092813268218223,100,sqrt_n,0.5
classification_gini,GAMETES_Heterogeneity_20atts_1600_Het_0.4_0.2_75_EDM_2_001,"samples=sqrt_n,q=0.75",0.1831443482146533,-9.576267492859802,100,sqrt_n,0.75
classification_gini,GAMETES_Heterogeneity_20atts_1600_Het_0.4_0.2_75_EDM_2_001,"samples=sqrt_n,q=0.9",0.1831443482146533,-9.576267492859802,100,sqrt_n,0.9
classification_gini,GAMETES_Heterogeneity_20atts_1600_Het_0.4_0.2_75_EDM_2_001,"samples=sqrt_n,q=0.95",0.1831443482146533,-9.576267492859802,100,sqrt_n,0.95
classification_gini,Hill_Valley_with_noise,"samples=0.1n,q=0.5",0.2121029699640009,91.2629316726462,100,0.1n,0.5
classification_gini,Hill_Valley_with_noise,"samples=0.1n,q=0.75",-0.16650274624172567,87.95261401696592,100,0.1n,0.75
classification_gini,Hill_Valley_with_noise,"samples=0.1n,q=0.9",-0.42532348552701826,82.73686923267317,100,0.1n,0.9
classification_gini,Hill_Valley_with_noise,"samples=0.1n,q=0.95",-0.6149573567333866,76.86281514881642,100,0.1n,0.95
classification_gini,Hill_Valley_with_noise,"samples=10,q=0.5",0.17200962601002234,91.33376468393402,100,10,0.5
classification_gini,Hill_Valley_with_noise,"samples=10,q=0.75",-0.17868655495595354,87.81524486801598,100,10,0.75
classification_gini,Hill_Valley_with_noise,"samples=10,q=0.9",-0.6130523497975049,80.59992710091754,100,10,0.9
classification_gini,Hill_Valley_with_noise,"samples=10,q=0.95",-0.610677674448995,73.82784646441516,100,10,0.95
classification_gini,Hill_Valley_with_noise,"samples=2,q=0.5",-0.16676464557197623,92.49869605745334,100,2,0.5
classification_gini,Hill_Valley_with_noise,"samples=2,q=0.75",-0.4208325352962117,88.13757187942572,100,2,0.75
classification_gini,Hill_Valley_with_noise,"samples=2,q=0.9",-0.39957424114804296,83.881435620838,100,2,0.9
classification_gini,Hill_Valley_with_noise,"samples=2,q=0.95",-0.41660827903853836,82.14016692893011,100,2,0.95
classification_gini,Hill_Valley_with_noise,"samples=ln_n,q=0.5",-0.06495409344586256,92.09509205272948,100,ln_n,0.5
classification_gini,Hill_Valley_with_noise,"samples=ln_n,q=0.75",-0.15671346742079928,88.35212654878922,100,ln_n,0.75
classification_gini,Hill_Valley_with_noise,"samples=ln_n,q=0.9",-0.5468947438073801,80.66510141947637,100,ln_n,0.9
classification_gini,Hill_Valley_with_noise,"samples=ln_n,q=0.95",-0.8447453062574384,74.37293209727986,100,ln_n,0.95
classification_gini,Hill_Valley_with_noise,"samples=sqrt_n,q=0.5",-0.19301737151138365,93.1094945617817,100,sqrt_n,0.5
classification_gini,Hill_Valley_with_noise,"samples=sqrt_n,q=0.75",-0.4523629499413817,90.15308674168318,100,sqrt_n,0.75
classification_gini,Hill_Valley_with_noise,"samples=sqrt_n,q=0.9",-0.27702042489452516,84.30414850671846,100,sqrt_n,0.9
classification_gini,Hill_Valley_with_noise,"samples=sqrt_n,q=0.95",-0.598078510064648,77.90319585912056,100,sqrt_n,0.95
classification_gini,Hill_Valley_without_noise,"samples=0.1n,q=0.5",-0.6288331146925785,90.67771979629816,100,0.1n,0.5
classification_gini,Hill_Valley_without_noise,"samples=0.1n,q=0.75",-0.8921615033977315,88.00499484612301,100,0.1n,0.75
classification_gini,Hill_Valley_without_noise,"samples=0.1n,q=0.9",-0.8416225637785935,83.87697321913765,100,0.1n,0.9
classification_gini,Hill_Valley_without_noise,"samples=0.1n,q=0.95",-1.100446695281737,79.6760066483314,100,0.1n,0.95
classification_gini,Hill_Valley_without_noise,"samples=10,q=0.5",-0.18519885161081273,89.99837827046485,100,10,0.5
classification_gini,Hill_Valley_without_noise,"samples=10,q=0.75",-0.7960982308574394,86.96307463643413,100,10,0.75
classification_gini,Hill_Valley_without_noise,"samples=10,q=0.9",-0.8614596525114149,81.6508263930757,100,10,0.9
classification_gini,Hill_Valley_without_noise,"samples=10,q=0.95",-0.9524303615506935,76.73660449028586,100,10,0.95
classification_gini,Hill_Valley_without_noise,"samples=2,q=0.5",-0.4452726289308595,91.98897128593818,100,2,0.5
classification_gini,Hill_Valley_without_noise,"samples=2,q=0.75",-0.8958210626272889,88.55767263687483,100,2,0.75
classification_gini,Hill_Valley_without_noise,"samples=2,q=0.9",-0.7884506486266929,84.02094727664974,100,2,0.9
classification_gini,Hill_Valley_without_noise,"samples=2,q=0.95",-0.5388572792812907,82.27262594231239,100,2,0.95
classification_gini,Hill_Valley_without_noise,"samples=ln_n,q=0.5",-0.07655106153765523,91.09587143500816,100,ln_n,0.5
classification_gini,Hill_Valley_without_noise,"samples=ln_n,q=0.75",-1.015759105652747,87.82992185811136,100,ln_n,0.75
classification_gini,Hill_Valley_without_noise,"samples=ln_n,q=0.9",-1.1643436335571966,82.02971921579861,100,ln_n,0.9
classification_gini,Hill_Valley_without_noise,"samples=ln_n,q=0.95",-0.794295722243682,77.41226891569755,100,ln_n,0.95
classification_gini,Hill_Valley_without_noise,"samples=sqrt_n,q=0.5",-0.654945856486655,92.0165086837056,100,sqrt_n,0.5
classification_gini,Hill_Valley_without_noise,"samples=sqrt_n,q=0.75",-0.36272120575775446,89.98297747057546,100,sqrt_n,0.75
classification_gini,Hill_Valley_without_noise,"samples=sqrt_n,q=0.9",-0.33174275443910717,86.06239613759105,100,sqrt_n,0.9
classification_gini,Hill_Valley_without_noise,"samples=sqrt_n,q=0.95",-0.421002300588702,82.42158129685876,100,sqrt_n,0.95
classification_gini,adult,"samples=0.1n,q=0.5",0.024711516088304908,61.35663303992021,100,0.1n,0.5
classification_gini,adult,"samples=0.1n,q=0.75",-0.008319850578270005,59.66373783155552,100,0.1n,0.75
classification_gini,adult,"samples=0.1n,q=0.9",-0.023050056092632776,57.48543123807953,100,0.1n,0.9
classification_gini,adult,"samples=0.1n,q=0.95",-0.017171476428762267,56.25786958391517,100,0.1n,0.95
classification_gini,adult,"samples=10,q=0.5",0.019797422511647067,55.57020664291932,100,10,0.5
classification_gini,adult,"samples=10,q=0.75",-0.01890143771132169,51.683498776521915,100,10,0.75
classification_gini,adult,"samples=10,q=0.9",-0.06913211824089993,50.27549089456975,100,10,0.9
classification_gini,adult,"samples=10,q=0.95",-0.06219107500824439,50.49854730253365,100,10,0.95
classification_gini,adult,"samples=2,q=0.5",0.040043617564150535,60.84011013395558,100,2,0.5
classification_gini,adult,"samples=2,q=0.75",-0.0012288920689440541,58.90597412125829,100,2,0.75
classification_gini,adult,"samples=2,q=0.9",-0.03748157850847478,60.07905315467377,100,2,0.9
classification_gini,adult,"samples=2,q=0.95",-0.05354325156329276,60.23448245991033,100,2,0.95
classification_gini,adult,"samples=ln_n,q=0.5",0.014686784551998233,56.2206044683617,100,ln_n,0.5
classification_gini,adult,"samples=ln_n,q=0.75",-0.02836777835591442,51.44495146637121,100,ln_n,0.75
classification_gini,adult,"samples=ln_n,q=0.9",-0.03491525169482812,50.31821717161901,100,ln_n,0.9
classification_gini,adult,"samples=ln_n,q=0.95",-0.042847557116765245,50.47225495520014,100,ln_n,0.95
classification_gini,adult,"samples=sqrt_n,q=0.5",-0.025742185142479945,64.34973295659475,100,sqrt_n,0.5
classification_gini,adult,"samples=sqrt_n,q=0.75",-0.046166588485963,63.26115569049683,100,sqrt_n,0.75
classification_gini,adult,"samples=sqrt_n,q=0.9",0.005294164210079,62.811437510227066,100,sqrt_n,0.9
classification_gini,adult,"samples=sqrt_n,q=0.95",-0.001473005188318277,62.33010452064585,100,sqrt_n,0.95
classification_gini,agaricus_lepiota,"samples=0.1n,q=0.5",-1.4395827972188746,27.73618998451213,100,0.1n,0.5
classification_gini,agaricus_lepiota,"samples=0.1n,q=0.75",-1.2774564663459997,24.66442953020134,100,0.1n,0.75
classification_gini,agaricus_lepiota,"samples=0.1n,q=0.9",-1.2774564663459997,24.66442953020134,100,0.1n,0.9
classification_gini,agaricus_lepiota,"samples=0.1n,q=0.95",-1.2774564663459997,24.66442953020134,100,0.1n,0.95
classification_gini,agaricus_lepiota,"samples=10,q=0.5",-0.9469286903351193,1.8714506969540468,100,10,0.5
classification_gini,agaricus_lepiota,"samples=10,q=0.75",-1.2047451326791692,-1.6004130098089875,100,10,0.75
classification_gini,agaricus_lepiota,"samples=10,q=0.9",-0.7519781055103036,-7.782653588022725,100,10,0.9
classification_gini,agaricus_lepiota,"samples=10,q=0.95",-1.3161612168848924,-9.254001032524528,100,10,0.95
classification_gini,agaricus_lepiota,"samples=2,q=0.5",-1.073634800771467,18.520908621579757,100,2,0.5
classification_gini,agaricus_lepiota,"samples=2,q=0.75",-0.8877300885306472,13.939081053175006,100,2,0.75
classification_gini,agaricus_lepiota,"samples=2,q=0.9",-1.5192470508100353,8.221476510067106,100,2,0.9
classification_gini,agaricus_lepiota,"samples=2,q=0.95",-1.2199137005559135,8.363448631905001,100,2,0.95
classification_gini,agaricus_lepiota,"samples=ln_n,q=0.5",-1.12328316440638,1.9747031491997913,100,ln_n,0.5
classification_gini,agaricus_lepiota,"samples=ln_n,q=0.75",-1.2047451326791692,-1.34228187919464,100,ln_n,0.75
classification_gini,agaricus_lepiota,"samples=ln_n,q=0.9",-0.730526483440197,-6.259679917398042,100,ln_n,0.9
classification_gini,agaricus_lepiota,"samples=ln_n,q=0.95",-0.8500711245170434,-9.886422302529695,100,ln_n,0.95
classification_gini,agaricus_lepiota,"samples=sqrt_n,q=0.5",-1.4395827972188746,27.73618998451213,100,sqrt_n,0.5
classification_gini,agaricus_lepiota,"samples=sqrt_n,q=0.75",-1.2774564663459997,24.66442953020134,100,sqrt_n,0.75
classification_gini,agaricus_lepiota,"samples=sqrt_n,q=0.9",-1.2774564663459997,24.66442953020134,100,sqrt_n,0.9
classification_gini,agaricus_lepiota,"samples=sqrt_n,q=0.95",-1.2774564663459997,24.66442953020134,100,sqrt_n,0.95
classification_gini,allbp,"samples=0.1n,q=0.5",0.43646972224354874,34.260231695272246,100,0.1n,0.5
classification_gini,allbp,"samples=0.1n,q=0.75",0.44160787722417605,33.177607906872026,100,0.1n,0.75
classification_gini,allbp,"samples=0.1n,q=0.9",0.3954816100863179,30.823047274570758,100,0.1n,0.9
classification_gini,allbp,"samples=0.1n,q=0.95",0.38349219126307954,28.473768825175977,100,0.1n,0.95
classification_gini,allbp,"samples=10,q=0.5",0.4432973752981684,25.11688862864444,100,10,0.5
classification_gini,allbp,"samples=10,q=0.75",0.37746468654799026,23.7670519943919,100,10,0.75
classification_gini,allbp,"samples=10,q=0.9",0.42011325029543967,21.430496706671484,100,10,0.9
classification_gini,allbp,"samples=10,q=0.95",0.4811413751851068,19.301759619595988,100,10,0.95
classification_gini,allbp,"samples=2,q=0.5",0.40897630889907277,36.39116862896499,100,2,0.5
classification_gini,allbp,"samples=2,q=0.75",0.418649525123993,36.79932268450066,100,2,0.75
classification_gini,allbp,"samples=2,q=0.9",0.45342974364941946,34.109124239501064,100,2,0.9
classification_gini,allbp,"samples=2,q=0.95",0.4579368368449743,31.811814998430386,100,2,0.95
classification_gini,allbp,"samples=ln_n,q=0.5",0.44817246047282877,27.157309133741023,100,ln_n,0.5
classification_gini,allbp,"samples=ln_n,q=0.75",0.3871411117157053,26.01139721815191,100,ln_n,0.75
classification_gini,allbp,"samples=ln_n,q=0.9",0.41983863096001217,22.448639129123134,100,ln_n,0.9
classification_gini,allbp,"samples=ln_n,q=0.95",0.4071128459706863,20.089486145016178,100,ln_n,0.95
classification_gini,allbp,"samples=sqrt_n,q=0.5",0.4444140542488373,39.784429903362486,100,sqrt_n,0.5
classification_gini,allbp,"samples=sqrt_n,q=0.75",0.4550292008379475,39.42187949614346,100,sqrt_n,0.75
classification_gini,allbp,"samples=sqrt_n,q=0.9",0.4363802489864621,37.819750622819946,100,sqrt_n,0.9
classification_gini,allbp,"samples=sqrt_n,q=0.95",0.4556736413792173,36.74396263662336,100,sqrt_n,0.95
classification_gini,allhyper,"samples=0.1n,q=0.5",0.4144870390623778,40.0344622110439,100,0.1n,0.5
classification_gini,allhyper,"samples=0.1n,q=0.75",0.35552567146722724,37.71789369510189,100,0.1n,0.75
classification_gini,allhyper,"samples=0.1n,q=0.9",0.3311242772745415,34.325695864770594,100,0.1n,0.9
classification_gini,allhyper,"samples=0.1n,q=0.95",0.37978930026099644,32.014163882125594,100,0.1n,0.95
classification_gini,allhyper,"samples=10,q=0.5",0.4612561725281239,31.375499518716627,100,10,0.5
classification_gini,allhyper,"samples=10,q=0.75",0.4604149270555802,28.263787042536627,100,10,0.75
classification_gini,allhyper,"samples=10,q=0.9",0.3427687334286167,24.966851919189793,100,10,0.9
classification_gini,allhyper,"samples=10,q=0.95",0.3070948254912109,23.64150095623946,100,10,0.95
classification_gini,allhyper,"samples=2,q=0.5",0.3936034817803802,43.15721342676551,100,2,0.5
classification_gini,allhyper,"samples=2,q=0.75",0.3702640847931593,42.29222235663154,100,2,0.75
classification_gini,allhyper,"samples=2,q=0.9",0.35827487884624865,39.077782189877475,100,2,0.9
classification_gini,allhyper,"samples=2,q=0.95",0.4226768453923446,37.36828657025711,100,2,0.95
classification_gini,allhyper,"samples=ln_n,q=0.5",0.42779896216517677,34.412510449050814,100,ln_n,0.5
classification_gini,allhyper,"samples=ln_n,q=0.75",0.404125861953486,30.632481720561863,100,ln_n,0.75
classification_gini,allhyper,"samples=ln_n,q=0.9",0.36233001791580177,28.677144089161075,100,ln_n,0.9
classification_gini,allhyper,"samples=ln_n,q=0.95",0.37483606154073423,24.597299656408133,100,ln_n,0.95
classification_gini,allhyper,"samples=sqrt_n,q=0.5",0.4654359510761874,44.453972659536454,100,sqrt_n,0.5
classification_gini,allhyper,"samples=sqrt_n,q=0.75",0.4898099288720259,43.991691339054526,100,sqrt_n,0.75
classification_gini,allhyper,"samples=sqrt_n,q=0.9",0.43111361877148924,43.339967207695075,100,sqrt_n,0.9
classification_gini,allhyper,"samples=sqrt_n,q=0.95",0.42384532376609774,41.66066630749805,100,sqrt_n,0.95
classification_gini,allhypo,"samples=0.1n,q=0.5",1.4943879348328637,24.319339223131397,100,0.1n,0.5
classification_gini,allhypo,"samples=0.1n,q=0.75",1.4306273810104908,23.449792631289625,100,0.1n,0.75
classification_gini,allhypo,"samples=0.1n,q=0.9",1.5529924719003385,19.233209466821137,100,0.1n,0.9
classification_gini,allhypo,"samples=0.1n,q=0.95",1.575644357827849,15.962119821531772,100,0.1n,0.95
classification_gini,allhypo,"samples=10,q=0.5",1.630649627083186,12.51798415840354,100,10,0.5
classification_gini,allhypo,"samples=10,q=0.75",1.426754448848555,10.082964085052454,100,10,0.75
classification_gini,allhypo,"samples=10,q=0.9",1.4575740170961138,5.045695033786163,100,10,0.9
classification_gini,allhypo,"samples=10,q=0.95",1.4456463888301074,2.363686758314887,100,10,0.95
classification_gini,allhypo,"samples=2,q=0.5",1.5193412558425157,26.727613331834725,100,2,0.5
classification_gini,allhypo,"samples=2,q=0.75",1.56583632902339,26.791319122085888,100,2,0.75
classification_gini,allhypo,"samples=2,q=0.9",1.6779966356146814,21.732361430509442,100,2,0.9
classification_gini,allhypo,"samples=2,q=0.95",1.7570603759844539,17.71248697438242,100,2,0.95
classification_gini,allhypo,"samples=ln_n,q=0.5",1.5469552509111417,14.649209533121493,100,ln_n,0.5
classification_gini,allhypo,"samples=ln_n,q=0.75",1.453464405341759,14.190247591384004,100,ln_n,0.75
classification_gini,allhypo,"samples=ln_n,q=0.9",1.3979250728709314,9.040270619314628,100,ln_n,0.9
classification_gini,allhypo,"samples=ln_n,q=0.95",1.3914542512150962,7.319614455172651,100,ln_n,0.95
classification_gini,allhypo,"samples=sqrt_n,q=0.5",1.665575270596703,28.80735526366638,100,sqrt_n,0.5
classification_gini,allhypo,"samples=sqrt_n,q=0.75",1.661432878805258,30.127002162804366,100,sqrt_n,0.75
classification_gini,allhypo,"samples=sqrt_n,q=0.9",1.7705240414748302,27.122925979016898,100,sqrt_n,0.9
classification_gini,allhypo,"samples=sqrt_n,q=0.95",1.6925958071035585,28.816555478436907,100,sqrt_n,0.95
classification_gini,allrep,"samples=0.1n,q=0.5",0.6013505652050888,38.61535105823383,100,0.1n,0.5
classification_gini,allrep,"samples=0.1n,q=0.75",0.49704493191637944,33.55538568323206,100,0.1n,0.75
classification_gini,allrep,"samples=0.1n,q=0.9",0.51683917403888,30.872125160931624,100,0.1n,0.9
classification_gini,allrep,"samples=0.1n,q=0.95",0.5312346818101277,27.452098785094304,100,0.1n,0.95
classification_gini,allrep,"samples=10,q=0.5",0.4991432673526197,28.17045830611211,100,10,0.5
classification_gini,allrep,"samples=10,q=0.75",0.4687318784181327,21.730479510608582,100,10,0.75
classification_gini,allrep,"samples=10,q=0.9",0.43277058696050696,18.2704882516554,100,10,0.9
classification_gini,allrep,"samples=10,q=0.95",0.41474863542484974,15.132621286531833,100,10,0.95
classification_gini,allrep,"samples=2,q=0.5",0.5781670949220552,39.627114645287804,100,2,0.5
classification_gini,allrep,"samples=2,q=0.75",0.597984417259545,36.21007308115589,100,2,0.75
classification_gini,allrep,"samples=2,q=0.9",0.5467788760287973,31.370258331606223,100,2,0.9
classification_gini,allrep,"samples=2,q=0.95",0.6195324609711117,28.55531645994762,100,2,0.95
classification_gini,allrep,"samples=ln_n,q=0.5",0.5444954419943748,28.804613213057813,100,ln_n,0.5
classification_gini,allrep,"samples=ln_n,q=0.75",0.5065420898795359,23.154002941286716,100,ln_n,0.75
classification_gini,allrep,"samples=ln_n,q=0.9",0.4435126758556285,20.426797611882854,100,ln_n,0.9
classification_gini,allrep,"samples=ln_n,q=0.95",0.44305131381862095,17.321158214713762,100,ln_n,0.95
classification_gini,allrep,"samples=sqrt_n,q=0.5",0.6228507348390644,42.86813132028419,100,sqrt_n,0.5
classification_gini,allrep,"samples=sqrt_n,q=0.75",0.6218750912977522,38.887712660285956,100,sqrt_n,0.75
classification_gini,allrep,"samples=sqrt_n,q=0.9",0.6553141110300087,38.116407588609206,100,sqrt_n,0.9
classification_gini,allrep,"samples=sqrt_n,q=0.95",0.6653940399760749,36.98228470094406,100,sqrt_n,0.95
classification_gini,analcatdata_aids,"samples=0.1n,q=0.5",11.350871350871344,30.57799875699192,100,0.1n,0.5
classification_gini,analcatdata_aids,"samples=0.1n,q=0.75",11.766455766455763,31.914232442510876,100,0.1n,0.75
classification_gini,analcatdata_aids,"samples=0.1n,q=0.9",11.745809745809748,30.879196599871065,100,0.1n,0.9
classification_gini,analcatdata_aids,"samples=0.1n,q=0.95",11.553169053169043,30.434910086381734,100,0.1n,0.95
classification_gini,analcatdata_aids,"samples=10,q=0.5",13.09654234654234,17.58306343587506,100,10,0.5
classification_gini,analcatdata_aids,"samples=10,q=0.75",15.088800088800092,15.44437538844003,100,10,0.75
classification_gini,analcatdata_aids,"samples=10,q=0.9",13.064962814962822,13.739394234545122,100,10,0.9
classification_gini,analcatdata_aids,"samples=10,q=0.95",14.248140748140752,11.956521739130432,100,10,0.95
classification_gini,analcatdata_aids,"samples=2,q=0.5",10.803058053058063,27.817450678757453,100,2,0.5
classification_gini,analcatdata_aids,"samples=2,q=0.75",14.012654012654007,26.204474214133036,100,2,0.75
classification_gini,analcatdata_aids,"samples=2,q=0.9",16.03285603285603,24.82146234882204,100,2,0.9
classification_gini,analcatdata_aids,"samples=2,q=0.95",15.500055500055481,23.492939031550325,100,2,0.95
classification_gini,analcatdata_aids,"samples=ln_n,q=0.5",11.89898989898991,24.246213772653203,100,ln_n,0.5
classification_gini,analcatdata_aids,"samples=ln_n,q=0.75",10.06948606948606,21.814791796146675,100,ln_n,0.75
classification_gini,analcatdata_aids,"samples=ln_n,q=0.9",13.78843378843379,19.372867436991793,100,ln_n,0.9
classification_gini,analcatdata_aids,"samples=ln_n,q=0.95",12.838966588966588,20.087064676616922,100,ln_n,0.95
classification_gini,analcatdata_aids,"samples=sqrt_n,q=0.5",12.712703962703952,30.472636815920406,100,sqrt_n,0.5
classification_gini,analcatdata_aids,"samples=sqrt_n,q=0.75",13.256327006327018,28.3271144278607,100,sqrt_n,0.75
classification_gini,analcatdata_aids,"samples=sqrt_n,q=0.9",13.760128760128755,26.679104477611943,100,sqrt_n,0.9
classification_gini,analcatdata_aids,"samples=sqrt_n,q=0.95",13.866189366189364,25.738287277101136,100,sqrt_n,0.95
classification_gini,analcatdata_asbestos,"samples=0.1n,q=0.5",-1.335913312693504,23.473374410519433,100,0.1n,0.5
classification_gini,analcatdata_asbestos,"samples=0.1n,q=0.75",-1.2239755204488056,23.414491026957947,100,0.1n,0.75
classification_gini,analcatdata_asbestos,"samples=0.1n,q=0.9",-1.1511341031801348,20.846953748006378,100,0.1n,0.9
classification_gini,analcatdata_asbestos,"samples=0.1n,q=0.95",-0.5476279826124975,19.680523523764727,100,0.1n,0.95
classification_gini,analcatdata_asbestos,"samples=10,q=0.5",-2.35294117647058,-1.5550239234449648,100,10,0.5
classification_gini,analcatdata_asbestos,"samples=10,q=0.75",-1.17647058823529,-1.2382438546770236,100,10,0.75
classification_gini,analcatdata_asbestos,"samples=10,q=0.9",-0.42670955075048145,-1.4377033492822933,100,10,0.9
classification_gini,analcatdata_asbestos,"samples=10,q=0.95",-0.11254378146792754,-3.035209501991387,100,10,0.95
classification_gini,analcatdata_asbestos,"samples=2,q=0.5",-2.35294117647058,19.22616979217979,100,2,0.5
classification_gini,analcatdata_asbestos,"samples=2,q=0.75",-1.512906168478928,20.231942446043163,100,2,0.75
classification_gini,analcatdata_asbestos,"samples=2,q=0.9",-0.43237550203494846,20.58353317346122,100,2,0.9
classification_gini,analcatdata_asbestos,"samples=2,q=0.95",-0.4531873355402838,18.667733325187015,100,2,0.95
classification_gini,analcatdata_asbestos,"samples=ln_n,q=0.5",-1.3235294117647123,11.750599520383691,100,ln_n,0.5
classification_gini,analcatdata_asbestos,"samples=ln_n,q=0.75",-1.2987616099071175,13.429256594724215,100,ln_n,0.75
classification_gini,analcatdata_asbestos,"samples=ln_n,q=0.9",-0.5458745704572887,12.719298245614036,100,ln_n,0.9
classification_gini,analcatdata_asbestos,"samples=ln_n,q=0.95",0.19007785487123452,10.538841653949572,100,ln_n,0.95
classification_gini,analcatdata_asbestos,"samples=sqrt_n,q=0.5",-1.3235294117647123,23.43302391579559,100,sqrt_n,0.5
classification_gini,analcatdata_asbestos,"samples=sqrt_n,q=0.75",-1.2481373116048022,23.233661874328288,100,sqrt_n,0.75
classification_gini,analcatdata_asbestos,"samples=sqrt_n,q=0.9",-1.5096918213926003,21.85007974481659,100,sqrt_n,0.9
classification_gini,analcatdata_asbestos,"samples=sqrt_n,q=0.95",-1.1853348058591007,19.424460431654676,100,sqrt_n,0.95
classification_gini,analcatdata_authorship,"samples=0.1n,q=0.5",0.7426682799308415,43.04320361911961,100,0.1n,0.5
classification_gini,analcatdata_authorship,"samples=0.1n,q=0.75",-0.6382160651543345,40.51165633520165,100,0.1n,0.75
classification_gini,analcatdata_authorship,"samples=0.1n,q=0.9",-1.6887503828795003,39.324664901059904,100,0.1n,0.9
classification_gini,analcatdata_authorship,"samples=0.1n,q=0.95",-0.021266305221573356,37.84008867486925,100,0.1n,0.95
classification_gini,analcatdata_authorship,"samples=10,q=0.5",0.849486296376567,14.342205999080942,100,10,0.5
classification_gini,analcatdata_authorship,"samples=10,q=0.75",0.13820412986249586,13.449744663756157,100,10,0.75
classification_gini,analcatdata_authorship,"samples=10,q=0.9",-0.518995629047464,13.334761670447936,100,10,0.9
classification_gini,analcatdata_authorship,"samples=10,q=0.95",-0.7158992210872406,9.773117916886264,100,10,0.95
classification_gini,analcatdata_authorship,"samples=2,q=0.5",-0.10004274165505977,39.54763167702599,100,2,0.5
classification_gini,analcatdata_authorship,"samples=2,q=0.75",-0.34957996454190177,39.38853602735689,100,2,0.75
classification_gini,analcatdata_authorship,"samples=2,q=0.9",-0.41263920073217886,34.0151881759243,100,2,0.9
classification_gini,analcatdata_authorship,"samples=2,q=0.95",0.5657509304884567,32.37091172754528,100,2,0.95
classification_gini,analcatdata_authorship,"samples=ln_n,q=0.5",0.6226548682238542,21.95715320534734,100,ln_n,0.5
classification_gini,analcatdata_authorship,"samples=ln_n,q=0.75",-0.27471032339030366,21.761008263481184,100,ln_n,0.75
classification_gini,analcatdata_authorship,"samples=ln_n,q=0.9",0.48398591753994746,19.148220182439772,100,ln_n,0.9
classification_gini,analcatdata_authorship,"samples=ln_n,q=0.95",-0.4013234781663877,17.411260070334823,100,ln_n,0.95
classification_gini,analcatdata_authorship,"samples=sqrt_n,q=0.5",-0.29686274193797546,46.32201325989523,100,sqrt_n,0.5
classification_gini,analcatdata_authorship,"samples=sqrt_n,q=0.75",-0.7319942536033242,45.18721859662891,100,sqrt_n,0.75
classification_gini,analcatdata_authorship,"samples=sqrt_n,q=0.9",-1.4214241367243141,45.13346894465633,100,sqrt_n,0.9
classification_gini,analcatdata_authorship,"samples=sqrt_n,q=0.95",-0.5577000715677072,43.97950616327441,100,sqrt_n,0.95
classification_gini,analcatdata_bankruptcy,"samples=0.1n,q=0.5",-2.931096681096684,55.04791407674334,100,0.1n,0.5
classification_gini,analcatdata_bankruptcy,"samples=0.1n,q=0.75",-4.000000000000014,52.5585718835943,100,0.1n,0.75
classification_gini,analcatdata_bankruptcy,"samples=0.1n,q=0.9",-2.7853257853257984,48.43277945619335,100,0.1n,0.9
classification_gini,analcatdata_bankruptcy,"samples=0.1n,q=0.95",-3.5714285714285756,47.088906372934694,100,0.1n,0.95
classification_gini,analcatdata_bankruptcy,"samples=10,q=0.5",-3.1399988899988793,38.27416918429003,100,10,0.5
classification_gini,analcatdata_bankruptcy,"samples=10,q=0.75",-3.325063825063823,34.80197337301314,100,10,0.75
classification_gini,analcatdata_bankruptcy,"samples=10,q=0.9",-2.3560606060606117,32.52190985997181,100,10,0.9
classification_gini,analcatdata_bankruptcy,"samples=10,q=0.95",-2.4595959595959616,30.85347432024169,100,10,0.95
classification_gini,analcatdata_bankruptcy,"samples=2,q=0.5",-2.807525807525807,53.776553894571194,100,2,0.5
classification_gini,analcatdata_bankruptcy,"samples=2,q=0.75",-2.7196692196692185,51.07080206607543,100,2,0.75
classification_gini,analcatdata_bankruptcy,"samples=2,q=0.9",-2.6363358863358943,47.75767112509835,100,2,0.9
classification_gini,analcatdata_bankruptcy,"samples=2,q=0.95",-2.7443944943945087,47.065344508332515,100,2,0.95
classification_gini,analcatdata_bankruptcy,"samples=ln_n,q=0.5",-3.422965922965926,50.6294256490952,100,ln_n,0.5
classification_gini,analcatdata_bankruptcy,"samples=ln_n,q=0.75",-3.5878288378288437,47.05118659095177,100,ln_n,0.75
classification_gini,analcatdata_bankruptcy,"samples=ln_n,q=0.9",-2.229797979797976,43.29593642515705,100,ln_n,0.9
classification_gini,analcatdata_bankruptcy,"samples=ln_n,q=0.95",-3.156565656565663,40.22423288749016,100,ln_n,0.95
classification_gini,analcatdata_bankruptcy,"samples=sqrt_n,q=0.5",-4.286602286602292,52.52395703837168,100,sqrt_n,0.5
classification_gini,analcatdata_bankruptcy,"samples=sqrt_n,q=0.75",-4.089660339660345,48.26517229576349,100,sqrt_n,0.75
classification_gini,analcatdata_bankruptcy,"samples=sqrt_n,q=0.9",-3.979797979797983,43.91276405333004,100,sqrt_n,0.9
classification_gini,analcatdata_bankruptcy,"samples=sqrt_n,q=0.95",-4.2500000000000036,41.72161463842491,100,sqrt_n,0.95
classification_gini,analcatdata_boxing1,"samples=0.1n,q=0.5",4.010236624894459,12.963042273391439,100,0.1n,0.5
classification_gini,analcatdata_boxing1,"samples=0.1n,q=0.75",5.158525644453727,10.78663941390573,100,0.1n,0.75
classification_gini,analcatdata_boxing1,"samples=0.1n,q=0.9",5.158525644453727,10.78663941390573,100,0.1n,0.9
classification_gini,analcatdata_boxing1,"samples=0.1n,q=0.95",5.158525644453727,10.78663941390573,100,0.1n,0.95
classification_gini,analcatdata_boxing1,"samples=10,q=0.5",0.7522529900025332,-26.996625421822262,100,10,0.5
classification_gini,analcatdata_boxing1,"samples=10,q=0.75",0.29566869058734735,-22.634996322317193,100,10,0.75
classification_gini,analcatdata_boxing1,"samples=10,q=0.9",2.38958838830961,-25.35136323881072,100,10,0.9
classification_gini,analcatdata_boxing1,"samples=10,q=0.95",4.020113869963704,-29.13385826771652,100,10,0.95
classification_gini,analcatdata_boxing1,"samples=2,q=0.5",1.252156998073506,1.2979063560914383,100,2,0.5
classification_gini,analcatdata_boxing1,"samples=2,q=0.75",2.2346169257328627,1.9129234121253502,100,2,0.75
classification_gini,analcatdata_boxing1,"samples=2,q=0.9",6.288186276211605,-5.46781262074717,100,2,0.9
classification_gini,analcatdata_boxing1,"samples=2,q=0.95",6.841790613297293,-6.1659270319218145,100,2,0.95
classification_gini,analcatdata_boxing1,"samples=ln_n,q=0.5",1.9142660347593932,-18.320140117544184,100,ln_n,0.5
classification_gini,analcatdata_boxing1,"samples=ln_n,q=0.75",0.8829556207051614,-13.89195727790241,100,ln_n,0.75
classification_gini,analcatdata_boxing1,"samples=ln_n,q=0.9",3.3437455790396866,-19.741696950065304,100,ln_n,0.9
classification_gini,analcatdata_boxing1,"samples=ln_n,q=0.95",5.400827930239682,-23.857898701576318,100,ln_n,0.95
classification_gini,analcatdata_boxing1,"samples=sqrt_n,q=0.5",4.010236624894459,12.963042273391439,100,sqrt_n,0.5
classification_gini,analcatdata_boxing1,"samples=sqrt_n,q=0.75",5.158525644453727,10.78663941390573,100,sqrt_n,0.75
classification_gini,analcatdata_boxing1,"samples=sqrt_n,q=0.9",5.158525644453727,10.78663941390573,100,sqrt_n,0.9
classification_gini,analcatdata_boxing1,"samples=sqrt_n,q=0.95",5.158525644453727,10.78663941390573,100,sqrt_n,0.95
classification_gini,analcatdata_boxing2,"samples=0.1n,q=0.5",1.9172342331668646,10.426557703759698,100,0.1n,0.5
classification_gini,analcatdata_boxing2,"samples=0.1n,q=0.75",2.8932906077279554,8.66379310344827,100,0.1n,0.75
classification_gini,analcatdata_boxing2,"samples=0.1n,q=0.9",2.8932906077279554,8.66379310344827,100,0.1n,0.9
classification_gini,analcatdata_boxing2,"samples=0.1n,q=0.95",2.8932906077279554,8.66379310344827,100,0.1n,0.95
classification_gini,analcatdata_boxing2,"samples=10,q=0.5",0.686579901851303,-25.850931123585497,100,10,0.5
classification_gini,analcatdata_boxing2,"samples=10,q=0.75",0.7981152829313443,-25.60241142315438,100,10,0.75
classification_gini,analcatdata_boxing2,"samples=10,q=0.9",1.8338719195728992,-28.127642784825202,100,10,0.9
classification_gini,analcatdata_boxing2,"samples=10,q=0.95",2.9814031664996135,-32.83001310225716,100,10,0.95
classification_gini,analcatdata_boxing2,"samples=2,q=0.5",1.4551479054066507,-1.3378500815130812,100,2,0.5
classification_gini,analcatdata_boxing2,"samples=2,q=0.75",1.4369634960263056,-2.156102168932794,100,2,0.75
classification_gini,analcatdata_boxing2,"samples=2,q=0.9",2.307880613374924,-8.239905306414153,100,2,0.9
classification_gini,analcatdata_boxing2,"samples=2,q=0.95",2.3971839822481855,-8.261624018787739,100,2,0.95
classification_gini,analcatdata_boxing2,"samples=ln_n,q=0.5",0.6845681603141585,-18.491430210634817,100,ln_n,0.5
classification_gini,analcatdata_boxing2,"samples=ln_n,q=0.75",0.6040436571638774,-17.786369635519094,100,ln_n,0.75
classification_gini,analcatdata_boxing2,"samples=ln_n,q=0.9",1.4342896185306986,-23.567634274309114,100,ln_n,0.9
classification_gini,analcatdata_boxing2,"samples=ln_n,q=0.95",3.778196509286491,-26.669562505568923,100,ln_n,0.95
classification_gini,analcatdata_boxing2,"samples=sqrt_n,q=0.5",1.9172342331668646,10.426557703759698,100,sqrt_n,0.5
classification_gini,analcatdata_boxing2,"samples=sqrt_n,q=0.75",2.8932906077279554,8.66379310344827,100,sqrt_n,0.75
classification_gini,analcatdata_boxing2,"samples=sqrt_n,q=0.9",2.8932906077279554,8.66379310344827,100,sqrt_n,0.9
classification_gini,analcatdata_boxing2,"samples=sqrt_n,q=0.95",2.8932906077279554,8.66379310344827,100,sqrt_n,0.95
classification_gini,analcatdata_creditscore,"samples=0.1n,q=0.5",0.0,35.3220696937698,100,0.1n,0.5
classification_gini,analcatdata_creditscore,"samples=0.1n,q=0.75",0.0,33.63213471905742,100,0.1n,0.75
classification_gini,analcatdata_creditscore,"samples=0.1n,q=0.9",0.0,33.157338965153116,100,0.1n,0.9
classification_gini,analcatdata_creditscore,"samples=0.1n,q=0.95",0.0,32.524704051575625,100,0.1n,0.95
classification_gini,analcatdata_creditscore,"samples=10,q=0.5",0.0,27.781859612071365,100,10,0.5
classification_gini,analcatdata_creditscore,"samples=10,q=0.75",0.0,26.421052631578945,100,10,0.75
classification_gini,analcatdata_creditscore,"samples=10,q=0.9",0.0,25.355638303784808,100,10,0.9
classification_gini,analcatdata_creditscore,"samples=10,q=0.95",0.0,24.934252209192458,100,10,0.95
classification_gini,analcatdata_creditscore,"samples=2,q=0.5",0.0,40.315789473684205,100,2,0.5
classification_gini,analcatdata_creditscore,"samples=2,q=0.75",0.0,39.48374367809704,100,2,0.75
classification_gini,analcatdata_creditscore,"samples=2,q=0.9",0.0,35.42105263157895,100,2,0.9
classification_gini,analcatdata_creditscore,"samples=2,q=0.95",0.0,35.263157894736835,100,2,0.95
classification_gini,analcatdata_creditscore,"samples=ln_n,q=0.5",0.0,31.789473684210527,100,ln_n,0.5
classification_gini,analcatdata_creditscore,"samples=ln_n,q=0.75",0.0,31.157894736842096,100,ln_n,0.75
classification_gini,analcatdata_creditscore,"samples=ln_n,q=0.9",0.0,30.10015005835602,100,ln_n,0.9
classification_gini,analcatdata_creditscore,"samples=ln_n,q=0.95",0.0,29.526315789473692,100,ln_n,0.95
classification_gini,analcatdata_creditscore,"samples=sqrt_n,q=0.5",0.0,35.3220696937698,100,sqrt_n,0.5
classification_gini,analcatdata_creditscore,"samples=sqrt_n,q=0.75",0.0,33.63213471905742,100,sqrt_n,0.75
classification_gini,analcatdata_creditscore,"samples=sqrt_n,q=0.9",0.0,33.157338965153116,100,sqrt_n,0.9
classification_gini,analcatdata_creditscore,"samples=sqrt_n,q=0.95",0.0,32.524704051575625,100,sqrt_n,0.95
classification_gini,analcatdata_cyyoung8092,"samples=0.1n,q=0.5",4.743178421710114,55.155023646786034,100,0.1n,0.5
classification_gini,analcatdata_cyyoung8092,"samples=0.1n,q=0.75",4.340141090018513,49.74827439748664,100,0.1n,0.75
classification_gini,analcatdata_cyyoung8092,"samples=0.1n,q=0.9",3.7332028837795517,45.69939887090683,100,0.1n,0.9
classification_gini,analcatdata_cyyoung8092,"samples=0.1n,q=0.95",4.135706013830825,43.23217697810512,100,0.1n,0.95
classification_gini,analcatdata_cyyoung8092,"samples=10,q=0.5",5.288546000912813,39.83317380008204,100,10,0.5
classification_gini,analcatdata_cyyoung8092,"samples=10,q=0.75",3.5259909208741282,31.918918648862018,100,10,0.75
classification_gini,analcatdata_cyyoung8092,"samples=10,q=0.9",3.927556916843261,26.39040372944375,100,10,0.9
classification_gini,analcatdata_cyyoung8092,"samples=10,q=0.95",3.074749341537003,22.336934226719535,100,10,0.95
classification_gini,analcatdata_cyyoung8092,"samples=2,q=0.5",4.523498143836524,54.25270067003966,100,2,0.5
classification_gini,analcatdata_cyyoung8092,"samples=2,q=0.75",3.9234959851039033,50.1640370592642,100,2,0.75
classification_gini,analcatdata_cyyoung8092,"samples=2,q=0.9",4.03109250621837,46.04129632161903,100,2,0.9
classification_gini,analcatdata_cyyoung8092,"samples=2,q=0.95",4.361428561182674,43.8192260358266,100,2,0.95
classification_gini,analcatdata_cyyoung8092,"samples=ln_n,q=0.5",5.453313908768803,46.35652147622662,100,ln_n,0.5
classification_gini,analcatdata_cyyoung8092,"samples=ln_n,q=0.75",4.230277800538612,40.40964097924618,100,ln_n,0.75
classification_gini,analcatdata_cyyoung8092,"samples=ln_n,q=0.9",3.34618085941924,32.53078695483015,100,ln_n,0.9
classification_gini,analcatdata_cyyoung8092,"samples=ln_n,q=0.95",4.384033467459497,30.75888768768941,100,ln_n,0.95
classification_gini,analcatdata_cyyoung8092,"samples=sqrt_n,q=0.5",4.743178421710114,55.155023646786034,100,sqrt_n,0.5
classification_gini,analcatdata_cyyoung8092,"samples=sqrt_n,q=0.75",4.340141090018513,49.74827439748664,100,sqrt_n,0.75
classification_gini,analcatdata_cyyoung8092,"samples=sqrt_n,q=0.9",3.7332028837795517,45.69939887090683,100,sqrt_n,0.9
classification_gini,analcatdata_cyyoung8092,"samples=sqrt_n,q=0.95",4.135706013830825,43.23217697810512,100,sqrt_n,0.95
classification_gini,analcatdata_cyyoung9302,"samples=0.1n,q=0.5",-0.0218757794979485,58.76739885571111,100,0.1n,0.5
classification_gini,analcatdata_cyyoung9302,"samples=0.1n,q=0.75",-0.20965835876937677,53.73745645509274,100,0.1n,0.75
classification_gini,analcatdata_cyyoung9302,"samples=0.1n,q=0.9",0.23424115710866666,47.2433544720667,100,0.1n,0.9
classification_gini,analcatdata_cyyoung9302,"samples=0.1n,q=0.95",0.14996340005121733,47.55210236951928,100,0.1n,0.95
classification_gini,analcatdata_cyyoung9302,"samples=10,q=0.5",0.3893666593970557,46.735910969283395,100,10,0.5
classification_gini,analcatdata_cyyoung9302,"samples=10,q=0.75",0.6869867219484016,39.42175298768471,100,10,0.75
classification_gini,analcatdata_cyyoung9302,"samples=10,q=0.9",-0.07557826543931334,32.76093664806812,100,10,0.9
classification_gini,analcatdata_cyyoung9302,"samples=10,q=0.95",-0.20301301901715085,30.30174461225623,100,10,0.95
classification_gini,analcatdata_cyyoung9302,"samples=2,q=0.5",0.004112095902270019,59.1406935702629,100,2,0.5
classification_gini,analcatdata_cyyoung9302,"samples=2,q=0.75",0.1746670521149407,56.155486990478934,100,2,0.75
classification_gini,analcatdata_cyyoung9302,"samples=2,q=0.9",-0.5152074753939084,52.25409836065574,100,2,0.9
classification_gini,analcatdata_cyyoung9302,"samples=2,q=0.95",-0.24345534461794882,50.102536463116294,100,2,0.95
classification_gini,analcatdata_cyyoung9302,"samples=ln_n,q=0.5",0.2938816974782821,54.34506980034013,100,ln_n,0.5
classification_gini,analcatdata_cyyoung9302,"samples=ln_n,q=0.75",-0.17181019502556238,48.53707803255375,100,ln_n,0.75
classification_gini,analcatdata_cyyoung9302,"samples=ln_n,q=0.9",0.1456420363710076,41.83686855228535,100,ln_n,0.9
classification_gini,analcatdata_cyyoung9302,"samples=ln_n,q=0.95",-0.11098553510078268,39.413465308114034,100,ln_n,0.95
classification_gini,analcatdata_cyyoung9302,"samples=sqrt_n,q=0.5",0.20654258358431266,58.72792435870942,100,sqrt_n,0.5
classification_gini,analcatdata_cyyoung9302,"samples=sqrt_n,q=0.75",0.4196624492176948,53.68197879858658,100,sqrt_n,0.75
classification_gini,analcatdata_cyyoung9302,"samples=sqrt_n,q=0.9",-0.034821084437619554,48.70982962221663,100,sqrt_n,0.9
classification_gini,analcatdata_cyyoung9302,"samples=sqrt_n,q=0.95",0.17838515306461966,47.94462494702641,100,sqrt_n,0.95
classification_gini,analcatdata_dmft,"samples=0.1n,q=0.5",-0.437032268539847,-4.044272226970936,100,0.1n,0.5
classification_gini,analcatdata_dmft,"samples=0.1n,q=0.75",-1.23739688560046,-4.1016179392563075,100,0.1n,0.75
classification_gini,analcatdata_dmft,"samples=0.1n,q=0.9",-1.23739688560046,-4.1016179392563075,100,0.1n,0.9
classification_gini,analcatdata_dmft,"samples=0.1n,q=0.95",-1.23739688560046,-4.1016179392563075,100,0.1n,0.95
classification_gini,analcatdata_dmft,"samples=10,q=0.5",-0.4560496566272096,-28.48218146301874,100,10,0.5
classification_gini,analcatdata_dmft,"samples=10,q=0.75",-1.2799206466154567,-26.898504078737552,100,10,0.75
classification_gini,analcatdata_dmft,"samples=10,q=0.9",-1.4497155965828359,-29.2749042492781,100,10,0.9
classification_gini,analcatdata_dmft,"samples=10,q=0.95",-1.25864458793606,-32.102807830553786,100,10,0.95
classification_gini,analcatdata_dmft,"samples=2,q=0.5",-0.545075162750551,-16.503461524520638,100,2,0.5
classification_gini,analcatdata_dmft,"samples=2,q=0.75",-1.1140051071990107,-15.380242902265351,100,2,0.75
classification_gini,analcatdata_dmft,"samples=2,q=0.9",-1.3697626475201798,-15.994890718137945,100,2,0.9
classification_gini,analcatdata_dmft,"samples=2,q=0.95",-1.321264264428025,-16.136844714043264,100,2,0.95
classification_gini,analcatdata_dmft,"samples=ln_n,q=0.5",-0.43072289819434395,-27.653241213263193,100,ln_n,0.5
classification_gini,analcatdata_dmft,"samples=ln_n,q=0.75",-1.3134169779169202,-26.17458456654269,100,ln_n,0.75
classification_gini,analcatdata_dmft,"samples=ln_n,q=0.9",-1.5040300255675807,-28.23279179587759,100,ln_n,0.9
classification_gini,analcatdata_dmft,"samples=ln_n,q=0.95",-1.5784960330975693,-31.058454774400435,100,ln_n,0.95
classification_gini,analcatdata_dmft,"samples=sqrt_n,q=0.5",-0.437032268539847,-4.044272226970936,100,sqrt_n,0.5
classification_gini,analcatdata_dmft,"samples=sqrt_n,q=0.75",-1.23739688560046,-4.1016179392563075,100,sqrt_n,0.75
classification_gini,analcatdata_dmft,"samples=sqrt_n,q=0.9",-1.23739688560046,-4.1016179392563075,100,sqrt_n,0.9
classification_gini,analcatdata_dmft,"samples=sqrt_n,q=0.95",-1.23739688560046,-4.1016179392563075,100,sqrt_n,0.95
classification_gini,analcatdata_fraud,"samples=0.1n,q=0.5",2.1356421356421293,-16.01731601731602,100,0.1n,0.5
classification_gini,analcatdata_fraud,"samples=0.1n,q=0.75",3.935786435786437,-18.181307044998785,100,0.1n,0.75
classification_gini,analcatdata_fraud,"samples=0.1n,q=0.9",3.935786435786437,-18.181307044998785,100,0.1n,0.9
classification_gini,analcatdata_fraud,"samples=0.1n,q=0.95",3.935786435786437,-18.181307044998785,100,0.1n,0.95
classification_gini,analcatdata_fraud,"samples=10,q=0.5",3.2804417804417896,-27.581934851468983,100,10,0.5
classification_gini,analcatdata_fraud,"samples=10,q=0.75",3.3924686424686437,-28.375346648801923,100,10,0.75
classification_gini,analcatdata_fraud,"samples=10,q=0.9",4.26767676767677,-30.85075079561247,100,10,0.9
classification_gini,analcatdata_fraud,"samples=10,q=0.95",4.26767676767677,-33.69490724329434,100,10,0.95
classification_gini,analcatdata_fraud,"samples=2,q=0.5",2.2068487068487075,-18.56969730104059,100,2,0.5
classification_gini,analcatdata_fraud,"samples=2,q=0.75",3.2181429681429616,-19.677544677544667,100,2,0.75
classification_gini,analcatdata_fraud,"samples=2,q=0.9",4.74120324120324,-23.616625394425306,100,2,0.9
classification_gini,analcatdata_fraud,"samples=2,q=0.95",4.591852591852591,-23.888543673695636,100,2,0.95
classification_gini,analcatdata_fraud,"samples=ln_n,q=0.5",2.8762348762348733,-23.226236119525858,100,ln_n,0.5
classification_gini,analcatdata_fraud,"samples=ln_n,q=0.75",3.9862637362637288,-24.839498763276588,100,ln_n,0.75
classification_gini,analcatdata_fraud,"samples=ln_n,q=0.9",4.761766011766016,-26.35574837310195,100,ln_n,0.9
classification_gini,analcatdata_fraud,"samples=ln_n,q=0.95",4.6647241647241655,-27.77703937531153,100,ln_n,0.95
classification_gini,analcatdata_fraud,"samples=sqrt_n,q=0.5",2.1356421356421293,-16.01731601731602,100,sqrt_n,0.5
classification_gini,analcatdata_fraud,"samples=sqrt_n,q=0.75",3.935786435786437,-18.181307044998785,100,sqrt_n,0.75
classification_gini,analcatdata_fraud,"samples=sqrt_n,q=0.9",3.935786435786437,-18.181307044998785,100,sqrt_n,0.9
classification_gini,analcatdata_fraud,"samples=sqrt_n,q=0.95",3.935786435786437,-18.181307044998785,100,sqrt_n,0.95
classification_gini,analcatdata_germangss,"samples=0.1n,q=0.5",0.23225214286971274,11.677058947735647,100,0.1n,0.5
classification_gini,analcatdata_germangss,"samples=0.1n,q=0.75",0.568140674569359,11.411460019423753,100,0.1n,0.75
classification_gini,analcatdata_germangss,"samples=0.1n,q=0.9",0.7177151014276933,10.890692478570507,100,0.1n,0.9
classification_gini,analcatdata_germangss,"samples=0.1n,q=0.95",0.047775629690710586,10.90143493003875,100,0.1n,0.95
classification_gini,analcatdata_germangss,"samples=10,q=0.5",0.47813099931326986,-7.74079044253746,100,10,0.5
classification_gini,analcatdata_germangss,"samples=10,q=0.75",0.5530108924365229,-7.5234732571297975,100,10,0.75
classification_gini,analcatdata_germangss,"samples=10,q=0.9",0.4782728565671718,-10.448034289803864,100,10,0.9
classification_gini,analcatdata_germangss,"samples=10,q=0.95",0.5422780743121886,-11.884151190960502,100,10,0.95
classification_gini,analcatdata_germangss,"samples=2,q=0.5",0.3064254884478895,4.760767750867728,100,2,0.5
classification_gini,analcatdata_germangss,"samples=2,q=0.75",0.5659294719223745,4.387562912496001,100,2,0.75
classification_gini,analcatdata_germangss,"samples=2,q=0.9",0.4655867896070892,1.607811198344239,100,2,0.9
classification_gini,analcatdata_germangss,"samples=2,q=0.95",0.16816724796391846,0.3886797437681333,100,2,0.95
classification_gini,analcatdata_germangss,"samples=ln_n,q=0.5",0.1610284471677742,-4.937384338313933,100,ln_n,0.5
classification_gini,analcatdata_germangss,"samples=ln_n,q=0.75",0.2741154750512842,-5.025943639922604,100,ln_n,0.75
classification_gini,analcatdata_germangss,"samples=ln_n,q=0.9",0.2454099182785885,-7.587538819997707,100,ln_n,0.9
classification_gini,analcatdata_germangss,"samples=ln_n,q=0.95",-0.11190404437585733,-9.412127148511019,100,ln_n,0.95
classification_gini,analcatdata_germangss,"samples=sqrt_n,q=0.5",0.023561485620690603,11.839767713199167,100,sqrt_n,0.5
classification_gini,analcatdata_germangss,"samples=sqrt_n,q=0.75",0.31849003682351273,12.409994008152342,100,sqrt_n,0.75
classification_gini,analcatdata_germangss,"samples=sqrt_n,q=0.9",-0.16158510557139627,11.996398614884097,100,sqrt_n,0.9
classification_gini,analcatdata_germangss,"samples=sqrt_n,q=0.95",0.29624248383798846,11.457909970405527,100,sqrt_n,0.95
classification_gini,analcatdata_happiness,"samples=0.1n,q=0.5",-4.563547563547571,13.720424983387531,100,0.1n,0.5
classification_gini,analcatdata_happiness,"samples=0.1n,q=0.75",-4.52380952380953,13.379432180228834,100,0.1n,0.75
classification_gini,analcatdata_happiness,"samples=0.1n,q=0.9",-4.1922151922151905,12.591636666567496,100,0.1n,0.9
classification_gini,analcatdata_happiness,"samples=0.1n,q=0.95",-4.058552558552564,12.478494611710639,100,0.1n,0.95
classification_gini,analcatdata_happiness,"samples=10,q=0.5",-4.85281385281385,-5.765789785519615,100,10,0.5
classification_gini,analcatdata_happiness,"samples=10,q=0.75",-4.71139971139972,-5.841941645533377,100,10,0.75
classification_gini,analcatdata_happiness,"samples=10,q=0.9",-5.367724867724874,-8.053500326800533,100,10,0.9
classification_gini,analcatdata_happiness,"samples=10,q=0.95",-4.206293706293707,-11.379393117860515,100,10,0.95
classification_gini,analcatdata_happiness,"samples=2,q=0.5",-5.04273504273505,7.27820844099914,100,2,0.5
classification_gini,analcatdata_happiness,"samples=2,q=0.75",-4.97162097162098,7.586212534343446,100,2,0.75
classification_gini,analcatdata_happiness,"samples=2,q=0.9",-4.236781736781742,4.6940471244584225,100,2,0.9
classification_gini,analcatdata_happiness,"samples=2,q=0.95",-4.2020202020202095,4.469479052629555,100,2,0.95
classification_gini,analcatdata_happiness,"samples=ln_n,q=0.5",-4.9450549450549435,0.5183586280401775,100,ln_n,0.5
classification_gini,analcatdata_happiness,"samples=ln_n,q=0.75",-5.141636141636144,1.42317029993424,100,ln_n,0.75
classification_gini,analcatdata_happiness,"samples=ln_n,q=0.9",-5.015928515928511,-1.6831579888534454,100,ln_n,0.9
classification_gini,analcatdata_happiness,"samples=ln_n,q=0.95",-3.709771709771714,-4.191875540190148,100,ln_n,0.95
classification_gini,analcatdata_happiness,"samples=sqrt_n,q=0.5",-5.32051282051283,12.921348314606746,100,sqrt_n,0.5
classification_gini,analcatdata_happiness,"samples=sqrt_n,q=0.75",-5.677489177489173,12.951861883146371,100,sqrt_n,0.75
classification_gini,analcatdata_happiness,"samples=sqrt_n,q=0.9",-5.53872053872054,11.946732361696943,100,sqrt_n,0.9
classification_gini,analcatdata_happiness,"samples=sqrt_n,q=0.95",-5.649110149110154,11.019878997407083,100,sqrt_n,0.95
classification_gini,analcatdata_japansolvent,"samples=0.1n,q=0.5",-2.4238816738816613,67.20250420826895,100,0.1n,0.5
classification_gini,analcatdata_japansolvent,"samples=0.1n,q=0.75",-2.160866910866904,64.79411764705883,100,0.1n,0.75
classification_gini,analcatdata_japansolvent,"samples=0.1n,q=0.9",-1.6224331224331145,62.164287745674514,100,0.1n,0.9
classification_gini,analcatdata_japansolvent,"samples=0.1n,q=0.95",-1.9415584415584386,60.26470588235294,100,0.1n,0.95
classification_gini,analcatdata_japansolvent,"samples=10,q=0.5",-0.9951159951159916,52.450980392156865,100,10,0.5
classification_gini,analcatdata_japansolvent,"samples=10,q=0.75",-1.822094572094557,48.19642815966057,100,10,0.75
classification_gini,analcatdata_japansolvent,"samples=10,q=0.9",-1.8992951492951493,44.303921568627445,100,10,0.9
classification_gini,analcatdata_japansolvent,"samples=10,q=0.95",-1.609113109113114,42.17953743629948,100,10,0.95
classification_gini,analcatdata_japansolvent,"samples=2,q=0.5",-0.41866466866466445,66.12745098039215,100,2,0.5
classification_gini,analcatdata_japansolvent,"samples=2,q=0.75",-1.5066600066600044,63.15431472471387,100,2,0.75
classification_gini,analcatdata_japansolvent,"samples=2,q=0.9",-0.059995559995551506,60.20390312142105,100,2,0.9
classification_gini,analcatdata_japansolvent,"samples=2,q=0.95",-0.38467088467089017,59.93137254901961,100,2,0.95
classification_gini,analcatdata_japansolvent,"samples=ln_n,q=0.5",-0.5377400377400476,61.549019607843135,100,ln_n,0.5
classification_gini,analcatdata_japansolvent,"samples=ln_n,q=0.75",-0.323953823953832,57.851400066102485,100,ln_n,0.75
classification_gini,analcatdata_japansolvent,"samples=ln_n,q=0.9",-1.6292041292041315,53.66595568058662,100,ln_n,0.9
classification_gini,analcatdata_japansolvent,"samples=ln_n,q=0.95",-0.7605172605172461,51.49974250774399,100,ln_n,0.95
classification_gini,analcatdata_japansolvent,"samples=sqrt_n,q=0.5",-1.599816849816843,64.73529411764706,100,sqrt_n,0.5
classification_gini,analcatdata_japansolvent,"samples=sqrt_n,q=0.75",-2.0352147852147837,61.77218084411342,100,sqrt_n,0.75
classification_gini,analcatdata_japansolvent,"samples=sqrt_n,q=0.9",-0.6558441558441541,58.6061598296708,100,sqrt_n,0.9
classification_gini,analcatdata_japansolvent,"samples=sqrt_n,q=0.95",-0.383394383394392,57.212857702861626,100,sqrt_n,0.95
classification_gini,analcatdata_lawsuit,"samples=0.1n,q=0.5",0.346395952056322,39.622641509433954,100,0.1n,0.5
classification_gini,analcatdata_lawsuit,"samples=0.1n,q=0.75",0.2105672105672196,39.287589191413204,100,0.1n,0.75
classification_gini,analcatdata_lawsuit,"samples=0.1n,q=0.9",0.1910876520199556,40.46159140810012,100,0.1n,0.9
classification_gini,analcatdata_lawsuit,"samples=0.1n,q=0.95",0.2602247391186363,42.34548516036935,100,0.1n,0.95
classification_gini,analcatdata_lawsuit,"samples=10,q=0.5",0.2931359251372667,27.633364739331213,100,10,0.5
classification_gini,analcatdata_lawsuit,"samples=10,q=0.75",0.129919823908059,25.72690398367679,100,10,0.75
classification_gini,analcatdata_lawsuit,"samples=10,q=0.9",0.009363801816630879,24.86049002849679,100,10,0.9
classification_gini,analcatdata_lawsuit,"samples=10,q=0.95",0.16206966591738592,28.109356950327296,100,10,0.95
classification_gini,analcatdata_lawsuit,"samples=2,q=0.5",0.09627293839633011,39.988448209472466,100,2,0.5
classification_gini,analcatdata_lawsuit,"samples=2,q=0.75",0.003166056033310216,39.58413554100885,100,2,0.75
classification_gini,analcatdata_lawsuit,"samples=2,q=0.9",0.3164795872351578,41.055297893207346,100,2,0.9
classification_gini,analcatdata_lawsuit,"samples=2,q=0.95",0.3510998282282296,37.184661927683536,100,2,0.95
classification_gini,analcatdata_lawsuit,"samples=ln_n,q=0.5",0.0867898424470881,29.75166765255394,100,ln_n,0.5
classification_gini,analcatdata_lawsuit,"samples=ln_n,q=0.75",0.21056721056721406,31.92753669191606,100,ln_n,0.75
classification_gini,analcatdata_lawsuit,"samples=ln_n,q=0.9",0.08725738977325426,33.05084745762713,100,ln_n,0.9
classification_gini,analcatdata_lawsuit,"samples=ln_n,q=0.95",0.16036363622214944,33.577204466692336,100,ln_n,0.95
classification_gini,analcatdata_lawsuit,"samples=sqrt_n,q=0.5",0.2754696391010669,39.00670006915359,100,sqrt_n,0.5
classification_gini,analcatdata_lawsuit,"samples=sqrt_n,q=0.75",0.2598764859250535,34.96341932999615,100,sqrt_n,0.75
classification_gini,analcatdata_lawsuit,"samples=sqrt_n,q=0.9",0.47054915734160985,38.34465242805476,100,sqrt_n,0.9
classification_gini,analcatdata_lawsuit,"samples=sqrt_n,q=0.95",0.4458417892380273,39.564882556796306,100,sqrt_n,0.95
classification_gini,ann_thyroid,"samples=0.1n,q=0.5",0.5023895409143997,10.907289455060155,100,0.1n,0.5
classification_gini,ann_thyroid,"samples=0.1n,q=0.75",0.41688273221101024,16.535020667006393,100,0.1n,0.75
classification_gini,ann_thyroid,"samples=0.1n,q=0.9",0.4032344980286151,15.98754451583661,100,0.1n,0.9
classification_gini,ann_thyroid,"samples=0.1n,q=0.95",0.35280996047498125,17.40315982904785,100,0.1n,0.95
classification_gini,ann_thyroid,"samples=10,q=0.5",0.5466647377170952,-2.4981829181439097,100,10,0.5
classification_gini,ann_thyroid,"samples=10,q=0.75",0.44144579323123767,2.283119211957041,100,10,0.75
classification_gini,ann_thyroid,"samples=10,q=0.9",0.3717046661780521,7.342244369898749,100,10,0.9
classification_gini,ann_thyroid,"samples=10,q=0.95",0.35167573453477874,8.3861643589482,100,10,0.95
classification_gini,ann_thyroid,"samples=2,q=0.5",0.5949415782486311,11.812583708729967,100,2,0.5
classification_gini,ann_thyroid,"samples=2,q=0.75",0.5731041406896786,11.401743210266574,100,2,0.75
classification_gini,ann_thyroid,"samples=2,q=0.9",0.4907549269006273,11.591701289828816,100,2,0.9
classification_gini,ann_thyroid,"samples=2,q=0.95",0.5078406610993014,7.047616351489072,100,2,0.95
classification_gini,ann_thyroid,"samples=ln_n,q=0.5",0.5269966198652776,-0.1882462567750598,100,ln_n,0.5
classification_gini,ann_thyroid,"samples=ln_n,q=0.75",0.3968802301450025,9.702900810317004,100,ln_n,0.75
classification_gini,ann_thyroid,"samples=ln_n,q=0.9",0.3600184179761323,10.223495546984289,100,ln_n,0.9
classification_gini,ann_thyroid,"samples=ln_n,q=0.95",0.3263706300855429,7.070063900276979,100,ln_n,0.95
classification_gini,ann_thyroid,"samples=sqrt_n,q=0.5",0.5421444367285089,18.235856200719866,100,sqrt_n,0.5
classification_gini,ann_thyroid,"samples=sqrt_n,q=0.75",0.524851530001369,21.64786271709156,100,sqrt_n,0.75
classification_gini,ann_thyroid,"samples=sqrt_n,q=0.9",0.5304401289399185,22.91938227680958,100,sqrt_n,0.9
classification_gini,ann_thyroid,"samples=sqrt_n,q=0.95",0.5763260334587794,21.135500501805424,100,sqrt_n,0.95
classification_gini,appendicitis,"samples=0.1n,q=0.5",-0.781705301866592,58.56253493442262,100,0.1n,0.5
classification_gini,appendicitis,"samples=0.1n,q=0.75",-1.1119952542763656,52.65841610848976,100,0.1n,0.75
classification_gini,appendicitis,"samples=0.1n,q=0.9",-0.9109508817301049,48.030857043262806,100,0.1n,0.9
classification_gini,appendicitis,"samples=0.1n,q=0.95",-0.7225480612577384,45.29224153772398,100,0.1n,0.95
classification_gini,appendicitis,"samples=10,q=0.5",-0.5255102040816362,45.51072577452942,100,10,0.5
classification_gini,appendicitis,"samples=10,q=0.75",-1.0018810554524804,38.40691183157732,100,10,0.75
classification_gini,appendicitis,"samples=10,q=0.9",-0.6263656977942678,32.7757121210192,100,10,0.9
classification_gini,appendicitis,"samples=10,q=0.95",0.05309818616270334,29.776532539069834,100,10,0.95
classification_gini,appendicitis,"samples=2,q=0.5",-1.0998341989125415,58.50746665940688,100,2,0.5
classification_gini,appendicitis,"samples=2,q=0.75",-1.1149848828420295,55.17016635709092,100,2,0.75
classification_gini,appendicitis,"samples=2,q=0.9",-1.4251708992492451,52.0225176174408,100,2,0.9
classification_gini,appendicitis,"samples=2,q=0.95",-1.0994728440266666,50.15239867249626,100,2,0.95
classification_gini,appendicitis,"samples=ln_n,q=0.5",-0.8244949494949472,52.78335596094985,100,ln_n,0.5
classification_gini,appendicitis,"samples=ln_n,q=0.75",-1.2317992853707105,45.80849948454353,100,ln_n,0.75
classification_gini,appendicitis,"samples=ln_n,q=0.9",-0.5352332852332831,41.994859092054355,100,ln_n,0.9
classification_gini,appendicitis,"samples=ln_n,q=0.95",-0.7189497010925583,38.58168533466337,100,ln_n,0.95
classification_gini,appendicitis,"samples=sqrt_n,q=0.5",-0.9753659039373419,58.29005519545309,100,sqrt_n,0.5
classification_gini,appendicitis,"samples=sqrt_n,q=0.75",-1.2633266805344767,52.7375404573402,100,sqrt_n,0.75
classification_gini,appendicitis,"samples=sqrt_n,q=0.9",-1.3626743626743654,48.007512727690035,100,sqrt_n,0.9
classification_gini,appendicitis,"samples=sqrt_n,q=0.95",-1.1389060674774965,45.77494694141288,100,sqrt_n,0.95
classification_gini,backache,"samples=0.1n,q=0.5",1.5419647609403786,43.331712809492316,100,0.1n,0.5
classification_gini,backache,"samples=0.1n,q=0.75",1.4189850107234336,44.51349548731848,100,0.1n,0.75
classification_gini,backache,"samples=0.1n,q=0.9",1.6829126224092439,42.31769336262899,100,0.1n,0.9
classification_gini,backache,"samples=0.1n,q=0.95",1.2481373753841007,41.62965747362577,100,0.1n,0.95
classification_gini,backache,"samples=10,q=0.5",1.7478424878555165,30.049092850538834,100,10,0.5
classification_gini,backache,"samples=10,q=0.75",1.8806597510541312,30.260039078160943,100,10,0.75
classification_gini,backache,"samples=10,q=0.9",1.5769088990698343,27.638739890015216,100,10,0.9
classification_gini,backache,"samples=10,q=0.95",2.0830461607844297,26.705321492197143,100,10,0.95
classification_gini,backache,"samples=2,q=0.5",1.3676340182393887,40.91682131893661,100,2,0.5
classification_gini,backache,"samples=2,q=0.75",1.3743584512027174,42.56208432485204,100,2,0.75
classification_gini,backache,"samples=2,q=0.9",2.3475479728808866,39.70535157594104,100,2,0.9
classification_gini,backache,"samples=2,q=0.95",2.3689096145768085,39.139928121400956,100,2,0.95
classification_gini,backache,"samples=ln_n,q=0.5",1.637115485682794,35.52716089488569,100,ln_n,0.5
classification_gini,backache,"samples=ln_n,q=0.75",1.4367146513306561,35.18225816861119,100,ln_n,0.75
classification_gini,backache,"samples=ln_n,q=0.9",1.6001733750733882,33.63472692410369,100,ln_n,0.9
classification_gini,backache,"samples=ln_n,q=0.95",2.0263475906044217,31.703716344649372,100,ln_n,0.95
classification_gini,backache,"samples=sqrt_n,q=0.5",1.7362571609722544,44.73020125160553,100,sqrt_n,0.5
classification_gini,backache,"samples=sqrt_n,q=0.75",1.7815526880994192,45.81455430724308,100,sqrt_n,0.75
classification_gini,backache,"samples=sqrt_n,q=0.9",1.434925899543088,44.407369811787376,100,sqrt_n,0.9
classification_gini,backache,"samples=sqrt_n,q=0.95",1.2669977373516383,43.63974647667524,100,sqrt_n,0.95
classification_gini,balance_scale,"samples=0.1n,q=0.5",-1.156078934475424,-0.20279862930994152,100,0.1n,0.5
classification_gini,balance_scale,"samples=0.1n,q=0.75",-1.2132242757742384,-2.922077922077926,100,0.1n,0.75
classification_gini,balance_scale,"samples=0.1n,q=0.9",-1.2132242757742384,-2.922077922077926,100,0.1n,0.9
classification_gini,balance_scale,"samples=0.1n,q=0.95",-1.2132242757742384,-2.922077922077926,100,0.1n,0.95
classification_gini,balance_scale,"samples=10,q=0.5",-1.6100794587099065,-16.524730840472333,100,10,0.5
classification_gini,balance_scale,"samples=10,q=0.75",-0.18684389249787325,-19.797163501543057,100,10,0.75
classification_gini,balance_scale,"samples=10,q=0.9",0.48432464901588257,-32.454399311151136,100,10,0.9
classification_gini,balance_scale,"samples=10,q=0.95",1.0352167673893964,-39.7888753552578,100,10,0.95
classification_gini,balance_scale,"samples=2,q=0.5",-1.3531610584447074,-10.75050709939147,100,2,0.5
classification_gini,balance_scale,"samples=2,q=0.75",-1.2142794285566083,-12.854825628548273,100,2,0.75
classification_gini,balance_scale,"samples=2,q=0.9",1.0018562694091682,-24.21967937367977,100,2,0.9
classification_gini,balance_scale,"samples=2,q=0.95",1.3143775971177774,-25.141934385819795,100,2,0.95
classification_gini,balance_scale,"samples=ln_n,q=0.5",-1.6100794587099065,-16.524730840472333,100,ln_n,0.5
classification_gini,balance_scale,"samples=ln_n,q=0.75",-0.18684389249787325,-19.797163501543057,100,ln_n,0.75
classification_gini,balance_scale,"samples=ln_n,q=0.9",0.48432464901588257,-32.454399311151136,100,ln_n,0.9
classification_gini,balance_scale,"samples=ln_n,q=0.95",1.0352167673893964,-39.7888753552578,100,ln_n,0.95
classification_gini,balance_scale,"samples=sqrt_n,q=0.5",-1.156078934475424,-0.20279862930994152,100,sqrt_n,0.5
classification_gini,balance_scale,"samples=sqrt_n,q=0.75",-1.2132242757742384,-2.922077922077926,100,sqrt_n,0.75
classification_gini,balance_scale,"samples=sqrt_n,q=0.9",-1.2132242757742384,-2.922077922077926,100,sqrt_n,0.9
classification_gini,balance_scale,"samples=sqrt_n,q=0.95",-1.2132242757742384,-2.922077922077926,100,sqrt_n,0.95
classification_gini,biomed,"samples=0.1n,q=0.5",1.224595004705581,56.88827508955451,100,0.1n,0.5
classification_gini,biomed,"samples=0.1n,q=0.75",1.8449834196195558,52.01849012235847,100,0.1n,0.75
classification_gini,biomed,"samples=0.1n,q=0.9",2.0337420549427554,47.19074744831031,100,0.1n,0.9
classification_gini,biomed,"samples=0.1n,q=0.95",1.569880290812553,44.659043097604595,100,0.1n,0.95
classification_gini,biomed,"samples=10,q=0.5",1.3289561829656016,47.831969846734985,100,10,0.5
classification_gini,biomed,"samples=10,q=0.75",1.3749981923536048,42.39853461639119,100,10,0.75
classification_gini,biomed,"samples=10,q=0.9",1.6664677970860409,36.36494236159983,100,10,0.9
classification_gini,biomed,"samples=10,q=0.95",1.5368384507439437,33.68633272060477,100,10,0.95
classification_gini,biomed,"samples=2,q=0.5",1.4102586788458382,56.611428003669715,100,2,0.5
classification_gini,biomed,"samples=2,q=0.75",2.1763427212498243,53.354937419884685,100,2,0.75
classification_gini,biomed,"samples=2,q=0.9",2.18482954259811,50.13669115241363,100,2,0.9
classification_gini,biomed,"samples=2,q=0.95",2.475715440399351,47.960187775142174,100,2,0.95
classification_gini,biomed,"samples=ln_n,q=0.5",2.1646782761589822,53.48709083789256,100,ln_n,0.5
classification_gini,biomed,"samples=ln_n,q=0.75",1.8076250472153388,48.37401460323262,100,ln_n,0.75
classification_gini,biomed,"samples=ln_n,q=0.9",2.3132930979002375,43.656449306956794,100,ln_n,0.9
classification_gini,biomed,"samples=ln_n,q=0.95",1.4456010132870178,39.52899858246272,100,ln_n,0.95
classification_gini,biomed,"samples=sqrt_n,q=0.5",1.5829568638398461,58.28438333122733,100,sqrt_n,0.5
classification_gini,biomed,"samples=sqrt_n,q=0.75",1.8154677945039166,53.48943224135019,100,sqrt_n,0.75
classification_gini,biomed,"samples=sqrt_n,q=0.9",2.428149378254496,50.48217796150814,100,sqrt_n,0.9
classification_gini,biomed,"samples=sqrt_n,q=0.95",1.9934883101494993,47.505504092299375,100,sqrt_n,0.95
classification_gini,breast_cancer,"samples=0.1n,q=0.5",-1.1480105995009315,10.786875290151649,100,0.1n,0.5
classification_gini,breast_cancer,"samples=0.1n,q=0.75",-1.4036723002340434,9.507091624871922,100,0.1n,0.75
classification_gini,breast_cancer,"samples=0.1n,q=0.9",-1.4036723002340434,9.507091624871922,100,0.1n,0.9
classification_gini,breast_cancer,"samples=0.1n,q=0.95",-1.4036723002340434,9.507091624871922,100,0.1n,0.95
classification_gini,breast_cancer,"samples=10,q=0.5",-0.9979289074101672,-12.433171673464315,100,10,0.5
classification_gini,breast_cancer,"samples=10,q=0.75",-1.823150927670647,-13.584896301253213,100,10,0.75
classification_gini,breast_cancer,"samples=10,q=0.9",-1.8489816744449106,-15.556809400472616,100,10,0.9
classification_gini,breast_cancer,"samples=10,q=0.95",-2.1944966128629675,-17.68569593052878,100,10,0.95
classification_gini,breast_cancer,"samples=2,q=0.5",-0.6597333501567992,-0.374239755582062,100,2,0.5
classification_gini,breast_cancer,"samples=2,q=0.75",-1.2315738434363177,-1.085118722247136,100,2,0.75
classification_gini,breast_cancer,"samples=2,q=0.9",-2.4960919764244807,-4.269935365563427,100,2,0.9
classification_gini,breast_cancer,"samples=2,q=0.95",-2.225921541114145,-4.591362633828522,100,2,0.95
classification_gini,breast_cancer,"samples=ln_n,q=0.5",-0.6425257961150288,-11.45092108689063,100,ln_n,0.5
classification_gini,breast_cancer,"samples=ln_n,q=0.75",-1.6621075355843618,-12.334955907750146,100,ln_n,0.75
classification_gini,breast_cancer,"samples=ln_n,q=0.9",-2.026066356303302,-14.698843448277067,100,ln_n,0.9
classification_gini,breast_cancer,"samples=ln_n,q=0.95",-2.198944430656935,-16.876350954373834,100,ln_n,0.95
classification_gini,breast_cancer,"samples=sqrt_n,q=0.5",-1.1480105995009315,10.786875290151649,100,sqrt_n,0.5
classification_gini,breast_cancer,"samples=sqrt_n,q=0.75",-1.4036723002340434,9.507091624871922,100,sqrt_n,0.75
classification_gini,breast_cancer,"samples=sqrt_n,q=0.9",-1.4036723002340434,9.507091624871922,100,sqrt_n,0.9
classification_gini,breast_cancer,"samples=sqrt_n,q=0.95",-1.4036723002340434,9.507091624871922,100,sqrt_n,0.95
classification_gini,bupa,"samples=0.1n,q=0.5",0.9008333930948575,48.17568490493427,100,0.1n,0.5
classification_gini,bupa,"samples=0.1n,q=0.75",0.9642872455750628,43.91164922516103,100,0.1n,0.75
classification_gini,bupa,"samples=0.1n,q=0.9",0.9684751383340628,40.84828201441115,100,0.1n,0.9
classification_gini,bupa,"samples=0.1n,q=0.95",0.8396496199994608,39.70706066636681,100,0.1n,0.95
classification_gini,bupa,"samples=10,q=0.5",1.0775729194768657,26.065523046373364,100,10,0.5
classification_gini,bupa,"samples=10,q=0.75",0.48171234286884523,19.380332709886375,100,10,0.75
classification_gini,bupa,"samples=10,q=0.9",0.5007334685790177,14.42597657369048,100,10,0.9
classification_gini,bupa,"samples=10,q=0.95",0.1882170742932454,10.687889250363908,100,10,0.95
classification_gini,bupa,"samples=2,q=0.5",1.143022883200473,44.560429801602695,100,2,0.5
classification_gini,bupa,"samples=2,q=0.75",1.017093915286249,41.65293803804458,100,2,0.75
classification_gini,bupa,"samples=2,q=0.9",0.21344911057486482,36.37330607962418,100,2,0.9
classification_gini,bupa,"samples=2,q=0.95",0.833755705824496,35.652410232533754,100,2,0.95
classification_gini,bupa,"samples=ln_n,q=0.5",1.076529111022967,32.84981611059182,100,ln_n,0.5
classification_gini,bupa,"samples=ln_n,q=0.75",0.7186283176916719,26.496827766295446,100,ln_n,0.75
classification_gini,bupa,"samples=ln_n,q=0.9",0.5678543440340522,22.056896644206642,100,ln_n,0.9
classification_gini,bupa,"samples=ln_n,q=0.95",-0.07069414768786086,18.55408718168526,100,ln_n,0.95
classification_gini,bupa,"samples=sqrt_n,q=0.5",1.1673521353736116,49.53031483694242,100,sqrt_n,0.5
classification_gini,bupa,"samples=sqrt_n,q=0.75",0.9131522491786559,47.17021934945891,100,sqrt_n,0.75
classification_gini,bupa,"samples=sqrt_n,q=0.9",0.7934022692058285,45.56022629563188,100,sqrt_n,0.9
classification_gini,bupa,"samples=sqrt_n,q=0.95",0.5516122842127602,44.54833408147164,100,sqrt_n,0.95
classification_gini,calendarDOW,"samples=0.1n,q=0.5",-1.8827466295200324,39.504885476228885,100,0.1n,0.5
classification_gini,calendarDOW,"samples=0.1n,q=0.75",-1.8379597753366839,37.46203362253898,100,0.1n,0.75
classification_gini,calendarDOW,"samples=0.1n,q=0.9",-1.9507887565400395,35.96113040373822,100,0.1n,0.9
classification_gini,calendarDOW,"samples=0.1n,q=0.95",-2.100093525299196,35.45792038793379,100,0.1n,0.95
classification_gini,calendarDOW,"samples=10,q=0.5",-2.1636350870846757,15.861219937552363,100,10,0.5
classification_gini,calendarDOW,"samples=10,q=0.75",-1.5614078787519414,10.400254430359297,100,10,0.75
classification_gini,calendarDOW,"samples=10,q=0.9",-1.7774443762993808,7.19075796257277,100,10,0.9
classification_gini,calendarDOW,"samples=10,q=0.95",-2.0114303395642574,6.625271772483249,100,10,0.95
classification_gini,calendarDOW,"samples=2,q=0.5",-1.5955305330733305,30.20266336878799,100,2,0.5
classification_gini,calendarDOW,"samples=2,q=0.75",-1.8478493999934786,27.994220632730343,100,2,0.75
classification_gini,calendarDOW,"samples=2,q=0.9",-2.0707189774501646,26.464826563527943,100,2,0.9
classification_gini,calendarDOW,"samples=2,q=0.95",-2.3849272152617953,25.827064426824602,100,2,0.95
classification_gini,calendarDOW,"samples=ln_n,q=0.5",-1.7962582087090062,19.6123283170969,100,ln_n,0.5
classification_gini,calendarDOW,"samples=ln_n,q=0.75",-1.8650006152363119,14.561081798804443,100,ln_n,0.75
classification_gini,calendarDOW,"samples=ln_n,q=0.9",-2.204160866760063,12.082089014221781,100,ln_n,0.9
classification_gini,calendarDOW,"samples=ln_n,q=0.95",-2.2415571918221078,10.539327464372272,100,ln_n,0.95
classification_gini,calendarDOW,"samples=sqrt_n,q=0.5",-1.729751337720059,39.60674646715689,100,sqrt_n,0.5
classification_gini,calendarDOW,"samples=sqrt_n,q=0.75",-2.0309721390623148,38.497626639990315,100,sqrt_n,0.75
classification_gini,calendarDOW,"samples=sqrt_n,q=0.9",-1.784912340847855,37.79959521072563,100,sqrt_n,0.9
classification_gini,calendarDOW,"samples=sqrt_n,q=0.95",-1.9183950685427886,37.473328730252604,100,sqrt_n,0.95
classification_gini,car_evaluation,"samples=0.1n,q=0.5",-1.297786352283381,-9.802333080316638,100,0.1n,0.5
classification_gini,car_evaluation,"samples=0.1n,q=0.75",-0.339326976584825,-18.930444214589482,100,0.1n,0.75
classification_gini,car_evaluation,"samples=0.1n,q=0.9",-0.339326976584825,-18.930444214589482,100,0.1n,0.9
classification_gini,car_evaluation,"samples=0.1n,q=0.95",-0.339326976584825,-18.930444214589482,100,0.1n,0.95
classification_gini,car_evaluation,"samples=10,q=0.5",-1.3031369842049612,-23.746058720333085,100,10,0.5
classification_gini,car_evaluation,"samples=10,q=0.75",0.16780854233083287,-29.53879175550818,100,10,0.75
classification_gini,car_evaluation,"samples=10,q=0.9",0.7568382505479976,-62.52670940170941,100,10,0.9
classification_gini,car_evaluation,"samples=10,q=0.95",0.488360913061231,-81.57333333333332,100,10,0.95
classification_gini,car_evaluation,"samples=2,q=0.5",-1.4835743958714898,-18.813474107591755,100,2,0.5
classification_gini,car_evaluation,"samples=2,q=0.75",-0.7834093504692441,-25.30666701558557,100,2,0.75
classification_gini,car_evaluation,"samples=2,q=0.9",1.4275595146882702,-64.75453575240127,100,2,0.9
classification_gini,car_evaluation,"samples=2,q=0.95",1.5078852705281587,-66.06223982855845,100,2,0.95
classification_gini,car_evaluation,"samples=ln_n,q=0.5",-1.3031369842049612,-23.746058720333085,100,ln_n,0.5
classification_gini,car_evaluation,"samples=ln_n,q=0.75",0.16780854233083287,-29.53879175550818,100,ln_n,0.75
classification_gini,car_evaluation,"samples=ln_n,q=0.9",0.7568382505479976,-62.52670940170941,100,ln_n,0.9
classification_gini,car_evaluation,"samples=ln_n,q=0.95",0.488360913061231,-81.57333333333332,100,ln_n,0.95
classification_gini,car_evaluation,"samples=sqrt_n,q=0.5",-1.297786352283381,-9.802333080316638,100,sqrt_n,0.5
classification_gini,car_evaluation,"samples=sqrt_n,q=0.75",-0.339326976584825,-18.930444214589482,100,sqrt_n,0.75
classification_gini,car_evaluation,"samples=sqrt_n,q=0.9",-0.339326976584825,-18.930444214589482,100,sqrt_n,0.9
classification_gini,car_evaluation,"samples=sqrt_n,q=0.95",-0.339326976584825,-18.930444214589482,100,sqrt_n,0.95
classification_gini,cars,"samples=0.1n,q=0.5",3.5434394942237546,52.887569607309615,100,0.1n,0.5
classification_gini,cars,"samples=0.1n,q=0.75",2.9960123189842314,49.07254293777849,100,0.1n,0.75
classification_gini,cars,"samples=0.1n,q=0.9",2.17487101984174,47.030923174392946,100,0.1n,0.9
classification_gini,cars,"samples=0.1n,q=0.95",2.68554753579644,45.795556372881215,100,0.1n,0.95
classification_gini,cars,"samples=10,q=0.5",2.648742036805057,37.392920362559366,100,10,0.5
classification_gini,cars,"samples=10,q=0.75",1.5353458273054787,32.28790864355531,100,10,0.75
classification_gini,cars,"samples=10,q=0.9",1.590895848684848,29.274626808892073,100,10,0.9
classification_gini,cars,"samples=10,q=0.95",1.6778146213996203,26.54564132701404,100,10,0.95
classification_gini,cars,"samples=2,q=0.5",2.703552279050153,50.76842985866603,100,2,0.5
classification_gini,cars,"samples=2,q=0.75",1.9203825916780937,48.725636527955196,100,2,0.75
classification_gini,cars,"samples=2,q=0.9",3.06417739266045,44.79683077747767,100,2,0.9
classification_gini,cars,"samples=2,q=0.95",2.910873595201735,44.0552488164096,100,2,0.95
classification_gini,cars,"samples=ln_n,q=0.5",3.344554215622497,42.451192210850635,100,ln_n,0.5
classification_gini,cars,"samples=ln_n,q=0.75",1.8084836981585029,37.813343126296644,100,ln_n,0.75
classification_gini,cars,"samples=ln_n,q=0.9",2.030142491060799,34.824567819183585,100,ln_n,0.9
classification_gini,cars,"samples=ln_n,q=0.95",2.103033352485312,32.321766249522625,100,ln_n,0.95
classification_gini,cars,"samples=sqrt_n,q=0.5",3.8036494474323113,53.34891481141067,100,sqrt_n,0.5
classification_gini,cars,"samples=sqrt_n,q=0.75",3.1343658700662247,51.24749513205202,100,sqrt_n,0.75
classification_gini,cars,"samples=sqrt_n,q=0.9",2.5936435621718656,49.42993920802245,100,sqrt_n,0.9
classification_gini,cars,"samples=sqrt_n,q=0.95",2.8852365203593022,47.90630017232329,100,sqrt_n,0.95
classification_gini,chess,"samples=0.1n,q=0.5",0.031396001432149045,-35.11348464619495,100,0.1n,0.5
classification_gini,chess,"samples=0.1n,q=0.75",0.28176896375476934,-53.196897916678,100,0.1n,0.75
classification_gini,chess,"samples=0.1n,q=0.9",0.28176896375476934,-53.196897916678,100,0.1n,0.9
classification_gini,chess,"samples=0.1n,q=0.95",0.28176896375476934,-53.196897916678,100,0.1n,0.95
classification_gini,chess,"samples=10,q=0.5",0.0314133601705735,-35.95817713631992,100,10,0.5
classification_gini,chess,"samples=10,q=0.75",0.3129210855691178,-54.75690076237521,100,10,0.75
classification_gini,chess,"samples=10,q=0.9",0.3131261381098649,-59.7934089050536,100,10,0.9
classification_gini,chess,"samples=10,q=0.95",0.3131261381098649,-59.7934089050536,100,10,0.95
classification_gini,chess,"samples=2,q=0.5",0.0314133601705735,-35.95817713631992,100,2,0.5
classification_gini,chess,"samples=2,q=0.75",0.3129210855691178,-54.75690076237521,100,2,0.75
classification_gini,chess,"samples=2,q=0.9",0.3131261381098649,-59.7934089050536,100,2,0.9
classification_gini,chess,"samples=2,q=0.95",0.3131261381098649,-59.7934089050536,100,2,0.95
classification_gini,chess,"samples=ln_n,q=0.5",0.0314133601705735,-35.95817713631992,100,ln_n,0.5
classification_gini,chess,"samples=ln_n,q=0.75",0.3129210855691178,-54.75690076237521,100,ln_n,0.75
classification_gini,chess,"samples=ln_n,q=0.9",0.3131261381098649,-59.7934089050536,100,ln_n,0.9
classification_gini,chess,"samples=ln_n,q=0.95",0.3131261381098649,-59.7934089050536,100,ln_n,0.95
classification_gini,chess,"samples=sqrt_n,q=0.5",0.031396001432149045,-35.11348464619495,100,sqrt_n,0.5
classification_gini,chess,"samples=sqrt_n,q=0.75",0.28176896375476934,-53.196897916678,100,sqrt_n,0.75
classification_gini,chess,"samples=sqrt_n,q=0.9",0.28176896375476934,-53.196897916678,100,sqrt_n,0.9
classification_gini,chess,"samples=sqrt_n,q=0.95",0.28176896375476934,-53.196897916678,100,sqrt_n,0.95
classification_gini,churn,"samples=0.1n,q=0.5",0.39745460014994904,67.72976302513831,100,0.1n,0.5
classification_gini,churn,"samples=0.1n,q=0.75",0.21733815281895774,63.229278484766866,100,0.1n,0.75
classification_gini,churn,"samples=0.1n,q=0.9",0.2316955469851667,59.36527597301969,100,0.1n,0.9
classification_gini,churn,"samples=0.1n,q=0.95",0.17976414527358653,56.973291012062774,100,0.1n,0.95
classification_gini,churn,"samples=10,q=0.5",0.2722424230430509,67.0116152854701,100,10,0.5
classification_gini,churn,"samples=10,q=0.75",0.2129788711309033,62.352810748855234,100,10,0.75
classification_gini,churn,"samples=10,q=0.9",0.15826284985964167,58.48945821836523,100,10,0.9
classification_gini,churn,"samples=10,q=0.95",0.1595000602270913,56.40577641677868,100,10,0.95
classification_gini,churn,"samples=2,q=0.5",0.3841021297575187,70.66518286866047,100,2,0.5
classification_gini,churn,"samples=2,q=0.75",0.34929893399672785,68.56171987555291,100,2,0.75
classification_gini,churn,"samples=2,q=0.9",0.3643440812466592,65.79414042703118,100,2,0.9
classification_gini,churn,"samples=2,q=0.95",0.5188126841737639,64.67476461334607,100,2,0.95
classification_gini,churn,"samples=ln_n,q=0.5",0.39932691100913464,67.04706538395361,100,ln_n,0.5
classification_gini,churn,"samples=ln_n,q=0.75",0.211660259219687,62.412688057626156,100,ln_n,0.75
classification_gini,churn,"samples=ln_n,q=0.9",0.1213832494038225,58.697813267094006,100,ln_n,0.9
classification_gini,churn,"samples=ln_n,q=0.95",0.25564693597091015,56.275867967764356,100,ln_n,0.95
classification_gini,churn,"samples=sqrt_n,q=0.5",0.37453524556421147,71.04706626753824,100,sqrt_n,0.5
classification_gini,churn,"samples=sqrt_n,q=0.75",0.42503055497018494,68.52281731421976,100,sqrt_n,0.75
classification_gini,churn,"samples=sqrt_n,q=0.9",0.41277090048805753,66.1737714440531,100,sqrt_n,0.9
classification_gini,churn,"samples=sqrt_n,q=0.95",0.4166737933339326,64.97668363199118,100,sqrt_n,0.95
classification_gini,clean1,"samples=0.1n,q=0.5",2.1908282253468747,-108.77374557840956,100,0.1n,0.5
classification_gini,clean1,"samples=0.1n,q=0.75",0.9833257138283369,-70.1301366871916,100,0.1n,0.75
classification_gini,clean1,"samples=0.1n,q=0.9",0.11684557459847311,-45.15131665138216,100,0.1n,0.9
classification_gini,clean1,"samples=0.1n,q=0.95",0.06479882870975007,-43.521114459146695,100,0.1n,0.95
classification_gini,clean1,"samples=10,q=0.5",1.6591164723961327,-131.34940390410065,100,10,0.5
classification_gini,clean1,"samples=10,q=0.75",0.10680152333054638,-91.10397833966547,100,10,0.75
classification_gini,clean1,"samples=10,q=0.9",0.0,-53.44512860823616,100,10,0.9
classification_gini,clean1,"samples=10,q=0.95",0.0,-53.49360234071358,100,10,0.95
classification_gini,clean1,"samples=2,q=0.5",1.4447748806718896,-82.48657146600289,100,2,0.5
classification_gini,clean1,"samples=2,q=0.75",0.8529040259172227,-54.66745272719332,100,2,0.75
classification_gini,clean1,"samples=2,q=0.9",0.48144568966154155,-56.163151229311325,100,2,0.9
classification_gini,clean1,"samples=2,q=0.95",1.4143212412817907,-61.676929123542514,100,2,0.95
classification_gini,clean1,"samples=ln_n,q=0.5",0.592712158141584,-115.89720075112449,100,ln_n,0.5
classification_gini,clean1,"samples=ln_n,q=0.75",0.48294342756595166,-69.48338355386697,100,ln_n,0.75
classification_gini,clean1,"samples=ln_n,q=0.9",0.0,-39.64539936241758,100,ln_n,0.9
classification_gini,clean1,"samples=ln_n,q=0.95",0.0,-49.84409799554564,100,ln_n,0.95
classification_gini,clean1,"samples=sqrt_n,q=0.5",2.3041705771720045,-80.6183676143063,100,sqrt_n,0.5
classification_gini,clean1,"samples=sqrt_n,q=0.75",1.03293094841988,-62.424560024455204,100,sqrt_n,0.75
classification_gini,clean1,"samples=sqrt_n,q=0.9",0.8404105074851786,-40.16943971352461,100,sqrt_n,0.9
classification_gini,clean1,"samples=sqrt_n,q=0.95",0.8978055238880067,-41.72889645836064,100,sqrt_n,0.95
classification_gini,cloud,"samples=0.1n,q=0.5",-5.948413064486576,55.11959818374179,100,0.1n,0.5
classification_gini,cloud,"samples=0.1n,q=0.75",-5.118667156768766,50.41766119869237,100,0.1n,0.75
classification_gini,cloud,"samples=0.1n,q=0.9",-5.321681306889985,45.25409373488912,100,0.1n,0.9
classification_gini,cloud,"samples=0.1n,q=0.95",-4.924755849221089,42.6436984656748,100,0.1n,0.95
classification_gini,cloud,"samples=10,q=0.5",-5.7935023782547,38.054111941609186,100,10,0.5
classification_gini,cloud,"samples=10,q=0.75",-5.466863788981568,32.354464727726615,100,10,0.75
classification_gini,cloud,"samples=10,q=0.9",-4.30962707400081,26.53553161473978,100,10,0.9
classification_gini,cloud,"samples=10,q=0.95",-5.434863703570231,22.7797674023931,100,10,0.95
classification_gini,cloud,"samples=2,q=0.5",-4.95896875200692,53.80997858498651,100,2,0.5
classification_gini,cloud,"samples=2,q=0.75",-5.798685404520429,49.987750491933625,100,2,0.75
classification_gini,cloud,"samples=2,q=0.9",-5.441375587736898,44.99010299709005,100,2,0.9
classification_gini,cloud,"samples=2,q=0.95",-5.210767075071884,43.187571466096074,100,2,0.95
classification_gini,cloud,"samples=ln_n,q=0.5",-5.734751065110287,46.46343781725517,100,ln_n,0.5
classification_gini,cloud,"samples=ln_n,q=0.75",-6.15158536073523,41.41344584696594,100,ln_n,0.75
classification_gini,cloud,"samples=ln_n,q=0.9",-5.81328768713522,35.11509632734625,100,ln_n,0.9
classification_gini,cloud,"samples=ln_n,q=0.95",-4.932175688143656,31.75263542415463,100,ln_n,0.95
classification_gini,cloud,"samples=sqrt_n,q=0.5",-5.74462024869082,55.768557969572356,100,sqrt_n,0.5
classification_gini,cloud,"samples=sqrt_n,q=0.75",-5.119343870049684,50.948392663206164,100,sqrt_n,0.75
classification_gini,cloud,"samples=sqrt_n,q=0.9",-4.887751429538133,46.84819422656689,100,sqrt_n,0.9
classification_gini,cloud,"samples=sqrt_n,q=0.95",-5.187542865591158,43.64499121265378,100,sqrt_n,0.95
classification_gini,coil2000,"samples=0.1n,q=0.5",-0.07030259462171284,33.21328734609604,100,0.1n,0.5
classification_gini,coil2000,"samples=0.1n,q=0.75",-0.11238992336369824,32.43580926148948,100,0.1n,0.75
classification_gini,coil2000,"samples=0.1n,q=0.9",-0.10383993929439783,32.22062496449901,100,0.1n,0.9
classification_gini,coil2000,"samples=0.1n,q=0.95",-0.12856457217887973,32.22238526986534,100,0.1n,0.95
classification_gini,coil2000,"samples=10,q=0.5",-0.08619574641180461,1.66838240558993,100,10,0.5
classification_gini,coil2000,"samples=10,q=0.75",-0.15018114552544648,-0.0826188054885324,100,10,0.75
classification_gini,coil2000,"samples=10,q=0.9",-0.11078059851938882,-3.6497874007200615,100,10,0.9
classification_gini,coil2000,"samples=10,q=0.95",-0.1523518791125944,-5.247188295501115,100,10,0.95
classification_gini,coil2000,"samples=2,q=0.5",-0.0860219863235645,22.443298710383317,100,2,0.5
classification_gini,coil2000,"samples=2,q=0.75",-0.11640525783366273,21.36989568569296,100,2,0.75
classification_gini,coil2000,"samples=2,q=0.9",-0.16894471981489523,18.024722275715593,100,2,0.9
classification_gini,coil2000,"samples=2,q=0.95",-0.15555230107087148,17.823131096098116,100,2,0.95
classification_gini,coil2000,"samples=ln_n,q=0.5",-0.10145311842143512,1.8076012009864584,100,ln_n,0.5
classification_gini,coil2000,"samples=ln_n,q=0.75",-0.08001032642556138,-0.4597368417986858,100,ln_n,0.75
classification_gini,coil2000,"samples=ln_n,q=0.9",-0.12493458182334938,-3.730768818617769,100,ln_n,0.9
classification_gini,coil2000,"samples=ln_n,q=0.95",-0.13043313949481772,-5.228580113982851,100,ln_n,0.95
classification_gini,coil2000,"samples=sqrt_n,q=0.5",-0.12118475201345902,33.70297593421455,100,sqrt_n,0.5
classification_gini,coil2000,"samples=sqrt_n,q=0.75",-0.1513546678633737,33.010089422727795,100,sqrt_n,0.75
classification_gini,coil2000,"samples=sqrt_n,q=0.9",-0.1513546678633737,33.010089422727795,100,sqrt_n,0.9
classification_gini,coil2000,"samples=sqrt_n,q=0.95",-0.1513546678633737,33.010089422727795,100,sqrt_n,0.95
classification_gini,collins,"samples=0.1n,q=0.5",-1.3437828315026712,53.322902554904694,100,0.1n,0.5
classification_gini,collins,"samples=0.1n,q=0.75",-1.3684859544400796,52.928886259993504,100,0.1n,0.75
classification_gini,collins,"samples=0.1n,q=0.9",0.06871006099407051,47.5147398347612,100,0.1n,0.9
classification_gini,collins,"samples=0.1n,q=0.95",0.08334066691479958,41.489534240302234,100,0.1n,0.95
classification_gini,collins,"samples=10,q=0.5",-1.3320666812528192,51.357591253410675,100,10,0.5
classification_gini,collins,"samples=10,q=0.75",-2.1232394063292857,49.86786620618595,100,10,0.75
classification_gini,collins,"samples=10,q=0.9",-0.5659352282102625,42.35913678948272,100,10,0.9
classification_gini,collins,"samples=10,q=0.95",0.6771844461235077,35.647026274113216,100,10,0.95
classification_gini,collins,"samples=2,q=0.5",-2.38543250861471,57.4824934648629,100,2,0.5
classification_gini,collins,"samples=2,q=0.75",-2.026103019414011,56.467400637295114,100,2,0.75
classification_gini,collins,"samples=2,q=0.9",-0.29666004212380304,51.17727871167165,100,2,0.9
classification_gini,collins,"samples=2,q=0.95",0.190222762470188,47.45415863687535,100,2,0.95
classification_gini,collins,"samples=ln_n,q=0.5",-1.492053323268605,53.18599858802877,100,ln_n,0.5
classification_gini,collins,"samples=ln_n,q=0.75",-2.5680585844803536,49.473372893968595,100,ln_n,0.75
classification_gini,collins,"samples=ln_n,q=0.9",-1.1351787344746067,43.784941517678256,100,ln_n,0.9
classification_gini,collins,"samples=ln_n,q=0.95",0.4252244591033294,39.322921635596934,100,ln_n,0.95
classification_gini,collins,"samples=sqrt_n,q=0.5",-1.2347402165473753,55.56536091129386,100,sqrt_n,0.5
classification_gini,collins,"samples=sqrt_n,q=0.75",-1.119893008969386,54.7773283214715,100,sqrt_n,0.75
classification_gini,collins,"samples=sqrt_n,q=0.9",-0.7416398076929509,50.995535118014075,100,sqrt_n,0.9
classification_gini,collins,"samples=sqrt_n,q=0.95",-0.049044424774880024,45.20025186513766,100,sqrt_n,0.95
classification_gini,confidence,"samples=0.1n,q=0.5",3.034013605442171,48.902397838568056,100,0.1n,0.5
classification_gini,confidence,"samples=0.1n,q=0.75",2.55555555555555,42.90311653116531,100,0.1n,0.75
classification_gini,confidence,"samples=0.1n,q=0.9",3.486621315192745,38.0855079447451,100,0.1n,0.9
classification_gini,confidence,"samples=0.1n,q=0.95",3.4083900226757335,36.018237082066875,100,0.1n,0.95
classification_gini,confidence,"samples=10,q=0.5",4.34421768707483,37.537993920972646,100,10,0.5
classification_gini,confidence,"samples=10,q=0.75",3.152380952380968,29.578782299981057,100,10,0.75
classification_gini,confidence,"samples=10,q=0.9",3.112018140589573,22.205284552845523,100,10,0.9
classification_gini,confidence,"samples=10,q=0.95",3.6859410430838957,19.347194421792246,100,10,0.95
classification_gini,confidence,"samples=2,q=0.5",2.8569160997732377,47.437778519122574,100,2,0.5
classification_gini,confidence,"samples=2,q=0.75",3.0369614512471665,44.20803782505911,100,2,0.75
classification_gini,confidence,"samples=2,q=0.9",3.4383219954648547,38.61870989530564,100,2,0.9
classification_gini,confidence,"samples=2,q=0.95",3.2598639455782283,37.04829449510301,100,2,0.95
classification_gini,confidence,"samples=ln_n,q=0.5",2.9891156462585053,45.392953929539296,100,ln_n,0.5
classification_gini,confidence,"samples=ln_n,q=0.75",2.3975056689342464,38.33164471462344,100,ln_n,0.75
classification_gini,confidence,"samples=ln_n,q=0.9",3.7278911564625874,32.21544715447153,100,ln_n,0.9
classification_gini,confidence,"samples=ln_n,q=0.95",3.0544217687074826,30.492129389379002,100,ln_n,0.95
classification_gini,confidence,"samples=sqrt_n,q=0.5",4.007482993197275,49.1388044579534,100,sqrt_n,0.5
classification_gini,confidence,"samples=sqrt_n,q=0.75",2.398185941043085,42.82105378044662,100,sqrt_n,0.75
classification_gini,confidence,"samples=sqrt_n,q=0.9",3.0195011337868563,37.601626016260155,100,sqrt_n,0.9
classification_gini,confidence,"samples=sqrt_n,q=0.95",2.843990929705215,35.73117190138467,100,sqrt_n,0.95
classification_gini,corral,"samples=0.1n,q=0.5",0.0,-35.34031413612565,100,0.1n,0.5
classification_gini,corral,"samples=0.1n,q=0.75",1.2651821862347923,-30.628272251308886,100,0.1n,0.75
classification_gini,corral,"samples=0.1n,q=0.9",1.2651821862347923,-30.628272251308886,100,0.1n,0.9
classification_gini,corral,"samples=0.1n,q=0.95",1.2651821862347923,-30.628272251308886,100,0.1n,0.95
classification_gini,corral,"samples=10,q=0.5",0.0,-35.34031413612565,100,10,0.5
classification_gini,corral,"samples=10,q=0.75",1.2651821862347923,-30.628272251308886,100,10,0.75
classification_gini,corral,"samples=10,q=0.9",1.2651821862347923,-30.628272251308886,100,10,0.9
classification_gini,corral,"samples=10,q=0.95",1.2651821862347923,-30.628272251308886,100,10,0.95
classification_gini,corral,"samples=2,q=0.5",0.0,-35.34031413612565,100,2,0.5
classification_gini,corral,"samples=2,q=0.75",1.2651821862347923,-30.628272251308886,100,2,0.75
classification_gini,corral,"samples=2,q=0.9",1.2651821862347923,-30.628272251308886,100,2,0.9
classification_gini,corral,"samples=2,q=0.95",1.2651821862347923,-30.628272251308886,100,2,0.95
classification_gini,corral,"samples=ln_n,q=0.5",0.0,-35.34031413612565,100,ln_n,0.5
classification_gini,corral,"samples=ln_n,q=0.75",1.2651821862347923,-30.628272251308886,100,ln_n,0.75
classification_gini,corral,"samples=ln_n,q=0.9",1.2651821862347923,-30.628272251308886,100,ln_n,0.9
classification_gini,corral,"samples=ln_n,q=0.95",1.2651821862347923,-30.628272251308886,100,ln_n,0.95
classification_gini,corral,"samples=sqrt_n,q=0.5",0.0,-35.34031413612565,100,sqrt_n,0.5
classification_gini,corral,"samples=sqrt_n,q=0.75",1.2651821862347923,-30.628272251308886,100,sqrt_n,0.75
classification_gini,corral,"samples=sqrt_n,q=0.9",1.2651821862347923,-30.628272251308886,100,sqrt_n,0.9
classification_gini,corral,"samples=sqrt_n,q=0.95",1.2651821862347923,-30.628272251308886,100,sqrt_n,0.95
classification_gini,dermatology,"samples=0.1n,q=0.5",0.4506716110215858,23.902267280548564,100,0.1n,0.5
classification_gini,dermatology,"samples=0.1n,q=0.75",0.5650614260652997,19.718680338428584,100,0.1n,0.75
classification_gini,dermatology,"samples=0.1n,q=0.9",0.5919882604086213,18.099779789464712,100,0.1n,0.9
classification_gini,dermatology,"samples=0.1n,q=0.95",0.7972494008325892,17.071560439751153,100,0.1n,0.95
classification_gini,dermatology,"samples=10,q=0.5",0.20279887063706648,3.9242834848133956,100,10,0.5
classification_gini,dermatology,"samples=10,q=0.75",0.12829175741394527,2.152955639482157,100,10,0.75
classification_gini,dermatology,"samples=10,q=0.9",0.8746802293049638,-10.231954287593215,100,10,0.9
classification_gini,dermatology,"samples=10,q=0.95",1.3938805894011974,-24.982638888888886,100,10,0.95
classification_gini,dermatology,"samples=2,q=0.5",0.30611442644369324,14.0661594942389,100,2,0.5
classification_gini,dermatology,"samples=2,q=0.75",0.3999998992247178,11.851487683670637,100,2,0.75
classification_gini,dermatology,"samples=2,q=0.9",1.0249788084951028,-1.978768822376531,100,2,0.9
classification_gini,dermatology,"samples=2,q=0.95",1.3651903249224995,-3.633678148886199,100,2,0.95
classification_gini,dermatology,"samples=ln_n,q=0.5",0.4980020814674191,6.034864166522308,100,ln_n,0.5
classification_gini,dermatology,"samples=ln_n,q=0.75",0.5343927714988927,4.572965291570203,100,ln_n,0.75
classification_gini,dermatology,"samples=ln_n,q=0.9",1.0677986623550406,-8.41502191203265,100,ln_n,0.9
classification_gini,dermatology,"samples=ln_n,q=0.95",1.693217781123807,-24.013314813192533,100,ln_n,0.95
classification_gini,dermatology,"samples=sqrt_n,q=0.5",0.06431330319560113,24.711710440319393,100,sqrt_n,0.5
classification_gini,dermatology,"samples=sqrt_n,q=0.75",0.4733072422628215,21.139820944643958,100,sqrt_n,0.75
classification_gini,dermatology,"samples=sqrt_n,q=0.9",0.5191222409940299,20.487894250062702,100,sqrt_n,0.9
classification_gini,dermatology,"samples=sqrt_n,q=0.95",0.5191222409940299,19.45850494583886,100,sqrt_n,0.95
classification_gini,dis,"samples=0.1n,q=0.5",0.31818782893755504,43.993400442984836,100,0.1n,0.5
classification_gini,dis,"samples=0.1n,q=0.75",0.26369692811977763,43.1830879196243,100,0.1n,0.75
classification_gini,dis,"samples=0.1n,q=0.9",0.2171780615239094,41.37049654851597,100,0.1n,0.9
classification_gini,dis,"samples=0.1n,q=0.95",0.21165882274588044,38.968333646365295,100,0.1n,0.95
classification_gini,dis,"samples=10,q=0.5",0.35802609208812064,37.98245463548845,100,10,0.5
classification_gini,dis,"samples=10,q=0.75",0.26660327521584315,36.458156685209374,100,10,0.75
classification_gini,dis,"samples=10,q=0.9",0.2202825148950538,33.86115130747903,100,10,0.9
classification_gini,dis,"samples=10,q=0.95",0.18389002445837188,32.24699044025903,100,10,0.95
classification_gini,dis,"samples=2,q=0.5",0.3159537889214803,45.89351627565979,100,2,0.5
classification_gini,dis,"samples=2,q=0.75",0.28083113148570926,45.80931038296599,100,2,0.75
classification_gini,dis,"samples=2,q=0.9",0.22558977906336763,43.86367019265951,100,2,0.9
classification_gini,dis,"samples=2,q=0.95",0.24364500295996905,40.60332440439234,100,2,0.95
classification_gini,dis,"samples=ln_n,q=0.5",0.33341096492039424,38.39814445543786,100,ln_n,0.5
classification_gini,dis,"samples=ln_n,q=0.75",0.26541497200266995,36.034422311008626,100,ln_n,0.75
classification_gini,dis,"samples=ln_n,q=0.9",0.15766606369994607,34.34003921909969,100,ln_n,0.9
classification_gini,dis,"samples=ln_n,q=0.95",0.16545388254767257,33.02757007871894,100,ln_n,0.95
classification_gini,dis,"samples=sqrt_n,q=0.5",0.2885686652711883,49.377271895864325,100,sqrt_n,0.5
classification_gini,dis,"samples=sqrt_n,q=0.75",0.30672411577472025,49.54003541186018,100,sqrt_n,0.75
classification_gini,dis,"samples=sqrt_n,q=0.9",0.211633835561037,48.28445673226895,100,sqrt_n,0.9
classification_gini,dis,"samples=sqrt_n,q=0.95",0.23628423294946854,47.14220008274995,100,sqrt_n,0.95
classification_gini,dna,"samples=0.1n,q=0.5",-0.03122421564951683,-29.244563366567977,100,0.1n,0.5
classification_gini,dna,"samples=0.1n,q=0.75",0.6496701053990417,-39.39475968216466,100,0.1n,0.75
classification_gini,dna,"samples=0.1n,q=0.9",0.6496701053990417,-39.39475968216466,100,0.1n,0.9
classification_gini,dna,"samples=0.1n,q=0.95",0.6496701053990417,-39.39475968216466,100,0.1n,0.95
classification_gini,dna,"samples=10,q=0.5",-0.03122421564951683,-29.244563366567977,100,10,0.5
classification_gini,dna,"samples=10,q=0.75",0.6496701053990417,-39.39475968216466,100,10,0.75
classification_gini,dna,"samples=10,q=0.9",0.6496701053990417,-39.39475968216466,100,10,0.9
classification_gini,dna,"samples=10,q=0.95",0.6496701053990417,-39.39475968216466,100,10,0.95
classification_gini,dna,"samples=2,q=0.5",-0.03122421564951683,-29.244563366567977,100,2,0.5
classification_gini,dna,"samples=2,q=0.75",0.6496701053990417,-39.39475968216466,100,2,0.75
classification_gini,dna,"samples=2,q=0.9",0.6496701053990417,-39.39475968216466,100,2,0.9
classification_gini,dna,"samples=2,q=0.95",0.6496701053990417,-39.39475968216466,100,2,0.95
classification_gini,dna,"samples=ln_n,q=0.5",-0.03122421564951683,-29.244563366567977,100,ln_n,0.5
classification_gini,dna,"samples=ln_n,q=0.75",0.6496701053990417,-39.39475968216466,100,ln_n,0.75
classification_gini,dna,"samples=ln_n,q=0.9",0.6496701053990417,-39.39475968216466,100,ln_n,0.9
classification_gini,dna,"samples=ln_n,q=0.95",0.6496701053990417,-39.39475968216466,100,ln_n,0.95
classification_gini,dna,"samples=sqrt_n,q=0.5",-0.03122421564951683,-29.244563366567977,100,sqrt_n,0.5
classification_gini,dna,"samples=sqrt_n,q=0.75",0.6496701053990417,-39.39475968216466,100,sqrt_n,0.75
classification_gini,dna,"samples=sqrt_n,q=0.9",0.6496701053990417,-39.39475968216466,100,sqrt_n,0.9
classification_gini,dna,"samples=sqrt_n,q=0.95",0.6496701053990417,-39.39475968216466,100,sqrt_n,0.95
classification_gini,ecoli,"samples=0.1n,q=0.5",1.21178573367427,44.97165187144981,100,0.1n,0.5
classification_gini,ecoli,"samples=0.1n,q=0.75",1.1212729605009741,40.91684202609784,100,0.1n,0.75
classification_gini,ecoli,"samples=0.1n,q=0.9",1.2017591782829462,37.498379955756704,100,0.1n,0.9
classification_gini,ecoli,"samples=0.1n,q=0.95",1.1916052030967128,35.92668642272383,100,0.1n,0.95
classification_gini,ecoli,"samples=10,q=0.5",1.2798818243745014,28.020082345563285,100,10,0.5
classification_gini,ecoli,"samples=10,q=0.75",1.298527288307022,23.926123566866217,100,10,0.75
classification_gini,ecoli,"samples=10,q=0.9",0.3437287034974923,19.182012798674094,100,10,0.9
classification_gini,ecoli,"samples=10,q=0.95",0.976073644210379,16.059326941638247,100,10,0.95
classification_gini,ecoli,"samples=2,q=0.5",1.1119297625816926,44.72248797365909,100,2,0.5
classification_gini,ecoli,"samples=2,q=0.75",0.7260215287302973,42.2160051937122,100,2,0.75
classification_gini,ecoli,"samples=2,q=0.9",1.2505569795672244,38.22505525495565,100,2,0.9
classification_gini,ecoli,"samples=2,q=0.95",1.1400050300329923,36.605325919321444,100,2,0.95
classification_gini,ecoli,"samples=ln_n,q=0.5",1.336029579980752,35.06830392400602,100,ln_n,0.5
classification_gini,ecoli,"samples=ln_n,q=0.75",0.8181455102283852,29.953776588153257,100,ln_n,0.75
classification_gini,ecoli,"samples=ln_n,q=0.9",0.7331116040323715,25.952778034195923,100,ln_n,0.9
classification_gini,ecoli,"samples=ln_n,q=0.95",0.9417106765229832,23.337158544618152,100,ln_n,0.95
classification_gini,ecoli,"samples=sqrt_n,q=0.5",1.362996656819121,47.7720207253886,100,sqrt_n,0.5
classification_gini,ecoli,"samples=sqrt_n,q=0.75",1.6944012377365592,45.5851224179484,100,sqrt_n,0.75
classification_gini,ecoli,"samples=sqrt_n,q=0.9",1.3542152984057476,42.55796697546006,100,sqrt_n,0.9
classification_gini,ecoli,"samples=sqrt_n,q=0.95",1.459604232538575,41.39517676821935,100,sqrt_n,0.95
classification_gini,flags,"samples=0.1n,q=0.5",-0.3330564104043837,-17.267981232851135,100,0.1n,0.5
classification_gini,flags,"samples=0.1n,q=0.75",-0.6188541999473579,-15.558785663427033,100,0.1n,0.75
classification_gini,flags,"samples=0.1n,q=0.9",-0.6188541999473579,-15.558785663427033,100,0.1n,0.9
classification_gini,flags,"samples=0.1n,q=0.95",-0.6188541999473579,-15.558785663427033,100,0.1n,0.95
classification_gini,flags,"samples=10,q=0.5",-0.19473923389136394,-26.022571281493978,100,10,0.5
classification_gini,flags,"samples=10,q=0.75",-0.9350058558264152,-25.369569994449737,100,10,0.75
classification_gini,flags,"samples=10,q=0.9",-0.23524203487969852,-26.178852327058667,100,10,0.9
classification_gini,flags,"samples=10,q=0.95",-0.16801854104253333,-27.247864499264363,100,10,0.95
classification_gini,flags,"samples=2,q=0.5",-0.5573013497821799,-21.313577467951905,100,2,0.5
classification_gini,flags,"samples=2,q=0.75",-1.1624737433074683,-19.410146758591562,100,2,0.75
classification_gini,flags,"samples=2,q=0.9",-1.2555823622435152,-20.967847230029758,100,2,0.9
classification_gini,flags,"samples=2,q=0.95",-0.9973302174501597,-21.063285494190154,100,2,0.95
classification_gini,flags,"samples=ln_n,q=0.5",-0.9196937192948645,-25.319143569344504,100,ln_n,0.5
classification_gini,flags,"samples=ln_n,q=0.75",-0.797774334819526,-23.700832297722595,100,ln_n,0.75
classification_gini,flags,"samples=ln_n,q=0.9",-1.2048981066329123,-24.874617621883488,100,ln_n,0.9
classification_gini,flags,"samples=ln_n,q=0.95",-1.0858071279171626,-25.884376804208408,100,ln_n,0.95
classification_gini,flags,"samples=sqrt_n,q=0.5",-0.3330564104043837,-17.267981232851135,100,sqrt_n,0.5
classification_gini,flags,"samples=sqrt_n,q=0.75",-0.6188541999473579,-15.558785663427033,100,sqrt_n,0.75
classification_gini,flags,"samples=sqrt_n,q=0.9",-0.6188541999473579,-15.558785663427033,100,sqrt_n,0.9
classification_gini,flags,"samples=sqrt_n,q=0.95",-0.6188541999473579,-15.558785663427033,100,sqrt_n,0.95
classification_gini,glass2,"samples=0.1n,q=0.5",2.3381556386331215,61.66476866017562,100,0.1n,0.5
classification_gini,glass2,"samples=0.1n,q=0.75",1.9613886269582992,57.815615485491165,100,0.1n,0.75
classification_gini,glass2,"samples=0.1n,q=0.9",1.782947150766906,53.70155306270675,100,0.1n,0.9
classification_gini,glass2,"samples=0.1n,q=0.95",1.8518434937479733,51.68278540967734,100,0.1n,0.95
classification_gini,glass2,"samples=10,q=0.5",2.341256941798436,51.82287573712151,100,10,0.5
classification_gini,glass2,"samples=10,q=0.75",1.4967017476713917,46.059497157079406,100,10,0.75
classification_gini,glass2,"samples=10,q=0.9",1.4604159898111813,41.574945806865294,100,10,0.9
classification_gini,glass2,"samples=10,q=0.95",1.9743172846977242,37.596318934415876,100,10,0.95
classification_gini,glass2,"samples=2,q=0.5",2.506937405135923,61.72231464502406,100,2,0.5
classification_gini,glass2,"samples=2,q=0.75",1.9918417421345314,58.70385789420376,100,2,0.75
classification_gini,glass2,"samples=2,q=0.9",1.7756310362997074,54.82468990438313,100,2,0.9
classification_gini,glass2,"samples=2,q=0.95",1.838296628737518,54.20784536228782,100,2,0.95
classification_gini,glass2,"samples=ln_n,q=0.5",1.7010125846951385,57.46200531358994,100,ln_n,0.5
classification_gini,glass2,"samples=ln_n,q=0.75",1.8169774623581492,52.56507883499468,100,ln_n,0.75
classification_gini,glass2,"samples=ln_n,q=0.9",1.2220952426038545,47.98573461594221,100,ln_n,0.9
classification_gini,glass2,"samples=ln_n,q=0.95",1.8688233695948742,46.14818937983469,100,ln_n,0.95
classification_gini,glass2,"samples=sqrt_n,q=0.5",2.2831538805731464,62.459320834328715,100,sqrt_n,0.5
classification_gini,glass2,"samples=sqrt_n,q=0.75",2.006640178704311,58.954755214470595,100,sqrt_n,0.75
classification_gini,glass2,"samples=sqrt_n,q=0.9",1.9323681591454644,56.58209399449578,100,sqrt_n,0.9
classification_gini,glass2,"samples=sqrt_n,q=0.95",1.5547452464994949,54.058824873852956,100,sqrt_n,0.95
classification_gini,haberman,"samples=0.1n,q=0.5",-3.187293050521772,29.975849575212393,100,0.1n,0.5
classification_gini,haberman,"samples=0.1n,q=0.75",-3.105522912897035,28.808183903377092,100,0.1n,0.75
classification_gini,haberman,"samples=0.1n,q=0.9",-3.5262767874240764,27.61850876459682,100,0.1n,0.9
classification_gini,haberman,"samples=0.1n,q=0.95",-3.2775797447915425,27.052456286427976,100,0.1n,0.95
classification_gini,haberman,"samples=10,q=0.5",-3.356531651322381,5.894525066676354,100,10,0.5
classification_gini,haberman,"samples=10,q=0.75",-1.8683761697625034,3.596440452428479,100,10,0.75
classification_gini,haberman,"samples=10,q=0.9",-2.6903295890617516,1.3751209298839162,100,10,0.9
classification_gini,haberman,"samples=10,q=0.95",-2.653466319852954,-0.5160848982694977,100,10,0.95
classification_gini,haberman,"samples=2,q=0.5",-3.3902329925398487,25.49151752880267,100,2,0.5
classification_gini,haberman,"samples=2,q=0.75",-3.4230395958781132,24.229811425402108,100,2,0.75
classification_gini,haberman,"samples=2,q=0.9",-4.443670949424172,20.509186722143664,100,2,0.9
classification_gini,haberman,"samples=2,q=0.95",-4.872524251451144,20.364644740025604,100,2,0.95
classification_gini,haberman,"samples=ln_n,q=0.5",-2.6425303296954086,12.47296135805746,100,ln_n,0.5
classification_gini,haberman,"samples=ln_n,q=0.75",-2.332621340261387,9.845168548305638,100,ln_n,0.75
classification_gini,haberman,"samples=ln_n,q=0.9",-3.5743100273311845,7.21008652974095,100,ln_n,0.9
classification_gini,haberman,"samples=ln_n,q=0.95",-3.4315210004706556,5.387562620195164,100,ln_n,0.95
classification_gini,haberman,"samples=sqrt_n,q=0.5",-3.946672496286807,31.28048248055154,100,sqrt_n,0.5
classification_gini,haberman,"samples=sqrt_n,q=0.75",-3.2230938647636984,30.272248166612634,100,sqrt_n,0.75
classification_gini,haberman,"samples=sqrt_n,q=0.9",-3.6981619675620134,29.71212206605906,100,sqrt_n,0.9
classification_gini,haberman,"samples=sqrt_n,q=0.95",-3.874407066589286,29.845734495926518,100,sqrt_n,0.95
classification_gini,hayes_roth,"samples=0.1n,q=0.5",1.2380901505901432,0.0,100,0.1n,0.5
classification_gini,hayes_roth,"samples=0.1n,q=0.75",1.9084031738165752,-8.444022770398485,100,0.1n,0.75
classification_gini,hayes_roth,"samples=0.1n,q=0.9",1.9084031738165752,-8.444022770398485,100,0.1n,0.9
classification_gini,hayes_roth,"samples=0.1n,q=0.95",1.9084031738165752,-8.444022770398485,100,0.1n,0.95
classification_gini,hayes_roth,"samples=10,q=0.5",1.2323160635660468,-16.79316888045541,100,10,0.5
classification_gini,hayes_roth,"samples=10,q=0.75",1.8820047328011957,-21.537001897533194,100,10,0.75
classification_gini,hayes_roth,"samples=10,q=0.9",4.644320054355649,-39.6584440227704,100,10,0.9
classification_gini,hayes_roth,"samples=10,q=0.95",7.569937357805917,-51.043643263757104,100,10,0.95
classification_gini,hayes_roth,"samples=2,q=0.5",1.2354726292226115,-15.749525616698289,100,2,0.5
classification_gini,hayes_roth,"samples=2,q=0.75",1.9065934433871445,-20.493358633776083,100,2,0.75
classification_gini,hayes_roth,"samples=2,q=0.9",6.237786569654996,-41.3662239089184,100,2,0.9
classification_gini,hayes_roth,"samples=2,q=0.95",6.249417539802521,-41.46110056925995,100,2,0.95
classification_gini,hayes_roth,"samples=ln_n,q=0.5",1.2323160635660468,-16.79316888045541,100,ln_n,0.5
classification_gini,hayes_roth,"samples=ln_n,q=0.75",1.8820047328011957,-21.537001897533194,100,ln_n,0.75
classification_gini,hayes_roth,"samples=ln_n,q=0.9",4.644320054355649,-39.6584440227704,100,ln_n,0.9
classification_gini,hayes_roth,"samples=ln_n,q=0.95",7.569937357805917,-51.043643263757104,100,ln_n,0.95
classification_gini,hayes_roth,"samples=sqrt_n,q=0.5",1.2380901505901432,0.0,100,sqrt_n,0.5
classification_gini,hayes_roth,"samples=sqrt_n,q=0.75",1.9084031738165752,-8.444022770398485,100,sqrt_n,0.75
classification_gini,hayes_roth,"samples=sqrt_n,q=0.9",1.9084031738165752,-8.444022770398485,100,sqrt_n,0.9
classification_gini,hayes_roth,"samples=sqrt_n,q=0.95",1.9084031738165752,-8.444022770398485,100,sqrt_n,0.95
classification_gini,hepatitis,"samples=0.1n,q=0.5",-1.9822516086703046,40.825638847405905,100,0.1n,0.5
classification_gini,hepatitis,"samples=0.1n,q=0.75",-2.23491840655507,40.00923221214877,100,0.1n,0.75
classification_gini,hepatitis,"samples=0.1n,q=0.9",-2.742275221214663,38.20924023853658,100,0.1n,0.9
classification_gini,hepatitis,"samples=0.1n,q=0.95",-2.7564826336843264,37.32722357186363,100,0.1n,0.95
classification_gini,hepatitis,"samples=10,q=0.5",-2.2859618570230946,27.072374575884723,100,10,0.5
classification_gini,hepatitis,"samples=10,q=0.75",-2.169272468101313,23.526892240841157,100,10,0.75
classification_gini,hepatitis,"samples=10,q=0.9",-1.9483831518579575,21.453802847996464,100,10,0.9
classification_gini,hepatitis,"samples=10,q=0.95",-2.3492030507546557,20.119362118104625,100,10,0.95
classification_gini,hepatitis,"samples=2,q=0.5",-1.9533177828019166,40.27769705605715,100,2,0.5
classification_gini,hepatitis,"samples=2,q=0.75",-1.5644100475894207,37.823016263267576,100,2,0.75
classification_gini,hepatitis,"samples=2,q=0.9",-2.7837087583529927,36.90941116286208,100,2,0.9
classification_gini,hepatitis,"samples=2,q=0.95",-2.859103147939596,35.9806989920831,100,2,0.95
classification_gini,hepatitis,"samples=ln_n,q=0.5",-2.5421412035135593,34.63586881969663,100,ln_n,0.5
classification_gini,hepatitis,"samples=ln_n,q=0.75",-2.289501806615207,30.561697151591346,100,ln_n,0.75
classification_gini,hepatitis,"samples=ln_n,q=0.9",-2.9820908984900307,29.418426435008378,100,ln_n,0.9
classification_gini,hepatitis,"samples=ln_n,q=0.95",-2.6386606114416287,27.64289933797966,100,ln_n,0.95
classification_gini,hepatitis,"samples=sqrt_n,q=0.5",-2.2303604475914343,44.296739558780246,100,sqrt_n,0.5
classification_gini,hepatitis,"samples=sqrt_n,q=0.75",-2.6978129489969804,43.14451986275801,100,sqrt_n,0.75
classification_gini,hepatitis,"samples=sqrt_n,q=0.9",-2.299790675359575,40.98596983237872,100,sqrt_n,0.9
classification_gini,hepatitis,"samples=sqrt_n,q=0.95",-2.446970715836916,39.090805033479185,100,sqrt_n,0.95
classification_gini,hypothyroid,"samples=0.1n,q=0.5",0.26298138040989905,42.00015679329589,100,0.1n,0.5
classification_gini,hypothyroid,"samples=0.1n,q=0.75",0.28039076636457994,39.944100447196426,100,0.1n,0.75
classification_gini,hypothyroid,"samples=0.1n,q=0.9",0.247547068970716,36.20318739771024,100,0.1n,0.9
classification_gini,hypothyroid,"samples=0.1n,q=0.95",0.2152412083218147,33.67764702915694,100,0.1n,0.95
classification_gini,hypothyroid,"samples=10,q=0.5",0.25320376047781035,33.82006432416628,100,10,0.5
classification_gini,hypothyroid,"samples=10,q=0.75",0.21519273382339943,29.70263033479264,100,10,0.75
classification_gini,hypothyroid,"samples=10,q=0.9",0.2692046177924401,27.25589386183639,100,10,0.9
classification_gini,hypothyroid,"samples=10,q=0.95",0.22142300819877891,24.46124210997025,100,10,0.95
classification_gini,hypothyroid,"samples=2,q=0.5",0.27488063237452454,43.958445572472556,100,2,0.5
classification_gini,hypothyroid,"samples=2,q=0.75",0.35600598666130634,43.22097092127433,100,2,0.75
classification_gini,hypothyroid,"samples=2,q=0.9",0.2618981092658845,39.0725762434259,100,2,0.9
classification_gini,hypothyroid,"samples=2,q=0.95",0.20803600139428502,36.89954966525234,100,2,0.95
classification_gini,hypothyroid,"samples=ln_n,q=0.5",0.2712044818041881,35.5468213775644,100,ln_n,0.5
classification_gini,hypothyroid,"samples=ln_n,q=0.75",0.23969352337526728,32.62953595519769,100,ln_n,0.75
classification_gini,hypothyroid,"samples=ln_n,q=0.9",0.2133037129833315,29.498860217064035,100,ln_n,0.9
classification_gini,hypothyroid,"samples=ln_n,q=0.95",0.2795458181275634,26.07532805677485,100,ln_n,0.95
classification_gini,hypothyroid,"samples=sqrt_n,q=0.5",0.26833004706268704,46.19084095907461,100,sqrt_n,0.5
classification_gini,hypothyroid,"samples=sqrt_n,q=0.75",0.2804942395932597,46.25672143319464,100,sqrt_n,0.75
classification_gini,hypothyroid,"samples=sqrt_n,q=0.9",0.24497181077337005,45.16134520184784,100,sqrt_n,0.9
classification_gini,hypothyroid,"samples=sqrt_n,q=0.95",0.22863657218869515,44.063060156561384,100,sqrt_n,0.95
classification_gini,ionosphere,"samples=0.1n,q=0.5",-0.9961477100928651,52.93548425353242,100,0.1n,0.5
classification_gini,ionosphere,"samples=0.1n,q=0.75",-1.3252425881029095,48.80979364538984,100,0.1n,0.75
classification_gini,ionosphere,"samples=0.1n,q=0.9",-1.2247288643619292,44.241910410434016,100,0.1n,0.9
classification_gini,ionosphere,"samples=0.1n,q=0.95",-0.876196704885629,40.99706762682047,100,0.1n,0.95
classification_gini,ionosphere,"samples=10,q=0.5",-0.9755968931223435,54.74077076193755,100,10,0.5
classification_gini,ionosphere,"samples=10,q=0.75",-1.1885215130670423,49.34600847267268,100,10,0.75
classification_gini,ionosphere,"samples=10,q=0.9",-1.3359622925350145,45.8606882533286,100,10,0.9
classification_gini,ionosphere,"samples=10,q=0.95",-1.0784172620075472,42.6466904826041,100,10,0.95
classification_gini,ionosphere,"samples=2,q=0.5",-0.5645648039045159,58.48413880969996,100,2,0.5
classification_gini,ionosphere,"samples=2,q=0.75",-0.904167377677656,55.77256523125445,100,2,0.75
classification_gini,ionosphere,"samples=2,q=0.9",-0.3929075259756998,55.26984508301676,100,2,0.9
classification_gini,ionosphere,"samples=2,q=0.95",-0.8452352218868198,54.77927263059122,100,2,0.95
classification_gini,ionosphere,"samples=ln_n,q=0.5",-1.1272476130315345,58.477891043981444,100,ln_n,0.5
classification_gini,ionosphere,"samples=ln_n,q=0.75",-1.3420633870404763,51.08947186045758,100,ln_n,0.75
classification_gini,ionosphere,"samples=ln_n,q=0.9",-1.1570735808665022,47.47975810938798,100,ln_n,0.9
classification_gini,ionosphere,"samples=ln_n,q=0.95",-1.2782618772937349,46.695205320461284,100,ln_n,0.95
classification_gini,ionosphere,"samples=sqrt_n,q=0.5",-1.2638816145590814,56.96189090361541,100,sqrt_n,0.5
classification_gini,ionosphere,"samples=sqrt_n,q=0.75",-1.4397088879079534,51.320185020654776,100,sqrt_n,0.75
classification_gini,ionosphere,"samples=sqrt_n,q=0.9",-1.3394693150163117,45.74698490009316,100,sqrt_n,0.9
classification_gini,ionosphere,"samples=sqrt_n,q=0.95",-1.3953675322943115,46.21071742564727,100,sqrt_n,0.95
classification_gini,iris,"samples=0.1n,q=0.5",1.3232576390471262,44.63307776560788,100,0.1n,0.5
classification_gini,iris,"samples=0.1n,q=0.75",1.326599326599337,43.047283239077075,100,0.1n,0.75
classification_gini,iris,"samples=0.1n,q=0.9",1.336675020885536,39.293537787513685,100,0.1n,0.9
classification_gini,iris,"samples=0.1n,q=0.95",1.377698295183838,36.62008432234542,100,0.1n,0.95
classification_gini,iris,"samples=10,q=0.5",1.3097389939495219,31.275013142597103,100,10,0.5
classification_gini,iris,"samples=10,q=0.75",0.6750715171767674,29.21222894558861,100,10,0.75
classification_gini,iris,"samples=10,q=0.9",1.2801624174621995,24.31972789115646,100,10,0.9
classification_gini,iris,"samples=10,q=0.95",1.3167407915018636,19.249621985760456,100,10,0.95
classification_gini,iris,"samples=2,q=0.5",1.316523632313088,42.091836734693885,100,2,0.5
classification_gini,iris,"samples=2,q=0.75",0.6649958228905795,39.38291672817971,100,2,0.75
classification_gini,iris,"samples=2,q=0.9",1.3299916457811367,36.987249318176524,100,2,0.9
classification_gini,iris,"samples=2,q=0.95",1.3434596592491355,34.72909928998922,100,2,0.95
classification_gini,iris,"samples=ln_n,q=0.5",1.3181438444596405,36.709021817629534,100,ln_n,0.5
classification_gini,iris,"samples=ln_n,q=0.75",0.7059684655592591,32.694414019715225,100,ln_n,0.75
classification_gini,iris,"samples=ln_n,q=0.9",1.3299916457811367,28.74149659863946,100,ln_n,0.9
classification_gini,iris,"samples=ln_n,q=0.95",1.3487818075245794,27.28277623462446,100,ln_n,0.95
classification_gini,iris,"samples=sqrt_n,q=0.5",0.6925004520912381,44.207099881468594,100,sqrt_n,0.5
classification_gini,iris,"samples=sqrt_n,q=0.75",0.6955831543259072,43.95521572910977,100,sqrt_n,0.75
classification_gini,iris,"samples=sqrt_n,q=0.9",0.6857664453572498,40.31025151937372,100,sqrt_n,0.9
classification_gini,iris,"samples=sqrt_n,q=0.95",0.7230877835265881,37.950819672131146,100,sqrt_n,0.95
classification_gini,irish,"samples=0.1n,q=0.5",0.19977730539527672,-18.522167487684726,100,0.1n,0.5
classification_gini,irish,"samples=0.1n,q=0.75",0.20022269460472364,-21.625615763546804,100,0.1n,0.75
classification_gini,irish,"samples=0.1n,q=0.9",0.19979791774452083,-23.399014778325125,100,0.1n,0.9
classification_gini,irish,"samples=0.1n,q=0.95",0.20022269460472364,-39.60591133004927,100,0.1n,0.95
classification_gini,irish,"samples=10,q=0.5",0.0,-37.83251231527094,100,10,0.5
classification_gini,irish,"samples=10,q=0.75",0.0,-25.665024630541865,100,10,0.75
classification_gini,irish,"samples=10,q=0.9",0.0,-47.29064039408867,100,10,0.9
classification_gini,irish,"samples=10,q=0.95",0.19979791774452083,-80.78817733990148,100,10,0.95
classification_gini,irish,"samples=2,q=0.5",0.0,0.8866995073891604,100,2,0.5
classification_gini,irish,"samples=2,q=0.75",0.0,1.0837438423645318,100,2,0.75
classification_gini,irish,"samples=2,q=0.9",0.09988865269763836,-19.655172413793096,100,2,0.9
classification_gini,irish,"samples=2,q=0.95",0.40000000000000036,-53.251231527093594,100,2,0.95
classification_gini,irish,"samples=ln_n,q=0.5",0.0,-41.52709359605912,100,ln_n,0.5
classification_gini,irish,"samples=ln_n,q=0.75",0.0,-26.847290640394085,100,ln_n,0.75
classification_gini,irish,"samples=ln_n,q=0.9",0.0,-43.44827586206897,100,ln_n,0.9
classification_gini,irish,"samples=ln_n,q=0.95",0.4000829996288813,-86.4039408866995,100,ln_n,0.95
classification_gini,irish,"samples=sqrt_n,q=0.5",0.20022269460472364,-13.743842364532021,100,sqrt_n,0.5
classification_gini,irish,"samples=sqrt_n,q=0.75",0.19977730539527672,-9.408866995073893,100,sqrt_n,0.75
classification_gini,irish,"samples=sqrt_n,q=0.9",0.19979791774452083,-10.246305418719215,100,sqrt_n,0.9
classification_gini,irish,"samples=sqrt_n,q=0.95",0.2000206123492443,-14.039408866995075,100,sqrt_n,0.95
classification_gini,kr_vs_kp,"samples=0.1n,q=0.5",0.7363635896366183,-37.3522119832747,100,0.1n,0.5
classification_gini,kr_vs_kp,"samples=0.1n,q=0.75",2.551797089648089,-64.75808525685486,100,0.1n,0.75
classification_gini,kr_vs_kp,"samples=0.1n,q=0.9",2.551797089648089,-64.75808525685486,100,0.1n,0.9
classification_gini,kr_vs_kp,"samples=0.1n,q=0.95",2.551797089648089,-64.75808525685486,100,0.1n,0.95
classification_gini,kr_vs_kp,"samples=10,q=0.5",0.9244577975632273,-38.27882915803782,100,10,0.5
classification_gini,kr_vs_kp,"samples=10,q=0.75",2.2070920308579103,-62.52487159418362,100,10,0.75
classification_gini,kr_vs_kp,"samples=10,q=0.9",2.134617227694846,-64.70999232440967,100,10,0.9
classification_gini,kr_vs_kp,"samples=10,q=0.95",2.134617227694846,-64.70999232440967,100,10,0.95
classification_gini,kr_vs_kp,"samples=2,q=0.5",0.9244577975632273,-38.27882915803782,100,2,0.5
classification_gini,kr_vs_kp,"samples=2,q=0.75",2.2070920308579103,-62.52487159418362,100,2,0.75
classification_gini,kr_vs_kp,"samples=2,q=0.9",2.134617227694846,-64.70999232440967,100,2,0.9
classification_gini,kr_vs_kp,"samples=2,q=0.95",2.134617227694846,-64.70999232440967,100,2,0.95
classification_gini,kr_vs_kp,"samples=ln_n,q=0.5",0.9244577975632273,-38.27882915803782,100,ln_n,0.5
classification_gini,kr_vs_kp,"samples=ln_n,q=0.75",2.2070920308579103,-62.52487159418362,100,ln_n,0.75
classification_gini,kr_vs_kp,"samples=ln_n,q=0.9",2.134617227694846,-64.70999232440967,100,ln_n,0.9
classification_gini,kr_vs_kp,"samples=ln_n,q=0.95",2.134617227694846,-64.70999232440967,100,ln_n,0.95
classification_gini,kr_vs_kp,"samples=sqrt_n,q=0.5",0.7363635896366183,-37.3522119832747,100,sqrt_n,0.5
classification_gini,kr_vs_kp,"samples=sqrt_n,q=0.75",2.551797089648089,-64.75808525685486,100,sqrt_n,0.75
classification_gini,kr_vs_kp,"samples=sqrt_n,q=0.9",2.551797089648089,-64.75808525685486,100,sqrt_n,0.9
classification_gini,kr_vs_kp,"samples=sqrt_n,q=0.95",2.551797089648089,-64.75808525685486,100,sqrt_n,0.95
classification_gini,krkopt,"samples=0.1n,q=0.5",1.4681942319798398,0.9247526309391074,100,0.1n,0.5
classification_gini,krkopt,"samples=0.1n,q=0.75",0.8051250964580786,-3.245859173515031,100,0.1n,0.75
classification_gini,krkopt,"samples=0.1n,q=0.9",0.8051250964580786,-3.245859173515031,100,0.1n,0.9
classification_gini,krkopt,"samples=0.1n,q=0.95",0.8051250964580786,-3.245859173515031,100,0.1n,0.95
classification_gini,krkopt,"samples=10,q=0.5",1.8827762861711146,-27.915380167317394,100,10,0.5
classification_gini,krkopt,"samples=10,q=0.75",0.8675357100383196,-28.165098573703553,100,10,0.75
classification_gini,krkopt,"samples=10,q=0.9",-0.0904343155520751,-43.40142951212319,100,10,0.9
classification_gini,krkopt,"samples=10,q=0.95",-0.9535171181700747,-55.821991202892285,100,10,0.95
classification_gini,krkopt,"samples=2,q=0.5",1.496315593550905,-11.444797238590064,100,2,0.5
classification_gini,krkopt,"samples=2,q=0.75",0.7149477292813601,-12.966103521662543,100,2,0.75
classification_gini,krkopt,"samples=2,q=0.9",0.29960479155068526,-30.979188174384376,100,2,0.9
classification_gini,krkopt,"samples=2,q=0.95",0.17604605383577943,-32.60897177209231,100,2,0.95
classification_gini,krkopt,"samples=ln_n,q=0.5",1.8827762861711146,-27.915380167317394,100,ln_n,0.5
classification_gini,krkopt,"samples=ln_n,q=0.75",0.8675357100383196,-28.165098573703553,100,ln_n,0.75
classification_gini,krkopt,"samples=ln_n,q=0.9",-0.0904343155520751,-43.40142951212319,100,ln_n,0.9
classification_gini,krkopt,"samples=ln_n,q=0.95",-0.9535171181700747,-55.821991202892285,100,ln_n,0.95
classification_gini,krkopt,"samples=sqrt_n,q=0.5",1.4681942319798398,0.9247526309391074,100,sqrt_n,0.5
classification_gini,krkopt,"samples=sqrt_n,q=0.75",0.8051250964580786,-3.245859173515031,100,sqrt_n,0.75
classification_gini,krkopt,"samples=sqrt_n,q=0.9",0.8051250964580786,-3.245859173515031,100,sqrt_n,0.9
classification_gini,krkopt,"samples=sqrt_n,q=0.95",0.8051250964580786,-3.245859173515031,100,sqrt_n,0.95
classification_gini,labor,"samples=0.1n,q=0.5",-1.716832187420425,31.3295165394402,100,0.1n,0.5
classification_gini,labor,"samples=0.1n,q=0.75",-0.4608039019803778,29.325699745547073,100,0.1n,0.75
classification_gini,labor,"samples=0.1n,q=0.9",-0.7114421526186299,28.58504842370214,100,0.1n,0.9
classification_gini,labor,"samples=0.1n,q=0.95",-0.7114421526186299,28.58504842370214,100,0.1n,0.95
classification_gini,labor,"samples=10,q=0.5",-1.8573583279465622,2.830788804071238,100,10,0.5
classification_gini,labor,"samples=10,q=0.75",-1.1166850578615273,-0.31806615776083236,100,10,0.75
classification_gini,labor,"samples=10,q=0.9",-1.7542326954091747,-3.5294222317123203,100,10,0.9
classification_gini,labor,"samples=10,q=0.95",-1.7463973934562227,-8.169103623649065,100,10,0.95
classification_gini,labor,"samples=2,q=0.5",-1.8161375661375712,20.388040712468186,100,2,0.5
classification_gini,labor,"samples=2,q=0.75",-1.9574804280686586,18.982443071617254,100,2,0.75
classification_gini,labor,"samples=2,q=0.9",-1.8143245643245764,11.73288023565609,100,2,0.9
classification_gini,labor,"samples=2,q=0.95",-1.8673020878903268,11.005089058524165,100,2,0.95
classification_gini,labor,"samples=ln_n,q=0.5",-1.7300412006294341,10.969784321623322,100,ln_n,0.5
classification_gini,labor,"samples=ln_n,q=0.75",-1.7194221900104223,8.171712049227658,100,ln_n,0.75
classification_gini,labor,"samples=ln_n,q=0.9",-1.8532447944212715,4.739185750636127,100,ln_n,0.9
classification_gini,labor,"samples=ln_n,q=0.95",-1.9752469752469637,1.0174881791814527,100,ln_n,0.95
classification_gini,labor,"samples=sqrt_n,q=0.5",-1.7979057979058022,32.092875318066156,100,sqrt_n,0.5
classification_gini,labor,"samples=sqrt_n,q=0.75",-0.8885216091098325,28.58504842370214,100,sqrt_n,0.75
classification_gini,labor,"samples=sqrt_n,q=0.9",-0.4070798482563365,27.949118311713733,100,sqrt_n,0.9
classification_gini,labor,"samples=sqrt_n,q=0.95",-1.5412022617904975,27.885505080161572,100,sqrt_n,0.95
classification_gini,led24,"samples=0.1n,q=0.5",-0.24073479744164406,-32.520696651924,100,0.1n,0.5
classification_gini,led24,"samples=0.1n,q=0.75",0.2870948744353452,-35.852591526054,100,0.1n,0.75
classification_gini,led24,"samples=0.1n,q=0.9",0.2870948744353452,-35.852591526054,100,0.1n,0.9
classification_gini,led24,"samples=0.1n,q=0.95",0.2870948744353452,-35.852591526054,100,0.1n,0.95
classification_gini,led24,"samples=10,q=0.5",-0.24073479744164406,-32.520696651924,100,10,0.5
classification_gini,led24,"samples=10,q=0.75",0.2870948744353452,-35.852591526054,100,10,0.75
classification_gini,led24,"samples=10,q=0.9",0.2870948744353452,-35.852591526054,100,10,0.9
classification_gini,led24,"samples=10,q=0.95",0.2870948744353452,-35.852591526054,100,10,0.95
classification_gini,led24,"samples=2,q=0.5",-0.24073479744164406,-32.520696651924,100,2,0.5
classification_gini,led24,"samples=2,q=0.75",0.2870948744353452,-35.852591526054,100,2,0.75
classification_gini,led24,"samples=2,q=0.9",0.2870948744353452,-35.852591526054,100,2,0.9
classification_gini,led24,"samples=2,q=0.95",0.2870948744353452,-35.852591526054,100,2,0.95
classification_gini,led24,"samples=ln_n,q=0.5",-0.24073479744164406,-32.520696651924,100,ln_n,0.5
classification_gini,led24,"samples=ln_n,q=0.75",0.2870948744353452,-35.852591526054,100,ln_n,0.75
classification_gini,led24,"samples=ln_n,q=0.9",0.2870948744353452,-35.852591526054,100,ln_n,0.9
classification_gini,led24,"samples=ln_n,q=0.95",0.2870948744353452,-35.852591526054,100,ln_n,0.95
classification_gini,led24,"samples=sqrt_n,q=0.5",-0.24073479744164406,-32.520696651924,100,sqrt_n,0.5
classification_gini,led24,"samples=sqrt_n,q=0.75",0.2870948744353452,-35.852591526054,100,sqrt_n,0.75
classification_gini,led24,"samples=sqrt_n,q=0.9",0.2870948744353452,-35.852591526054,100,sqrt_n,0.9
classification_gini,led24,"samples=sqrt_n,q=0.95",0.2870948744353452,-35.852591526054,100,sqrt_n,0.95
classification_gini,led7,"samples=0.1n,q=0.5",-0.00013735255579017114,-50.806451612903246,100,0.1n,0.5
classification_gini,led7,"samples=0.1n,q=0.75",1.0452838414793386,-49.148745519713266,100,0.1n,0.75
classification_gini,led7,"samples=0.1n,q=0.9",1.0452838414793386,-49.148745519713266,100,0.1n,0.9
classification_gini,led7,"samples=0.1n,q=0.95",1.0452838414793386,-49.148745519713266,100,0.1n,0.95
classification_gini,led7,"samples=10,q=0.5",-0.00013735255579017114,-50.806451612903246,100,10,0.5
classification_gini,led7,"samples=10,q=0.75",1.0452838414793386,-49.148745519713266,100,10,0.75
classification_gini,led7,"samples=10,q=0.9",1.0452838414793386,-49.148745519713266,100,10,0.9
classification_gini,led7,"samples=10,q=0.95",1.0452838414793386,-49.148745519713266,100,10,0.95
classification_gini,led7,"samples=2,q=0.5",-0.00013735255579017114,-50.806451612903246,100,2,0.5
classification_gini,led7,"samples=2,q=0.75",1.0452838414793386,-49.148745519713266,100,2,0.75
classification_gini,led7,"samples=2,q=0.9",1.0452838414793386,-49.148745519713266,100,2,0.9
classification_gini,led7,"samples=2,q=0.95",1.0452838414793386,-49.148745519713266,100,2,0.95
classification_gini,led7,"samples=ln_n,q=0.5",-0.00013735255579017114,-50.806451612903246,100,ln_n,0.5
classification_gini,led7,"samples=ln_n,q=0.75",1.0452838414793386,-49.148745519713266,100,ln_n,0.75
classification_gini,led7,"samples=ln_n,q=0.9",1.0452838414793386,-49.148745519713266,100,ln_n,0.9
classification_gini,led7,"samples=ln_n,q=0.95",1.0452838414793386,-49.148745519713266,100,ln_n,0.95
classification_gini,led7,"samples=sqrt_n,q=0.5",-0.00013735255579017114,-50.806451612903246,100,sqrt_n,0.5
classification_gini,led7,"samples=sqrt_n,q=0.75",1.0452838414793386,-49.148745519713266,100,sqrt_n,0.75
classification_gini,led7,"samples=sqrt_n,q=0.9",1.0452838414793386,-49.148745519713266,100,sqrt_n,0.9
classification_gini,led7,"samples=sqrt_n,q=0.95",1.0452838414793386,-49.148745519713266,100,sqrt_n,0.95
classification_gini,letter,"samples=0.1n,q=0.5",1.4092406412416436,30.12533165619218,100,0.1n,0.5
classification_gini,letter,"samples=0.1n,q=0.75",1.559865158296453,27.702031820463326,100,0.1n,0.75
classification_gini,letter,"samples=0.1n,q=0.9",1.5322231656789587,27.04191946582743,100,0.1n,0.9
classification_gini,letter,"samples=0.1n,q=0.95",1.5012541294710635,27.242139919649638,100,0.1n,0.95
classification_gini,letter,"samples=10,q=0.5",1.2185870018605383,-2.38677890083272,100,10,0.5
classification_gini,letter,"samples=10,q=0.75",0.8389690634556024,-5.294800516699693,100,10,0.75
classification_gini,letter,"samples=10,q=0.9",1.3570932921977197,-9.130277940898146,100,10,0.9
classification_gini,letter,"samples=10,q=0.95",2.094766910611634,-12.903638737426759,100,10,0.95
classification_gini,letter,"samples=2,q=0.5",1.1919211589736411,18.529685515943545,100,2,0.5
classification_gini,letter,"samples=2,q=0.75",1.1021583655862421,17.258623801459997,100,2,0.75
classification_gini,letter,"samples=2,q=0.9",1.8604077799656227,11.301275832981371,100,2,0.9
classification_gini,letter,"samples=2,q=0.95",1.9119069781526776,10.497642105611437,100,2,0.95
classification_gini,letter,"samples=ln_n,q=0.5",1.2185870018605383,-2.38677890083272,100,ln_n,0.5
classification_gini,letter,"samples=ln_n,q=0.75",0.8389690634556024,-5.294800516699693,100,ln_n,0.75
classification_gini,letter,"samples=ln_n,q=0.9",1.3570932921977197,-9.130277940898146,100,ln_n,0.9
classification_gini,letter,"samples=ln_n,q=0.95",2.094766910611634,-12.903638737426759,100,ln_n,0.95
classification_gini,letter,"samples=sqrt_n,q=0.5",1.3983513545988202,29.47491889890066,100,sqrt_n,0.5
classification_gini,letter,"samples=sqrt_n,q=0.75",1.6081702313513857,27.372624522090096,100,sqrt_n,0.75
classification_gini,letter,"samples=sqrt_n,q=0.9",1.6081702313513857,27.372624522090096,100,sqrt_n,0.9
classification_gini,letter,"samples=sqrt_n,q=0.95",1.6081702313513857,27.372624522090096,100,sqrt_n,0.95
classification_gini,lupus,"samples=0.1n,q=0.5",2.135325560954854,36.65980238462039,100,0.1n,0.5
classification_gini,lupus,"samples=0.1n,q=0.75",1.7154258797144828,35.975061756648515,100,0.1n,0.75
classification_gini,lupus,"samples=0.1n,q=0.9",1.7972710497949407,34.70501785581682,100,0.1n,0.9
classification_gini,lupus,"samples=0.1n,q=0.95",1.3629400423888216,34.48980724992982,100,0.1n,0.95
classification_gini,lupus,"samples=10,q=0.5",1.3638179820707752,17.352180686870778,100,10,0.5
classification_gini,lupus,"samples=10,q=0.75",1.2361112798251084,14.212065053164856,100,10,0.75
classification_gini,lupus,"samples=10,q=0.9",0.3748372333309824,12.327589512495324,100,10,0.9
classification_gini,lupus,"samples=10,q=0.95",0.5375642041411388,11.842603604081292,100,10,0.95
classification_gini,lupus,"samples=2,q=0.5",2.4326199991161648,32.69615482417656,100,2,0.5
classification_gini,lupus,"samples=2,q=0.75",1.1999948671102267,32.022103169389695,100,2,0.75
classification_gini,lupus,"samples=2,q=0.9",0.5959545482361495,31.0207094929875,100,2,0.9
classification_gini,lupus,"samples=2,q=0.95",0.8213878571934841,30.270230794860986,100,2,0.95
classification_gini,lupus,"samples=ln_n,q=0.5",2.3424877801139834,26.950663637773086,100,ln_n,0.5
classification_gini,lupus,"samples=ln_n,q=0.75",1.9280449051952697,23.834006610356234,100,ln_n,0.75
classification_gini,lupus,"samples=ln_n,q=0.9",1.760228206755332,24.92644359505917,100,ln_n,0.9
classification_gini,lupus,"samples=ln_n,q=0.95",1.1142809040069868,23.751050711082392,100,ln_n,0.95
classification_gini,lupus,"samples=sqrt_n,q=0.5",2.2656199884629027,37.06833664562322,100,sqrt_n,0.5
classification_gini,lupus,"samples=sqrt_n,q=0.75",1.719480091905723,36.522540070122375,100,sqrt_n,0.75
classification_gini,lupus,"samples=sqrt_n,q=0.9",1.347105582954955,35.661895568527896,100,sqrt_n,0.9
classification_gini,lupus,"samples=sqrt_n,q=0.95",1.1199419557374857,35.03367395907611,100,sqrt_n,0.95
classification_gini,lymphography,"samples=0.1n,q=0.5",-1.4414499523818236,3.0735212131673686,100,0.1n,0.5
classification_gini,lymphography,"samples=0.1n,q=0.75",-1.4986009875076145,-0.01918569017650973,100,0.1n,0.75
classification_gini,lymphography,"samples=0.1n,q=0.9",-1.4986009875076145,-0.01918569017650973,100,0.1n,0.9
classification_gini,lymphography,"samples=0.1n,q=0.95",-1.4986009875076145,-0.01918569017650973,100,0.1n,0.95
classification_gini,lymphography,"samples=10,q=0.5",-1.2865709516108603,-15.776245365108354,100,10,0.5
classification_gini,lymphography,"samples=10,q=0.75",-1.5075535010180496,-18.03621165883129,100,10,0.75
classification_gini,lymphography,"samples=10,q=0.9",-1.4594816636124386,-23.961846573593014,100,10,0.9
classification_gini,lymphography,"samples=10,q=0.95",-1.2502972779887767,-26.519594050950943,100,10,0.95
classification_gini,lymphography,"samples=2,q=0.5",-0.9650082212459332,-7.202753317288679,100,2,0.5
classification_gini,lymphography,"samples=2,q=0.75",-0.63888682221942,-9.933679291443498,100,2,0.75
classification_gini,lymphography,"samples=2,q=0.9",-1.6125053838835446,-15.45333005372621,100,2,0.9
classification_gini,lymphography,"samples=2,q=0.95",-1.4682508754909562,-15.822596475108597,100,2,0.95
classification_gini,lymphography,"samples=ln_n,q=0.5",-1.2629438932964254,-14.372874310331785,100,ln_n,0.5
classification_gini,lymphography,"samples=ln_n,q=0.75",-1.2820393171676936,-16.83815721720715,100,ln_n,0.75
classification_gini,lymphography,"samples=ln_n,q=0.9",-0.6745095056594153,-21.70115848042463,100,ln_n,0.9
classification_gini,lymphography,"samples=ln_n,q=0.95",-0.8164374792315576,-24.4559246321707,100,ln_n,0.95
classification_gini,lymphography,"samples=sqrt_n,q=0.5",-1.4414499523818236,3.0735212131673686,100,sqrt_n,0.5
classification_gini,lymphography,"samples=sqrt_n,q=0.75",-1.4986009875076145,-0.01918569017650973,100,sqrt_n,0.75
classification_gini,lymphography,"samples=sqrt_n,q=0.9",-1.4986009875076145,-0.01918569017650973,100,sqrt_n,0.9
classification_gini,lymphography,"samples=sqrt_n,q=0.95",-1.4986009875076145,-0.01918569017650973,100,sqrt_n,0.95
classification_gini,magic,"samples=0.1n,q=0.5",0.865968072482648,66.97917811889629,100,0.1n,0.5
classification_gini,magic,"samples=0.1n,q=0.75",0.48587871799886106,60.68769308638531,100,0.1n,0.75
classification_gini,magic,"samples=0.1n,q=0.9",0.2829112467572392,55.47654053029785,100,0.1n,0.9
classification_gini,magic,"samples=0.1n,q=0.95",0.1341974425203396,53.350630561190954,100,0.1n,0.95
classification_gini,magic,"samples=10,q=0.5",0.8562183363531484,68.29979506959714,100,10,0.5
classification_gini,magic,"samples=10,q=0.75",0.5263659326687542,62.21702203768682,100,10,0.75
classification_gini,magic,"samples=10,q=0.9",0.2507570888843791,56.751769658680374,100,10,0.9
classification_gini,magic,"samples=10,q=0.95",0.16832159735455376,54.45710488603529,100,10,0.95
classification_gini,magic,"samples=2,q=0.5",0.7496660099046704,70.07209558772843,100,2,0.5
classification_gini,magic,"samples=2,q=0.75",0.5127976665181833,66.21327318804254,100,2,0.75
classification_gini,magic,"samples=2,q=0.9",0.49395582469596855,63.72160346156436,100,2,0.9
classification_gini,magic,"samples=2,q=0.95",0.5258079948758376,62.533674463545964,100,2,0.95
classification_gini,magic,"samples=ln_n,q=0.5",0.8562183363531484,68.29979506959714,100,ln_n,0.5
classification_gini,magic,"samples=ln_n,q=0.75",0.5263659326687542,62.21702203768682,100,ln_n,0.75
classification_gini,magic,"samples=ln_n,q=0.9",0.2507570888843791,56.751769658680374,100,ln_n,0.9
classification_gini,magic,"samples=ln_n,q=0.95",0.16832159735455376,54.45710488603529,100,ln_n,0.95
classification_gini,magic,"samples=sqrt_n,q=0.5",0.7314075581609181,70.32449044187535,100,sqrt_n,0.5
classification_gini,magic,"samples=sqrt_n,q=0.75",0.5709524166736424,65.63013026322396,100,sqrt_n,0.75
classification_gini,magic,"samples=sqrt_n,q=0.9",0.47114325985940786,62.28529870974081,100,sqrt_n,0.9
classification_gini,magic,"samples=sqrt_n,q=0.95",0.3578926639559943,60.482110655910944,100,sqrt_n,0.95
classification_gini,mfeat_factors,"samples=0.1n,q=0.5",3.3469480979139044,67.35544780712601,100,0.1n,0.5
classification_gini,mfeat_factors,"samples=0.1n,q=0.75",2.2246995820483564,60.87952249382516,100,0.1n,0.75
classification_gini,mfeat_factors,"samples=0.1n,q=0.9",1.6337519750751484,53.49837167588161,100,0.1n,0.9
classification_gini,mfeat_factors,"samples=0.1n,q=0.95",1.478158960048509,48.902990017202725,100,0.1n,0.95
classification_gini,mfeat_factors,"samples=10,q=0.5",4.10621371715999,62.13786078025355,100,10,0.5
classification_gini,mfeat_factors,"samples=10,q=0.75",2.1881665254782745,55.758953138431664,100,10,0.75
classification_gini,mfeat_factors,"samples=10,q=0.9",1.2131500086155433,46.0977754019342,100,10,0.9
classification_gini,mfeat_factors,"samples=10,q=0.95",1.4781460689612724,41.34080929658162,100,10,0.95
classification_gini,mfeat_factors,"samples=2,q=0.5",2.715696195797357,67.75799344511033,100,2,0.5
classification_gini,mfeat_factors,"samples=2,q=0.75",1.8796623834656412,62.905473292768974,100,2,0.75
classification_gini,mfeat_factors,"samples=2,q=0.9",1.928306252351747,57.32979324617938,100,2,0.9
classification_gini,mfeat_factors,"samples=2,q=0.95",2.076346900557885,56.25098350673971,100,2,0.95
classification_gini,mfeat_factors,"samples=ln_n,q=0.5",3.790946681710494,63.97681119325016,100,ln_n,0.5
classification_gini,mfeat_factors,"samples=ln_n,q=0.75",2.252666403334469,56.765915637140935,100,ln_n,0.75
classification_gini,mfeat_factors,"samples=ln_n,q=0.9",1.2461705553308722,47.49019858528524,100,ln_n,0.9
classification_gini,mfeat_factors,"samples=ln_n,q=0.95",1.4015227658571439,43.12082500532854,100,ln_n,0.95
classification_gini,mfeat_factors,"samples=sqrt_n,q=0.5",2.332681384988733,68.05612660705023,100,sqrt_n,0.5
classification_gini,mfeat_factors,"samples=sqrt_n,q=0.75",2.257269140566093,64.92796975266666,100,sqrt_n,0.75
classification_gini,mfeat_factors,"samples=sqrt_n,q=0.9",1.8141477205427026,60.464963192740136,100,sqrt_n,0.9
classification_gini,mfeat_factors,"samples=sqrt_n,q=0.95",1.8040568517339761,58.15323260132361,100,sqrt_n,0.95
classification_gini,mfeat_fourier,"samples=0.1n,q=0.5",5.47594195968979,75.63741755620325,100,0.1n,0.5
classification_gini,mfeat_fourier,"samples=0.1n,q=0.75",2.7958442027610997,66.36563610113978,100,0.1n,0.75
classification_gini,mfeat_fourier,"samples=0.1n,q=0.9",1.307893311773345,55.224028384735036,100,0.1n,0.9
classification_gini,mfeat_fourier,"samples=0.1n,q=0.95",1.5617985529489342,50.83737006568351,100,0.1n,0.95
classification_gini,mfeat_fourier,"samples=10,q=0.5",5.884873078198866,74.53863284052395,100,10,0.5
classification_gini,mfeat_fourier,"samples=10,q=0.75",2.3822340448185377,65.21342554753272,100,10,0.75
classification_gini,mfeat_fourier,"samples=10,q=0.9",1.2602666774103655,55.85729368471631,100,10,0.9
classification_gini,mfeat_fourier,"samples=10,q=0.95",1.3209369033764684,51.790305198473575,100,10,0.95
classification_gini,mfeat_fourier,"samples=2,q=0.5",4.229995494722988,75.51934989960291,100,2,0.5
classification_gini,mfeat_fourier,"samples=2,q=0.75",2.508034859610808,69.47105706585805,100,2,0.75
classification_gini,mfeat_fourier,"samples=2,q=0.9",2.429660151463059,65.46968227731956,100,2,0.9
classification_gini,mfeat_fourier,"samples=2,q=0.95",2.7670439739914454,64.75882963072016,100,2,0.95
classification_gini,mfeat_fourier,"samples=ln_n,q=0.5",5.5027340580107005,75.12668575698561,100,ln_n,0.5
classification_gini,mfeat_fourier,"samples=ln_n,q=0.75",2.287514763782439,65.88375130657872,100,ln_n,0.75
classification_gini,mfeat_fourier,"samples=ln_n,q=0.9",1.1596413149590201,56.32232712869584,100,ln_n,0.9
classification_gini,mfeat_fourier,"samples=ln_n,q=0.95",1.4386576250127736,53.49295560949507,100,ln_n,0.95
classification_gini,mfeat_fourier,"samples=sqrt_n,q=0.5",4.862047810779419,77.3455819665023,100,sqrt_n,0.5
classification_gini,mfeat_fourier,"samples=sqrt_n,q=0.75",2.945993540572905,69.91981086992416,100,sqrt_n,0.75
classification_gini,mfeat_fourier,"samples=sqrt_n,q=0.9",2.037309777402685,62.207831720131935,100,sqrt_n,0.9
classification_gini,mfeat_fourier,"samples=sqrt_n,q=0.95",2.0738495566496096,58.98573630615739,100,sqrt_n,0.95
classification_gini,mfeat_karhunen,"samples=0.1n,q=0.5",9.986738757098319,75.19860108861917,100,0.1n,0.5
classification_gini,mfeat_karhunen,"samples=0.1n,q=0.75",4.717461184768651,65.01262416919975,100,0.1n,0.75
classification_gini,mfeat_karhunen,"samples=0.1n,q=0.9",2.3286707072636137,55.620840019857525,100,0.1n,0.9
classification_gini,mfeat_karhunen,"samples=0.1n,q=0.95",2.395990443443108,51.11049474528255,100,0.1n,0.95
classification_gini,mfeat_karhunen,"samples=10,q=0.5",10.378699468711794,73.91793938688923,100,10,0.5
classification_gini,mfeat_karhunen,"samples=10,q=0.75",4.615662409710242,63.724823405023976,100,10,0.75
classification_gini,mfeat_karhunen,"samples=10,q=0.9",2.46946562216272,54.58982561915657,100,10,0.9
classification_gini,mfeat_karhunen,"samples=10,q=0.95",2.7265559485842306,52.174361560307815,100,10,0.95
classification_gini,mfeat_karhunen,"samples=2,q=0.5",7.5803385378074015,74.77756155719405,100,2,0.5
classification_gini,mfeat_karhunen,"samples=2,q=0.75",4.583017914941163,68.37402315952724,100,2,0.75
classification_gini,mfeat_karhunen,"samples=2,q=0.9",4.0347774156376355,63.60163913469958,100,2,0.9
classification_gini,mfeat_karhunen,"samples=2,q=0.95",4.849091761685681,62.349441697861465,100,2,0.95
classification_gini,mfeat_karhunen,"samples=ln_n,q=0.5",9.693917677310154,74.38831585161859,100,ln_n,0.5
classification_gini,mfeat_karhunen,"samples=ln_n,q=0.75",4.343003536182232,64.41021011332481,100,ln_n,0.75
classification_gini,mfeat_karhunen,"samples=ln_n,q=0.9",2.594822304239081,55.993097084367236,100,ln_n,0.9
classification_gini,mfeat_karhunen,"samples=ln_n,q=0.95",2.986714082653308,52.91750667685399,100,ln_n,0.95
classification_gini,mfeat_karhunen,"samples=sqrt_n,q=0.5",8.88430844309493,76.7245230562969,100,sqrt_n,0.5
classification_gini,mfeat_karhunen,"samples=sqrt_n,q=0.75",4.736216584646009,68.24512256289071,100,sqrt_n,0.75
classification_gini,mfeat_karhunen,"samples=sqrt_n,q=0.9",3.2665524021488865,61.8550804485979,100,sqrt_n,0.9
classification_gini,mfeat_karhunen,"samples=sqrt_n,q=0.95",4.005976550762319,59.694876547897294,100,sqrt_n,0.95
classification_gini,mfeat_morphological,"samples=0.1n,q=0.5",0.21289079299160463,52.12968418063532,100,0.1n,0.5
classification_gini,mfeat_morphological,"samples=0.1n,q=0.75",0.2868361382864115,49.80211958021931,100,0.1n,0.75
classification_gini,mfeat_morphological,"samples=0.1n,q=0.9",0.05664807738446909,45.13573188775362,100,0.1n,0.9
classification_gini,mfeat_morphological,"samples=0.1n,q=0.95",0.1251017634826601,40.22633846922608,100,0.1n,0.95
classification_gini,mfeat_morphological,"samples=10,q=0.5",0.3348062689336684,49.21463053229586,100,10,0.5
classification_gini,mfeat_morphological,"samples=10,q=0.75",-0.0312681202524312,46.53301811104181,100,10,0.75
classification_gini,mfeat_morphological,"samples=10,q=0.9",0.16963220763295261,43.07628404182274,100,10,0.9
classification_gini,mfeat_morphological,"samples=10,q=0.95",0.3651432830406698,39.502053803926195,100,10,0.95
classification_gini,mfeat_morphological,"samples=2,q=0.5",0.3669291829903887,54.8471682200269,100,2,0.5
classification_gini,mfeat_morphological,"samples=2,q=0.75",-0.015486730380659397,53.03646924812662,100,2,0.75
classification_gini,mfeat_morphological,"samples=2,q=0.9",0.28719026731528485,51.812382862429274,100,2,0.9
classification_gini,mfeat_morphological,"samples=2,q=0.95",0.3060709564039865,49.6630700707902,100,2,0.95
classification_gini,mfeat_morphological,"samples=ln_n,q=0.5",0.2249854706407095,50.05365761249465,100,ln_n,0.5
classification_gini,mfeat_morphological,"samples=ln_n,q=0.75",0.3535998135072216,47.085796511780885,100,ln_n,0.75
classification_gini,mfeat_morphological,"samples=ln_n,q=0.9",0.33781976599148167,44.19606252304095,100,ln_n,0.9
classification_gini,mfeat_morphological,"samples=ln_n,q=0.95",0.1083133835562411,41.53462255720949,100,ln_n,0.95
classification_gini,mfeat_morphological,"samples=sqrt_n,q=0.5",0.32450184974341933,55.03675278206299,100,sqrt_n,0.5
classification_gini,mfeat_morphological,"samples=sqrt_n,q=0.75",0.25678432136771456,53.59045019704024,100,sqrt_n,0.75
classification_gini,mfeat_morphological,"samples=sqrt_n,q=0.9",0.15074930360701733,49.611975154060595,100,sqrt_n,0.9
classification_gini,mfeat_morphological,"samples=sqrt_n,q=0.95",0.26632881171171907,45.405488362313775,100,sqrt_n,0.95
classification_gini,mfeat_pixel,"samples=0.1n,q=0.5",-0.35454916058705876,28.44475259203157,100,0.1n,0.5
classification_gini,mfeat_pixel,"samples=0.1n,q=0.75",-0.4359083484317683,26.914394481051456,100,0.1n,0.75
classification_gini,mfeat_pixel,"samples=0.1n,q=0.9",-0.4359083484317683,26.914394481051456,100,0.1n,0.9
classification_gini,mfeat_pixel,"samples=0.1n,q=0.95",-0.4359083484317683,26.914394481051456,100,0.1n,0.95
classification_gini,mfeat_pixel,"samples=10,q=0.5",-0.40881570053256655,-1.728149967940329,100,10,0.5
classification_gini,mfeat_pixel,"samples=10,q=0.75",-0.2320137987887938,-5.222582792971798,100,10,0.75
classification_gini,mfeat_pixel,"samples=10,q=0.9",-0.35695170479705385,-8.415848009960447,100,10,0.9
classification_gini,mfeat_pixel,"samples=10,q=0.95",-0.09778126543086851,-12.027122648694322,100,10,0.95
classification_gini,mfeat_pixel,"samples=2,q=0.5",-0.38201324091381994,18.00646086137248,100,2,0.5
classification_gini,mfeat_pixel,"samples=2,q=0.75",-0.3374642320773613,16.259716487929133,100,2,0.75
classification_gini,mfeat_pixel,"samples=2,q=0.9",-0.21834725346306927,12.641835758524365,100,2,0.9
classification_gini,mfeat_pixel,"samples=2,q=0.95",-0.1355778460610635,11.771684178426316,100,2,0.95
classification_gini,mfeat_pixel,"samples=ln_n,q=0.5",-0.40881570053256655,-1.728149967940329,100,ln_n,0.5
classification_gini,mfeat_pixel,"samples=ln_n,q=0.75",-0.2320137987887938,-5.222582792971798,100,ln_n,0.75
classification_gini,mfeat_pixel,"samples=ln_n,q=0.9",-0.35695170479705385,-8.415848009960447,100,ln_n,0.9
classification_gini,mfeat_pixel,"samples=ln_n,q=0.95",-0.09778126543086851,-12.027122648694322,100,ln_n,0.95
classification_gini,mfeat_pixel,"samples=sqrt_n,q=0.5",-0.35454916058705876,28.44475259203157,100,sqrt_n,0.5
classification_gini,mfeat_pixel,"samples=sqrt_n,q=0.75",-0.4359083484317683,26.914394481051456,100,sqrt_n,0.75
classification_gini,mfeat_pixel,"samples=sqrt_n,q=0.9",-0.4359083484317683,26.914394481051456,100,sqrt_n,0.9
classification_gini,mfeat_pixel,"samples=sqrt_n,q=0.95",-0.4359083484317683,26.914394481051456,100,sqrt_n,0.95
classification_gini,mfeat_zernike,"samples=0.1n,q=0.5",4.368870141448388,77.21180842996972,100,0.1n,0.5
classification_gini,mfeat_zernike,"samples=0.1n,q=0.75",2.4512699735319723,68.93809734783952,100,0.1n,0.75
classification_gini,mfeat_zernike,"samples=0.1n,q=0.9",1.1386622780042155,57.442392232311164,100,0.1n,0.9
classification_gini,mfeat_zernike,"samples=0.1n,q=0.95",1.1767648923585117,50.665378667093606,100,0.1n,0.95
classification_gini,mfeat_zernike,"samples=10,q=0.5",4.513643469050432,75.62740841882157,100,10,0.5
classification_gini,mfeat_zernike,"samples=10,q=0.75",2.1728671616867534,66.37381570443122,100,10,0.75
classification_gini,mfeat_zernike,"samples=10,q=0.9",1.1507870546303867,55.68614761932442,100,10,0.9
classification_gini,mfeat_zernike,"samples=10,q=0.95",1.3469333153488194,51.71368885882007,100,10,0.95
classification_gini,mfeat_zernike,"samples=2,q=0.5",3.4289392053557632,76.93134750708188,100,2,0.5
classification_gini,mfeat_zernike,"samples=2,q=0.75",2.218898879625625,70.95515185189973,100,2,0.75
classification_gini,mfeat_zernike,"samples=2,q=0.9",2.2567476938993747,65.62043272345309,100,2,0.9
classification_gini,mfeat_zernike,"samples=2,q=0.95",2.230217288042219,64.98972052992428,100,2,0.95
classification_gini,mfeat_zernike,"samples=ln_n,q=0.5",4.192168313056882,76.15875026698862,100,ln_n,0.5
classification_gini,mfeat_zernike,"samples=ln_n,q=0.75",2.1591309539803536,67.45249609891894,100,ln_n,0.75
classification_gini,mfeat_zernike,"samples=ln_n,q=0.9",1.2319721112899418,56.99303470503999,100,ln_n,0.9
classification_gini,mfeat_zernike,"samples=ln_n,q=0.95",1.414394144109521,53.17191876833047,100,ln_n,0.95
classification_gini,mfeat_zernike,"samples=sqrt_n,q=0.5",3.7677163012466988,78.60017298808808,100,sqrt_n,0.5
classification_gini,mfeat_zernike,"samples=sqrt_n,q=0.75",2.712199296527568,71.62208638476903,100,sqrt_n,0.75
classification_gini,mfeat_zernike,"samples=sqrt_n,q=0.9",1.779653829315736,62.58685383638006,100,sqrt_n,0.9
classification_gini,mfeat_zernike,"samples=sqrt_n,q=0.95",1.9848771729564174,59.02027381769821,100,sqrt_n,0.95
classification_gini,mofn_3_7_10,"samples=0.1n,q=0.5",0.0,-36.645161290322584,100,0.1n,0.5
classification_gini,mofn_3_7_10,"samples=0.1n,q=0.75",1.4309744561205817,-69.93548387096774,100,0.1n,0.75
classification_gini,mofn_3_7_10,"samples=0.1n,q=0.9",1.4309744561205817,-69.93548387096774,100,0.1n,0.9
classification_gini,mofn_3_7_10,"samples=0.1n,q=0.95",1.4309744561205817,-69.93548387096774,100,0.1n,0.95
classification_gini,mofn_3_7_10,"samples=10,q=0.5",0.0,-36.645161290322584,100,10,0.5
classification_gini,mofn_3_7_10,"samples=10,q=0.75",1.4309744561205817,-69.93548387096774,100,10,0.75
classification_gini,mofn_3_7_10,"samples=10,q=0.9",1.4309744561205817,-69.93548387096774,100,10,0.9
classification_gini,mofn_3_7_10,"samples=10,q=0.95",1.4309744561205817,-69.93548387096774,100,10,0.95
classification_gini,mofn_3_7_10,"samples=2,q=0.5",0.0,-36.645161290322584,100,2,0.5
classification_gini,mofn_3_7_10,"samples=2,q=0.75",1.4309744561205817,-69.93548387096774,100,2,0.75
classification_gini,mofn_3_7_10,"samples=2,q=0.9",1.4309744561205817,-69.93548387096774,100,2,0.9
classification_gini,mofn_3_7_10,"samples=2,q=0.95",1.4309744561205817,-69.93548387096774,100,2,0.95
classification_gini,mofn_3_7_10,"samples=ln_n,q=0.5",0.0,-36.645161290322584,100,ln_n,0.5
classification_gini,mofn_3_7_10,"samples=ln_n,q=0.75",1.4309744561205817,-69.93548387096774,100,ln_n,0.75
classification_gini,mofn_3_7_10,"samples=ln_n,q=0.9",1.4309744561205817,-69.93548387096774,100,ln_n,0.9
classification_gini,mofn_3_7_10,"samples=ln_n,q=0.95",1.4309744561205817,-69.93548387096774,100,ln_n,0.95
classification_gini,mofn_3_7_10,"samples=sqrt_n,q=0.5",0.0,-36.645161290322584,100,sqrt_n,0.5
classification_gini,mofn_3_7_10,"samples=sqrt_n,q=0.75",1.4309744561205817,-69.93548387096774,100,sqrt_n,0.75
classification_gini,mofn_3_7_10,"samples=sqrt_n,q=0.9",1.4309744561205817,-69.93548387096774,100,sqrt_n,0.9
classification_gini,mofn_3_7_10,"samples=sqrt_n,q=0.95",1.4309744561205817,-69.93548387096774,100,sqrt_n,0.95
classification_gini,molecular_biology_promoters,"samples=0.1n,q=0.5",-6.539910317269321,22.68756591323872,100,0.1n,0.5
classification_gini,molecular_biology_promoters,"samples=0.1n,q=0.75",-7.497919241817036,18.911079228210337,100,0.1n,0.75
classification_gini,molecular_biology_promoters,"samples=0.1n,q=0.9",-7.497919241817036,18.911079228210337,100,0.1n,0.9
classification_gini,molecular_biology_promoters,"samples=0.1n,q=0.95",-7.497919241817036,18.911079228210337,100,0.1n,0.95
classification_gini,molecular_biology_promoters,"samples=10,q=0.5",-5.877401381466529,-5.689152866037417,100,10,0.5
classification_gini,molecular_biology_promoters,"samples=10,q=0.75",-4.772653109044272,-6.766172206531618,100,10,0.75
classification_gini,molecular_biology_promoters,"samples=10,q=0.9",-6.281709711960531,-11.040159327003774,100,10,0.9
classification_gini,molecular_biology_promoters,"samples=10,q=0.95",-5.8930651771298965,-22.630481328778593,100,10,0.95
classification_gini,molecular_biology_promoters,"samples=2,q=0.5",-5.039529907432727,6.685255973383825,100,2,0.5
classification_gini,molecular_biology_promoters,"samples=2,q=0.75",-5.6595360764629845,5.275251339174747,100,2,0.75
classification_gini,molecular_biology_promoters,"samples=2,q=0.9",-6.173814153089063,-3.3075240278347184,100,2,0.9
classification_gini,molecular_biology_promoters,"samples=2,q=0.95",-6.168727301607452,-3.8534633964020126,100,2,0.95
classification_gini,molecular_biology_promoters,"samples=ln_n,q=0.5",-5.877401381466529,-5.689152866037417,100,ln_n,0.5
classification_gini,molecular_biology_promoters,"samples=ln_n,q=0.75",-4.772653109044272,-6.766172206531618,100,ln_n,0.75
classification_gini,molecular_biology_promoters,"samples=ln_n,q=0.9",-6.281709711960531,-11.040159327003774,100,ln_n,0.9
classification_gini,molecular_biology_promoters,"samples=ln_n,q=0.95",-5.8930651771298965,-22.630481328778593,100,ln_n,0.95
classification_gini,molecular_biology_promoters,"samples=sqrt_n,q=0.5",-6.539910317269321,22.68756591323872,100,sqrt_n,0.5
classification_gini,molecular_biology_promoters,"samples=sqrt_n,q=0.75",-7.497919241817036,18.911079228210337,100,sqrt_n,0.75
classification_gini,molecular_biology_promoters,"samples=sqrt_n,q=0.9",-7.497919241817036,18.911079228210337,100,sqrt_n,0.9
classification_gini,molecular_biology_promoters,"samples=sqrt_n,q=0.95",-7.497919241817036,18.911079228210337,100,sqrt_n,0.95
classification_gini,monk1,"samples=0.1n,q=0.5",1.6280706254165,-47.93670731707317,100,0.1n,0.5
classification_gini,monk1,"samples=0.1n,q=0.75",3.889424835928229,-76.45467646543739,100,0.1n,0.75
classification_gini,monk1,"samples=0.1n,q=0.9",3.889424835928229,-76.45467646543739,100,0.1n,0.9
classification_gini,monk1,"samples=0.1n,q=0.95",3.889424835928229,-76.45467646543739,100,0.1n,0.95
classification_gini,monk1,"samples=10,q=0.5",1.442613726283215,-50.44147458517908,100,10,0.5
classification_gini,monk1,"samples=10,q=0.75",2.1681471199627875,-72.42543295174875,100,10,0.75
classification_gini,monk1,"samples=10,q=0.9",5.7906381522927095,-131.0773347765951,100,10,0.9
classification_gini,monk1,"samples=10,q=0.95",6.577666451496061,-146.3844936708861,100,10,0.95
classification_gini,monk1,"samples=2,q=0.5",1.2628287744637479,-52.50204572238471,100,2,0.5
classification_gini,monk1,"samples=2,q=0.75",2.6206114454204177,-79.52150023889155,100,2,0.75
classification_gini,monk1,"samples=2,q=0.9",6.491409476975878,-144.95632452520925,100,2,0.9
classification_gini,monk1,"samples=2,q=0.95",6.491409476975878,-144.95632452520925,100,2,0.95
classification_gini,monk1,"samples=ln_n,q=0.5",1.442613726283215,-50.44147458517908,100,ln_n,0.5
classification_gini,monk1,"samples=ln_n,q=0.75",2.1681471199627875,-72.42543295174875,100,ln_n,0.75
classification_gini,monk1,"samples=ln_n,q=0.9",5.7906381522927095,-131.0773347765951,100,ln_n,0.9
classification_gini,monk1,"samples=ln_n,q=0.95",6.577666451496061,-146.3844936708861,100,ln_n,0.95
classification_gini,monk1,"samples=sqrt_n,q=0.5",1.6280706254165,-47.93670731707317,100,sqrt_n,0.5
classification_gini,monk1,"samples=sqrt_n,q=0.75",3.889424835928229,-76.45467646543739,100,sqrt_n,0.75
classification_gini,monk1,"samples=sqrt_n,q=0.9",3.889424835928229,-76.45467646543739,100,sqrt_n,0.9
classification_gini,monk1,"samples=sqrt_n,q=0.95",3.889424835928229,-76.45467646543739,100,sqrt_n,0.95
classification_gini,monk2,"samples=0.1n,q=0.5",-1.631163136769903,-0.3598756402393599,100,0.1n,0.5
classification_gini,monk2,"samples=0.1n,q=0.75",-0.4139575656306127,-17.298832375811134,100,0.1n,0.75
classification_gini,monk2,"samples=0.1n,q=0.9",-0.4139575656306127,-17.298832375811134,100,0.1n,0.9
classification_gini,monk2,"samples=0.1n,q=0.95",-0.4139575656306127,-17.298832375811134,100,0.1n,0.95
classification_gini,monk2,"samples=10,q=0.5",-1.3266157652925825,-16.79204629021195,100,10,0.5
classification_gini,monk2,"samples=10,q=0.75",-0.6467451853667039,-29.208693563880892,100,10,0.75
classification_gini,monk2,"samples=10,q=0.9",1.4560703600796976,-57.54851163788314,100,10,0.9
classification_gini,monk2,"samples=10,q=0.95",2.022910662444599,-67.76046592196558,100,10,0.95
classification_gini,monk2,"samples=2,q=0.5",-1.4487872313601102,-11.774704454027841,100,2,0.5
classification_gini,monk2,"samples=2,q=0.75",-0.4608295916320726,-26.30384113369383,100,2,0.75
classification_gini,monk2,"samples=2,q=0.9",1.7722482060533395,-59.054829230300186,100,2,0.9
classification_gini,monk2,"samples=2,q=0.95",1.7722482060533395,-59.054829230300186,100,2,0.95
classification_gini,monk2,"samples=ln_n,q=0.5",-1.3266157652925825,-16.79204629021195,100,ln_n,0.5
classification_gini,monk2,"samples=ln_n,q=0.75",-0.6467451853667039,-29.208693563880892,100,ln_n,0.75
classification_gini,monk2,"samples=ln_n,q=0.9",1.4560703600796976,-57.54851163788314,100,ln_n,0.9
classification_gini,monk2,"samples=ln_n,q=0.95",2.022910662444599,-67.76046592196558,100,ln_n,0.95
classification_gini,monk2,"samples=sqrt_n,q=0.5",-1.631163136769903,-0.3598756402393599,100,sqrt_n,0.5
classification_gini,monk2,"samples=sqrt_n,q=0.75",-0.4139575656306127,-17.298832375811134,100,sqrt_n,0.75
classification_gini,monk2,"samples=sqrt_n,q=0.9",-0.4139575656306127,-17.298832375811134,100,sqrt_n,0.9
classification_gini,monk2,"samples=sqrt_n,q=0.95",-0.4139575656306127,-17.298832375811134,100,sqrt_n,0.95
classification_gini,monk3,"samples=0.1n,q=0.5",0.0,-16.11650485436893,100,0.1n,0.5
classification_gini,monk3,"samples=0.1n,q=0.75",0.0005120714187345499,-25.922239314692497,100,0.1n,0.75
classification_gini,monk3,"samples=0.1n,q=0.9",0.0005120714187345499,-25.922239314692497,100,0.1n,0.9
classification_gini,monk3,"samples=0.1n,q=0.95",0.0005120714187345499,-25.922239314692497,100,0.1n,0.95
classification_gini,monk3,"samples=10,q=0.5",0.0,-29.32038834951456,100,10,0.5
classification_gini,monk3,"samples=10,q=0.75",-0.000905534963302479,-35.11119891623392,100,10,0.75
classification_gini,monk3,"samples=10,q=0.9",0.3766730062903567,-72.28682170542635,100,10,0.9
classification_gini,monk3,"samples=10,q=0.95",1.2617445636130042,-99.80582524271844,100,10,0.95
classification_gini,monk3,"samples=2,q=0.5",0.0,-26.50438874310018,100,2,0.5
classification_gini,monk3,"samples=2,q=0.75",0.17542009810787573,-34.92217898832685,100,2,0.75
classification_gini,monk3,"samples=2,q=0.9",0.9030719015747979,-77.51937984496125,100,2,0.9
classification_gini,monk3,"samples=2,q=0.95",0.9030719015747979,-77.51937984496125,100,2,0.95
classification_gini,monk3,"samples=ln_n,q=0.5",0.0,-29.32038834951456,100,ln_n,0.5
classification_gini,monk3,"samples=ln_n,q=0.75",-0.000905534963302479,-35.11119891623392,100,ln_n,0.75
classification_gini,monk3,"samples=ln_n,q=0.9",0.3766730062903567,-72.28682170542635,100,ln_n,0.9
classification_gini,monk3,"samples=ln_n,q=0.95",1.2617445636130042,-99.80582524271844,100,ln_n,0.95
classification_gini,monk3,"samples=sqrt_n,q=0.5",0.0,-16.11650485436893,100,sqrt_n,0.5
classification_gini,monk3,"samples=sqrt_n,q=0.75",0.0005120714187345499,-25.922239314692497,100,sqrt_n,0.75
classification_gini,monk3,"samples=sqrt_n,q=0.9",0.0005120714187345499,-25.922239314692497,100,sqrt_n,0.9
classification_gini,monk3,"samples=sqrt_n,q=0.95",0.0005120714187345499,-25.922239314692497,100,sqrt_n,0.95
classification_gini,movement_libras,"samples=0.1n,q=0.5",5.325085793835796,72.50586258760032,100,0.1n,0.5
classification_gini,movement_libras,"samples=0.1n,q=0.75",4.7894771123937865,67.06822342969576,100,0.1n,0.75
classification_gini,movement_libras,"samples=0.1n,q=0.9",4.289460125665087,57.18711925316921,100,0.1n,0.9
classification_gini,movement_libras,"samples=0.1n,q=0.95",3.308248830823649,51.00228254610656,100,0.1n,0.95
classification_gini,movement_libras,"samples=10,q=0.5",6.4495758870758895,64.27855373621145,100,10,0.5
classification_gini,movement_libras,"samples=10,q=0.75",4.6763389402708295,56.339083263806344,100,10,0.75
classification_gini,movement_libras,"samples=10,q=0.9",4.223632055127153,44.212592746214156,100,10,0.9
classification_gini,movement_libras,"samples=10,q=0.95",4.403713457022287,36.33162200907958,100,10,0.95
classification_gini,movement_libras,"samples=2,q=0.5",5.517993535150403,71.81847154187057,100,2,0.5
classification_gini,movement_libras,"samples=2,q=0.75",3.5193414292678913,66.04093653166129,100,2,0.75
classification_gini,movement_libras,"samples=2,q=0.9",4.5481809988066475,59.04984708585013,100,2,0.9
classification_gini,movement_libras,"samples=2,q=0.95",4.731260981164231,57.10583086057173,100,2,0.95
classification_gini,movement_libras,"samples=ln_n,q=0.5",5.601323966520052,68.11435521145808,100,ln_n,0.5
classification_gini,movement_libras,"samples=ln_n,q=0.75",4.956110066404184,60.37867061970771,100,ln_n,0.75
classification_gini,movement_libras,"samples=ln_n,q=0.9",4.025863203656039,48.36050330114156,100,ln_n,0.9
classification_gini,movement_libras,"samples=ln_n,q=0.95",4.1413985206877335,42.660463510772644,100,ln_n,0.95
classification_gini,movement_libras,"samples=sqrt_n,q=0.5",4.822166061588145,72.8233159462722,100,sqrt_n,0.5
classification_gini,movement_libras,"samples=sqrt_n,q=0.75",4.708275656805075,68.99854887830108,100,sqrt_n,0.75
classification_gini,movement_libras,"samples=sqrt_n,q=0.9",4.0830288311906,61.82975979361045,100,sqrt_n,0.9
classification_gini,movement_libras,"samples=sqrt_n,q=0.95",4.220773405126954,57.610180416715565,100,sqrt_n,0.95
classification_gini,mushroom,"samples=0.1n,q=0.5",0.0,17.793240556660045,100,0.1n,0.5
classification_gini,mushroom,"samples=0.1n,q=0.75",0.0,11.149768058316766,100,0.1n,0.75
classification_gini,mushroom,"samples=0.1n,q=0.9",0.0,11.149768058316766,100,0.1n,0.9
classification_gini,mushroom,"samples=0.1n,q=0.95",0.0,11.149768058316766,100,0.1n,0.95
classification_gini,mushroom,"samples=10,q=0.5",0.0,-19.433399602385684,100,10,0.5
classification_gini,mushroom,"samples=10,q=0.75",0.0,-23.93969516235918,100,10,0.75
classification_gini,mushroom,"samples=10,q=0.9",0.0,-33.58184227965539,100,10,0.9
classification_gini,mushroom,"samples=10,q=0.95",0.0,-37.24320742213385,100,10,0.95
classification_gini,mushroom,"samples=2,q=0.5",0.0,5.367793240556667,100,2,0.5
classification_gini,mushroom,"samples=2,q=0.75",0.0,0.1656726308813916,100,2,0.75
classification_gini,mushroom,"samples=2,q=0.9",0.0,-9.426772697150431,100,2,0.9
classification_gini,mushroom,"samples=2,q=0.95",0.0,-9.940357852882709,100,2,0.95
classification_gini,mushroom,"samples=ln_n,q=0.5",0.0,-19.73161033797216,100,ln_n,0.5
classification_gini,mushroom,"samples=ln_n,q=0.75",0.0,-25.381047051027174,100,ln_n,0.75
classification_gini,mushroom,"samples=ln_n,q=0.9",0.0,-33.7640821736249,100,ln_n,0.9
classification_gini,mushroom,"samples=ln_n,q=0.95",0.0,-38.055003313452595,100,ln_n,0.95
classification_gini,mushroom,"samples=sqrt_n,q=0.5",0.0,17.793240556660045,100,sqrt_n,0.5
classification_gini,mushroom,"samples=sqrt_n,q=0.75",0.0,11.149768058316766,100,sqrt_n,0.75
classification_gini,mushroom,"samples=sqrt_n,q=0.9",0.0,11.149768058316766,100,sqrt_n,0.9
classification_gini,mushroom,"samples=sqrt_n,q=0.95",0.0,11.149768058316766,100,sqrt_n,0.95
classification_gini,mux6,"samples=0.1n,q=0.5",0.0,-40.184049079754615,100,0.1n,0.5
classification_gini,mux6,"samples=0.1n,q=0.75",0.0,-50.91743977255724,100,0.1n,0.75
classification_gini,mux6,"samples=0.1n,q=0.9",0.0,-50.91743977255724,100,0.1n,0.9
classification_gini,mux6,"samples=0.1n,q=0.95",0.0,-50.91743977255724,100,0.1n,0.95
classification_gini,mux6,"samples=10,q=0.5",0.0,-40.184049079754615,100,10,0.5
classification_gini,mux6,"samples=10,q=0.75",0.0,-50.91743977255724,100,10,0.75
classification_gini,mux6,"samples=10,q=0.9",0.0,-50.91743977255724,100,10,0.9
classification_gini,mux6,"samples=10,q=0.95",0.0,-50.91743977255724,100,10,0.95
classification_gini,mux6,"samples=2,q=0.5",0.0,-40.184049079754615,100,2,0.5
classification_gini,mux6,"samples=2,q=0.75",0.0,-50.91743977255724,100,2,0.75
classification_gini,mux6,"samples=2,q=0.9",0.0,-50.91743977255724,100,2,0.9
classification_gini,mux6,"samples=2,q=0.95",0.0,-50.91743977255724,100,2,0.95
classification_gini,mux6,"samples=ln_n,q=0.5",0.0,-40.184049079754615,100,ln_n,0.5
classification_gini,mux6,"samples=ln_n,q=0.75",0.0,-50.91743977255724,100,ln_n,0.75
classification_gini,mux6,"samples=ln_n,q=0.9",0.0,-50.91743977255724,100,ln_n,0.9
classification_gini,mux6,"samples=ln_n,q=0.95",0.0,-50.91743977255724,100,ln_n,0.95
classification_gini,mux6,"samples=sqrt_n,q=0.5",0.0,-40.184049079754615,100,sqrt_n,0.5
classification_gini,mux6,"samples=sqrt_n,q=0.75",0.0,-50.91743977255724,100,sqrt_n,0.75
classification_gini,mux6,"samples=sqrt_n,q=0.9",0.0,-50.91743977255724,100,sqrt_n,0.9
classification_gini,mux6,"samples=sqrt_n,q=0.95",0.0,-50.91743977255724,100,sqrt_n,0.95
classification_gini,new_thyroid,"samples=0.1n,q=0.5",1.544134652009982,44.76439790575917,100,0.1n,0.5
classification_gini,new_thyroid,"samples=0.1n,q=0.75",1.00951771936022,41.426701570680635,100,0.1n,0.75
classification_gini,new_thyroid,"samples=0.1n,q=0.9",1.092730442140205,37.23003926701571,100,0.1n,0.9
classification_gini,new_thyroid,"samples=0.1n,q=0.95",1.122293906609595,36.60013089005236,100,0.1n,0.95
classification_gini,new_thyroid,"samples=10,q=0.5",1.2697597724669885,35.13049728581453,100,10,0.5
classification_gini,new_thyroid,"samples=10,q=0.75",0.8863517675420041,31.07002617801048,100,10,0.75
classification_gini,new_thyroid,"samples=10,q=0.9",0.9429076234816702,26.75284451863904,100,10,0.9
classification_gini,new_thyroid,"samples=10,q=0.95",0.5114624440711368,24.421172692192695,100,10,0.95
classification_gini,new_thyroid,"samples=2,q=0.5",1.3204164057773526,45.40173457699231,100,2,0.5
classification_gini,new_thyroid,"samples=2,q=0.75",1.2110798115442079,42.94011780104712,100,2,0.75
classification_gini,new_thyroid,"samples=2,q=0.9",1.338622088136171,40.24051047120419,100,2,0.9
classification_gini,new_thyroid,"samples=2,q=0.95",1.1196558517274302,37.64725130890052,100,2,0.95
classification_gini,new_thyroid,"samples=ln_n,q=0.5",1.2804776092537329,40.014724595421015,100,ln_n,0.5
classification_gini,new_thyroid,"samples=ln_n,q=0.75",0.8464729590873077,36.720667648502705,100,ln_n,0.75
classification_gini,new_thyroid,"samples=ln_n,q=0.9",0.8879669200152707,32.97062400777587,100,ln_n,0.9
classification_gini,new_thyroid,"samples=ln_n,q=0.95",1.0579763726135116,29.869945011613257,100,ln_n,0.95
classification_gini,new_thyroid,"samples=sqrt_n,q=0.5",0.9688514688543148,47.09973769513563,100,sqrt_n,0.5
classification_gini,new_thyroid,"samples=sqrt_n,q=0.75",0.9372650485532708,45.811518324607334,100,sqrt_n,0.75
classification_gini,new_thyroid,"samples=sqrt_n,q=0.9",0.9902700741029336,39.64655750166424,100,sqrt_n,0.9
classification_gini,new_thyroid,"samples=sqrt_n,q=0.95",1.3084889734875316,38.11354712041885,100,sqrt_n,0.95
classification_gini,nursery,"samples=0.1n,q=0.5",0.9375531664690462,-15.208381398999393,100,0.1n,0.5
classification_gini,nursery,"samples=0.1n,q=0.75",2.1570921105167393,-39.235460671517174,100,0.1n,0.75
classification_gini,nursery,"samples=0.1n,q=0.9",2.1570921105167393,-39.235460671517174,100,0.1n,0.9
classification_gini,nursery,"samples=0.1n,q=0.95",2.1570921105167393,-39.235460671517174,100,0.1n,0.95
classification_gini,nursery,"samples=10,q=0.5",0.7027637900056116,-30.748269713267995,100,10,0.5
classification_gini,nursery,"samples=10,q=0.75",1.713852291275747,-48.38468080902443,100,10,0.75
classification_gini,nursery,"samples=10,q=0.9",3.4606976422495386,-98.16527809939151,100,10,0.9
classification_gini,nursery,"samples=10,q=0.95",3.9740330298762894,-128.75948436074353,100,10,0.95
classification_gini,nursery,"samples=2,q=0.5",0.8036104382726006,-24.936367702269138,100,2,0.5
classification_gini,nursery,"samples=2,q=0.75",1.7647057879533856,-43.70654550378915,100,2,0.75
classification_gini,nursery,"samples=2,q=0.9",3.781238166102735,-103.93258544532016,100,2,0.9
classification_gini,nursery,"samples=2,q=0.95",3.9470949493568384,-107.99374184501121,100,2,0.95
classification_gini,nursery,"samples=ln_n,q=0.5",0.7027637900056116,-30.748269713267995,100,ln_n,0.5
classification_gini,nursery,"samples=ln_n,q=0.75",1.713852291275747,-48.38468080902443,100,ln_n,0.75
classification_gini,nursery,"samples=ln_n,q=0.9",3.4606976422495386,-98.16527809939151,100,ln_n,0.9
classification_gini,nursery,"samples=ln_n,q=0.95",3.9740330298762894,-128.75948436074353,100,ln_n,0.95
classification_gini,nursery,"samples=sqrt_n,q=0.5",0.9375531664690462,-15.208381398999393,100,sqrt_n,0.5
classification_gini,nursery,"samples=sqrt_n,q=0.75",2.1570921105167393,-39.235460671517174,100,sqrt_n,0.75
classification_gini,nursery,"samples=sqrt_n,q=0.9",2.1570921105167393,-39.235460671517174,100,sqrt_n,0.9
classification_gini,nursery,"samples=sqrt_n,q=0.95",2.1570921105167393,-39.235460671517174,100,sqrt_n,0.95
classification_gini,optdigits,"samples=0.1n,q=0.5",0.7011999499683952,41.580339668086566,100,0.1n,0.5
classification_gini,optdigits,"samples=0.1n,q=0.75",0.5531216457953403,40.15787304331539,100,0.1n,0.75
classification_gini,optdigits,"samples=0.1n,q=0.9",0.6930206883017986,38.07833381680471,100,0.1n,0.9
classification_gini,optdigits,"samples=0.1n,q=0.95",0.8028090884150629,37.53391825164836,100,0.1n,0.95
classification_gini,optdigits,"samples=10,q=0.5",0.5298792625818671,11.947505723853368,100,10,0.5
classification_gini,optdigits,"samples=10,q=0.75",0.38550558755482967,8.459919813447641,100,10,0.75
classification_gini,optdigits,"samples=10,q=0.9",0.8541913517342681,3.09530331075224,100,10,0.9
classification_gini,optdigits,"samples=10,q=0.95",1.537642188167293,-2.8666195650943527,100,10,0.95
classification_gini,optdigits,"samples=2,q=0.5",0.5956847881650462,36.54124040515853,100,2,0.5
classification_gini,optdigits,"samples=2,q=0.75",0.465654672869692,34.5235063754836,100,2,0.75
classification_gini,optdigits,"samples=2,q=0.9",0.798686321060671,29.679690550991683,100,2,0.9
classification_gini,optdigits,"samples=2,q=0.95",1.0864675140428381,28.135790519368083,100,2,0.95
classification_gini,optdigits,"samples=ln_n,q=0.5",0.6514465871929886,13.915460954837632,100,ln_n,0.5
classification_gini,optdigits,"samples=ln_n,q=0.75",0.350463303420151,10.100883662541127,100,ln_n,0.75
classification_gini,optdigits,"samples=ln_n,q=0.9",0.8115743299569989,5.04076559308666,100,ln_n,0.9
classification_gini,optdigits,"samples=ln_n,q=0.95",1.546179655095059,-1.4687448551883975,100,ln_n,0.95
classification_gini,optdigits,"samples=sqrt_n,q=0.5",0.6653314773927388,43.07290382491694,100,sqrt_n,0.5
classification_gini,optdigits,"samples=sqrt_n,q=0.75",0.5320510852949989,41.427079696556476,100,sqrt_n,0.75
classification_gini,optdigits,"samples=sqrt_n,q=0.9",0.5320510852949989,41.427079696556476,100,sqrt_n,0.9
classification_gini,optdigits,"samples=sqrt_n,q=0.95",0.5320510852949989,41.427079696556476,100,sqrt_n,0.95
classification_gini,page_blocks,"samples=0.1n,q=0.5",-0.09002311413336961,60.79990155538341,100,0.1n,0.5
classification_gini,page_blocks,"samples=0.1n,q=0.75",-0.19305377939090596,57.71625828722582,100,0.1n,0.75
classification_gini,page_blocks,"samples=0.1n,q=0.9",-0.23657525546034175,55.50323253002696,100,0.1n,0.9
classification_gini,page_blocks,"samples=0.1n,q=0.95",-0.09621982985323352,54.08529177810828,100,0.1n,0.95
classification_gini,page_blocks,"samples=10,q=0.5",-0.16064545669605135,61.664110071335344,100,10,0.5
classification_gini,page_blocks,"samples=10,q=0.75",-0.148802319759328,58.94196075953842,100,10,0.75
classification_gini,page_blocks,"samples=10,q=0.9",-0.26368735344982075,57.24427757343085,100,10,0.9
classification_gini,page_blocks,"samples=10,q=0.95",-0.18706649008686238,55.694484935659084,100,10,0.95
classification_gini,page_blocks,"samples=2,q=0.5",-0.1252799325010101,64.30471858152848,100,2,0.5
classification_gini,page_blocks,"samples=2,q=0.75",-0.1558900677160413,63.923500437528716,100,2,0.75
classification_gini,page_blocks,"samples=2,q=0.9",-0.17057502040259132,62.9544176229214,100,2,0.9
classification_gini,page_blocks,"samples=2,q=0.95",-0.1781737435570696,61.83275235521718,100,2,0.95
classification_gini,page_blocks,"samples=ln_n,q=0.5",-0.07499144121038692,62.001329981145574,100,ln_n,0.5
classification_gini,page_blocks,"samples=ln_n,q=0.75",-0.21733524139773142,59.91146997603579,100,ln_n,0.75
classification_gini,page_blocks,"samples=ln_n,q=0.9",-0.17642831281693971,57.466691280890025,100,ln_n,0.9
classification_gini,page_blocks,"samples=ln_n,q=0.95",-0.1533803621781793,55.292345238859,100,ln_n,0.95
classification_gini,page_blocks,"samples=sqrt_n,q=0.5",-0.19784616152316858,63.994593977444566,100,sqrt_n,0.5
classification_gini,page_blocks,"samples=sqrt_n,q=0.75",-0.1592891355691295,62.82827213033793,100,sqrt_n,0.75
classification_gini,page_blocks,"samples=sqrt_n,q=0.9",-0.15530284140656825,60.78788826987317,100,sqrt_n,0.9
classification_gini,page_blocks,"samples=sqrt_n,q=0.95",-0.1307753415726698,60.0355633230548,100,sqrt_n,0.95
classification_gini,parity5,"samples=0.1n,q=0.5",0.0,-53.205128205128204,100,0.1n,0.5
classification_gini,parity5,"samples=0.1n,q=0.75",0.0,-53.41880341880343,100,0.1n,0.75
classification_gini,parity5,"samples=0.1n,q=0.9",0.0,-53.41880341880343,100,0.1n,0.9
classification_gini,parity5,"samples=0.1n,q=0.95",0.0,-53.41880341880343,100,0.1n,0.95
classification_gini,parity5,"samples=10,q=0.5",0.0,-53.205128205128204,100,10,0.5
classification_gini,parity5,"samples=10,q=0.75",0.0,-53.41880341880343,100,10,0.75
classification_gini,parity5,"samples=10,q=0.9",0.0,-53.41880341880343,100,10,0.9
classification_gini,parity5,"samples=10,q=0.95",0.0,-53.41880341880343,100,10,0.95
classification_gini,parity5,"samples=2,q=0.5",0.0,-53.205128205128204,100,2,0.5
classification_gini,parity5,"samples=2,q=0.75",0.0,-53.41880341880343,100,2,0.75
classification_gini,parity5,"samples=2,q=0.9",0.0,-53.41880341880343,100,2,0.9
classification_gini,parity5,"samples=2,q=0.95",0.0,-53.41880341880343,100,2,0.95
classification_gini,parity5,"samples=ln_n,q=0.5",0.0,-53.205128205128204,100,ln_n,0.5
classification_gini,parity5,"samples=ln_n,q=0.75",0.0,-53.41880341880343,100,ln_n,0.75
classification_gini,parity5,"samples=ln_n,q=0.9",0.0,-53.41880341880343,100,ln_n,0.9
classification_gini,parity5,"samples=ln_n,q=0.95",0.0,-53.41880341880343,100,ln_n,0.95
classification_gini,parity5,"samples=sqrt_n,q=0.5",0.0,-53.205128205128204,100,sqrt_n,0.5
classification_gini,parity5,"samples=sqrt_n,q=0.75",0.0,-53.41880341880343,100,sqrt_n,0.75
classification_gini,parity5,"samples=sqrt_n,q=0.9",0.0,-53.41880341880343,100,sqrt_n,0.9
classification_gini,parity5,"samples=sqrt_n,q=0.95",0.0,-53.41880341880343,100,sqrt_n,0.95
classification_gini,parity5+5,"samples=0.1n,q=0.5",-1.8504939363836848,-43.20250475986276,100,0.1n,0.5
classification_gini,parity5+5,"samples=0.1n,q=0.75",-7.2536128362923336,-34.43724780678562,100,0.1n,0.75
classification_gini,parity5+5,"samples=0.1n,q=0.9",-7.2536128362923336,-34.43724780678562,100,0.1n,0.9
classification_gini,parity5+5,"samples=0.1n,q=0.95",-7.2536128362923336,-34.43724780678562,100,0.1n,0.95
classification_gini,parity5+5,"samples=10,q=0.5",-1.8504939363836848,-43.20250475986276,100,10,0.5
classification_gini,parity5+5,"samples=10,q=0.75",-7.2536128362923336,-34.43724780678562,100,10,0.75
classification_gini,parity5+5,"samples=10,q=0.9",-7.2536128362923336,-34.43724780678562,100,10,0.9
classification_gini,parity5+5,"samples=10,q=0.95",-7.2536128362923336,-34.43724780678562,100,10,0.95
classification_gini,parity5+5,"samples=2,q=0.5",-1.8504939363836848,-43.20250475986276,100,2,0.5
classification_gini,parity5+5,"samples=2,q=0.75",-7.2536128362923336,-34.43724780678562,100,2,0.75
classification_gini,parity5+5,"samples=2,q=0.9",-7.2536128362923336,-34.43724780678562,100,2,0.9
classification_gini,parity5+5,"samples=2,q=0.95",-7.2536128362923336,-34.43724780678562,100,2,0.95
classification_gini,parity5+5,"samples=ln_n,q=0.5",-1.8504939363836848,-43.20250475986276,100,ln_n,0.5
classification_gini,parity5+5,"samples=ln_n,q=0.75",-7.2536128362923336,-34.43724780678562,100,ln_n,0.75
classification_gini,parity5+5,"samples=ln_n,q=0.9",-7.2536128362923336,-34.43724780678562,100,ln_n,0.9
classification_gini,parity5+5,"samples=ln_n,q=0.95",-7.2536128362923336,-34.43724780678562,100,ln_n,0.95
classification_gini,parity5+5,"samples=sqrt_n,q=0.5",-1.8504939363836848,-43.20250475986276,100,sqrt_n,0.5
classification_gini,parity5+5,"samples=sqrt_n,q=0.75",-7.2536128362923336,-34.43724780678562,100,sqrt_n,0.75
classification_gini,parity5+5,"samples=sqrt_n,q=0.9",-7.2536128362923336,-34.43724780678562,100,sqrt_n,0.9
classification_gini,parity5+5,"samples=sqrt_n,q=0.95",-7.2536128362923336,-34.43724780678562,100,sqrt_n,0.95
classification_gini,pendigits,"samples=0.1n,q=0.5",0.786778565190871,50.98392719553834,100,0.1n,0.5
classification_gini,pendigits,"samples=0.1n,q=0.75",0.6425553797616279,46.11343261118482,100,0.1n,0.75
classification_gini,pendigits,"samples=0.1n,q=0.9",0.6148750958140992,41.760961988827916,100,0.1n,0.9
classification_gini,pendigits,"samples=0.1n,q=0.95",0.7816667492657192,39.53243271843161,100,0.1n,0.95
classification_gini,pendigits,"samples=10,q=0.5",0.9128394746004409,41.23117589385055,100,10,0.5
classification_gini,pendigits,"samples=10,q=0.75",0.645145675842107,35.474833810148056,100,10,0.75
classification_gini,pendigits,"samples=10,q=0.9",0.6869429155348494,31.16768512867864,100,10,0.9
classification_gini,pendigits,"samples=10,q=0.95",0.9136667886880556,27.66800904397374,100,10,0.95
classification_gini,pendigits,"samples=2,q=0.5",0.8191654883102806,51.566320808222,100,2,0.5
classification_gini,pendigits,"samples=2,q=0.75",0.6123966359545374,48.293638106691844,100,2,0.75
classification_gini,pendigits,"samples=2,q=0.9",0.7518144164557594,45.257672334033806,100,2,0.9
classification_gini,pendigits,"samples=2,q=0.95",0.9327747265783282,43.30820835055293,100,2,0.95
classification_gini,pendigits,"samples=ln_n,q=0.5",0.8944509927111988,42.30180686818693,100,ln_n,0.5
classification_gini,pendigits,"samples=ln_n,q=0.75",0.5584101512011108,37.18446140093217,100,ln_n,0.75
classification_gini,pendigits,"samples=ln_n,q=0.9",0.6916240192660184,32.16767926233099,100,ln_n,0.9
classification_gini,pendigits,"samples=ln_n,q=0.95",0.8866702539507332,28.64887553240338,100,ln_n,0.95
classification_gini,pendigits,"samples=sqrt_n,q=0.5",0.8021412217285584,54.52351280639235,100,sqrt_n,0.5
classification_gini,pendigits,"samples=sqrt_n,q=0.75",0.7903523777001598,54.100445853727436,100,sqrt_n,0.75
classification_gini,pendigits,"samples=sqrt_n,q=0.9",0.7903523777001598,54.100445853727436,100,sqrt_n,0.9
classification_gini,pendigits,"samples=sqrt_n,q=0.95",0.7903523777001598,54.100445853727436,100,sqrt_n,0.95
classification_gini,penguins,"samples=0.1n,q=0.5",-0.3436079614195231,43.983828970809924,100,0.1n,0.5
classification_gini,penguins,"samples=0.1n,q=0.75",-0.5786343270810623,40.65369329861588,100,0.1n,0.75
classification_gini,penguins,"samples=0.1n,q=0.9",-0.3157900396071278,36.50815403590518,100,0.1n,0.9
classification_gini,penguins,"samples=0.1n,q=0.95",-0.051783734176991114,31.85555707825134,100,0.1n,0.95
classification_gini,penguins,"samples=10,q=0.5",-0.3584773655412321,35.507742908044406,100,10,0.5
classification_gini,penguins,"samples=10,q=0.75",-0.31812885132302404,31.84185281622585,100,10,0.75
classification_gini,penguins,"samples=10,q=0.9",-0.39434658511540155,28.11429354529259,100,10,0.9
classification_gini,penguins,"samples=10,q=0.95",-0.26860065378177533,22.707962176236812,100,10,0.95
classification_gini,penguins,"samples=2,q=0.5",-0.04893965907930009,45.21036042209127,100,2,0.5
classification_gini,penguins,"samples=2,q=0.75",-0.2845184514400467,44.02494175688639,100,2,0.75
classification_gini,penguins,"samples=2,q=0.9",-0.19176601457318587,39.22159791695218,100,2,0.9
classification_gini,penguins,"samples=2,q=0.95",-0.0009442730457387416,38.001918596683566,100,2,0.95
classification_gini,penguins,"samples=ln_n,q=0.5",-0.6136452364239708,40.39331232013156,100,ln_n,0.5
classification_gini,penguins,"samples=ln_n,q=0.75",-0.627698768151258,37.71412909414828,100,ln_n,0.75
classification_gini,penguins,"samples=ln_n,q=0.9",-0.35163073551777724,32.76689050294642,100,ln_n,0.9
classification_gini,penguins,"samples=ln_n,q=0.95",-0.2824705652510029,28.182814855420048,100,ln_n,0.95
classification_gini,penguins,"samples=sqrt_n,q=0.5",-0.03311398440701829,46.80005481704811,100,sqrt_n,0.5
classification_gini,penguins,"samples=sqrt_n,q=0.75",-0.17897354411497424,45.0459092777854,100,sqrt_n,0.75
classification_gini,penguins,"samples=sqrt_n,q=0.9",-0.29823383709791096,41.475949020145265,100,sqrt_n,0.9
classification_gini,penguins,"samples=sqrt_n,q=0.95",-0.015555743077572126,38.55008907770317,100,sqrt_n,0.95
classification_gini,phoneme,"samples=0.1n,q=0.5",1.1661133119876599,58.02829071061389,100,0.1n,0.5
classification_gini,phoneme,"samples=0.1n,q=0.75",1.0096797523021617,51.0497266974092,100,0.1n,0.75
classification_gini,phoneme,"samples=0.1n,q=0.9",0.879224116835392,45.357517491187814,100,0.1n,0.9
classification_gini,phoneme,"samples=0.1n,q=0.95",0.9275441925936934,42.13654561258679,100,0.1n,0.95
classification_gini,phoneme,"samples=10,q=0.5",1.2359939841956324,56.07517935280737,100,10,0.5
classification_gini,phoneme,"samples=10,q=0.75",0.8426351422149758,49.338067157428654,100,10,0.75
classification_gini,phoneme,"samples=10,q=0.9",0.8386370505490515,44.61400058775601,100,10,0.9
classification_gini,phoneme,"samples=10,q=0.95",0.7911987934517417,41.23336749741381,100,10,0.95
classification_gini,phoneme,"samples=2,q=0.5",1.2421045765698469,60.764318422891236,100,2,0.5
classification_gini,phoneme,"samples=2,q=0.75",0.9548928052429184,57.14533106350209,100,2,0.75
classification_gini,phoneme,"samples=2,q=0.9",1.141103455206527,54.03591586888542,100,2,0.9
classification_gini,phoneme,"samples=2,q=0.95",1.1062638536691982,52.341676877497385,100,2,0.95
classification_gini,phoneme,"samples=ln_n,q=0.5",1.264926755441803,56.82118866396257,100,ln_n,0.5
classification_gini,phoneme,"samples=ln_n,q=0.75",1.021539665901583,50.26277111072736,100,ln_n,0.75
classification_gini,phoneme,"samples=ln_n,q=0.9",0.9367068937155387,44.41067361012292,100,ln_n,0.9
classification_gini,phoneme,"samples=ln_n,q=0.95",0.9072594797424727,41.75218279666628,100,ln_n,0.95
classification_gini,phoneme,"samples=sqrt_n,q=0.5",1.3142849916801147,61.649064948695475,100,sqrt_n,0.5
classification_gini,phoneme,"samples=sqrt_n,q=0.75",1.1012487775876656,56.90688814946092,100,sqrt_n,0.75
classification_gini,phoneme,"samples=sqrt_n,q=0.9",1.1120376020958278,53.0225330599791,100,sqrt_n,0.9
classification_gini,phoneme,"samples=sqrt_n,q=0.95",1.0847864585147027,50.61141006105427,100,sqrt_n,0.95
classification_gini,postoperative_patient_data,"samples=0.1n,q=0.5",0.26236578093002394,-17.640949342471046,100,0.1n,0.5
classification_gini,postoperative_patient_data,"samples=0.1n,q=0.75",0.25908608666102007,-16.448879817733065,100,0.1n,0.75
classification_gini,postoperative_patient_data,"samples=0.1n,q=0.9",0.25908608666102007,-16.448879817733065,100,0.1n,0.9
classification_gini,postoperative_patient_data,"samples=0.1n,q=0.95",0.25908608666102007,-16.448879817733065,100,0.1n,0.95
classification_gini,postoperative_patient_data,"samples=10,q=0.5",-0.3120061817830644,-27.934248072369616,100,10,0.5
classification_gini,postoperative_patient_data,"samples=10,q=0.75",-0.7779391769563326,-28.60265417642467,100,10,0.75
classification_gini,postoperative_patient_data,"samples=10,q=0.9",-0.3810594350236396,-29.96138698818509,100,10,0.9
classification_gini,postoperative_patient_data,"samples=10,q=0.95",-0.16511835437911238,-30.343337323156007,100,10,0.95
classification_gini,postoperative_patient_data,"samples=2,q=0.5",-0.6989416038097551,-26.677740863787392,100,2,0.5
classification_gini,postoperative_patient_data,"samples=2,q=0.75",-0.4830445379127024,-27.808202072816144,100,2,0.75
classification_gini,postoperative_patient_data,"samples=2,q=0.9",-0.9306324999135529,-29.408593870321898,100,2,0.9
classification_gini,postoperative_patient_data,"samples=2,q=0.95",-1.0514017797993491,-29.408593870321898,100,2,0.95
classification_gini,postoperative_patient_data,"samples=ln_n,q=0.5",-0.3120061817830644,-27.934248072369616,100,ln_n,0.5
classification_gini,postoperative_patient_data,"samples=ln_n,q=0.75",-0.7779391769563326,-28.60265417642467,100,ln_n,0.75
classification_gini,postoperative_patient_data,"samples=ln_n,q=0.9",-0.3810594350236396,-29.96138698818509,100,ln_n,0.9
classification_gini,postoperative_patient_data,"samples=ln_n,q=0.95",-0.16511835437911238,-30.343337323156007,100,ln_n,0.95
classification_gini,postoperative_patient_data,"samples=sqrt_n,q=0.5",0.26236578093002394,-17.640949342471046,100,sqrt_n,0.5
classification_gini,postoperative_patient_data,"samples=sqrt_n,q=0.75",0.25908608666102007,-16.448879817733065,100,sqrt_n,0.75
classification_gini,postoperative_patient_data,"samples=sqrt_n,q=0.9",0.25908608666102007,-16.448879817733065,100,sqrt_n,0.9
classification_gini,postoperative_patient_data,"samples=sqrt_n,q=0.95",0.25908608666102007,-16.448879817733065,100,sqrt_n,0.95
classification_gini,prnn_crabs,"samples=0.1n,q=0.5",6.44673662984816,44.81608000015453,100,0.1n,0.5
classification_gini,prnn_crabs,"samples=0.1n,q=0.75",5.662379205651669,40.06943803252469,100,0.1n,0.75
classification_gini,prnn_crabs,"samples=0.1n,q=0.9",4.098887442043009,36.0128398934516,100,0.1n,0.9
classification_gini,prnn_crabs,"samples=0.1n,q=0.95",3.6337838124634256,33.604395604395606,100,0.1n,0.95
classification_gini,prnn_crabs,"samples=10,q=0.5",5.899187888227869,31.165112932418253,100,10,0.5
classification_gini,prnn_crabs,"samples=10,q=0.75",4.348295116306095,26.221655827034624,100,10,0.75
classification_gini,prnn_crabs,"samples=10,q=0.9",2.263682669861,22.50834944629988,100,10,0.9
classification_gini,prnn_crabs,"samples=10,q=0.95",2.5149536968507857,20.41488432467515,100,10,0.95
classification_gini,prnn_crabs,"samples=2,q=0.5",5.0249052753399415,45.75496572332571,100,2,0.5
classification_gini,prnn_crabs,"samples=2,q=0.75",5.509904374780971,42.01758241758242,100,2,0.75
classification_gini,prnn_crabs,"samples=2,q=0.9",5.158874986309453,38.28440850764633,100,2,0.9
classification_gini,prnn_crabs,"samples=2,q=0.95",4.747989005301283,36.482685885041306,100,2,0.95
classification_gini,prnn_crabs,"samples=ln_n,q=0.5",6.346748011359504,39.53846153846154,100,ln_n,0.5
classification_gini,prnn_crabs,"samples=ln_n,q=0.75",4.9586252991848045,33.80219780219781,100,ln_n,0.75
classification_gini,prnn_crabs,"samples=ln_n,q=0.9",3.0614671647479383,29.169784372772597,100,ln_n,0.9
classification_gini,prnn_crabs,"samples=ln_n,q=0.95",4.746203058744242,26.775355950079103,100,ln_n,0.95
classification_gini,prnn_crabs,"samples=sqrt_n,q=0.5",6.247882208673272,47.21831604851468,100,sqrt_n,0.5
classification_gini,prnn_crabs,"samples=sqrt_n,q=0.75",5.144304218042967,43.33496529836836,100,sqrt_n,0.75
classification_gini,prnn_crabs,"samples=sqrt_n,q=0.9",3.9760253215047614,39.30470022155731,100,sqrt_n,0.9
classification_gini,prnn_crabs,"samples=sqrt_n,q=0.95",3.796334159801834,37.63516483516484,100,sqrt_n,0.95
classification_gini,prnn_synth,"samples=0.1n,q=0.5",0.4086021766193271,31.17392201361666,100,0.1n,0.5
classification_gini,prnn_synth,"samples=0.1n,q=0.75",0.005388769811492944,27.77607281989658,100,0.1n,0.75
classification_gini,prnn_synth,"samples=0.1n,q=0.9",-0.0294179387974991,25.012900961588016,100,0.1n,0.9
classification_gini,prnn_synth,"samples=0.1n,q=0.95",-0.3327746090853678,23.129719403020676,100,0.1n,0.95
classification_gini,prnn_synth,"samples=10,q=0.5",0.7843517935523237,23.186461912349277,100,10,0.5
classification_gini,prnn_synth,"samples=10,q=0.75",-0.02522420150882776,20.08048726365451,100,10,0.75
classification_gini,prnn_synth,"samples=10,q=0.9",0.037249213000772885,17.070780024762694,100,10,0.9
classification_gini,prnn_synth,"samples=10,q=0.95",0.024485624820325125,14.095537953533361,100,10,0.95
classification_gini,prnn_synth,"samples=2,q=0.5",0.43711191833360474,34.260223520852634,100,2,0.5
classification_gini,prnn_synth,"samples=2,q=0.75",0.018628491906463873,33.07531976622329,100,2,0.75
classification_gini,prnn_synth,"samples=2,q=0.9",0.3733009629636741,28.355517251332795,100,2,0.9
classification_gini,prnn_synth,"samples=2,q=0.95",0.3561021453925117,26.74649482705087,100,2,0.95
classification_gini,prnn_synth,"samples=ln_n,q=0.5",0.8234341056671479,28.457172489897772,100,ln_n,0.5
classification_gini,prnn_synth,"samples=ln_n,q=0.75",0.20128859263343069,25.38691704498556,100,ln_n,0.75
classification_gini,prnn_synth,"samples=ln_n,q=0.9",0.008538056139073547,22.026201518849895,100,ln_n,0.9
classification_gini,prnn_synth,"samples=ln_n,q=0.95",-0.21460907373765936,18.804172380732776,100,ln_n,0.95
classification_gini,prnn_synth,"samples=sqrt_n,q=0.5",0.5916990552912615,33.734020575535,100,sqrt_n,0.5
classification_gini,prnn_synth,"samples=sqrt_n,q=0.75",-0.007735168819655858,30.406515749318196,100,sqrt_n,0.75
classification_gini,prnn_synth,"samples=sqrt_n,q=0.9",-0.03914037173530227,27.62587073638051,100,sqrt_n,0.9
classification_gini,prnn_synth,"samples=sqrt_n,q=0.95",-0.3959906440955341,25.745532046474125,100,sqrt_n,0.95
classification_gini,profb,"samples=0.1n,q=0.5",0.6582704508571346,45.37470018226476,100,0.1n,0.5
classification_gini,profb,"samples=0.1n,q=0.75",0.48863072865343304,42.93841795596926,100,0.1n,0.75
classification_gini,profb,"samples=0.1n,q=0.9",0.40228809037812785,41.38962128691196,100,0.1n,0.9
classification_gini,profb,"samples=0.1n,q=0.95",0.6466394864730718,40.55237158602294,100,0.1n,0.95
classification_gini,profb,"samples=10,q=0.5",0.15839416591843514,20.255228313759034,100,10,0.5
classification_gini,profb,"samples=10,q=0.75",0.15522338212071718,16.213339296017494,100,10,0.75
classification_gini,profb,"samples=10,q=0.9",0.7126411994276105,12.312944274938719,100,10,0.9
classification_gini,profb,"samples=10,q=0.95",-0.3139999670714877,9.296269581364802,100,10,0.95
classification_gini,profb,"samples=2,q=0.5",0.5803178208192261,39.95940490548216,100,2,0.5
classification_gini,profb,"samples=2,q=0.75",0.6023703198824337,38.2917350387613,100,2,0.75
classification_gini,profb,"samples=2,q=0.9",0.004045274702679791,33.4892167957323,100,2,0.9
classification_gini,profb,"samples=2,q=0.95",0.2845359388322255,32.546348741469345,100,2,0.95
classification_gini,profb,"samples=ln_n,q=0.5",0.08917712467125805,25.652052665699987,100,ln_n,0.5
classification_gini,profb,"samples=ln_n,q=0.75",0.16919748967886838,21.117662661641994,100,ln_n,0.75
classification_gini,profb,"samples=ln_n,q=0.9",0.058578144518428577,17.04115396027197,100,ln_n,0.9
classification_gini,profb,"samples=ln_n,q=0.95",0.244383427321071,14.247526674367094,100,ln_n,0.95
classification_gini,profb,"samples=sqrt_n,q=0.5",-0.13455380864346722,46.828432056724814,100,sqrt_n,0.5
classification_gini,profb,"samples=sqrt_n,q=0.75",0.37034163919820173,45.50676958440849,100,sqrt_n,0.75
classification_gini,profb,"samples=sqrt_n,q=0.9",0.6440013364228725,45.50538840709295,100,sqrt_n,0.9
classification_gini,profb,"samples=sqrt_n,q=0.95",0.5944962548718846,45.50228459448243,100,sqrt_n,0.95
classification_gini,ring,"samples=0.1n,q=0.5",1.145957467409131,81.93390234069733,100,0.1n,0.5
classification_gini,ring,"samples=0.1n,q=0.75",0.5643118584031492,75.5090448107396,100,0.1n,0.75
classification_gini,ring,"samples=0.1n,q=0.9",0.27463377256621846,69.71036726392042,100,0.1n,0.9
classification_gini,ring,"samples=0.1n,q=0.95",0.08664949146304779,66.52108458442649,100,0.1n,0.95
classification_gini,ring,"samples=10,q=0.5",1.0833936337812544,83.10432189018057,100,10,0.5
classification_gini,ring,"samples=10,q=0.75",0.5843816470883834,76.45874372621111,100,10,0.75
classification_gini,ring,"samples=10,q=0.9",0.2801165616680923,70.5668356312876,100,10,0.9
classification_gini,ring,"samples=10,q=0.95",0.13395888200351536,66.2584342730757,100,10,0.95
classification_gini,ring,"samples=2,q=0.5",0.7828852326823121,83.54949225781803,100,2,0.5
classification_gini,ring,"samples=2,q=0.75",0.4547305674384161,79.33282381757934,100,2,0.75
classification_gini,ring,"samples=2,q=0.9",0.3229035847689299,74.60356723066556,100,2,0.9
classification_gini,ring,"samples=2,q=0.95",0.3976132648377928,73.51290635430007,100,2,0.95
classification_gini,ring,"samples=ln_n,q=0.5",1.0170309295271684,83.39981897996412,100,ln_n,0.5
classification_gini,ring,"samples=ln_n,q=0.75",0.5260004125322848,76.73040136362889,100,ln_n,0.75
classification_gini,ring,"samples=ln_n,q=0.9",0.26067526554631737,70.8027839354964,100,ln_n,0.9
classification_gini,ring,"samples=ln_n,q=0.95",0.16159453987708017,66.88527863766622,100,ln_n,0.95
classification_gini,ring,"samples=sqrt_n,q=0.5",0.9325467338011872,84.41071480067073,100,sqrt_n,0.5
classification_gini,ring,"samples=sqrt_n,q=0.75",0.49099267626279697,79.05550825400454,100,sqrt_n,0.75
classification_gini,ring,"samples=sqrt_n,q=0.9",0.3766025283186536,74.44446028434308,100,sqrt_n,0.9
classification_gini,ring,"samples=sqrt_n,q=0.95",0.2468550870691255,71.37323548038025,100,sqrt_n,0.95
classification_gini,saheart,"samples=0.1n,q=0.5",2.0611203174483506,59.3756384928228,100,0.1n,0.5
classification_gini,saheart,"samples=0.1n,q=0.75",2.180253353408607,54.48303242371399,100,0.1n,0.75
classification_gini,saheart,"samples=0.1n,q=0.9",1.799033114493731,50.48004185500344,100,0.1n,0.9
classification_gini,saheart,"samples=0.1n,q=0.95",1.6136395834964345,48.974638763507514,100,0.1n,0.95
classification_gini,saheart,"samples=10,q=0.5",2.429592588343543,48.20317583679939,100,10,0.5
classification_gini,saheart,"samples=10,q=0.75",1.9316177832076564,42.143614403519734,100,10,0.75
classification_gini,saheart,"samples=10,q=0.9",2.066196428046924,36.49866058017407,100,10,0.9
classification_gini,saheart,"samples=10,q=0.95",2.2731784599708704,34.71370448622831,100,10,0.95
classification_gini,saheart,"samples=2,q=0.5",2.230624891997185,58.541956025553944,100,2,0.5
classification_gini,saheart,"samples=2,q=0.75",2.104916547126745,55.635239139826616,100,2,0.75
classification_gini,saheart,"samples=2,q=0.9",1.6615728754083958,52.18537532695689,100,2,0.9
classification_gini,saheart,"samples=2,q=0.95",2.272145957466715,51.00521360193308,100,2,0.95
classification_gini,saheart,"samples=ln_n,q=0.5",1.8497128653619133,52.65076278464811,100,ln_n,0.5
classification_gini,saheart,"samples=ln_n,q=0.75",2.0592849281367176,46.535443029123485,100,ln_n,0.75
classification_gini,saheart,"samples=ln_n,q=0.9",1.92104289939658,41.96359552091438,100,ln_n,0.9
classification_gini,saheart,"samples=ln_n,q=0.95",1.773520530957351,40.16740028855442,100,ln_n,0.95
classification_gini,saheart,"samples=sqrt_n,q=0.5",2.0472616694544254,60.34536973588686,100,sqrt_n,0.5
classification_gini,saheart,"samples=sqrt_n,q=0.75",1.4910120765046497,58.16774313648594,100,sqrt_n,0.75
classification_gini,saheart,"samples=sqrt_n,q=0.9",1.8018845923801763,56.028349816685434,100,sqrt_n,0.9
classification_gini,saheart,"samples=sqrt_n,q=0.95",2.1589189367296258,54.56413799228506,100,sqrt_n,0.95
classification_gini,satimage,"samples=0.1n,q=0.5",1.5127594095361407,57.91231062512223,100,0.1n,0.5
classification_gini,satimage,"samples=0.1n,q=0.75",1.287955215837816,53.7545187370886,100,0.1n,0.75
classification_gini,satimage,"samples=0.1n,q=0.9",1.0760930196566432,50.129802694595966,100,0.1n,0.9
classification_gini,satimage,"samples=0.1n,q=0.95",1.033763424577011,48.40914287193875,100,0.1n,0.95
classification_gini,satimage,"samples=10,q=0.5",1.5330437795927465,38.141372992281305,100,10,0.5
classification_gini,satimage,"samples=10,q=0.75",1.2485094462665602,31.566041168214632,100,10,0.75
classification_gini,satimage,"samples=10,q=0.9",1.0072035604953233,24.956437925365982,100,10,0.9
classification_gini,satimage,"samples=10,q=0.95",1.0081888114444326,21.954539096503282,100,10,0.95
classification_gini,satimage,"samples=2,q=0.5",1.4023670472243122,54.90416957786818,100,2,0.5
classification_gini,satimage,"samples=2,q=0.75",1.1346361016742246,51.299003656846196,100,2,0.75
classification_gini,satimage,"samples=2,q=0.9",1.1476975195378547,46.86121027900367,100,2,0.9
classification_gini,satimage,"samples=2,q=0.95",1.3083375453810608,45.76714165266068,100,2,0.95
classification_gini,satimage,"samples=ln_n,q=0.5",1.561782476155299,39.725443682859606,100,ln_n,0.5
classification_gini,satimage,"samples=ln_n,q=0.75",1.2373061542383879,33.048069050428126,100,ln_n,0.75
classification_gini,satimage,"samples=ln_n,q=0.9",1.0622007641774067,26.649786482885034,100,ln_n,0.9
classification_gini,satimage,"samples=ln_n,q=0.95",1.0682309872337037,23.46985254615602,100,ln_n,0.95
classification_gini,satimage,"samples=sqrt_n,q=0.5",1.25388474115799,59.503366796449114,100,sqrt_n,0.5
classification_gini,satimage,"samples=sqrt_n,q=0.75",1.2831711558264958,58.32583551663977,100,sqrt_n,0.75
classification_gini,satimage,"samples=sqrt_n,q=0.9",1.2831711558264958,58.32583551663977,100,sqrt_n,0.9
classification_gini,satimage,"samples=sqrt_n,q=0.95",1.2831711558264958,58.32583551663977,100,sqrt_n,0.95
classification_gini,schizo,"samples=0.1n,q=0.5",2.36283427488165,65.18339909120951,100,0.1n,0.5
classification_gini,schizo,"samples=0.1n,q=0.75",1.9261523797050235,59.883935592863935,100,0.1n,0.75
classification_gini,schizo,"samples=0.1n,q=0.9",1.2707103895888388,54.010331252912394,100,0.1n,0.9
classification_gini,schizo,"samples=0.1n,q=0.95",0.7982061372624472,51.37276408809465,100,0.1n,0.95
classification_gini,schizo,"samples=10,q=0.5",1.456445677895718,54.481300463747374,100,10,0.5
classification_gini,schizo,"samples=10,q=0.75",1.6061905212433614,47.391608469638285,100,10,0.75
classification_gini,schizo,"samples=10,q=0.9",1.6634823153600347,40.608644848299505,100,10,0.9
classification_gini,schizo,"samples=10,q=0.95",1.3833411377138867,36.60140254605281,100,10,0.95
classification_gini,schizo,"samples=2,q=0.5",2.3910315285514825,63.75018703807936,100,2,0.5
classification_gini,schizo,"samples=2,q=0.75",1.8519684849664624,60.028684632101516,100,2,0.75
classification_gini,schizo,"samples=2,q=0.9",1.0616614080528386,55.35833493818473,100,2,0.9
classification_gini,schizo,"samples=2,q=0.95",1.4187729564038993,53.633520637249035,100,2,0.95
classification_gini,schizo,"samples=ln_n,q=0.5",1.4779609483516336,58.66852316518944,100,ln_n,0.5
classification_gini,schizo,"samples=ln_n,q=0.75",1.5435581433915546,51.96272596321654,100,ln_n,0.75
classification_gini,schizo,"samples=ln_n,q=0.9",1.8468494314122812,45.231916726580025,100,ln_n,0.9
classification_gini,schizo,"samples=ln_n,q=0.95",1.3319135869029441,42.1249705522531,100,ln_n,0.95
classification_gini,schizo,"samples=sqrt_n,q=0.5",2.09355301669949,66.0343019962034,100,sqrt_n,0.5
classification_gini,schizo,"samples=sqrt_n,q=0.75",1.6448499565967445,61.82168859136757,100,sqrt_n,0.75
classification_gini,schizo,"samples=sqrt_n,q=0.9",1.6838561908479432,57.56081965756,100,sqrt_n,0.9
classification_gini,schizo,"samples=sqrt_n,q=0.95",1.3835829468343968,55.45566691551831,100,sqrt_n,0.95
classification_gini,segmentation,"samples=0.1n,q=0.5",1.4090327960491866,65.69366091825808,100,0.1n,0.5
classification_gini,segmentation,"samples=0.1n,q=0.75",0.9872264892302307,58.932808622241836,100,0.1n,0.75
classification_gini,segmentation,"samples=0.1n,q=0.9",0.660118791585057,54.72158066557664,100,0.1n,0.9
classification_gini,segmentation,"samples=0.1n,q=0.95",0.72881074686591,51.8511428510549,100,0.1n,0.95
classification_gini,segmentation,"samples=10,q=0.5",1.6326748213331965,63.92008356692173,100,10,0.5
classification_gini,segmentation,"samples=10,q=0.75",0.7277603840048774,58.69886600321862,100,10,0.75
classification_gini,segmentation,"samples=10,q=0.9",0.5339497644647695,55.286669181549975,100,10,0.9
classification_gini,segmentation,"samples=10,q=0.95",0.9437547192864437,52.35764351645257,100,10,0.95
classification_gini,segmentation,"samples=2,q=0.5",1.1208057500707913,67.27373380713016,100,2,0.5
classification_gini,segmentation,"samples=2,q=0.75",1.0252412436445701,64.45268759896624,100,2,0.75
classification_gini,segmentation,"samples=2,q=0.9",1.0735313891246379,62.181129648849776,100,2,0.9
classification_gini,segmentation,"samples=2,q=0.95",1.0847133308055978,60.85412362208085,100,2,0.95
classification_gini,segmentation,"samples=ln_n,q=0.5",1.3829571407616315,64.97194992779109,100,ln_n,0.5
classification_gini,segmentation,"samples=ln_n,q=0.75",0.6485148377639804,60.25860713873712,100,ln_n,0.75
classification_gini,segmentation,"samples=ln_n,q=0.9",0.3130384209897863,55.546297421298355,100,ln_n,0.9
classification_gini,segmentation,"samples=ln_n,q=0.95",0.757189045586304,52.76313013838024,100,ln_n,0.95
classification_gini,segmentation,"samples=sqrt_n,q=0.5",1.0159930903247738,69.10803876445208,100,sqrt_n,0.5
classification_gini,segmentation,"samples=sqrt_n,q=0.75",0.8092627265793462,63.61095494993087,100,sqrt_n,0.75
classification_gini,segmentation,"samples=sqrt_n,q=0.9",0.7536202561138405,60.7583211792423,100,sqrt_n,0.9
classification_gini,segmentation,"samples=sqrt_n,q=0.95",0.8346359096743694,59.1247514712946,100,sqrt_n,0.95
classification_gini,shuttle,"samples=0.1n,q=0.5",0.014564261750898977,50.45233191538506,100,0.1n,0.5
classification_gini,shuttle,"samples=0.1n,q=0.75",0.013312719571284548,49.15885511904991,100,0.1n,0.75
classification_gini,shuttle,"samples=0.1n,q=0.9",0.016667877197551473,48.00973957230575,100,0.1n,0.9
classification_gini,shuttle,"samples=0.1n,q=0.95",0.014640036824220548,46.882759417165516,100,0.1n,0.95
classification_gini,shuttle,"samples=10,q=0.5",0.01293438168593064,43.45658576020634,100,10,0.5
classification_gini,shuttle,"samples=10,q=0.75",0.012639861986757372,43.04275017804554,100,10,0.75
classification_gini,shuttle,"samples=10,q=0.9",0.011987676278057968,41.89363463130137,100,10,0.9
classification_gini,shuttle,"samples=10,q=0.95",0.015035632900894935,40.31624737743731,100,10,0.95
classification_gini,shuttle,"samples=2,q=0.5",0.014051130193970529,53.00560121648414,100,2,0.5
classification_gini,shuttle,"samples=2,q=0.75",0.013591914225091761,52.05281696918368,100,2,0.75
classification_gini,shuttle,"samples=2,q=0.9",0.020538704647887762,49.00005774449984,100,2,0.9
classification_gini,shuttle,"samples=2,q=0.95",0.018960771428705447,48.79410236175004,100,2,0.95
classification_gini,shuttle,"samples=ln_n,q=0.5",0.01173245187338079,42.75210286220238,100,ln_n,0.5
classification_gini,shuttle,"samples=ln_n,q=0.75",0.010620887089096698,43.26506650241565,100,ln_n,0.75
classification_gini,shuttle,"samples=ln_n,q=0.9",0.012872135233993331,40.79456431774874,100,ln_n,0.9
classification_gini,shuttle,"samples=ln_n,q=0.95",0.016167627927604622,39.88990048697862,100,ln_n,0.95
classification_gini,shuttle,"samples=sqrt_n,q=0.5",0.017546646119470655,54.93522991935019,100,sqrt_n,0.5
classification_gini,shuttle,"samples=sqrt_n,q=0.75",0.018972535607930663,53.8284603391527,100,sqrt_n,0.75
classification_gini,shuttle,"samples=sqrt_n,q=0.9",0.018972535607930663,53.81594903085481,100,sqrt_n,0.9
classification_gini,shuttle,"samples=sqrt_n,q=0.95",0.018972535607930663,53.81017458087118,100,sqrt_n,0.95
classification_gini,sonar,"samples=0.1n,q=0.5",0.08394832825383558,75.29229002458203,100,0.1n,0.5
classification_gini,sonar,"samples=0.1n,q=0.75",-0.8142469880781822,67.7169530966093,100,0.1n,0.75
classification_gini,sonar,"samples=0.1n,q=0.9",-1.972978130914138,60.69016698329429,100,0.1n,0.9
classification_gini,sonar,"samples=0.1n,q=0.95",-1.8843237059262052,56.722740981826995,100,0.1n,0.95
classification_gini,sonar,"samples=10,q=0.5",-0.002558264945534683,69.51768322418178,100,10,0.5
classification_gini,sonar,"samples=10,q=0.75",-1.009473434791458,61.08221399060513,100,10,0.75
classification_gini,sonar,"samples=10,q=0.9",-2.144956177921559,53.14374782351618,100,10,0.9
classification_gini,sonar,"samples=10,q=0.95",-2.1322988146620037,49.82149534155003,100,10,0.95
classification_gini,sonar,"samples=2,q=0.5",-1.4555092920824464,75.3577477798768,100,2,0.5
classification_gini,sonar,"samples=2,q=0.75",-0.970821715532294,69.0686448774359,100,2,0.75
classification_gini,sonar,"samples=2,q=0.9",-1.381950571192031,65.04988046940434,100,2,0.9
classification_gini,sonar,"samples=2,q=0.95",-1.158735913025244,64.2176020795719,100,2,0.95
classification_gini,sonar,"samples=ln_n,q=0.5",-0.32033332796261305,73.38038779959348,100,ln_n,0.5
classification_gini,sonar,"samples=ln_n,q=0.75",-1.633472462358132,65.64034838059513,100,ln_n,0.75
classification_gini,sonar,"samples=ln_n,q=0.9",-1.3297903384485166,59.134320123848504,100,ln_n,0.9
classification_gini,sonar,"samples=ln_n,q=0.95",-1.8096708278417306,55.03599382033006,100,ln_n,0.95
classification_gini,sonar,"samples=sqrt_n,q=0.5",-0.29450075580985113,75.74425012793031,100,sqrt_n,0.5
classification_gini,sonar,"samples=sqrt_n,q=0.75",-1.3888507869748656,68.86622590938325,100,sqrt_n,0.75
classification_gini,sonar,"samples=sqrt_n,q=0.9",-1.7961597732202794,61.68692129628577,100,sqrt_n,0.9
classification_gini,sonar,"samples=sqrt_n,q=0.95",-1.9914660632293968,58.84368814503238,100,sqrt_n,0.95
classification_gini,soybean,"samples=0.1n,q=0.5",-0.24842705503138052,3.519374702939837,100,0.1n,0.5
classification_gini,soybean,"samples=0.1n,q=0.75",0.34607779923487847,1.964117743147581,100,0.1n,0.75
classification_gini,soybean,"samples=0.1n,q=0.9",0.34607779923487847,1.964117743147581,100,0.1n,0.9
classification_gini,soybean,"samples=0.1n,q=0.95",0.34607779923487847,1.964117743147581,100,0.1n,0.95
classification_gini,soybean,"samples=10,q=0.5",0.04896454654824134,-14.927316108771048,100,10,0.5
classification_gini,soybean,"samples=10,q=0.75",0.16835662507840854,-17.149379571534308,100,10,0.75
classification_gini,soybean,"samples=10,q=0.9",0.31412585159127926,-20.604219765439993,100,10,0.9
classification_gini,soybean,"samples=10,q=0.95",0.49307361732451316,-21.933998780786133,100,10,0.95
classification_gini,soybean,"samples=2,q=0.5",0.01965472460640494,-9.259546328253421,100,2,0.5
classification_gini,soybean,"samples=2,q=0.75",0.2608311760394333,-9.250690619002166,100,2,0.75
classification_gini,soybean,"samples=2,q=0.9",0.46953997023402305,-13.745042400807295,100,2,0.9
classification_gini,soybean,"samples=2,q=0.95",0.47364796937574005,-14.606726611577015,100,2,0.95
classification_gini,soybean,"samples=ln_n,q=0.5",0.04896454654824134,-14.927316108771048,100,ln_n,0.5
classification_gini,soybean,"samples=ln_n,q=0.75",0.16835662507840854,-17.149379571534308,100,ln_n,0.75
classification_gini,soybean,"samples=ln_n,q=0.9",0.31412585159127926,-20.604219765439993,100,ln_n,0.9
classification_gini,soybean,"samples=ln_n,q=0.95",0.49307361732451316,-21.933998780786133,100,ln_n,0.95
classification_gini,soybean,"samples=sqrt_n,q=0.5",-0.24842705503138052,3.519374702939837,100,sqrt_n,0.5
classification_gini,soybean,"samples=sqrt_n,q=0.75",0.34607779923487847,1.964117743147581,100,sqrt_n,0.75
classification_gini,soybean,"samples=sqrt_n,q=0.9",0.34607779923487847,1.964117743147581,100,sqrt_n,0.9
classification_gini,soybean,"samples=sqrt_n,q=0.95",0.34607779923487847,1.964117743147581,100,sqrt_n,0.95
classification_gini,spambase,"samples=0.1n,q=0.5",0.22421408047043068,66.18599023920278,100,0.1n,0.5
classification_gini,spambase,"samples=0.1n,q=0.75",0.41300402543911763,64.50066696174466,100,0.1n,0.75
classification_gini,spambase,"samples=0.1n,q=0.9",0.45925917857374543,63.1003947359966,100,0.1n,0.9
classification_gini,spambase,"samples=0.1n,q=0.95",0.44205268358549765,61.439200848987404,100,0.1n,0.95
classification_gini,spambase,"samples=10,q=0.5",0.31012563110832114,63.127673261782874,100,10,0.5
classification_gini,spambase,"samples=10,q=0.75",0.23905473628384466,60.5464190390644,100,10,0.75
classification_gini,spambase,"samples=10,q=0.9",0.32808414791056784,59.326464221552506,100,10,0.9
classification_gini,spambase,"samples=10,q=0.95",0.42971936011942935,57.88126665559474,100,10,0.95
classification_gini,spambase,"samples=2,q=0.5",0.3865179453172607,67.56988436119602,100,2,0.5
classification_gini,spambase,"samples=2,q=0.75",0.3165838336689264,66.05581741300213,100,2,0.75
classification_gini,spambase,"samples=2,q=0.9",0.3575605966489037,66.44640501911192,100,2,0.9
classification_gini,spambase,"samples=2,q=0.95",0.2958998069972518,65.57734064278873,100,2,0.95
classification_gini,spambase,"samples=ln_n,q=0.5",0.2886542895409905,63.93180421086453,100,ln_n,0.5
classification_gini,spambase,"samples=ln_n,q=0.75",0.3949299191470357,61.14525880633578,100,ln_n,0.75
classification_gini,spambase,"samples=ln_n,q=0.9",0.2848303607408009,60.054856864833496,100,ln_n,0.9
classification_gini,spambase,"samples=ln_n,q=0.95",0.46428836044588584,59.06895124431146,100,ln_n,0.95
classification_gini,spambase,"samples=sqrt_n,q=0.5",0.19401624259366423,69.24725244247588,100,sqrt_n,0.5
classification_gini,spambase,"samples=sqrt_n,q=0.75",0.33023912820961954,69.49758062222692,100,sqrt_n,0.75
classification_gini,spambase,"samples=sqrt_n,q=0.9",0.27720369536425316,68.36013765264178,100,sqrt_n,0.9
classification_gini,spambase,"samples=sqrt_n,q=0.95",0.29012805988301027,67.49475627964648,100,sqrt_n,0.95
classification_gini,spect,"samples=0.1n,q=0.5",0.1691500160982906,-30.57344581782936,100,0.1n,0.5
classification_gini,spect,"samples=0.1n,q=0.75",0.46774173002649966,-26.940601524260224,100,0.1n,0.75
classification_gini,spect,"samples=0.1n,q=0.9",0.46774173002649966,-26.940601524260224,100,0.1n,0.9
classification_gini,spect,"samples=0.1n,q=0.95",0.46774173002649966,-26.940601524260224,100,0.1n,0.95
classification_gini,spect,"samples=10,q=0.5",0.1691500160982906,-30.57344581782936,100,10,0.5
classification_gini,spect,"samples=10,q=0.75",0.46774173002649966,-26.940601524260224,100,10,0.75
classification_gini,spect,"samples=10,q=0.9",0.46774173002649966,-26.940601524260224,100,10,0.9
classification_gini,spect,"samples=10,q=0.95",0.46774173002649966,-26.940601524260224,100,10,0.95
classification_gini,spect,"samples=2,q=0.5",0.1691500160982906,-30.57344581782936,100,2,0.5
classification_gini,spect,"samples=2,q=0.75",0.46774173002649966,-26.940601524260224,100,2,0.75
classification_gini,spect,"samples=2,q=0.9",0.46774173002649966,-26.940601524260224,100,2,0.9
classification_gini,spect,"samples=2,q=0.95",0.46774173002649966,-26.940601524260224,100,2,0.95
classification_gini,spect,"samples=ln_n,q=0.5",0.1691500160982906,-30.57344581782936,100,ln_n,0.5
classification_gini,spect,"samples=ln_n,q=0.75",0.46774173002649966,-26.940601524260224,100,ln_n,0.75
classification_gini,spect,"samples=ln_n,q=0.9",0.46774173002649966,-26.940601524260224,100,ln_n,0.9
classification_gini,spect,"samples=ln_n,q=0.95",0.46774173002649966,-26.940601524260224,100,ln_n,0.95
classification_gini,spect,"samples=sqrt_n,q=0.5",0.1691500160982906,-30.57344581782936,100,sqrt_n,0.5
classification_gini,spect,"samples=sqrt_n,q=0.75",0.46774173002649966,-26.940601524260224,100,sqrt_n,0.75
classification_gini,spect,"samples=sqrt_n,q=0.9",0.46774173002649966,-26.940601524260224,100,sqrt_n,0.9
classification_gini,spect,"samples=sqrt_n,q=0.95",0.46774173002649966,-26.940601524260224,100,sqrt_n,0.95
classification_gini,spectf,"samples=0.1n,q=0.5",-1.584743033066388,66.35306425193087,100,0.1n,0.5
classification_gini,spectf,"samples=0.1n,q=0.75",-1.3317692467305742,61.863320659590656,100,0.1n,0.75
classification_gini,spectf,"samples=0.1n,q=0.9",-1.1329439511311268,57.961169348826175,100,0.1n,0.9
classification_gini,spectf,"samples=0.1n,q=0.95",-1.315420387676658,55.1760317111531,100,0.1n,0.95
classification_gini,spectf,"samples=10,q=0.5",-1.3033610768224513,45.99293425735216,100,10,0.5
classification_gini,spectf,"samples=10,q=0.75",-1.165792403732041,38.35859242349795,100,10,0.75
classification_gini,spectf,"samples=10,q=0.9",-1.4383279361365298,31.622139240397768,100,10,0.9
classification_gini,spectf,"samples=10,q=0.95",-1.6732569484655457,27.29659659012338,100,10,0.95
classification_gini,spectf,"samples=2,q=0.5",-1.4081617486627507,63.406228429516084,100,2,0.5
classification_gini,spectf,"samples=2,q=0.75",-1.443251542147711,59.90478560731873,100,2,0.75
classification_gini,spectf,"samples=2,q=0.9",-1.3234590044351902,54.765672591076914,100,2,0.9
classification_gini,spectf,"samples=2,q=0.95",-1.5398157067846918,54.152225556112526,100,2,0.95
classification_gini,spectf,"samples=ln_n,q=0.5",-1.187796167785099,54.565907461144974,100,ln_n,0.5
classification_gini,spectf,"samples=ln_n,q=0.75",-1.5262178535574322,46.48482869542731,100,ln_n,0.75
classification_gini,spectf,"samples=ln_n,q=0.9",-1.3793544227410082,39.90846697379202,100,ln_n,0.9
classification_gini,spectf,"samples=ln_n,q=0.95",-1.3855973425028811,37.30615312284097,100,ln_n,0.95
classification_gini,spectf,"samples=sqrt_n,q=0.5",-1.4287142431889222,68.02756383207587,100,sqrt_n,0.5
classification_gini,spectf,"samples=sqrt_n,q=0.75",-1.4617417618119355,64.73977447993428,100,sqrt_n,0.75
classification_gini,spectf,"samples=sqrt_n,q=0.9",-1.3406800606958424,62.83387530155463,100,sqrt_n,0.9
classification_gini,spectf,"samples=sqrt_n,q=0.95",-1.085792895915072,63.10229840347829,100,sqrt_n,0.95
classification_gini,splice,"samples=0.1n,q=0.5",1.0790763900836997,14.94373513329441,100,0.1n,0.5
classification_gini,splice,"samples=0.1n,q=0.75",1.5212932282826719,9.987028594362446,100,0.1n,0.75
classification_gini,splice,"samples=0.1n,q=0.9",1.5212932282826719,9.987028594362446,100,0.1n,0.9
classification_gini,splice,"samples=0.1n,q=0.95",1.5212932282826719,9.987028594362446,100,0.1n,0.95
classification_gini,splice,"samples=10,q=0.5",0.8343318071705963,-11.67232308980548,100,10,0.5
classification_gini,splice,"samples=10,q=0.75",0.9730802396752836,-14.193210480408958,100,10,0.75
classification_gini,splice,"samples=10,q=0.9",1.7799144446395965,-24.014065459036594,100,10,0.9
classification_gini,splice,"samples=10,q=0.95",3.21953817716909,-42.815594473362,100,10,0.95
classification_gini,splice,"samples=2,q=0.5",0.7873648891333795,-0.10168880254027846,100,2,0.5
classification_gini,splice,"samples=2,q=0.75",1.1229971175192144,-2.4101486087306445,100,2,0.75
classification_gini,splice,"samples=2,q=0.9",2.2545601861929554,-17.753118258561006,100,2,0.9
classification_gini,splice,"samples=2,q=0.95",2.300675284967518,-18.517476149177103,100,2,0.95
classification_gini,splice,"samples=ln_n,q=0.5",0.8343318071705963,-11.67232308980548,100,ln_n,0.5
classification_gini,splice,"samples=ln_n,q=0.75",0.9730802396752836,-14.193210480408958,100,ln_n,0.75
classification_gini,splice,"samples=ln_n,q=0.9",1.7799144446395965,-24.014065459036594,100,ln_n,0.9
classification_gini,splice,"samples=ln_n,q=0.95",3.21953817716909,-42.815594473362,100,ln_n,0.95
classification_gini,splice,"samples=sqrt_n,q=0.5",1.0790763900836997,14.94373513329441,100,sqrt_n,0.5
classification_gini,splice,"samples=sqrt_n,q=0.75",1.5212932282826719,9.987028594362446,100,sqrt_n,0.75
classification_gini,splice,"samples=sqrt_n,q=0.9",1.5212932282826719,9.987028594362446,100,sqrt_n,0.9
classification_gini,splice,"samples=sqrt_n,q=0.95",1.5212932282826719,9.987028594362446,100,sqrt_n,0.95
classification_gini,tae,"samples=0.1n,q=0.5",2.6051361873545176,37.931427153937776,100,0.1n,0.5
classification_gini,tae,"samples=0.1n,q=0.75",3.0905804435216124,37.498619428494116,100,0.1n,0.75
classification_gini,tae,"samples=0.1n,q=0.9",2.973989068618227,35.328354930814854,100,0.1n,0.9
classification_gini,tae,"samples=0.1n,q=0.95",3.1074355429248355,34.27916638562189,100,0.1n,0.95
classification_gini,tae,"samples=10,q=0.5",2.4461111593969354,16.688662408019475,100,10,0.5
classification_gini,tae,"samples=10,q=0.75",2.7240656182034586,14.652349839302559,100,10,0.75
classification_gini,tae,"samples=10,q=0.9",2.4690830611883374,9.72830076794668,100,10,0.9
classification_gini,tae,"samples=10,q=0.95",2.7550597626964937,6.9759931241181405,100,10,0.95
classification_gini,tae,"samples=2,q=0.5",2.780726056920707,33.17249618067982,100,2,0.5
classification_gini,tae,"samples=2,q=0.75",2.9928036312610318,32.94651921482421,100,2,0.75
classification_gini,tae,"samples=2,q=0.9",2.863841751942436,28.917886853994773,100,2,0.9
classification_gini,tae,"samples=2,q=0.95",3.172369769394956,27.811991827494197,100,2,0.95
classification_gini,tae,"samples=ln_n,q=0.5",3.005811543118042,23.948295571618218,100,ln_n,0.5
classification_gini,tae,"samples=ln_n,q=0.75",2.819762042995322,21.53525148253899,100,ln_n,0.75
classification_gini,tae,"samples=ln_n,q=0.9",2.6626455473204746,18.311491571885448,100,ln_n,0.9
classification_gini,tae,"samples=ln_n,q=0.95",3.2978210561667276,15.985076659192604,100,ln_n,0.95
classification_gini,tae,"samples=sqrt_n,q=0.5",2.873276962589111,37.61648633330237,100,sqrt_n,0.5
classification_gini,tae,"samples=sqrt_n,q=0.75",3.33342770110841,37.26158886914788,100,sqrt_n,0.75
classification_gini,tae,"samples=sqrt_n,q=0.9",3.268145597092964,35.51352549248209,100,sqrt_n,0.9
classification_gini,tae,"samples=sqrt_n,q=0.95",3.2880454773037915,35.092694810824554,100,sqrt_n,0.95
classification_gini,texture,"samples=0.1n,q=0.5",2.5011912020510008,74.4322993222404,100,0.1n,0.5
classification_gini,texture,"samples=0.1n,q=0.75",1.5112309097598475,66.92178515837102,100,0.1n,0.75
classification_gini,texture,"samples=0.1n,q=0.9",0.7974207475788586,56.68229787150053,100,0.1n,0.9
classification_gini,texture,"samples=0.1n,q=0.95",0.7317039030917349,52.27057564243209,100,0.1n,0.95
classification_gini,texture,"samples=10,q=0.5",2.5984279341559615,73.34120072133783,100,10,0.5
classification_gini,texture,"samples=10,q=0.75",1.385754532691763,65.8458205772789,100,10,0.75
classification_gini,texture,"samples=10,q=0.9",0.7149643903222536,56.70818476360792,100,10,0.9
classification_gini,texture,"samples=10,q=0.95",0.7870046185270485,52.31951008540855,100,10,0.95
classification_gini,texture,"samples=2,q=0.5",2.0693840741066505,75.00323070815999,100,2,0.5
classification_gini,texture,"samples=2,q=0.75",1.2044439493831216,69.9283607346342,100,2,0.75
classification_gini,texture,"samples=2,q=0.9",1.2244500056898366,65.09739590958556,100,2,0.9
classification_gini,texture,"samples=2,q=0.95",1.3537521528657004,63.87960836109468,100,2,0.95
classification_gini,texture,"samples=ln_n,q=0.5",2.5243477768807643,73.82946209951957,100,ln_n,0.5
classification_gini,texture,"samples=ln_n,q=0.75",1.444904827189497,66.20432699171795,100,ln_n,0.75
classification_gini,texture,"samples=ln_n,q=0.9",0.7617773682943696,57.14236683226132,100,ln_n,0.9
classification_gini,texture,"samples=ln_n,q=0.95",0.7847142315832112,52.68562778022913,100,ln_n,0.95
classification_gini,texture,"samples=sqrt_n,q=0.5",1.9185900917839172,76.25238696425455,100,sqrt_n,0.5
classification_gini,texture,"samples=sqrt_n,q=0.75",1.4986580146311879,71.26196890707038,100,sqrt_n,0.75
classification_gini,texture,"samples=sqrt_n,q=0.9",1.0334993671951287,65.02417159178262,100,sqrt_n,0.9
classification_gini,texture,"samples=sqrt_n,q=0.95",1.1067316261164695,63.00033725474371,100,sqrt_n,0.95
classification_gini,threeOf9,"samples=0.1n,q=0.5",0.3837457119523269,-41.0427807486631,100,0.1n,0.5
classification_gini,threeOf9,"samples=0.1n,q=0.75",2.637833451357119,-98.79679144385028,100,0.1n,0.75
classification_gini,threeOf9,"samples=0.1n,q=0.9",2.637833451357119,-98.79679144385028,100,0.1n,0.9
classification_gini,threeOf9,"samples=0.1n,q=0.95",2.637833451357119,-98.79679144385028,100,0.1n,0.95
classification_gini,threeOf9,"samples=10,q=0.5",0.3837457119523269,-41.0427807486631,100,10,0.5
classification_gini,threeOf9,"samples=10,q=0.75",2.637833451357119,-98.79679144385028,100,10,0.75
classification_gini,threeOf9,"samples=10,q=0.9",2.637833451357119,-98.79679144385028,100,10,0.9
classification_gini,threeOf9,"samples=10,q=0.95",2.637833451357119,-98.79679144385028,100,10,0.95
classification_gini,threeOf9,"samples=2,q=0.5",0.3837457119523269,-41.0427807486631,100,2,0.5
classification_gini,threeOf9,"samples=2,q=0.75",2.637833451357119,-98.79679144385028,100,2,0.75
classification_gini,threeOf9,"samples=2,q=0.9",2.637833451357119,-98.79679144385028,100,2,0.9
classification_gini,threeOf9,"samples=2,q=0.95",2.637833451357119,-98.79679144385028,100,2,0.95
classification_gini,threeOf9,"samples=ln_n,q=0.5",0.3837457119523269,-41.0427807486631,100,ln_n,0.5
classification_gini,threeOf9,"samples=ln_n,q=0.75",2.637833451357119,-98.79679144385028,100,ln_n,0.75
classification_gini,threeOf9,"samples=ln_n,q=0.9",2.637833451357119,-98.79679144385028,100,ln_n,0.9
classification_gini,threeOf9,"samples=ln_n,q=0.95",2.637833451357119,-98.79679144385028,100,ln_n,0.95
classification_gini,threeOf9,"samples=sqrt_n,q=0.5",0.3837457119523269,-41.0427807486631,100,sqrt_n,0.5
classification_gini,threeOf9,"samples=sqrt_n,q=0.75",2.637833451357119,-98.79679144385028,100,sqrt_n,0.75
classification_gini,threeOf9,"samples=sqrt_n,q=0.9",2.637833451357119,-98.79679144385028,100,sqrt_n,0.9
classification_gini,threeOf9,"samples=sqrt_n,q=0.95",2.637833451357119,-98.79679144385028,100,sqrt_n,0.95
classification_gini,tic_tac_toe,"samples=0.1n,q=0.5",-1.4266434636141467,-8.216655999798572,100,0.1n,0.5
classification_gini,tic_tac_toe,"samples=0.1n,q=0.75",-1.6318976432718846,-12.009305211779786,100,0.1n,0.75
classification_gini,tic_tac_toe,"samples=0.1n,q=0.9",-1.6318976432718846,-12.009305211779786,100,0.1n,0.9
classification_gini,tic_tac_toe,"samples=0.1n,q=0.95",-1.6318976432718846,-12.009305211779786,100,0.1n,0.95
classification_gini,tic_tac_toe,"samples=10,q=0.5",-2.1894761073641744,-19.386112629193807,100,10,0.5
classification_gini,tic_tac_toe,"samples=10,q=0.75",-1.990897284894766,-22.627872823441287,100,10,0.75
classification_gini,tic_tac_toe,"samples=10,q=0.9",0.002877150538110884,-50.72844414108618,100,10,0.9
classification_gini,tic_tac_toe,"samples=10,q=0.95",0.002877150538110884,-50.72844414108618,100,10,0.95
classification_gini,tic_tac_toe,"samples=2,q=0.5",-2.1894761073641744,-19.386112629193807,100,2,0.5
classification_gini,tic_tac_toe,"samples=2,q=0.75",-1.990897284894766,-22.627872823441287,100,2,0.75
classification_gini,tic_tac_toe,"samples=2,q=0.9",0.002877150538110884,-50.72844414108618,100,2,0.9
classification_gini,tic_tac_toe,"samples=2,q=0.95",0.002877150538110884,-50.72844414108618,100,2,0.95
classification_gini,tic_tac_toe,"samples=ln_n,q=0.5",-2.1894761073641744,-19.386112629193807,100,ln_n,0.5
classification_gini,tic_tac_toe,"samples=ln_n,q=0.75",-1.990897284894766,-22.627872823441287,100,ln_n,0.75
classification_gini,tic_tac_toe,"samples=ln_n,q=0.9",0.002877150538110884,-50.72844414108618,100,ln_n,0.9
classification_gini,tic_tac_toe,"samples=ln_n,q=0.95",0.002877150538110884,-50.72844414108618,100,ln_n,0.95
classification_gini,tic_tac_toe,"samples=sqrt_n,q=0.5",-1.4266434636141467,-8.216655999798572,100,sqrt_n,0.5
classification_gini,tic_tac_toe,"samples=sqrt_n,q=0.75",-1.6318976432718846,-12.009305211779786,100,sqrt_n,0.75
classification_gini,tic_tac_toe,"samples=sqrt_n,q=0.9",-1.6318976432718846,-12.009305211779786,100,sqrt_n,0.9
classification_gini,tic_tac_toe,"samples=sqrt_n,q=0.95",-1.6318976432718846,-12.009305211779786,100,sqrt_n,0.95
classification_gini,tokyo1,"samples=0.1n,q=0.5",0.36820734912945685,72.8815960769831,100,0.1n,0.5
classification_gini,tokyo1,"samples=0.1n,q=0.75",0.35974640268032765,65.54096502439698,100,0.1n,0.75
classification_gini,tokyo1,"samples=0.1n,q=0.9",0.22423853200513322,61.784600389969654,100,0.1n,0.9
classification_gini,tokyo1,"samples=0.1n,q=0.95",0.24062743775141726,58.48365630546205,100,0.1n,0.95
classification_gini,tokyo1,"samples=10,q=0.5",0.09558656266966392,72.3558987379977,100,10,0.5
classification_gini,tokyo1,"samples=10,q=0.75",0.22428939352412414,65.99856783364363,100,10,0.75
classification_gini,tokyo1,"samples=10,q=0.9",0.19208204483537328,61.28565596752071,100,10,0.9
classification_gini,tokyo1,"samples=10,q=0.95",-0.06210057193845042,58.26284231507732,100,10,0.95
classification_gini,tokyo1,"samples=2,q=0.5",0.05514853779280404,74.33424183300504,100,2,0.5
classification_gini,tokyo1,"samples=2,q=0.75",0.010740244315987635,71.42116269576975,100,2,0.75
classification_gini,tokyo1,"samples=2,q=0.9",0.14308450439979858,69.99907310993828,100,2,0.9
classification_gini,tokyo1,"samples=2,q=0.95",0.11100199287336632,68.8497612254239,100,2,0.95
classification_gini,tokyo1,"samples=ln_n,q=0.5",-0.0647559555459587,73.9800384245321,100,ln_n,0.5
classification_gini,tokyo1,"samples=ln_n,q=0.75",-0.05115418043313835,67.65242923068665,100,ln_n,0.75
classification_gini,tokyo1,"samples=ln_n,q=0.9",0.2021437459169828,62.468847604548216,100,ln_n,0.9
classification_gini,tokyo1,"samples=ln_n,q=0.95",0.06083213241130925,61.014785960987474,100,ln_n,0.95
classification_gini,tokyo1,"samples=sqrt_n,q=0.5",0.32600794173983094,74.88473640913773,100,sqrt_n,0.5
classification_gini,tokyo1,"samples=sqrt_n,q=0.75",0.13585326790180874,69.23324456290658,100,sqrt_n,0.75
classification_gini,tokyo1,"samples=sqrt_n,q=0.9",0.07553754035952154,64.71573523183369,100,sqrt_n,0.9
classification_gini,tokyo1,"samples=sqrt_n,q=0.95",0.0644229946872521,63.30236472898365,100,sqrt_n,0.95
classification_gini,twonorm,"samples=0.1n,q=0.5",0.0619361617537173,82.11459658224501,100,0.1n,0.5
classification_gini,twonorm,"samples=0.1n,q=0.75",-0.11400197541178159,76.84234966458465,100,0.1n,0.75
classification_gini,twonorm,"samples=0.1n,q=0.9",-0.000511161085653411,70.08658556404322,100,0.1n,0.9
classification_gini,twonorm,"samples=0.1n,q=0.95",-0.14171894746018987,62.68832341403164,100,0.1n,0.95
classification_gini,twonorm,"samples=10,q=0.5",0.06069866997889806,82.47393085702558,100,10,0.5
classification_gini,twonorm,"samples=10,q=0.75",-0.15609028746132458,77.35202083882615,100,10,0.75
classification_gini,twonorm,"samples=10,q=0.9",-0.16248160512373766,69.31471475136246,100,10,0.9
classification_gini,twonorm,"samples=10,q=0.95",-0.19081987268393386,64.0600831071499,100,10,0.95
classification_gini,twonorm,"samples=2,q=0.5",-0.019888225546410565,83.0830032275573,100,2,0.5
classification_gini,twonorm,"samples=2,q=0.75",-0.08771737888357833,79.37523561485384,100,2,0.75
classification_gini,twonorm,"samples=2,q=0.9",-0.06024110747535616,74.42522816492544,100,2,0.9
classification_gini,twonorm,"samples=2,q=0.95",-0.1496543281807039,72.67000570514392,100,2,0.95
classification_gini,twonorm,"samples=ln_n,q=0.5",0.01193227903422689,82.910293007186,100,ln_n,0.5
classification_gini,twonorm,"samples=ln_n,q=0.75",-0.1291584619330377,77.48239447052902,100,ln_n,0.75
classification_gini,twonorm,"samples=ln_n,q=0.9",-0.16911911096685328,69.52418395493558,100,ln_n,0.9
classification_gini,twonorm,"samples=ln_n,q=0.95",-0.14185179552128058,64.43202594352564,100,ln_n,0.95
classification_gini,twonorm,"samples=sqrt_n,q=0.5",0.054998647518439414,83.92310081865287,100,sqrt_n,0.5
classification_gini,twonorm,"samples=sqrt_n,q=0.75",0.007332357132455725,80.11707247455831,100,sqrt_n,0.75
classification_gini,twonorm,"samples=sqrt_n,q=0.9",-0.15435552845601275,74.32891122908583,100,sqrt_n,0.9
classification_gini,twonorm,"samples=sqrt_n,q=0.95",-0.11317655071655941,68.8484620924093,100,sqrt_n,0.95
classification_gini,vehicle,"samples=0.1n,q=0.5",0.8112172096434722,56.53063006679497,100,0.1n,0.5
classification_gini,vehicle,"samples=0.1n,q=0.75",0.3283690428083741,52.53300652127373,100,0.1n,0.75
classification_gini,vehicle,"samples=0.1n,q=0.9",0.192781926670188,49.12069787022486,100,0.1n,0.9
classification_gini,vehicle,"samples=0.1n,q=0.95",0.4844991981278912,47.2606940007402,100,0.1n,0.95
classification_gini,vehicle,"samples=10,q=0.5",0.5707136334530183,37.849536699493896,100,10,0.5
classification_gini,vehicle,"samples=10,q=0.75",-0.021839871019863066,31.213860807902122,100,10,0.75
classification_gini,vehicle,"samples=10,q=0.9",0.06015467892267479,25.659027432480997,100,10,0.9
classification_gini,vehicle,"samples=10,q=0.95",0.056828269476721927,22.196282031357693,100,10,0.95
classification_gini,vehicle,"samples=2,q=0.5",0.326103615131329,53.87324825752483,100,2,0.5
classification_gini,vehicle,"samples=2,q=0.75",0.31790497510213456,50.418715446543274,100,2,0.75
classification_gini,vehicle,"samples=2,q=0.9",0.4634533215133463,46.19077695632133,100,2,0.9
classification_gini,vehicle,"samples=2,q=0.95",0.44858898103448674,44.809872930422486,100,2,0.95
classification_gini,vehicle,"samples=ln_n,q=0.5",0.7981279876834835,42.18301478377353,100,ln_n,0.5
classification_gini,vehicle,"samples=ln_n,q=0.75",0.2894759567095284,35.96051659803102,100,ln_n,0.75
classification_gini,vehicle,"samples=ln_n,q=0.9",0.2337326206357515,30.59818821150559,100,ln_n,0.9
classification_gini,vehicle,"samples=ln_n,q=0.95",0.18702053750563885,27.638159308364063,100,ln_n,0.95
classification_gini,vehicle,"samples=sqrt_n,q=0.5",0.8258344307655985,58.40071565615969,100,sqrt_n,0.5
classification_gini,vehicle,"samples=sqrt_n,q=0.75",0.7441241493424178,56.57657585979107,100,sqrt_n,0.75
classification_gini,vehicle,"samples=sqrt_n,q=0.9",0.6334739079515206,55.58001442432142,100,sqrt_n,0.9
classification_gini,vehicle,"samples=sqrt_n,q=0.95",0.639533351689836,54.640002785014275,100,sqrt_n,0.95
classification_gini,vowel,"samples=0.1n,q=0.5",6.226312420614624,61.96178434956912,100,0.1n,0.5
classification_gini,vowel,"samples=0.1n,q=0.75",4.218542756182139,53.33466664459091,100,0.1n,0.75
classification_gini,vowel,"samples=0.1n,q=0.9",2.840476651767437,46.9177213262831,100,0.1n,0.9
classification_gini,vowel,"samples=0.1n,q=0.95",4.2512825220557,45.49363704054694,100,0.1n,0.95
classification_gini,vowel,"samples=10,q=0.5",6.666607885874534,57.92013900291958,100,10,0.5
classification_gini,vowel,"samples=10,q=0.75",3.240638833895912,49.47102421556204,100,10,0.75
classification_gini,vowel,"samples=10,q=0.9",3.31826469018808,42.596995690952156,100,10,0.9
classification_gini,vowel,"samples=10,q=0.95",3.8334110474598697,39.89448146756574,100,10,0.95
classification_gini,vowel,"samples=2,q=0.5",6.313383654309257,63.580140013986984,100,2,0.5
classification_gini,vowel,"samples=2,q=0.75",4.278575411383303,58.27075618461517,100,2,0.75
classification_gini,vowel,"samples=2,q=0.9",4.457596961349669,54.0709585877365,100,2,0.9
classification_gini,vowel,"samples=2,q=0.95",4.76697213696532,53.23703576488232,100,2,0.95
classification_gini,vowel,"samples=ln_n,q=0.5",6.630040807014142,59.713478120605465,100,ln_n,0.5
classification_gini,vowel,"samples=ln_n,q=0.75",3.9568412139472042,51.95702285739681,100,ln_n,0.75
classification_gini,vowel,"samples=ln_n,q=0.9",2.9859715948439973,45.138361387317545,100,ln_n,0.9
classification_gini,vowel,"samples=ln_n,q=0.95",4.068002292601728,42.42447835773871,100,ln_n,0.95
classification_gini,vowel,"samples=sqrt_n,q=0.5",6.501659527144573,64.59608527021244,100,sqrt_n,0.5
classification_gini,vowel,"samples=sqrt_n,q=0.75",4.555961735909558,58.451949154778006,100,sqrt_n,0.75
classification_gini,vowel,"samples=sqrt_n,q=0.9",3.6994504036503537,53.12019545822541,100,sqrt_n,0.9
classification_gini,vowel,"samples=sqrt_n,q=0.95",4.737849922119991,52.21226016070571,100,sqrt_n,0.95
classification_gini,waveform_21,"samples=0.1n,q=0.5",1.8627257345578907,72.2749022727971,100,0.1n,0.5
classification_gini,waveform_21,"samples=0.1n,q=0.75",1.027269217997756,64.86262659155597,100,0.1n,0.75
classification_gini,waveform_21,"samples=0.1n,q=0.9",0.4557463605808165,57.512402096223056,100,0.1n,0.9
classification_gini,waveform_21,"samples=0.1n,q=0.95",0.3503787690788518,52.656653698998824,100,0.1n,0.95
classification_gini,waveform_21,"samples=10,q=0.5",1.7958047924211906,69.54277600129478,100,10,0.5
classification_gini,waveform_21,"samples=10,q=0.75",0.8120047451232348,61.98529140254482,100,10,0.75
classification_gini,waveform_21,"samples=10,q=0.9",0.45018128936513135,54.56656650685883,100,10,0.9
classification_gini,waveform_21,"samples=10,q=0.95",0.23984722527811697,50.34703851170812,100,10,0.95
classification_gini,waveform_21,"samples=2,q=0.5",1.4613255091308175,73.1984786207727,100,2,0.5
classification_gini,waveform_21,"samples=2,q=0.75",0.8844538222823828,68.59988725011871,100,2,0.75
classification_gini,waveform_21,"samples=2,q=0.9",0.8861185579735975,64.60317485988278,100,2,0.9
classification_gini,waveform_21,"samples=2,q=0.95",0.7827161693639006,63.17065771677248,100,2,0.95
classification_gini,waveform_21,"samples=ln_n,q=0.5",1.8096424705691339,70.10779163932216,100,ln_n,0.5
classification_gini,waveform_21,"samples=ln_n,q=0.75",0.8313809731527566,62.43417523039652,100,ln_n,0.75
classification_gini,waveform_21,"samples=ln_n,q=0.9",0.30387755392226046,55.37439759425343,100,ln_n,0.9
classification_gini,waveform_21,"samples=ln_n,q=0.95",0.36665330547871466,51.319683641526915,100,ln_n,0.95
classification_gini,waveform_21,"samples=sqrt_n,q=0.5",1.5387088200913779,74.35377035091355,100,sqrt_n,0.5
classification_gini,waveform_21,"samples=sqrt_n,q=0.75",1.0484018689952468,70.27613948799848,100,sqrt_n,0.75
classification_gini,waveform_21,"samples=sqrt_n,q=0.9",0.812619071152082,65.97010228444995,100,sqrt_n,0.9
classification_gini,waveform_21,"samples=sqrt_n,q=0.95",0.687860024788095,63.85754653851324,100,sqrt_n,0.95
classification_gini,waveform_40,"samples=0.1n,q=0.5",2.5099236573961736,74.7315476615433,100,0.1n,0.5
classification_gini,waveform_40,"samples=0.1n,q=0.75",0.9579146636560509,67.53532953544851,100,0.1n,0.75
classification_gini,waveform_40,"samples=0.1n,q=0.9",0.3573493862436772,60.25757784058203,100,0.1n,0.9
classification_gini,waveform_40,"samples=0.1n,q=0.95",0.12024464160854675,55.84958057970921,100,0.1n,0.95
classification_gini,waveform_40,"samples=10,q=0.5",2.331267330413578,72.50120394191738,100,10,0.5
classification_gini,waveform_40,"samples=10,q=0.75",0.961133827493621,65.21063959886801,100,10,0.75
classification_gini,waveform_40,"samples=10,q=0.9",0.17455746665565597,57.9382826869748,100,10,0.9
classification_gini,waveform_40,"samples=10,q=0.95",0.040917623661795854,53.96862158561757,100,10,0.95
classification_gini,waveform_40,"samples=2,q=0.5",1.730051971686064,75.2864331715477,100,2,0.5
classification_gini,waveform_40,"samples=2,q=0.75",0.9202756414172675,70.97586638253625,100,2,0.75
classification_gini,waveform_40,"samples=2,q=0.9",0.5876331724639972,67.15473333392237,100,2,0.9
classification_gini,waveform_40,"samples=2,q=0.95",0.7508428906852493,66.03714223621851,100,2,0.95
classification_gini,waveform_40,"samples=ln_n,q=0.5",2.4766778463136516,72.91962841134955,100,ln_n,0.5
classification_gini,waveform_40,"samples=ln_n,q=0.75",0.9708146187077271,65.73155677816645,100,ln_n,0.75
classification_gini,waveform_40,"samples=ln_n,q=0.9",0.24769738589604517,58.28348072520792,100,ln_n,0.9
classification_gini,waveform_40,"samples=ln_n,q=0.95",0.1615394297103223,54.53293316120576,100,ln_n,0.95
classification_gini,waveform_40,"samples=sqrt_n,q=0.5",1.9705473335518642,76.4646912354685,100,sqrt_n,0.5
classification_gini,waveform_40,"samples=sqrt_n,q=0.75",1.0141554183393686,72.3520392548454,100,sqrt_n,0.75
classification_gini,waveform_40,"samples=sqrt_n,q=0.9",0.6736316620594818,68.72972718808651,100,sqrt_n,0.9
classification_gini,waveform_40,"samples=sqrt_n,q=0.95",0.8266203406861794,67.16824580605376,100,sqrt_n,0.95
classification_gini,wine_quality_red,"samples=0.1n,q=0.5",2.470838600430297,59.54460040458311,100,0.1n,0.5
classification_gini,wine_quality_red,"samples=0.1n,q=0.75",1.8234481255337498,54.81230436703952,100,0.1n,0.75
classification_gini,wine_quality_red,"samples=0.1n,q=0.9",1.7322042649788787,51.54497185446702,100,0.1n,0.9
classification_gini,wine_quality_red,"samples=0.1n,q=0.95",1.8172138580624302,49.67642558432663,100,0.1n,0.95
classification_gini,wine_quality_red,"samples=10,q=0.5",2.5269855814828714,44.51310019754304,100,10,0.5
classification_gini,wine_quality_red,"samples=10,q=0.75",2.225104163532496,37.270370090059444,100,10,0.75
classification_gini,wine_quality_red,"samples=10,q=0.9",1.4544751996318828,31.52063378976596,100,10,0.9
classification_gini,wine_quality_red,"samples=10,q=0.95",1.5911040696320267,29.05103019503671,100,10,0.95
classification_gini,wine_quality_red,"samples=2,q=0.5",2.164974583674531,57.90505501265323,100,2,0.5
classification_gini,wine_quality_red,"samples=2,q=0.75",1.9110256145961013,54.25176972924062,100,2,0.75
classification_gini,wine_quality_red,"samples=2,q=0.9",2.3516448217418997,51.03469032102309,100,2,0.9
classification_gini,wine_quality_red,"samples=2,q=0.95",2.059611006453499,50.02641862352632,100,2,0.95
classification_gini,wine_quality_red,"samples=ln_n,q=0.5",2.252713376059382,48.36344273227032,100,ln_n,0.5
classification_gini,wine_quality_red,"samples=ln_n,q=0.75",1.8014361988898053,41.49213600769747,100,ln_n,0.75
classification_gini,wine_quality_red,"samples=ln_n,q=0.9",2.046736358065146,36.09384735933177,100,ln_n,0.9
classification_gini,wine_quality_red,"samples=ln_n,q=0.95",1.8743365036188093,33.73820935470398,100,ln_n,0.95
classification_gini,wine_quality_red,"samples=sqrt_n,q=0.5",1.8827199036802327,61.32246965708583,100,sqrt_n,0.5
classification_gini,wine_quality_red,"samples=sqrt_n,q=0.75",2.3976355592491894,59.771301821834115,100,sqrt_n,0.75
classification_gini,wine_quality_red,"samples=sqrt_n,q=0.9",2.4798750476763995,59.23938677554257,100,sqrt_n,0.9
classification_gini,wine_quality_red,"samples=sqrt_n,q=0.95",2.3388847430306194,58.9705017375066,100,sqrt_n,0.95
classification_gini,wine_quality_white,"samples=0.1n,q=0.5",-0.5614313386779868,62.30733338525805,100,0.1n,0.5
classification_gini,wine_quality_white,"samples=0.1n,q=0.75",-0.5196390758058556,57.674168288179175,100,0.1n,0.75
classification_gini,wine_quality_white,"samples=0.1n,q=0.9",-0.5599715343210271,54.131070807575114,100,0.1n,0.9
classification_gini,wine_quality_white,"samples=0.1n,q=0.95",-0.853489134319596,52.45878677177179,100,0.1n,0.95
classification_gini,wine_quality_white,"samples=10,q=0.5",-0.5272272473357903,48.190088680114044,100,10,0.5
classification_gini,wine_quality_white,"samples=10,q=0.75",-0.6329666289084546,40.95497624729518,100,10,0.75
classification_gini,wine_quality_white,"samples=10,q=0.9",-0.5131471591818704,34.99505160533249,100,10,0.9
classification_gini,wine_quality_white,"samples=10,q=0.95",-0.5747015595811727,32.25269549777251,100,10,0.95
classification_gini,wine_quality_white,"samples=2,q=0.5",-0.4729929705173691,60.45913676750738,100,2,0.5
classification_gini,wine_quality_white,"samples=2,q=0.75",-0.6646883772805701,57.040845951056426,100,2,0.75
classification_gini,wine_quality_white,"samples=2,q=0.9",-0.6166637137273862,53.52731974004858,100,2,0.9
classification_gini,wine_quality_white,"samples=2,q=0.95",-0.7162155788339564,52.57260202869416,100,2,0.95
classification_gini,wine_quality_white,"samples=ln_n,q=0.5",-0.6506923331986131,50.361738219036525,100,ln_n,0.5
classification_gini,wine_quality_white,"samples=ln_n,q=0.75",-0.31250291609919434,43.32721246285189,100,ln_n,0.75
classification_gini,wine_quality_white,"samples=ln_n,q=0.9",-0.5117211217678913,37.66356169463191,100,ln_n,0.9
classification_gini,wine_quality_white,"samples=ln_n,q=0.95",-0.3962838208237285,34.84268216006731,100,ln_n,0.95
classification_gini,wine_quality_white,"samples=sqrt_n,q=0.5",-0.60286639578567,63.98173945305133,100,sqrt_n,0.5
classification_gini,wine_quality_white,"samples=sqrt_n,q=0.75",-0.5721946421390373,62.87959788100513,100,sqrt_n,0.75
classification_gini,wine_quality_white,"samples=sqrt_n,q=0.9",-0.608694885413566,62.4763662674881,100,sqrt_n,0.9
classification_gini,wine_quality_white,"samples=sqrt_n,q=0.95",-0.478330699030563,62.35959740456935,100,sqrt_n,0.95
classification_gini,wine_recognition,"samples=0.1n,q=0.5",-0.7647401141594456,62.06933839317141,100,0.1n,0.5
classification_gini,wine_recognition,"samples=0.1n,q=0.75",-2.455014021769353,56.839818283681694,100,0.1n,0.75
classification_gini,wine_recognition,"samples=0.1n,q=0.9",-2.087518712957248,51.19955143346988,100,0.1n,0.9
classification_gini,wine_recognition,"samples=0.1n,q=0.95",-1.9372915735139329,47.39137448990382,100,0.1n,0.95
classification_gini,wine_recognition,"samples=10,q=0.5",-2.4103478824701927,54.92021436978369,100,10,0.5
classification_gini,wine_recognition,"samples=10,q=0.75",-2.538764410535077,51.86660647384654,100,10,0.75
classification_gini,wine_recognition,"samples=10,q=0.9",-2.3024164421306335,44.86756238834511,100,10,0.9
classification_gini,wine_recognition,"samples=10,q=0.95",-2.346558612123478,41.5839455368088,100,10,0.95
classification_gini,wine_recognition,"samples=2,q=0.5",-2.3149232203068304,63.6576558992876,100,2,0.5
classification_gini,wine_recognition,"samples=2,q=0.75",-2.9100502872033083,60.15210347693161,100,2,0.75
classification_gini,wine_recognition,"samples=2,q=0.9",-2.312335166668306,56.04737204921635,100,2,0.9
classification_gini,wine_recognition,"samples=2,q=0.95",-2.192056210031623,54.79983172529767,100,2,0.95
classification_gini,wine_recognition,"samples=ln_n,q=0.5",-1.813119177231981,60.70644484558716,100,ln_n,0.5
classification_gini,wine_recognition,"samples=ln_n,q=0.75",-2.097254967348566,55.462434549210414,100,ln_n,0.75
classification_gini,wine_recognition,"samples=ln_n,q=0.9",-1.915890054116992,49.70635996621829,100,ln_n,0.9
classification_gini,wine_recognition,"samples=ln_n,q=0.95",-1.6845831193482763,46.66632575159383,100,ln_n,0.95
classification_gini,wine_recognition,"samples=sqrt_n,q=0.5",-2.0712021721762786,64.8411559670111,100,sqrt_n,0.5
classification_gini,wine_recognition,"samples=sqrt_n,q=0.75",-2.321048475208914,59.25194931773879,100,sqrt_n,0.75
classification_gini,wine_recognition,"samples=sqrt_n,q=0.9",-2.1690327064798676,54.11081472806856,100,sqrt_n,0.9
classification_gini,wine_recognition,"samples=sqrt_n,q=0.95",-2.3818995170902966,50.87342636869329,100,sqrt_n,0.95
classification_gini,xd6,"samples=0.1n,q=0.5",-0.202354501421681,-37.19671818621434,100,0.1n,0.5
classification_gini,xd6,"samples=0.1n,q=0.75",-0.2017399685223742,-69.0565947810884,100,0.1n,0.75
classification_gini,xd6,"samples=0.1n,q=0.9",-0.2017399685223742,-69.0565947810884,100,0.1n,0.9
classification_gini,xd6,"samples=0.1n,q=0.95",-0.2017399685223742,-69.0565947810884,100,0.1n,0.95
classification_gini,xd6,"samples=10,q=0.5",-0.202354501421681,-37.19671818621434,100,10,0.5
classification_gini,xd6,"samples=10,q=0.75",-0.2017399685223742,-69.0565947810884,100,10,0.75
classification_gini,xd6,"samples=10,q=0.9",-0.2017399685223742,-69.0565947810884,100,10,0.9
classification_gini,xd6,"samples=10,q=0.95",-0.2017399685223742,-69.0565947810884,100,10,0.95
classification_gini,xd6,"samples=2,q=0.5",-0.202354501421681,-37.19671818621434,100,2,0.5
classification_gini,xd6,"samples=2,q=0.75",-0.2017399685223742,-69.0565947810884,100,2,0.75
classification_gini,xd6,"samples=2,q=0.9",-0.2017399685223742,-69.0565947810884,100,2,0.9
classification_gini,xd6,"samples=2,q=0.95",-0.2017399685223742,-69.0565947810884,100,2,0.95
classification_gini,xd6,"samples=ln_n,q=0.5",-0.202354501421681,-37.19671818621434,100,ln_n,0.5
classification_gini,xd6,"samples=ln_n,q=0.75",-0.2017399685223742,-69.0565947810884,100,ln_n,0.75
classification_gini,xd6,"samples=ln_n,q=0.9",-0.2017399685223742,-69.0565947810884,100,ln_n,0.9
classification_gini,xd6,"samples=ln_n,q=0.95",-0.2017399685223742,-69.0565947810884,100,ln_n,0.95
classification_gini,xd6,"samples=sqrt_n,q=0.5",-0.202354501421681,-37.19671818621434,100,sqrt_n,0.5
classification_gini,xd6,"samples=sqrt_n,q=0.75",-0.2017399685223742,-69.0565947810884,100,sqrt_n,0.75
classification_gini,xd6,"samples=sqrt_n,q=0.9",-0.2017399685223742,-69.0565947810884,100,sqrt_n,0.9
classification_gini,xd6,"samples=sqrt_n,q=0.95",-0.2017399685223742,-69.0565947810884,100,sqrt_n,0.95
classification_gini,yeast,"samples=0.1n,q=0.5",2.8623525454396086,47.30962236820597,100,0.1n,0.5
classification_gini,yeast,"samples=0.1n,q=0.75",2.387370403270514,44.13593322351883,100,0.1n,0.75
classification_gini,yeast,"samples=0.1n,q=0.9",2.699129031333092,41.581607949373165,100,0.1n,0.9
classification_gini,yeast,"samples=0.1n,q=0.95",2.8404848617314293,40.07205728419106,100,0.1n,0.95
classification_gini,yeast,"samples=10,q=0.5",2.8890071121818517,24.66820723147189,100,10,0.5
classification_gini,yeast,"samples=10,q=0.75",2.671199045265657,19.31315700355283,100,10,0.75
classification_gini,yeast,"samples=10,q=0.9",2.4888682639789024,14.534598096927953,100,10,0.9
classification_gini,yeast,"samples=10,q=0.95",2.474883864076391,11.492625098462415,100,10,0.95
classification_gini,yeast,"samples=2,q=0.5",2.991621635206079,43.29780607763184,100,2,0.5
classification_gini,yeast,"samples=2,q=0.75",2.6637979524866684,41.09461896426862,100,2,0.75
classification_gini,yeast,"samples=2,q=0.9",2.6959972933609273,36.46500029976389,100,2,0.9
classification_gini,yeast,"samples=2,q=0.95",3.061854171140757,35.50822225868394,100,2,0.95
classification_gini,yeast,"samples=ln_n,q=0.5",2.9844928153648422,29.401043762629364,100,ln_n,0.5
classification_gini,yeast,"samples=ln_n,q=0.75",2.640754052885155,24.475135234260314,100,ln_n,0.75
classification_gini,yeast,"samples=ln_n,q=0.9",2.5133863221881074,19.699554965773068,100,ln_n,0.9
classification_gini,yeast,"samples=ln_n,q=0.95",2.4909581849986817,16.83891978252911,100,ln_n,0.95
classification_gini,yeast,"samples=sqrt_n,q=0.5",2.8182366538932553,49.09699980444291,100,sqrt_n,0.5
classification_gini,yeast,"samples=sqrt_n,q=0.75",3.0201004033493573,47.458590652330145,100,sqrt_n,0.75
classification_gini,yeast,"samples=sqrt_n,q=0.9",2.8717738762783607,47.51219253453537,100,sqrt_n,0.9
classification_gini,yeast,"samples=sqrt_n,q=0.95",2.8302342945425414,47.34075342758438,100,sqrt_n,0.95
classification_entropy,GAMETES_Epistasis_2_Way_20atts_0.1H_EDM_1_1,"samples=0.1n,q=0.5",1.6689683598169913,-7.537098200031,100,0.1n,0.5
classification_entropy,GAMETES_Epistasis_2_Way_20atts_0.1H_EDM_1_1,"samples=0.1n,q=0.75",1.7389080474238205,-10.472569125619291,100,0.1n,0.75
classification_entropy,GAMETES_Epistasis_2_Way_20atts_0.1H_EDM_1_1,"samples=0.1n,q=0.9",1.7389080474238205,-10.472569125619291,100,0.1n,0.9
classification_entropy,GAMETES_Epistasis_2_Way_20atts_0.1H_EDM_1_1,"samples=0.1n,q=0.95",1.7389080474238205,-10.472569125619291,100,0.1n,0.95
classification_entropy,GAMETES_Epistasis_2_Way_20atts_0.1H_EDM_1_1,"samples=10,q=0.5",1.5335509774833334,-20.330291219146055,100,10,0.5
classification_entropy,GAMETES_Epistasis_2_Way_20atts_0.1H_EDM_1_1,"samples=10,q=0.75",1.8685994512382287,-21.82536891069867,100,10,0.75
classification_entropy,GAMETES_Epistasis_2_Way_20atts_0.1H_EDM_1_1,"samples=10,q=0.9",1.363365326370053,-25.59848428859123,100,10,0.9
classification_entropy,GAMETES_Epistasis_2_Way_20atts_0.1H_EDM_1_1,"samples=10,q=0.95",1.363365326370053,-25.59848428859123,100,10,0.95
classification_entropy,GAMETES_Epistasis_2_Way_20atts_0.1H_EDM_1_1,"samples=2,q=0.5",1.5335509774833334,-20.330291219146055,100,2,0.5
classification_entropy,GAMETES_Epistasis_2_Way_20atts_0.1H_EDM_1_1,"samples=2,q=0.75",1.8685994512382287,-21.82536891069867,100,2,0.75
classification_entropy,GAMETES_Epistasis_2_Way_20atts_0.1H_EDM_1_1,"samples=2,q=0.9",1.363365326370053,-25.59848428859123,100,2,0.9
classification_entropy,GAMETES_Epistasis_2_Way_20atts_0.1H_EDM_1_1,"samples=2,q=0.95",1.363365326370053,-25.59848428859123,100,2,0.95
classification_entropy,GAMETES_Epistasis_2_Way_20atts_0.1H_EDM_1_1,"samples=ln_n,q=0.5",1.5335509774833334,-20.330291219146055,100,ln_n,0.5
classification_entropy,GAMETES_Epistasis_2_Way_20atts_0.1H_EDM_1_1,"samples=ln_n,q=0.75",1.8685994512382287,-21.82536891069867,100,ln_n,0.75
classification_entropy,GAMETES_Epistasis_2_Way_20atts_0.1H_EDM_1_1,"samples=ln_n,q=0.9",1.363365326370053,-25.59848428859123,100,ln_n,0.9
classification_entropy,GAMETES_Epistasis_2_Way_20atts_0.1H_EDM_1_1,"samples=ln_n,q=0.95",1.363365326370053,-25.59848428859123,100,ln_n,0.95
classification_entropy,GAMETES_Epistasis_2_Way_20atts_0.1H_EDM_1_1,"samples=sqrt_n,q=0.5",1.6689683598169913,-7.537098200031,100,sqrt_n,0.5
classification_entropy,GAMETES_Epistasis_2_Way_20atts_0.1H_EDM_1_1,"samples=sqrt_n,q=0.75",1.7389080474238205,-10.472569125619291,100,sqrt_n,0.75
classification_entropy,GAMETES_Epistasis_2_Way_20atts_0.1H_EDM_1_1,"samples=sqrt_n,q=0.9",1.7389080474238205,-10.472569125619291,100,sqrt_n,0.9
classification_entropy,GAMETES_Epistasis_2_Way_20atts_0.1H_EDM_1_1,"samples=sqrt_n,q=0.95",1.7389080474238205,-10.472569125619291,100,sqrt_n,0.95
classification_entropy,GAMETES_Epistasis_2_Way_20atts_0.4H_EDM_1_1,"samples=0.1n,q=0.5",2.1468832346779543,-9.388237701828272,100,0.1n,0.5
classification_entropy,GAMETES_Epistasis_2_Way_20atts_0.4H_EDM_1_1,"samples=0.1n,q=0.75",2.201148884293519,-13.336563186132633,100,0.1n,0.75
classification_entropy,GAMETES_Epistasis_2_Way_20atts_0.4H_EDM_1_1,"samples=0.1n,q=0.9",2.201148884293519,-13.336563186132633,100,0.1n,0.9
classification_entropy,GAMETES_Epistasis_2_Way_20atts_0.4H_EDM_1_1,"samples=0.1n,q=0.95",2.201148884293519,-13.336563186132633,100,0.1n,0.95
classification_entropy,GAMETES_Epistasis_2_Way_20atts_0.4H_EDM_1_1,"samples=10,q=0.5",1.5550297925682188,-21.398942898041906,100,10,0.5
classification_entropy,GAMETES_Epistasis_2_Way_20atts_0.4H_EDM_1_1,"samples=10,q=0.75",1.847807031233517,-23.749016774151798,100,10,0.75
classification_entropy,GAMETES_Epistasis_2_Way_20atts_0.4H_EDM_1_1,"samples=10,q=0.9",2.500651246174812,-29.638206308731895,100,10,0.9
classification_entropy,GAMETES_Epistasis_2_Way_20atts_0.4H_EDM_1_1,"samples=10,q=0.95",2.500651246174812,-29.638206308731895,100,10,0.95
classification_entropy,GAMETES_Epistasis_2_Way_20atts_0.4H_EDM_1_1,"samples=2,q=0.5",1.5550297925682188,-21.398942898041906,100,2,0.5
classification_entropy,GAMETES_Epistasis_2_Way_20atts_0.4H_EDM_1_1,"samples=2,q=0.75",1.847807031233517,-23.749016774151798,100,2,0.75
classification_entropy,GAMETES_Epistasis_2_Way_20atts_0.4H_EDM_1_1,"samples=2,q=0.9",2.500651246174812,-29.638206308731895,100,2,0.9
classification_entropy,GAMETES_Epistasis_2_Way_20atts_0.4H_EDM_1_1,"samples=2,q=0.95",2.500651246174812,-29.638206308731895,100,2,0.95
classification_entropy,GAMETES_Epistasis_2_Way_20atts_0.4H_EDM_1_1,"samples=ln_n,q=0.5",1.5550297925682188,-21.398942898041906,100,ln_n,0.5
classification_entropy,GAMETES_Epistasis_2_Way_20atts_0.4H_EDM_1_1,"samples=ln_n,q=0.75",1.847807031233517,-23.749016774151798,100,ln_n,0.75
classification_entropy,GAMETES_Epistasis_2_Way_20atts_0.4H_EDM_1_1,"samples=ln_n,q=0.9",2.500651246174812,-29.638206308731895,100,ln_n,0.9
classification_entropy,GAMETES_Epistasis_2_Way_20atts_0.4H_EDM_1_1,"samples=ln_n,q=0.95",2.500651246174812,-29.638206308731895,100,ln_n,0.95
classification_entropy,GAMETES_Epistasis_2_Way_20atts_0.4H_EDM_1_1,"samples=sqrt_n,q=0.5",2.1468832346779543,-9.388237701828272,100,sqrt_n,0.5
classification_entropy,GAMETES_Epistasis_2_Way_20atts_0.4H_EDM_1_1,"samples=sqrt_n,q=0.75",2.201148884293519,-13.336563186132633,100,sqrt_n,0.75
classification_entropy,GAMETES_Epistasis_2_Way_20atts_0.4H_EDM_1_1,"samples=sqrt_n,q=0.9",2.201148884293519,-13.336563186132633,100,sqrt_n,0.9
classification_entropy,GAMETES_Epistasis_2_Way_20atts_0.4H_EDM_1_1,"samples=sqrt_n,q=0.95",2.201148884293519,-13.336563186132633,100,sqrt_n,0.95
classification_entropy,GAMETES_Epistasis_3_Way_20atts_0.2H_EDM_1_1,"samples=0.1n,q=0.5",1.5397614997875786,-9.87651472519271,100,0.1n,0.5
classification_entropy,GAMETES_Epistasis_3_Way_20atts_0.2H_EDM_1_1,"samples=0.1n,q=0.75",1.2900263742993412,-12.928933413370569,100,0.1n,0.75
classification_entropy,GAMETES_Epistasis_3_Way_20atts_0.2H_EDM_1_1,"samples=0.1n,q=0.9",1.2900263742993412,-12.928933413370569,100,0.1n,0.9
classification_entropy,GAMETES_Epistasis_3_Way_20atts_0.2H_EDM_1_1,"samples=0.1n,q=0.95",1.2900263742993412,-12.928933413370569,100,0.1n,0.95
classification_entropy,GAMETES_Epistasis_3_Way_20atts_0.2H_EDM_1_1,"samples=10,q=0.5",1.0068607574495014,-22.16443165739551,100,10,0.5
classification_entropy,GAMETES_Epistasis_3_Way_20atts_0.2H_EDM_1_1,"samples=10,q=0.75",1.768641246345637,-24.60521248342974,100,10,0.75
classification_entropy,GAMETES_Epistasis_3_Way_20atts_0.2H_EDM_1_1,"samples=10,q=0.9",1.667560131680712,-27.4414944836646,100,10,0.9
classification_entropy,GAMETES_Epistasis_3_Way_20atts_0.2H_EDM_1_1,"samples=10,q=0.95",1.667560131680712,-27.4414944836646,100,10,0.95
classification_entropy,GAMETES_Epistasis_3_Way_20atts_0.2H_EDM_1_1,"samples=2,q=0.5",1.0068607574495014,-22.16443165739551,100,2,0.5
classification_entropy,GAMETES_Epistasis_3_Way_20atts_0.2H_EDM_1_1,"samples=2,q=0.75",1.768641246345637,-24.60521248342974,100,2,0.75
classification_entropy,GAMETES_Epistasis_3_Way_20atts_0.2H_EDM_1_1,"samples=2,q=0.9",1.667560131680712,-27.4414944836646,100,2,0.9
classification_entropy,GAMETES_Epistasis_3_Way_20atts_0.2H_EDM_1_1,"samples=2,q=0.95",1.667560131680712,-27.4414944836646,100,2,0.95
classification_entropy,GAMETES_Epistasis_3_Way_20atts_0.2H_EDM_1_1,"samples=ln_n,q=0.5",1.0068607574495014,-22.16443165739551,100,ln_n,0.5
classification_entropy,GAMETES_Epistasis_3_Way_20atts_0.2H_EDM_1_1,"samples=ln_n,q=0.75",1.768641246345637,-24.60521248342974,100,ln_n,0.75
classification_entropy,GAMETES_Epistasis_3_Way_20atts_0.2H_EDM_1_1,"samples=ln_n,q=0.9",1.667560131680712,-27.4414944836646,100,ln_n,0.9
classification_entropy,GAMETES_Epistasis_3_Way_20atts_0.2H_EDM_1_1,"samples=ln_n,q=0.95",1.667560131680712,-27.4414944836646,100,ln_n,0.95
classification_entropy,GAMETES_Epistasis_3_Way_20atts_0.2H_EDM_1_1,"samples=sqrt_n,q=0.5",1.5397614997875786,-9.87651472519271,100,sqrt_n,0.5
classification_entropy,GAMETES_Epistasis_3_Way_20atts_0.2H_EDM_1_1,"samples=sqrt_n,q=0.75",1.2900263742993412,-12.928933413370569,100,sqrt_n,0.75
classification_entropy,GAMETES_Epistasis_3_Way_20atts_0.2H_EDM_1_1,"samples=sqrt_n,q=0.9",1.2900263742993412,-12.928933413370569,100,sqrt_n,0.9
classification_entropy,GAMETES_Epistasis_3_Way_20atts_0.2H_EDM_1_1,"samples=sqrt_n,q=0.95",1.2900263742993412,-12.928933413370569,100,sqrt_n,0.95
classification_entropy,GAMETES_Heterogeneity_20atts_1600_Het_0.4_0.2_50_EDM_2_001,"samples=0.1n,q=0.5",0.7905885945062474,-9.379632885594946,100,0.1n,0.5
classification_entropy,GAMETES_Heterogeneity_20atts_1600_Het_0.4_0.2_50_EDM_2_001,"samples=0.1n,q=0.75",0.7778916836142125,-12.750748768819653,100,0.1n,0.75
classification_entropy,GAMETES_Heterogeneity_20atts_1600_Het_0.4_0.2_50_EDM_2_001,"samples=0.1n,q=0.9",0.7778916836142125,-12.750748768819653,100,0.1n,0.9
classification_entropy,GAMETES_Heterogeneity_20atts_1600_Het_0.4_0.2_50_EDM_2_001,"samples=0.1n,q=0.95",0.7778916836142125,-12.750748768819653,100,0.1n,0.95
classification_entropy,GAMETES_Heterogeneity_20atts_1600_Het_0.4_0.2_50_EDM_2_001,"samples=10,q=0.5",1.045889295435798,-20.92415022679024,100,10,0.5
classification_entropy,GAMETES_Heterogeneity_20atts_1600_Het_0.4_0.2_50_EDM_2_001,"samples=10,q=0.75",1.2177413544723736,-22.457007801644444,100,10,0.75
classification_entropy,GAMETES_Heterogeneity_20atts_1600_Het_0.4_0.2_50_EDM_2_001,"samples=10,q=0.9",0.8567365628827706,-25.71866346833471,100,10,0.9
classification_entropy,GAMETES_Heterogeneity_20atts_1600_Het_0.4_0.2_50_EDM_2_001,"samples=10,q=0.95",0.8567365628827706,-25.71866346833471,100,10,0.95
classification_entropy,GAMETES_Heterogeneity_20atts_1600_Het_0.4_0.2_50_EDM_2_001,"samples=2,q=0.5",1.045889295435798,-20.92415022679024,100,2,0.5
classification_entropy,GAMETES_Heterogeneity_20atts_1600_Het_0.4_0.2_50_EDM_2_001,"samples=2,q=0.75",1.2177413544723736,-22.457007801644444,100,2,0.75
classification_entropy,GAMETES_Heterogeneity_20atts_1600_Het_0.4_0.2_50_EDM_2_001,"samples=2,q=0.9",0.8567365628827706,-25.71866346833471,100,2,0.9
classification_entropy,GAMETES_Heterogeneity_20atts_1600_Het_0.4_0.2_50_EDM_2_001,"samples=2,q=0.95",0.8567365628827706,-25.71866346833471,100,2,0.95
classification_entropy,GAMETES_Heterogeneity_20atts_1600_Het_0.4_0.2_50_EDM_2_001,"samples=ln_n,q=0.5",1.045889295435798,-20.92415022679024,100,ln_n,0.5
classification_entropy,GAMETES_Heterogeneity_20atts_1600_Het_0.4_0.2_50_EDM_2_001,"samples=ln_n,q=0.75",1.2177413544723736,-22.457007801644444,100,ln_n,0.75
classification_entropy,GAMETES_Heterogeneity_20atts_1600_Het_0.4_0.2_50_EDM_2_001,"samples=ln_n,q=0.9",0.8567365628827706,-25.71866346833471,100,ln_n,0.9
classification_entropy,GAMETES_Heterogeneity_20atts_1600_Het_0.4_0.2_50_EDM_2_001,"samples=ln_n,q=0.95",0.8567365628827706,-25.71866346833471,100,ln_n,0.95
classification_entropy,GAMETES_Heterogeneity_20atts_1600_Het_0.4_0.2_50_EDM_2_001,"samples=sqrt_n,q=0.5",0.7905885945062474,-9.379632885594946,100,sqrt_n,0.5
classification_entropy,GAMETES_Heterogeneity_20atts_1600_Het_0.4_0.2_50_EDM_2_001,"samples=sqrt_n,q=0.75",0.7778916836142125,-12.750748768819653,100,sqrt_n,0.75
classification_entropy,GAMETES_Heterogeneity_20atts_1600_Het_0.4_0.2_50_EDM_2_001,"samples=sqrt_n,q=0.9",0.7778916836142125,-12.750748768819653,100,sqrt_n,0.9
classification_entropy,GAMETES_Heterogeneity_20atts_1600_Het_0.4_0.2_50_EDM_2_001,"samples=sqrt_n,q=0.95",0.7778916836142125,-12.750748768819653,100,sqrt_n,0.95
classification_entropy,GAMETES_Heterogeneity_20atts_1600_Het_0.4_0.2_75_EDM_2_001,"samples=0.1n,q=0.5",0.4693381134526331,-5.981232488053923,100,0.1n,0.5
classification_entropy,GAMETES_Heterogeneity_20atts_1600_Het_0.4_0.2_75_EDM_2_001,"samples=0.1n,q=0.75",1.0773981950084333,-9.383825518674527,100,0.1n,0.75
classification_entropy,GAMETES_Heterogeneity_20atts_1600_Het_0.4_0.2_75_EDM_2_001,"samples=0.1n,q=0.9",1.0773981950084333,-9.383825518674527,100,0.1n,0.9
classification_entropy,GAMETES_Heterogeneity_20atts_1600_Het_0.4_0.2_75_EDM_2_001,"samples=0.1n,q=0.95",1.0773981950084333,-9.383825518674527,100,0.1n,0.95
classification_entropy,GAMETES_Heterogeneity_20atts_1600_Het_0.4_0.2_75_EDM_2_001,"samples=10,q=0.5",1.0488329713853328,-19.771125461138706,100,10,0.5
classification_entropy,GAMETES_Heterogeneity_20atts_1600_Het_0.4_0.2_75_EDM_2_001,"samples=10,q=0.75",0.7893265284572626,-21.59770676286903,100,10,0.75
classification_entropy,GAMETES_Heterogeneity_20atts_1600_Het_0.4_0.2_75_EDM_2_001,"samples=10,q=0.9",1.5995484737603038,-25.983044769834496,100,10,0.9
classification_entropy,GAMETES_Heterogeneity_20atts_1600_Het_0.4_0.2_75_EDM_2_001,"samples=10,q=0.95",1.5995484737603038,-25.983044769834496,100,10,0.95
classification_entropy,GAMETES_Heterogeneity_20atts_1600_Het_0.4_0.2_75_EDM_2_001,"samples=2,q=0.5",1.0488329713853328,-19.771125461138706,100,2,0.5
classification_entropy,GAMETES_Heterogeneity_20atts_1600_Het_0.4_0.2_75_EDM_2_001,"samples=2,q=0.75",0.7893265284572626,-21.59770676286903,100,2,0.75
classification_entropy,GAMETES_Heterogeneity_20atts_1600_Het_0.4_0.2_75_EDM_2_001,"samples=2,q=0.9",1.5995484737603038,-25.983044769834496,100,2,0.9
classification_entropy,GAMETES_Heterogeneity_20atts_1600_Het_0.4_0.2_75_EDM_2_001,"samples=2,q=0.95",1.5995484737603038,-25.983044769834496,100,2,0.95
classification_entropy,GAMETES_Heterogeneity_20atts_1600_Het_0.4_0.2_75_EDM_2_001,"samples=ln_n,q=0.5",1.0488329713853328,-19.771125461138706,100,ln_n,0.5
classification_entropy,GAMETES_Heterogeneity_20atts_1600_Het_0.4_0.2_75_EDM_2_001,"samples=ln_n,q=0.75",0.7893265284572626,-21.59770676286903,100,ln_n,0.75
classification_entropy,GAMETES_Heterogeneity_20atts_1600_Het_0.4_0.2_75_EDM_2_001,"samples=ln_n,q=0.9",1.5995484737603038,-25.983044769834496,100,ln_n,0.9
classification_entropy,GAMETES_Heterogeneity_20atts_1600_Het_0.4_0.2_75_EDM_2_001,"samples=ln_n,q=0.95",1.5995484737603038,-25.983044769834496,100,ln_n,0.95
classification_entropy,GAMETES_Heterogeneity_20atts_1600_Het_0.4_0.2_75_EDM_2_001,"samples=sqrt_n,q=0.5",0.4693381134526331,-5.981232488053923,100,sqrt_n,0.5
classification_entropy,GAMETES_Heterogeneity_20atts_1600_Het_0.4_0.2_75_EDM_2_001,"samples=sqrt_n,q=0.75",1.0773981950084333,-9.383825518674527,100,sqrt_n,0.75
classification_entropy,GAMETES_Heterogeneity_20atts_1600_Het_0.4_0.2_75_EDM_2_001,"samples=sqrt_n,q=0.9",1.0773981950084333,-9.383825518674527,100,sqrt_n,0.9
classification_entropy,GAMETES_Heterogeneity_20atts_1600_Het_0.4_0.2_75_EDM_2_001,"samples=sqrt_n,q=0.95",1.0773981950084333,-9.383825518674527,100,sqrt_n,0.95
classification_entropy,Hill_Valley_with_noise,"samples=0.1n,q=0.5",1.3491737473200094,92.6108690288912,100,0.1n,0.5
classification_entropy,Hill_Valley_with_noise,"samples=0.1n,q=0.75",1.2723690465604398,89.37150973067935,100,0.1n,0.75
classification_entropy,Hill_Valley_with_noise,"samples=0.1n,q=0.9",1.1925892445007247,82.03109625926433,100,0.1n,0.9
classification_entropy,Hill_Valley_with_noise,"samples=0.1n,q=0.95",0.8361111247336239,74.71993206846096,100,0.1n,0.95
classification_entropy,Hill_Valley_with_noise,"samples=10,q=0.5",1.67546962662663,93.3085520375941,100,10,0.5
classification_entropy,Hill_Valley_with_noise,"samples=10,q=0.75",1.486913053134109,89.51374235571711,100,10,0.75
classification_entropy,Hill_Valley_with_noise,"samples=10,q=0.9",0.9687964654458592,80.65664131119377,100,10,0.9
classification_entropy,Hill_Valley_with_noise,"samples=10,q=0.95",1.0093305298408073,74.55392539443014,100,10,0.95
classification_entropy,Hill_Valley_with_noise,"samples=2,q=0.5",1.3013281749819416,93.41726422166829,100,2,0.5
classification_entropy,Hill_Valley_with_noise,"samples=2,q=0.75",1.179550330848389,88.79752640514491,100,2,0.75
classification_entropy,Hill_Valley_with_noise,"samples=2,q=0.9",1.2910964284634896,85.07236255827397,100,2,0.9
classification_entropy,Hill_Valley_with_noise,"samples=2,q=0.95",0.7710229452022321,83.24918346557408,100,2,0.95
classification_entropy,Hill_Valley_with_noise,"samples=ln_n,q=0.5",1.4935819417818186,93.846653675126,100,ln_n,0.5
classification_entropy,Hill_Valley_with_noise,"samples=ln_n,q=0.75",1.2669586909414943,89.50928035942268,100,ln_n,0.75
classification_entropy,Hill_Valley_with_noise,"samples=ln_n,q=0.9",0.7851476611710317,80.79967642312987,100,ln_n,0.9
classification_entropy,Hill_Valley_with_noise,"samples=ln_n,q=0.95",0.9097643798537669,75.22359403174872,100,ln_n,0.95
classification_entropy,Hill_Valley_with_noise,"samples=sqrt_n,q=0.5",1.4154964606013676,94.4511419666153,100,sqrt_n,0.5
classification_entropy,Hill_Valley_with_noise,"samples=sqrt_n,q=0.75",1.2876536837708008,91.05751176186618,100,sqrt_n,0.75
classification_entropy,Hill_Valley_with_noise,"samples=sqrt_n,q=0.9",1.186812257284675,83.59196805325533,100,sqrt_n,0.9
classification_entropy,Hill_Valley_with_noise,"samples=sqrt_n,q=0.95",1.2663197859364261,76.52593492324195,100,sqrt_n,0.95
classification_entropy,Hill_Valley_without_noise,"samples=0.1n,q=0.5",-1.0071245069340484,92.66113759146329,100,0.1n,0.5
classification_entropy,Hill_Valley_without_noise,"samples=0.1n,q=0.75",-1.1616215160812904,89.85979506005157,100,0.1n,0.75
classification_entropy,Hill_Valley_without_noise,"samples=0.1n,q=0.9",-0.930438468428646,84.94329832084068,100,0.1n,0.9
classification_entropy,Hill_Valley_without_noise,"samples=0.1n,q=0.95",-0.9117668395702772,80.35683299178804,100,0.1n,0.95
classification_entropy,Hill_Valley_without_noise,"samples=10,q=0.5",-0.8971009401207652,92.9718662859488,100,10,0.5
classification_entropy,Hill_Valley_without_noise,"samples=10,q=0.75",-1.2703014841820681,89.87770354692597,100,10,0.75
classification_entropy,Hill_Valley_without_noise,"samples=10,q=0.9",-0.8380007830793956,83.60424505497528,100,10,0.9
classification_entropy,Hill_Valley_without_noise,"samples=10,q=0.95",-0.22120284627283882,79.25876784279603,100,10,0.95
classification_entropy,Hill_Valley_without_noise,"samples=2,q=0.5",-1.339931179690429,93.77249128258545,100,2,0.5
classification_entropy,Hill_Valley_without_noise,"samples=2,q=0.75",-0.8511161772119469,90.0238795176655,100,2,0.75
classification_entropy,Hill_Valley_without_noise,"samples=2,q=0.9",-0.3974831316213512,85.9235847096412,100,2,0.9
classification_entropy,Hill_Valley_without_noise,"samples=2,q=0.95",-0.06847013881685626,84.29341756233177,100,2,0.95
classification_entropy,Hill_Valley_without_noise,"samples=ln_n,q=0.5",-0.8963688768385158,93.80840370663813,100,ln_n,0.5
classification_entropy,Hill_Valley_without_noise,"samples=ln_n,q=0.75",-0.6433088835175793,90.35806855643922,100,ln_n,0.75
classification_entropy,Hill_Valley_without_noise,"samples=ln_n,q=0.9",-0.43302222457614614,84.1795616367524,100,ln_n,0.9
classification_entropy,Hill_Valley_without_noise,"samples=ln_n,q=0.95",-0.270052060589443,79.89366740928486,100,ln_n,0.95
classification_entropy,Hill_Valley_without_noise,"samples=sqrt_n,q=0.5",-1.3144540761248324,94.06804188563281,100,sqrt_n,0.5
classification_entropy,Hill_Valley_without_noise,"samples=sqrt_n,q=0.75",-0.9291889721506463,91.41522031761579,100,sqrt_n,0.75
classification_entropy,Hill_Valley_without_noise,"samples=sqrt_n,q=0.9",-0.9103972543606176,87.10612696250622,100,sqrt_n,0.9
classification_entropy,Hill_Valley_without_noise,"samples=sqrt_n,q=0.95",-0.3161665541799863,83.17729498724097,100,sqrt_n,0.95
classification_entropy,adult,"samples=0.1n,q=0.5",-0.0834265573828652,62.04200376110583,100,0.1n,0.5
classification_entropy,adult,"samples=0.1n,q=0.75",-0.11028573345300274,60.1524234425475,100,0.1n,0.75
classification_entropy,adult,"samples=0.1n,q=0.9",-0.08026811825403435,57.65764122406964,100,0.1n,0.9
classification_entropy,adult,"samples=0.1n,q=0.95",-0.0753434296355604,56.4017727797811,100,0.1n,0.95
classification_entropy,adult,"samples=10,q=0.5",-0.08794258126032517,56.88778843543807,100,10,0.5
classification_entropy,adult,"samples=10,q=0.75",-0.10895654427614532,52.95324596317653,100,10,0.75
classification_entropy,adult,"samples=10,q=0.9",-0.18612143207658027,51.54744067544601,100,10,0.9
classification_entropy,adult,"samples=10,q=0.95",-0.17018758234775277,51.07240166814148,100,10,0.95
classification_entropy,adult,"samples=2,q=0.5",-0.062293890609849134,61.743342496826926,100,2,0.5
classification_entropy,adult,"samples=2,q=0.75",-0.0885786878840722,59.97251066190123,100,2,0.75
classification_entropy,adult,"samples=2,q=0.9",-0.12924705542230464,60.40327010673763,100,2,0.9
classification_entropy,adult,"samples=2,q=0.95",-0.1321574260091496,59.51181428078408,100,2,0.95
classification_entropy,adult,"samples=ln_n,q=0.5",-0.13037445636007727,56.64834117403274,100,ln_n,0.5
classification_entropy,adult,"samples=ln_n,q=0.75",-0.1056755928316333,53.18773616703764,100,ln_n,0.75
classification_entropy,adult,"samples=ln_n,q=0.9",-0.18325985848732795,50.727607365811664,100,ln_n,0.9
classification_entropy,adult,"samples=ln_n,q=0.95",-0.14720145379394367,51.18583214712113,100,ln_n,0.95
classification_entropy,adult,"samples=sqrt_n,q=0.5",-0.07847392061329228,64.142575672263,100,sqrt_n,0.5
classification_entropy,adult,"samples=sqrt_n,q=0.75",-0.08292486060411663,64.13921382193442,100,sqrt_n,0.75
classification_entropy,adult,"samples=sqrt_n,q=0.9",-0.08178765927581155,62.80379857009171,100,sqrt_n,0.9
classification_entropy,adult,"samples=sqrt_n,q=0.95",-0.05722492750791508,62.395125556831516,100,sqrt_n,0.95
classification_entropy,agaricus_lepiota,"samples=0.1n,q=0.5",1.0042983495479885,27.221716712162564,100,0.1n,0.5
classification_entropy,agaricus_lepiota,"samples=0.1n,q=0.75",1.1000626018726811,22.747952684258415,100,0.1n,0.75
classification_entropy,agaricus_lepiota,"samples=0.1n,q=0.9",1.1000626018726811,22.747952684258415,100,0.1n,0.9
classification_entropy,agaricus_lepiota,"samples=0.1n,q=0.95",1.1000626018726811,22.747952684258415,100,0.1n,0.95
classification_entropy,agaricus_lepiota,"samples=10,q=0.5",1.0736724372049589,-1.228389444949951,100,10,0.5
classification_entropy,agaricus_lepiota,"samples=10,q=0.75",0.8576656534939331,-3.7306642402183843,100,10,0.75
classification_entropy,agaricus_lepiota,"samples=10,q=0.9",1.0044410582782493,-10.539884743706395,100,10,0.9
classification_entropy,agaricus_lepiota,"samples=10,q=0.95",0.5663799290669624,-16.01455868971793,100,10,0.95
classification_entropy,agaricus_lepiota,"samples=2,q=0.5",0.6197677792837031,16.696997270245674,100,2,0.5
classification_entropy,agaricus_lepiota,"samples=2,q=0.75",0.8378791818547227,14.0734000606612,100,2,0.75
classification_entropy,agaricus_lepiota,"samples=2,q=0.9",0.6429817575460406,4.731574158325753,100,2,0.9
classification_entropy,agaricus_lepiota,"samples=2,q=0.95",0.8549965212116206,3.4121929026387665,100,2,0.95
classification_entropy,agaricus_lepiota,"samples=ln_n,q=0.5",0.8522151742421713,-0.6066120715802259,100,ln_n,0.5
classification_entropy,agaricus_lepiota,"samples=ln_n,q=0.75",0.7515236999169006,-4.50409463148318,100,ln_n,0.75
classification_entropy,agaricus_lepiota,"samples=ln_n,q=0.9",1.0044410582782493,-10.403397027600846,100,ln_n,0.9
classification_entropy,agaricus_lepiota,"samples=ln_n,q=0.95",0.8802196041894472,-16.484683045192618,100,ln_n,0.95
classification_entropy,agaricus_lepiota,"samples=sqrt_n,q=0.5",1.0042983495479885,27.221716712162564,100,sqrt_n,0.5
classification_entropy,agaricus_lepiota,"samples=sqrt_n,q=0.75",1.1000626018726811,22.747952684258415,100,sqrt_n,0.75
classification_entropy,agaricus_lepiota,"samples=sqrt_n,q=0.9",1.1000626018726811,22.747952684258415,100,sqrt_n,0.9
classification_entropy,agaricus_lepiota,"samples=sqrt_n,q=0.95",1.1000626018726811,22.747952684258415,100,sqrt_n,0.95
classification_entropy,allbp,"samples=0.1n,q=0.5",0.029192998931654168,36.03698765382069,100,0.1n,0.5
classification_entropy,allbp,"samples=0.1n,q=0.75",0.021413517140295157,33.24218683510536,100,0.1n,0.75
classification_entropy,allbp,"samples=0.1n,q=0.9",0.06849105849242587,28.91337503930186,100,0.1n,0.9
classification_entropy,allbp,"samples=0.1n,q=0.95",0.0053583847929139505,25.872805980977546,100,0.1n,0.95
classification_entropy,allbp,"samples=10,q=0.5",0.04710385081331814,25.817404313790128,100,10,0.5
classification_entropy,allbp,"samples=10,q=0.75",0.08334513618770689,21.45572287591032,100,10,0.75
classification_entropy,allbp,"samples=10,q=0.9",0.047376782932284645,17.614635126429246,100,10,0.9
classification_entropy,allbp,"samples=10,q=0.95",0.06409040207299155,14.60250349389029,100,10,0.95
classification_entropy,allbp,"samples=2,q=0.5",-0.007599520603690513,37.69895158749446,100,2,0.5
classification_entropy,allbp,"samples=2,q=0.75",0.031954766663189194,36.4028270380173,100,2,0.75
classification_entropy,allbp,"samples=2,q=0.9",0.09288532883777734,31.00763275729121,100,2,0.9
classification_entropy,allbp,"samples=2,q=0.95",0.0680123905645924,29.137553644982667,100,2,0.95
classification_entropy,allbp,"samples=ln_n,q=0.5",0.011987048722889027,27.728674538276934,100,ln_n,0.5
classification_entropy,allbp,"samples=ln_n,q=0.75",0.06445906836571313,23.358748905940693,100,ln_n,0.75
classification_entropy,allbp,"samples=ln_n,q=0.9",0.09680333877291059,19.18876659977323,100,ln_n,0.9
classification_entropy,allbp,"samples=ln_n,q=0.95",0.10115112720461283,14.901666591533703,100,ln_n,0.95
classification_entropy,allbp,"samples=sqrt_n,q=0.5",0.08518676288880034,40.85973714545197,100,sqrt_n,0.5
classification_entropy,allbp,"samples=sqrt_n,q=0.75",0.15167876150593007,39.53038230485336,100,sqrt_n,0.75
classification_entropy,allbp,"samples=sqrt_n,q=0.9",0.11224496204070289,37.952879800469155,100,sqrt_n,0.9
classification_entropy,allbp,"samples=sqrt_n,q=0.95",0.15109558582088178,35.761166774807194,100,sqrt_n,0.95
classification_entropy,allhyper,"samples=0.1n,q=0.5",0.18763446265547268,41.36586504786365,100,0.1n,0.5
classification_entropy,allhyper,"samples=0.1n,q=0.75",0.24422009498404895,36.23852479779657,100,0.1n,0.75
classification_entropy,allhyper,"samples=0.1n,q=0.9",0.1940368618509214,32.07161459066474,100,0.1n,0.9
classification_entropy,allhyper,"samples=0.1n,q=0.95",0.1948420572728149,26.941503271418135,100,0.1n,0.95
classification_entropy,allhyper,"samples=10,q=0.5",0.20696715029890345,32.30769082260004,100,10,0.5
classification_entropy,allhyper,"samples=10,q=0.75",0.23283018593837634,26.427498457397803,100,10,0.75
classification_entropy,allhyper,"samples=10,q=0.9",0.12026942445325095,22.7344917787743,100,10,0.9
classification_entropy,allhyper,"samples=10,q=0.95",0.15093180620057156,18.034383484824787,100,10,0.95
classification_entropy,allhyper,"samples=2,q=0.5",0.18826152088977088,42.190163877465565,100,2,0.5
classification_entropy,allhyper,"samples=2,q=0.75",0.22683209860329678,40.485925003693126,100,2,0.75
classification_entropy,allhyper,"samples=2,q=0.9",0.20876663468481493,35.554780862282,100,2,0.9
classification_entropy,allhyper,"samples=2,q=0.95",0.22491306290643442,33.24383129503077,100,2,0.95
classification_entropy,allhyper,"samples=ln_n,q=0.5",0.1944810303903921,34.80981367873072,100,ln_n,0.5
classification_entropy,allhyper,"samples=ln_n,q=0.75",0.20360288093181356,30.648257565043785,100,ln_n,0.75
classification_entropy,allhyper,"samples=ln_n,q=0.9",0.16210657392430883,24.32621341444147,100,ln_n,0.9
classification_entropy,allhyper,"samples=ln_n,q=0.95",0.14552527374350754,20.24651429781662,100,ln_n,0.95
classification_entropy,allhyper,"samples=sqrt_n,q=0.5",0.1967733804486227,44.20666553156194,100,sqrt_n,0.5
classification_entropy,allhyper,"samples=sqrt_n,q=0.75",0.3016402493526915,42.25961455841186,100,sqrt_n,0.75
classification_entropy,allhyper,"samples=sqrt_n,q=0.9",0.2779148240991125,39.88930080566885,100,sqrt_n,0.9
classification_entropy,allhyper,"samples=sqrt_n,q=0.95",0.2748555839971023,38.104524081687956,100,sqrt_n,0.95
classification_entropy,allhypo,"samples=0.1n,q=0.5",1.9299027993300188,18.385158533163874,100,0.1n,0.5
classification_entropy,allhypo,"samples=0.1n,q=0.75",1.8233275870533305,18.44912787023403,100,0.1n,0.75
classification_entropy,allhypo,"samples=0.1n,q=0.9",1.824734002303724,11.451170845920322,100,0.1n,0.9
classification_entropy,allhypo,"samples=0.1n,q=0.95",1.7791293356732407,9.539055293933762,100,0.1n,0.95
classification_entropy,allhypo,"samples=10,q=0.5",1.8997929680222847,3.7451244740556557,100,10,0.5
classification_entropy,allhypo,"samples=10,q=0.75",1.8577038764326426,2.9473410272828513,100,10,0.75
classification_entropy,allhypo,"samples=10,q=0.9",1.6025429228374577,-2.273866315222828,100,10,0.9
classification_entropy,allhypo,"samples=10,q=0.95",1.7611561105816576,-7.682600272214001,100,10,0.95
classification_entropy,allhypo,"samples=2,q=0.5",1.8041384382127323,20.105457161455004,100,2,0.5
classification_entropy,allhypo,"samples=2,q=0.75",1.9256451732527324,20.951363800926224,100,2,0.75
classification_entropy,allhypo,"samples=2,q=0.9",1.899671183438706,13.561213738557509,100,2,0.9
classification_entropy,allhypo,"samples=2,q=0.95",2.001104156110356,9.28501188313967,100,2,0.95
classification_entropy,allhypo,"samples=ln_n,q=0.5",1.9004540170617645,7.633994671220146,100,ln_n,0.5
classification_entropy,allhypo,"samples=ln_n,q=0.75",1.7894983712335666,9.522838018665475,100,ln_n,0.75
classification_entropy,allhypo,"samples=ln_n,q=0.9",1.676004597492703,3.5300563592142065,100,ln_n,0.9
classification_entropy,allhypo,"samples=ln_n,q=0.95",1.8332973386284812,-2.496784543367303,100,ln_n,0.95
classification_entropy,allhypo,"samples=sqrt_n,q=0.5",1.9110685439845843,24.209549758842808,100,sqrt_n,0.5
classification_entropy,allhypo,"samples=sqrt_n,q=0.75",2.0407915518879935,23.616179991771418,100,sqrt_n,0.75
classification_entropy,allhypo,"samples=sqrt_n,q=0.9",2.079177332861998,22.86564916900781,100,sqrt_n,0.9
classification_entropy,allhypo,"samples=sqrt_n,q=0.95",2.1236070782300995,20.48880619917668,100,sqrt_n,0.95
classification_entropy,allrep,"samples=0.1n,q=0.5",0.7399065205037192,33.420590541500616,100,0.1n,0.5
classification_entropy,allrep,"samples=0.1n,q=0.75",0.6934446091554025,29.525572270784714,100,0.1n,0.75
classification_entropy,allrep,"samples=0.1n,q=0.9",0.5838544965770409,26.720186241027882,100,0.1n,0.9
classification_entropy,allrep,"samples=0.1n,q=0.95",0.6421531589573981,20.831522026176863,100,0.1n,0.95
classification_entropy,allrep,"samples=10,q=0.5",0.7128135672160585,22.951602295174133,100,10,0.5
classification_entropy,allrep,"samples=10,q=0.75",0.5876096051863289,19.770483070322964,100,10,0.75
classification_entropy,allrep,"samples=10,q=0.9",0.5704377154008566,16.054841159250437,100,10,0.9
classification_entropy,allrep,"samples=10,q=0.95",0.5734690907778117,9.900322853990811,100,10,0.95
classification_entropy,allrep,"samples=2,q=0.5",0.7370901174411082,36.063793460759584,100,2,0.5
classification_entropy,allrep,"samples=2,q=0.75",0.7024329901198834,33.121496276307326,100,2,0.75
classification_entropy,allrep,"samples=2,q=0.9",0.7704870009194675,27.640340516810895,100,2,0.9
classification_entropy,allrep,"samples=2,q=0.95",0.7194609917227479,25.42004065173918,100,2,0.95
classification_entropy,allrep,"samples=ln_n,q=0.5",0.6394435341922688,23.69688900472579,100,ln_n,0.5
classification_entropy,allrep,"samples=ln_n,q=0.75",0.5752892105546525,22.105795155571947,100,ln_n,0.75
classification_entropy,allrep,"samples=ln_n,q=0.9",0.524331300918518,16.357114903870723,100,ln_n,0.9
classification_entropy,allrep,"samples=ln_n,q=0.95",0.5332656339265496,11.514729184344963,100,ln_n,0.95
classification_entropy,allrep,"samples=sqrt_n,q=0.5",0.722467899442808,40.31667939733303,100,sqrt_n,0.5
classification_entropy,allrep,"samples=sqrt_n,q=0.75",0.7903802501588175,37.71231097298998,100,sqrt_n,0.75
classification_entropy,allrep,"samples=sqrt_n,q=0.9",0.7751781424795601,36.234927218682486,100,sqrt_n,0.9
classification_entropy,allrep,"samples=sqrt_n,q=0.95",0.7691015197094475,33.02788713549525,100,sqrt_n,0.95
classification_entropy,analcatdata_aids,"samples=0.1n,q=0.5",-2.4288489288489314,42.155920583339935,100,0.1n,0.5
classification_entropy,analcatdata_aids,"samples=0.1n,q=0.75",-2.392080142080144,41.57991229363207,100,0.1n,0.75
classification_entropy,analcatdata_aids,"samples=0.1n,q=0.9",-1.9935064935064972,41.03993490785943,100,0.1n,0.9
classification_entropy,analcatdata_aids,"samples=0.1n,q=0.95",-0.8901653901653872,41.620666100505844,100,0.1n,0.95
classification_entropy,analcatdata_aids,"samples=10,q=0.5",-2.575313575313581,29.762208338645923,100,10,0.5
classification_entropy,analcatdata_aids,"samples=10,q=0.75",-0.913253413253412,29.27959313553371,100,10,0.75
classification_entropy,analcatdata_aids,"samples=10,q=0.9",0.20573870573870612,27.433885162662968,100,10,0.9
classification_entropy,analcatdata_aids,"samples=10,q=0.95",-1.816933066933063,25.04842700600919,100,10,0.95
classification_entropy,analcatdata_aids,"samples=2,q=0.5",-3.0214507714507732,41.4539992338723,100,2,0.5
classification_entropy,analcatdata_aids,"samples=2,q=0.75",-3.1112221112221117,39.87861139409433,100,2,0.75
classification_entropy,analcatdata_aids,"samples=2,q=0.9",-1.8737373737373664,38.751539455391686,100,2,0.9
classification_entropy,analcatdata_aids,"samples=2,q=0.95",-1.5595238095238106,38.3148237566393,100,2,0.95
classification_entropy,analcatdata_aids,"samples=ln_n,q=0.5",-4.158369408369406,37.6284067236343,100,ln_n,0.5
classification_entropy,analcatdata_aids,"samples=ln_n,q=0.75",-4.304834054834056,34.90475890456989,100,ln_n,0.75
classification_entropy,analcatdata_aids,"samples=ln_n,q=0.9",-2.2335997335997337,33.58573522227651,100,ln_n,0.9
classification_entropy,analcatdata_aids,"samples=ln_n,q=0.95",-0.5558608058608083,32.78810567572252,100,ln_n,0.95
classification_entropy,analcatdata_aids,"samples=sqrt_n,q=0.5",-2.2821067821067853,43.31786831550451,100,sqrt_n,0.5
classification_entropy,analcatdata_aids,"samples=sqrt_n,q=0.75",5.551115123125783e-15,40.67056976849614,100,sqrt_n,0.75
classification_entropy,analcatdata_aids,"samples=sqrt_n,q=0.9",-0.39738039738040354,39.016634050880626,100,sqrt_n,0.9
classification_entropy,analcatdata_aids,"samples=sqrt_n,q=0.95",-1.9388666888666917,38.73805616294815,100,sqrt_n,0.95
classification_entropy,analcatdata_asbestos,"samples=0.1n,q=0.5",-1.3235294117647123,22.98124975787394,100,0.1n,0.5
classification_entropy,analcatdata_asbestos,"samples=0.1n,q=0.75",-1.3235294117647123,24.406903741337338,100,0.1n,0.75
classification_entropy,analcatdata_asbestos,"samples=0.1n,q=0.9",-1.8669434280889408,22.780252844174125,100,0.1n,0.9
classification_entropy,analcatdata_asbestos,"samples=0.1n,q=0.95",-1.6120573612833644,20.771413628791695,100,0.1n,0.95
classification_entropy,analcatdata_asbestos,"samples=10,q=0.5",-1.3235294117647123,-4.539992768501655,100,10,0.5
classification_entropy,analcatdata_asbestos,"samples=10,q=0.75",-1.6623376623376651,-1.5273311897106012,100,10,0.75
classification_entropy,analcatdata_asbestos,"samples=10,q=0.9",-1.73362657593375,-3.015730534724348,100,10,0.9
classification_entropy,analcatdata_asbestos,"samples=10,q=0.95",-0.22618880087920124,-4.782958199356912,100,10,0.95
classification_entropy,analcatdata_asbestos,"samples=2,q=0.5",-1.3235294117647123,18.40103177985253,100,2,0.5
classification_entropy,analcatdata_asbestos,"samples=2,q=0.75",-2.457631635650209,22.195452087962686,100,2,0.75
classification_entropy,analcatdata_asbestos,"samples=2,q=0.9",-0.3625524372428357,21.164658634538153,100,2,0.9
classification_entropy,analcatdata_asbestos,"samples=2,q=0.95",-0.36961413199802506,18.03955371324527,100,2,0.95
classification_entropy,analcatdata_asbestos,"samples=ln_n,q=0.5",-1.3235294117647123,12.339228295819943,100,ln_n,0.5
classification_entropy,analcatdata_asbestos,"samples=ln_n,q=0.75",-1.6623376623376651,11.89226358811452,100,ln_n,0.75
classification_entropy,analcatdata_asbestos,"samples=ln_n,q=0.9",-1.7694882890400443,10.843373493975905,100,ln_n,0.9
classification_entropy,analcatdata_asbestos,"samples=ln_n,q=0.95",0.1132474336808742,9.690407762570068,100,ln_n,0.95
classification_entropy,analcatdata_asbestos,"samples=sqrt_n,q=0.5",-1.3235294117647123,21.815913170366358,100,sqrt_n,0.5
classification_entropy,analcatdata_asbestos,"samples=sqrt_n,q=0.75",-1.9209939956844002,24.5374094931617,100,sqrt_n,0.75
classification_entropy,analcatdata_asbestos,"samples=sqrt_n,q=0.9",-2.1393297105371523,22.26688102893891,100,sqrt_n,0.9
classification_entropy,analcatdata_asbestos,"samples=sqrt_n,q=0.95",-1.99227088700773,20.088230736450626,100,sqrt_n,0.95
classification_entropy,analcatdata_authorship,"samples=0.1n,q=0.5",-0.80510850667464,40.25770434424629,100,0.1n,0.5
classification_entropy,analcatdata_authorship,"samples=0.1n,q=0.75",-1.4997867551425403,37.209014561484715,100,0.1n,0.75
classification_entropy,analcatdata_authorship,"samples=0.1n,q=0.9",-1.4060701281087384,35.55292468945807,100,0.1n,0.9
classification_entropy,analcatdata_authorship,"samples=0.1n,q=0.95",-2.1556608807428934,32.71821583898048,100,0.1n,0.95
classification_entropy,analcatdata_authorship,"samples=10,q=0.5",-0.9856511395675838,6.1959890961811706,100,10,0.5
classification_entropy,analcatdata_authorship,"samples=10,q=0.75",-0.9325924817054076,5.387574847166693,100,10,0.75
classification_entropy,analcatdata_authorship,"samples=10,q=0.9",-2.9805721452475673,5.113884175117855,100,10,0.9
classification_entropy,analcatdata_authorship,"samples=10,q=0.95",-2.7418470685318774,2.733151322045957,100,10,0.95
classification_entropy,analcatdata_authorship,"samples=2,q=0.5",-0.5756508134183214,36.61801144725192,100,2,0.5
classification_entropy,analcatdata_authorship,"samples=2,q=0.75",-1.7286956532222342,35.31932126741154,100,2,0.75
classification_entropy,analcatdata_authorship,"samples=2,q=0.9",-2.43667783884276,28.593601370498263,100,2,0.9
classification_entropy,analcatdata_authorship,"samples=2,q=0.95",-1.4373835395893209,26.542736039290343,100,2,0.95
classification_entropy,analcatdata_authorship,"samples=ln_n,q=0.5",-0.8548339472152389,15.522787112828052,100,ln_n,0.5
classification_entropy,analcatdata_authorship,"samples=ln_n,q=0.75",-1.154099830550387,13.207931156146135,100,ln_n,0.75
classification_entropy,analcatdata_authorship,"samples=ln_n,q=0.9",-1.8229308726830151,13.66943482016013,100,ln_n,0.9
classification_entropy,analcatdata_authorship,"samples=ln_n,q=0.95",-2.594839632569712,9.815146227800136,100,ln_n,0.95
classification_entropy,analcatdata_authorship,"samples=sqrt_n,q=0.5",-1.6879858270369696,42.55103907059289,100,sqrt_n,0.5
classification_entropy,analcatdata_authorship,"samples=sqrt_n,q=0.75",-1.9931478236336009,40.95795171934153,100,sqrt_n,0.75
classification_entropy,analcatdata_authorship,"samples=sqrt_n,q=0.9",-1.9266440509340677,40.41304762465039,100,sqrt_n,0.9
classification_entropy,analcatdata_authorship,"samples=sqrt_n,q=0.95",-1.7512482520764705,40.74326839985115,100,sqrt_n,0.95
classification_entropy,analcatdata_bankruptcy,"samples=0.1n,q=0.5",-2.1868686868686926,53.86788352890048,100,0.1n,0.5
classification_entropy,analcatdata_bankruptcy,"samples=0.1n,q=0.75",-2.1035353535353463,50.937227550130785,100,0.1n,0.75
classification_entropy,analcatdata_bankruptcy,"samples=0.1n,q=0.9",-1.8598623598623576,46.78989878552481,100,0.1n,0.9
classification_entropy,analcatdata_bankruptcy,"samples=0.1n,q=0.95",-0.7846320346320379,44.200287051571905,100,0.1n,0.95
classification_entropy,analcatdata_bankruptcy,"samples=10,q=0.5",-2.0265290265290337,35.49495367428665,100,10,0.5
classification_entropy,analcatdata_bankruptcy,"samples=10,q=0.75",-2.356060606060606,30.729190939688483,100,10,0.75
classification_entropy,analcatdata_bankruptcy,"samples=10,q=0.9",-1.3232323232323318,26.024411508282476,100,10,0.9
classification_entropy,analcatdata_bankruptcy,"samples=10,q=0.95",-1.9797979797979814,24.43943291400919,100,10,0.95
classification_entropy,analcatdata_bankruptcy,"samples=2,q=0.5",-0.36163836163836116,51.06475445458497,100,2,0.5
classification_entropy,analcatdata_bankruptcy,"samples=2,q=0.75",-1.5062992562992705,48.605056669572804,100,2,0.75
classification_entropy,analcatdata_bankruptcy,"samples=2,q=0.9",-2.6363358863358943,44.093286835222315,100,2,0.9
classification_entropy,analcatdata_bankruptcy,"samples=2,q=0.95",-2.5934065934065997,42.71995004635792,100,2,0.95
classification_entropy,analcatdata_bankruptcy,"samples=ln_n,q=0.5",-1.5303307803307853,48.96658024050042,100,ln_n,0.5
classification_entropy,analcatdata_bankruptcy,"samples=ln_n,q=0.75",-0.6035631035631039,44.548293509474476,100,ln_n,0.75
classification_entropy,analcatdata_bankruptcy,"samples=ln_n,q=0.9",-0.5328005328005314,39.287266405910486,100,ln_n,0.9
classification_entropy,analcatdata_bankruptcy,"samples=ln_n,q=0.95",-1.1767676767676927,34.941329856584105,100,ln_n,0.95
classification_entropy,analcatdata_bankruptcy,"samples=sqrt_n,q=0.5",-1.4652014652014766,51.3077593722755,100,sqrt_n,0.5
classification_entropy,analcatdata_bankruptcy,"samples=sqrt_n,q=0.75",-1.3938283938283946,45.902353966870095,100,sqrt_n,0.75
classification_entropy,analcatdata_bankruptcy,"samples=sqrt_n,q=0.9",-1.8573371073371037,42.41573448790507,100,sqrt_n,0.9
classification_entropy,analcatdata_bankruptcy,"samples=sqrt_n,q=0.95",-1.8598623598623576,39.34176111595467,100,sqrt_n,0.95
classification_entropy,analcatdata_boxing1,"samples=0.1n,q=0.5",2.8513446748930305,13.656576829624484,100,0.1n,0.5
classification_entropy,analcatdata_boxing1,"samples=0.1n,q=0.75",3.2323230730049,10.881631575210488,100,0.1n,0.75
classification_entropy,analcatdata_boxing1,"samples=0.1n,q=0.9",3.2323230730049,10.881631575210488,100,0.1n,0.9
classification_entropy,analcatdata_boxing1,"samples=0.1n,q=0.95",3.2323230730049,10.881631575210488,100,0.1n,0.95
classification_entropy,analcatdata_boxing1,"samples=10,q=0.5",0.0,-27.54752708667737,100,10,0.5
classification_entropy,analcatdata_boxing1,"samples=10,q=0.75",-1.6667554803174112,-20.89199255121043,100,10,0.75
classification_entropy,analcatdata_boxing1,"samples=10,q=0.9",0.6829184687479117,-24.72013863256739,100,10,0.9
classification_entropy,analcatdata_boxing1,"samples=10,q=0.95",1.7025043078920166,-30.41294642857144,100,10,0.95
classification_entropy,analcatdata_boxing1,"samples=2,q=0.5",2.150729191917028,2.067039106145252,100,2,0.5
classification_entropy,analcatdata_boxing1,"samples=2,q=0.75",0.7396108984457972,2.4498916794704453,100,2,0.75
classification_entropy,analcatdata_boxing1,"samples=2,q=0.9",4.267273948943979,-6.892720306513411,100,2,0.9
classification_entropy,analcatdata_boxing1,"samples=2,q=0.95",4.479513580773325,-6.763292873140303,100,2,0.95
classification_entropy,analcatdata_boxing1,"samples=ln_n,q=0.5",0.7446559939147224,-16.508773108574523,100,ln_n,0.5
classification_entropy,analcatdata_boxing1,"samples=ln_n,q=0.75",-1.182909682909683,-13.094513378977934,100,ln_n,0.75
classification_entropy,analcatdata_boxing1,"samples=ln_n,q=0.9",0.9160525925231755,-18.410731822190165,100,ln_n,0.9
classification_entropy,analcatdata_boxing1,"samples=ln_n,q=0.95",2.7520372562662434,-23.663690476190467,100,ln_n,0.95
classification_entropy,analcatdata_boxing1,"samples=sqrt_n,q=0.5",2.8513446748930305,13.656576829624484,100,sqrt_n,0.5
classification_entropy,analcatdata_boxing1,"samples=sqrt_n,q=0.75",3.2323230730049,10.881631575210488,100,sqrt_n,0.75
classification_entropy,analcatdata_boxing1,"samples=sqrt_n,q=0.9",3.2323230730049,10.881631575210488,100,sqrt_n,0.9
classification_entropy,analcatdata_boxing1,"samples=sqrt_n,q=0.95",3.2323230730049,10.881631575210488,100,sqrt_n,0.95
classification_entropy,analcatdata_boxing2,"samples=0.1n,q=0.5",2.3574874337734864,11.570040093213096,100,0.1n,0.5
classification_entropy,analcatdata_boxing2,"samples=0.1n,q=0.75",2.8580040540447325,9.531942509928509,100,0.1n,0.75
classification_entropy,analcatdata_boxing2,"samples=0.1n,q=0.9",2.8580040540447325,9.531942509928509,100,0.1n,0.9
classification_entropy,analcatdata_boxing2,"samples=0.1n,q=0.95",2.8580040540447325,9.531942509928509,100,0.1n,0.95
classification_entropy,analcatdata_boxing2,"samples=10,q=0.5",1.0907934143185638,-25.435088351965383,100,10,0.5
classification_entropy,analcatdata_boxing2,"samples=10,q=0.75",1.5340779225288648,-24.776541375185758,100,10,0.75
classification_entropy,analcatdata_boxing2,"samples=10,q=0.9",1.6254279447763198,-26.683649181459757,100,10,0.9
classification_entropy,analcatdata_boxing2,"samples=10,q=0.95",2.8058125991626994,-31.67309434919713,100,10,0.95
classification_entropy,analcatdata_boxing2,"samples=2,q=0.5",1.1945348502859165,-1.109222284913458,100,2,0.5
classification_entropy,analcatdata_boxing2,"samples=2,q=0.75",1.4377728322313932,-1.3570822731127974,100,2,0.75
classification_entropy,analcatdata_boxing2,"samples=2,q=0.9",2.732030098518118,-7.11247755346357,100,2,0.9
classification_entropy,analcatdata_boxing2,"samples=2,q=0.95",2.4073791942191223,-7.3616712443069225,100,2,0.95
classification_entropy,analcatdata_boxing2,"samples=ln_n,q=0.5",1.0627603479465952,-18.23201965104939,100,ln_n,0.5
classification_entropy,analcatdata_boxing2,"samples=ln_n,q=0.75",0.9213112411883106,-17.77682495521494,100,ln_n,0.75
classification_entropy,analcatdata_boxing2,"samples=ln_n,q=0.9",1.0271866247658024,-22.50540930400289,100,ln_n,0.9
classification_entropy,analcatdata_boxing2,"samples=ln_n,q=0.95",2.989608224702256,-25.40578324534708,100,ln_n,0.95
classification_entropy,analcatdata_boxing2,"samples=sqrt_n,q=0.5",2.3574874337734864,11.570040093213096,100,sqrt_n,0.5
classification_entropy,analcatdata_boxing2,"samples=sqrt_n,q=0.75",2.8580040540447325,9.531942509928509,100,sqrt_n,0.75
classification_entropy,analcatdata_boxing2,"samples=sqrt_n,q=0.9",2.8580040540447325,9.531942509928509,100,sqrt_n,0.9
classification_entropy,analcatdata_boxing2,"samples=sqrt_n,q=0.95",2.8580040540447325,9.531942509928509,100,sqrt_n,0.95
classification_entropy,analcatdata_creditscore,"samples=0.1n,q=0.5",0.0,35.05263157894737,100,0.1n,0.5
classification_entropy,analcatdata_creditscore,"samples=0.1n,q=0.75",0.985663658633612,33.57933640860335,100,0.1n,0.75
classification_entropy,analcatdata_creditscore,"samples=0.1n,q=0.9",0.43586492689940415,33.157338965153116,100,0.1n,0.9
classification_entropy,analcatdata_creditscore,"samples=0.1n,q=0.95",0.9800569800569647,32.26187961985217,100,0.1n,0.95
classification_entropy,analcatdata_creditscore,"samples=10,q=0.5",0.0,28.358972933918754,100,10,0.5
classification_entropy,analcatdata_creditscore,"samples=10,q=0.75",0.0,26.938087033846493,100,10,0.75
classification_entropy,analcatdata_creditscore,"samples=10,q=0.9",0.0,26.187961985216468,100,10,0.9
classification_entropy,analcatdata_creditscore,"samples=10,q=0.95",0.0,23.86483632523759,100,10,0.95
classification_entropy,analcatdata_creditscore,"samples=2,q=0.5",0.0,39.65153115100317,100,2,0.5
classification_entropy,analcatdata_creditscore,"samples=2,q=0.75",0.0,39.641638414939145,100,2,0.75
classification_entropy,analcatdata_creditscore,"samples=2,q=0.9",0.48589341692789056,34.950091702328685,100,2,0.9
classification_entropy,analcatdata_creditscore,"samples=2,q=0.95",0.97178683385577,34.897460123381315,100,2,0.95
classification_entropy,analcatdata_creditscore,"samples=ln_n,q=0.5",0.0,32.05263157894737,100,ln_n,0.5
classification_entropy,analcatdata_creditscore,"samples=ln_n,q=0.75",0.0,31.210526315789473,100,ln_n,0.75
classification_entropy,analcatdata_creditscore,"samples=ln_n,q=0.9",0.0,29.883843717001056,100,ln_n,0.9
classification_entropy,analcatdata_creditscore,"samples=ln_n,q=0.95",0.9676517607551838,28.247096092925027,100,ln_n,0.95
classification_entropy,analcatdata_creditscore,"samples=sqrt_n,q=0.5",0.0,35.05263157894737,100,sqrt_n,0.5
classification_entropy,analcatdata_creditscore,"samples=sqrt_n,q=0.75",0.985663658633612,33.57933640860335,100,sqrt_n,0.75
classification_entropy,analcatdata_creditscore,"samples=sqrt_n,q=0.9",0.43586492689940415,33.157338965153116,100,sqrt_n,0.9
classification_entropy,analcatdata_creditscore,"samples=sqrt_n,q=0.95",0.9800569800569647,32.26187961985217,100,sqrt_n,0.95
classification_entropy,analcatdata_cyyoung8092,"samples=0.1n,q=0.5",-0.7923799680166377,54.72178883939463,100,0.1n,0.5
classification_entropy,analcatdata_cyyoung8092,"samples=0.1n,q=0.75",-2.5351322285549207,49.30395853559999,100,0.1n,0.75
classification_entropy,analcatdata_cyyoung8092,"samples=0.1n,q=0.9",-1.1086503640167444,44.11468154982845,100,0.1n,0.9
classification_entropy,analcatdata_cyyoung8092,"samples=0.1n,q=0.95",-1.7818072436727728,41.1962712571607,100,0.1n,0.95
classification_entropy,analcatdata_cyyoung8092,"samples=10,q=0.5",-1.6838649518783944,38.26971646893694,100,10,0.5
classification_entropy,analcatdata_cyyoung8092,"samples=10,q=0.75",-1.2111257909586504,30.56448685455484,100,10,0.75
classification_entropy,analcatdata_cyyoung8092,"samples=10,q=0.9",-3.46531576192457,23.34855212936404,100,10,0.9
classification_entropy,analcatdata_cyyoung8092,"samples=10,q=0.95",-2.8934211080309136,19.22569949709171,100,10,0.95
classification_entropy,analcatdata_cyyoung8092,"samples=2,q=0.5",-2.42861355724332,53.85145805937729,100,2,0.5
classification_entropy,analcatdata_cyyoung8092,"samples=2,q=0.75",-2.2398734568597978,48.950685154042596,100,2,0.75
classification_entropy,analcatdata_cyyoung8092,"samples=2,q=0.9",-1.9407521879859613,44.266501944783386,100,2,0.9
classification_entropy,analcatdata_cyyoung8092,"samples=2,q=0.95",-2.1186395945924086,42.33914833982401,100,2,0.95
classification_entropy,analcatdata_cyyoung8092,"samples=ln_n,q=0.5",-1.4137830052147582,46.573239056044955,100,ln_n,0.5
classification_entropy,analcatdata_cyyoung8092,"samples=ln_n,q=0.75",-3.6956702939190733,39.06092770440107,100,ln_n,0.75
classification_entropy,analcatdata_cyyoung8092,"samples=ln_n,q=0.9",-2.2068209584455767,31.624584628999195,100,ln_n,0.9
classification_entropy,analcatdata_cyyoung8092,"samples=ln_n,q=0.95",-2.3213162082666274,28.968567942396255,100,ln_n,0.95
classification_entropy,analcatdata_cyyoung8092,"samples=sqrt_n,q=0.5",-0.7923799680166377,54.72178883939463,100,sqrt_n,0.5
classification_entropy,analcatdata_cyyoung8092,"samples=sqrt_n,q=0.75",-2.5351322285549207,49.30395853559999,100,sqrt_n,0.75
classification_entropy,analcatdata_cyyoung8092,"samples=sqrt_n,q=0.9",-1.1086503640167444,44.11468154982845,100,sqrt_n,0.9
classification_entropy,analcatdata_cyyoung8092,"samples=sqrt_n,q=0.95",-1.7818072436727728,41.1962712571607,100,sqrt_n,0.95
classification_entropy,analcatdata_cyyoung9302,"samples=0.1n,q=0.5",-2.8789798826828306,49.07880762706634,100,0.1n,0.5
classification_entropy,analcatdata_cyyoung9302,"samples=0.1n,q=0.75",-3.2373475080747283,42.245808035400735,100,0.1n,0.75
classification_entropy,analcatdata_cyyoung9302,"samples=0.1n,q=0.9",-3.2352073553506,37.63768508075215,100,0.1n,0.9
classification_entropy,analcatdata_cyyoung9302,"samples=0.1n,q=0.95",-3.1826151238266043,35.87168486739469,100,0.1n,0.95
classification_entropy,analcatdata_cyyoung9302,"samples=10,q=0.5",-2.331143084229692,32.55655226209048,100,10,0.5
classification_entropy,analcatdata_cyyoung9302,"samples=10,q=0.75",-2.8279505093248725,25.975039001560052,100,10,0.75
classification_entropy,analcatdata_cyyoung9302,"samples=10,q=0.9",-2.9355363770844023,17.940717628705137,100,10,0.9
classification_entropy,analcatdata_cyyoung9302,"samples=10,q=0.95",-4.154296216265663,16.331903276131037,100,10,0.95
classification_entropy,analcatdata_cyyoung9302,"samples=2,q=0.5",-2.888609540101783,46.27535101404055,100,2,0.5
classification_entropy,analcatdata_cyyoung9302,"samples=2,q=0.75",-2.543175227848832,43.230312383417186,100,2,0.75
classification_entropy,analcatdata_cyyoung9302,"samples=2,q=0.9",-3.71963463895289,38.015398661161804,100,2,0.9
classification_entropy,analcatdata_cyyoung9302,"samples=2,q=0.95",-3.207134738665063,36.302527495605965,100,2,0.95
classification_entropy,analcatdata_cyyoung9302,"samples=ln_n,q=0.5",-2.9047564771980894,42.17904937705397,100,ln_n,0.5
classification_entropy,analcatdata_cyyoung9302,"samples=ln_n,q=0.75",-3.5923462208625523,35.646777898011266,100,ln_n,0.75
classification_entropy,analcatdata_cyyoung9302,"samples=ln_n,q=0.9",-3.9065929641870225,28.59789391575662,100,ln_n,0.9
classification_entropy,analcatdata_cyyoung9302,"samples=ln_n,q=0.95",-3.883617556647706,27.443687461116205,100,ln_n,0.95
classification_entropy,analcatdata_cyyoung9302,"samples=sqrt_n,q=0.5",-3.1058772100312715,48.367279994259604,100,sqrt_n,0.5
classification_entropy,analcatdata_cyyoung9302,"samples=sqrt_n,q=0.75",-3.061950090668658,41.290583361787014,100,sqrt_n,0.75
classification_entropy,analcatdata_cyyoung9302,"samples=sqrt_n,q=0.9",-3.7298816387423663,36.50454997930963,100,sqrt_n,0.9
classification_entropy,analcatdata_cyyoung9302,"samples=sqrt_n,q=0.95",-3.365215602798055,35.04290171606864,100,sqrt_n,0.95
classification_entropy,analcatdata_dmft,"samples=0.1n,q=0.5",-0.3025300526454708,-9.655461169515211,100,0.1n,0.5
classification_entropy,analcatdata_dmft,"samples=0.1n,q=0.75",-1.680166457953225,-9.174727932285364,100,0.1n,0.75
classification_entropy,analcatdata_dmft,"samples=0.1n,q=0.9",-1.680166457953225,-9.174727932285364,100,0.1n,0.9
classification_entropy,analcatdata_dmft,"samples=0.1n,q=0.95",-1.680166457953225,-9.174727932285364,100,0.1n,0.95
classification_entropy,analcatdata_dmft,"samples=10,q=0.5",-0.2925375210110298,-32.92042172276136,100,10,0.5
classification_entropy,analcatdata_dmft,"samples=10,q=0.75",-1.5937683479778157,-32.20493885899107,100,10,0.75
classification_entropy,analcatdata_dmft,"samples=10,q=0.9",-1.8496773967627846,-35.08086251646611,100,10,0.9
classification_entropy,analcatdata_dmft,"samples=10,q=0.95",-1.7024205207563592,-38.42200725513904,100,10,0.95
classification_entropy,analcatdata_dmft,"samples=2,q=0.5",-0.18779210185265044,-21.653083068784994,100,2,0.5
classification_entropy,analcatdata_dmft,"samples=2,q=0.75",-1.7000730524860743,-20.861033658056584,100,2,0.75
classification_entropy,analcatdata_dmft,"samples=2,q=0.9",-1.608294039325614,-22.536238241191054,100,2,0.9
classification_entropy,analcatdata_dmft,"samples=2,q=0.95",-1.5420841518580586,-22.51774410268722,100,2,0.95
classification_entropy,analcatdata_dmft,"samples=ln_n,q=0.5",-0.17999417112910393,-32.59290852168321,100,ln_n,0.5
classification_entropy,analcatdata_dmft,"samples=ln_n,q=0.75",-1.6023736674229794,-31.166868198307128,100,ln_n,0.75
classification_entropy,analcatdata_dmft,"samples=ln_n,q=0.9",-1.7588912322600903,-34.68281037333006,100,ln_n,0.9
classification_entropy,analcatdata_dmft,"samples=ln_n,q=0.95",-1.46808034123702,-37.11480362537765,100,ln_n,0.95
classification_entropy,analcatdata_dmft,"samples=sqrt_n,q=0.5",-0.3025300526454708,-9.655461169515211,100,sqrt_n,0.5
classification_entropy,analcatdata_dmft,"samples=sqrt_n,q=0.75",-1.680166457953225,-9.174727932285364,100,sqrt_n,0.75
classification_entropy,analcatdata_dmft,"samples=sqrt_n,q=0.9",-1.680166457953225,-9.174727932285364,100,sqrt_n,0.9
classification_entropy,analcatdata_dmft,"samples=sqrt_n,q=0.95",-1.680166457953225,-9.174727932285364,100,sqrt_n,0.95
classification_entropy,analcatdata_fraud,"samples=0.1n,q=0.5",0.0,-15.376518218623481,100,0.1n,0.5
classification_entropy,analcatdata_fraud,"samples=0.1n,q=0.75",-0.1207681207681277,-18.39619478481669,100,0.1n,0.75
classification_entropy,analcatdata_fraud,"samples=0.1n,q=0.9",-0.1207681207681277,-18.39619478481669,100,0.1n,0.9
classification_entropy,analcatdata_fraud,"samples=0.1n,q=0.95",-0.1207681207681277,-18.39619478481669,100,0.1n,0.95
classification_entropy,analcatdata_fraud,"samples=10,q=0.5",0.0,-27.100959947037396,100,10,0.5
classification_entropy,analcatdata_fraud,"samples=10,q=0.75",-1.0322455322455293,-28.860409200199612,100,10,0.75
classification_entropy,analcatdata_fraud,"samples=10,q=0.9",-1.7798312798312788,-31.808633927278006,100,10,0.9
classification_entropy,analcatdata_fraud,"samples=10,q=0.95",-2.049062049062045,-33.01410495093245,100,10,0.95
classification_entropy,analcatdata_fraud,"samples=2,q=0.5",0.0,-19.28331586334322,100,2,0.5
classification_entropy,analcatdata_fraud,"samples=2,q=0.75",-0.032495282495281774,-20.66759981089925,100,2,0.75
classification_entropy,analcatdata_fraud,"samples=2,q=0.9",-0.1288156288156317,-22.659574468085108,100,2,0.9
classification_entropy,analcatdata_fraud,"samples=2,q=0.95",-0.3189310689310665,-22.790455019734157,100,2,0.95
classification_entropy,analcatdata_fraud,"samples=ln_n,q=0.5",0.015873015873013596,-22.091841848682826,100,ln_n,0.5
classification_entropy,analcatdata_fraud,"samples=ln_n,q=0.75",-0.21889221889221933,-24.361690569317695,100,ln_n,0.75
classification_entropy,analcatdata_fraud,"samples=ln_n,q=0.9",-0.15079365079365137,-26.546246453771737,100,ln_n,0.9
classification_entropy,analcatdata_fraud,"samples=ln_n,q=0.95",-0.002164502164503368,-29.24291025734491,100,ln_n,0.95
classification_entropy,analcatdata_fraud,"samples=sqrt_n,q=0.5",0.0,-15.376518218623481,100,sqrt_n,0.5
classification_entropy,analcatdata_fraud,"samples=sqrt_n,q=0.75",-0.1207681207681277,-18.39619478481669,100,sqrt_n,0.75
classification_entropy,analcatdata_fraud,"samples=sqrt_n,q=0.9",-0.1207681207681277,-18.39619478481669,100,sqrt_n,0.9
classification_entropy,analcatdata_fraud,"samples=sqrt_n,q=0.95",-0.1207681207681277,-18.39619478481669,100,sqrt_n,0.95
classification_entropy,analcatdata_germangss,"samples=0.1n,q=0.5",-0.4347815082357209,13.221606596496965,100,0.1n,0.5
classification_entropy,analcatdata_germangss,"samples=0.1n,q=0.75",-1.0371134795715498,12.710388051874709,100,0.1n,0.75
classification_entropy,analcatdata_germangss,"samples=0.1n,q=0.9",-0.8419202669447734,12.28498908691137,100,0.1n,0.9
classification_entropy,analcatdata_germangss,"samples=0.1n,q=0.95",-0.8520318812748007,11.5251405620857,100,0.1n,0.95
classification_entropy,analcatdata_germangss,"samples=10,q=0.5",-0.22439433959769994,-6.487371824598476,100,10,0.5
classification_entropy,analcatdata_germangss,"samples=10,q=0.75",-0.803944841770024,-6.447096691226539,100,10,0.75
classification_entropy,analcatdata_germangss,"samples=10,q=0.9",-1.3385211135623547,-9.474282736389995,100,10,0.9
classification_entropy,analcatdata_germangss,"samples=10,q=0.95",-1.050887748165799,-11.459317638561794,100,10,0.95
classification_entropy,analcatdata_germangss,"samples=2,q=0.5",-0.5446149572152892,5.229912207480098,100,2,0.5
classification_entropy,analcatdata_germangss,"samples=2,q=0.75",-0.6402110414598344,6.0952103468205285,100,2,0.75
classification_entropy,analcatdata_germangss,"samples=2,q=0.9",-1.0488656474271636,2.1367937509261417,100,2,0.9
classification_entropy,analcatdata_germangss,"samples=2,q=0.95",-1.0995859787973572,1.8222359978814273,100,2,0.95
classification_entropy,analcatdata_germangss,"samples=ln_n,q=0.5",-0.5811653440332742,-4.28716891850941,100,ln_n,0.5
classification_entropy,analcatdata_germangss,"samples=ln_n,q=0.75",-0.6021398754392143,-3.9698112854526735,100,ln_n,0.75
classification_entropy,analcatdata_germangss,"samples=ln_n,q=0.9",-0.5727537075712524,-6.831412823422811,100,ln_n,0.9
classification_entropy,analcatdata_germangss,"samples=ln_n,q=0.95",-1.4554629117783602,-8.784901394991874,100,ln_n,0.95
classification_entropy,analcatdata_germangss,"samples=sqrt_n,q=0.5",-0.4398339295395792,13.011417697431016,100,sqrt_n,0.5
classification_entropy,analcatdata_germangss,"samples=sqrt_n,q=0.75",-1.0923909460757941,13.350777037741839,100,sqrt_n,0.75
classification_entropy,analcatdata_germangss,"samples=sqrt_n,q=0.9",-0.8748755823115462,12.819329966372589,100,sqrt_n,0.9
classification_entropy,analcatdata_germangss,"samples=sqrt_n,q=0.95",-1.040291916257932,12.501976880360521,100,sqrt_n,0.95
classification_entropy,analcatdata_happiness,"samples=0.1n,q=0.5",-1.0806970806970821,17.090457325549064,100,0.1n,0.5
classification_entropy,analcatdata_happiness,"samples=0.1n,q=0.75",0.02773152773151988,19.46642266669817,100,0.1n,0.75
classification_entropy,analcatdata_happiness,"samples=0.1n,q=0.9",0.5322270322270284,18.783878300402172,100,0.1n,0.9
classification_entropy,analcatdata_happiness,"samples=0.1n,q=0.95",-0.12494912494912802,18.2460328702568,100,0.1n,0.95
classification_entropy,analcatdata_happiness,"samples=10,q=0.5",-1.2529507529507544,-3.5313501959387206,100,10,0.5
classification_entropy,analcatdata_happiness,"samples=10,q=0.75",-1.1481481481481537,-1.743929359823393,100,10,0.75
classification_entropy,analcatdata_happiness,"samples=10,q=0.9",0.07792207792207961,-4.235952304577428,100,10,0.9
classification_entropy,analcatdata_happiness,"samples=10,q=0.95",0.38840788840788787,-7.772180762852409,100,10,0.95
classification_entropy,analcatdata_happiness,"samples=2,q=0.5",-1.8975468975469034,11.046511627906986,100,2,0.5
classification_entropy,analcatdata_happiness,"samples=2,q=0.75",0.09523809523810933,12.681311751103635,100,2,0.75
classification_entropy,analcatdata_happiness,"samples=2,q=0.9",-0.007881007881010982,9.84626611765161,100,2,0.9
classification_entropy,analcatdata_happiness,"samples=2,q=0.95",0.12391312391312748,8.773454291965999,100,2,0.95
classification_entropy,analcatdata_happiness,"samples=ln_n,q=0.5",-0.6197691197691174,3.297161936560933,100,ln_n,0.5
classification_entropy,analcatdata_happiness,"samples=ln_n,q=0.75",-0.9805749805749803,4.952306402787499,100,ln_n,0.75
classification_entropy,analcatdata_happiness,"samples=ln_n,q=0.9",-0.38883338883339,2.9951550387596946,100,ln_n,0.9
classification_entropy,analcatdata_happiness,"samples=ln_n,q=0.95",0.7515632515632559,0.0,100,ln_n,0.95
classification_entropy,analcatdata_happiness,"samples=sqrt_n,q=0.5",-0.751322751322761,16.278286189683854,100,sqrt_n,0.5
classification_entropy,analcatdata_happiness,"samples=sqrt_n,q=0.75",0.1902356902356961,19.210112835095888,100,sqrt_n,0.75
classification_entropy,analcatdata_happiness,"samples=sqrt_n,q=0.9",0.3639508639508654,18.2235007446454,100,sqrt_n,0.9
classification_entropy,analcatdata_happiness,"samples=sqrt_n,q=0.95",0.25234025234025514,17.12386885644635,100,sqrt_n,0.95
classification_entropy,analcatdata_japansolvent,"samples=0.1n,q=0.5",-6.2571872571872635,66.75912097290379,100,0.1n,0.5
classification_entropy,analcatdata_japansolvent,"samples=0.1n,q=0.75",-7.335581085581095,63.34542351184126,100,0.1n,0.75
classification_entropy,analcatdata_japansolvent,"samples=0.1n,q=0.9",-5.290737040737042,60.40110945167484,100,0.1n,0.9
classification_entropy,analcatdata_japansolvent,"samples=0.1n,q=0.95",-6.158702408702405,58.534243652656286,100,0.1n,0.95
classification_entropy,analcatdata_japansolvent,"samples=10,q=0.5",-5.155733155733156,51.44015361638574,100,10,0.5
classification_entropy,analcatdata_japansolvent,"samples=10,q=0.75",-5.494116994117005,47.16236398549178,100,10,0.75
classification_entropy,analcatdata_japansolvent,"samples=10,q=0.9",-6.384504384504385,42.308512908043525,100,10,0.9
classification_entropy,analcatdata_japansolvent,"samples=10,q=0.95",-6.530386280386269,39.28952421591636,100,10,0.95
classification_entropy,analcatdata_japansolvent,"samples=2,q=0.5",-4.059607059607073,65.31896735651803,100,2,0.5
classification_entropy,analcatdata_japansolvent,"samples=2,q=0.75",-6.168720168720165,62.545338169404744,100,2,0.75
classification_entropy,analcatdata_japansolvent,"samples=2,q=0.9",-4.635142635142636,57.222103691060376,100,2,0.9
classification_entropy,analcatdata_japansolvent,"samples=2,q=0.95",-4.794566544566547,56.25133347557073,100,2,0.95
classification_entropy,analcatdata_japansolvent,"samples=ln_n,q=0.5",-6.266816516816526,61.670578195007465,100,ln_n,0.5
classification_entropy,analcatdata_japansolvent,"samples=ln_n,q=0.75",-6.598595848595845,56.240665671004905,100,ln_n,0.75
classification_entropy,analcatdata_japansolvent,"samples=ln_n,q=0.9",-6.285964035964037,52.773629187113286,100,ln_n,0.9
classification_entropy,analcatdata_japansolvent,"samples=ln_n,q=0.95",-5.29423354423354,50.0533390228291,100,ln_n,0.95
classification_entropy,analcatdata_japansolvent,"samples=sqrt_n,q=0.5",-6.394633144633133,65.7243439300192,100,sqrt_n,0.5
classification_entropy,analcatdata_japansolvent,"samples=sqrt_n,q=0.75",-6.3589743589743675,61.49989332195433,100,sqrt_n,0.75
classification_entropy,analcatdata_japansolvent,"samples=sqrt_n,q=0.9",-4.7073759573759535,57.37145295498186,100,sqrt_n,0.9
classification_entropy,analcatdata_japansolvent,"samples=sqrt_n,q=0.95",-5.069819069819065,55.131213996159595,100,sqrt_n,0.95
classification_entropy,analcatdata_lawsuit,"samples=0.1n,q=0.5",-0.10806492081151808,43.93734490248734,100,0.1n,0.5
classification_entropy,analcatdata_lawsuit,"samples=0.1n,q=0.75",0.009363801816630879,42.358934169278996,100,0.1n,0.75
classification_entropy,analcatdata_lawsuit,"samples=0.1n,q=0.9",-0.04941473620717618,37.81825303564434,100,0.1n,0.9
classification_entropy,analcatdata_lawsuit,"samples=0.1n,q=0.95",-0.006197745783320663,37.80609695152424,100,0.1n,0.95
classification_entropy,analcatdata_lawsuit,"samples=10,q=0.5",0.024707368103599192,34.22805642633228,100,10,0.5
classification_entropy,analcatdata_lawsuit,"samples=10,q=0.75",0.0,24.148061104582847,100,10,0.75
classification_entropy,analcatdata_lawsuit,"samples=10,q=0.9",-0.10873208329744699,24.19201946938079,100,10,0.9
classification_entropy,analcatdata_lawsuit,"samples=10,q=0.95",0.0,26.17042215992741,100,10,0.95
classification_entropy,analcatdata_lawsuit,"samples=2,q=0.5",-0.23051473129164224,40.650043663219925,100,2,0.5
classification_entropy,analcatdata_lawsuit,"samples=2,q=0.75",-0.13996473374941476,40.086206896551715,100,2,0.75
classification_entropy,analcatdata_lawsuit,"samples=2,q=0.9",0.021080010497448454,36.1214202481069,100,2,0.9
classification_entropy,analcatdata_lawsuit,"samples=2,q=0.95",-0.04941473620717618,34.43686633341805,100,2,0.95
classification_entropy,analcatdata_lawsuit,"samples=ln_n,q=0.5",-0.15530830003637197,39.62005483744613,100,ln_n,0.5
classification_entropy,analcatdata_lawsuit,"samples=ln_n,q=0.75",-0.08402471519385335,27.67332549941246,100,ln_n,0.75
classification_entropy,analcatdata_lawsuit,"samples=ln_n,q=0.9",-0.02470736810358254,31.629455542499024,100,ln_n,0.9
classification_entropy,analcatdata_lawsuit,"samples=ln_n,q=0.95",0.0,31.831473698040412,100,ln_n,0.95
classification_entropy,analcatdata_lawsuit,"samples=sqrt_n,q=0.5",-0.17403590366964483,44.259404388714735,100,sqrt_n,0.5
classification_entropy,analcatdata_lawsuit,"samples=sqrt_n,q=0.75",-0.04941473620717618,41.253774218541835,100,sqrt_n,0.75
classification_entropy,analcatdata_lawsuit,"samples=sqrt_n,q=0.9",0.0,38.51595969671623,100,sqrt_n,0.9
classification_entropy,analcatdata_lawsuit,"samples=sqrt_n,q=0.95",-0.006197745783320663,41.47727272727272,100,sqrt_n,0.95
classification_entropy,ann_thyroid,"samples=0.1n,q=0.5",0.49683676628888285,4.638475386937174,100,0.1n,0.5
classification_entropy,ann_thyroid,"samples=0.1n,q=0.75",0.44221846241496165,9.000858561268267,100,0.1n,0.75
classification_entropy,ann_thyroid,"samples=0.1n,q=0.9",0.36286253377986744,9.786086509361303,100,0.1n,0.9
classification_entropy,ann_thyroid,"samples=0.1n,q=0.95",0.3417752366925597,10.153481061423236,100,0.1n,0.95
classification_entropy,ann_thyroid,"samples=10,q=0.5",0.5727492961448644,-11.257165752326937,100,10,0.5
classification_entropy,ann_thyroid,"samples=10,q=0.75",0.4189754038598559,-8.802318627258154,100,10,0.75
classification_entropy,ann_thyroid,"samples=10,q=0.9",0.340864356347903,-3.0913316256348966,100,10,0.9
classification_entropy,ann_thyroid,"samples=10,q=0.95",0.32422864348468083,-3.0036235012400714,100,10,0.95
classification_entropy,ann_thyroid,"samples=2,q=0.5",0.4878029106963111,7.64369488056405,100,2,0.5
classification_entropy,ann_thyroid,"samples=2,q=0.75",0.5185840701805611,8.87139026720497,100,2,0.75
classification_entropy,ann_thyroid,"samples=2,q=0.9",0.5016239952790991,4.711936868479777,100,2,0.9
classification_entropy,ann_thyroid,"samples=2,q=0.95",0.495845208961998,-1.39162072113036,100,2,0.95
classification_entropy,ann_thyroid,"samples=ln_n,q=0.5",0.5037559811296222,-6.18200869056057,100,ln_n,0.5
classification_entropy,ann_thyroid,"samples=ln_n,q=0.75",0.40854121205975424,0.5331957997193215,100,ln_n,0.75
classification_entropy,ann_thyroid,"samples=ln_n,q=0.9",0.32726996204630043,1.118678541711604,100,ln_n,0.9
classification_entropy,ann_thyroid,"samples=ln_n,q=0.95",0.332365944264279,-0.6487783884299381,100,ln_n,0.95
classification_entropy,ann_thyroid,"samples=sqrt_n,q=0.5",0.5139802905989699,15.479675798946047,100,sqrt_n,0.5
classification_entropy,ann_thyroid,"samples=sqrt_n,q=0.75",0.5961230873472556,12.764080411228473,100,sqrt_n,0.75
classification_entropy,ann_thyroid,"samples=sqrt_n,q=0.9",0.5250856912579593,15.126814385651333,100,sqrt_n,0.9
classification_entropy,ann_thyroid,"samples=sqrt_n,q=0.95",0.5231593819429003,15.603903031474958,100,sqrt_n,0.95
classification_entropy,appendicitis,"samples=0.1n,q=0.5",-4.473426285114601,59.21090240218568,100,0.1n,0.5
classification_entropy,appendicitis,"samples=0.1n,q=0.75",-4.267092695664132,51.67666175430825,100,0.1n,0.75
classification_entropy,appendicitis,"samples=0.1n,q=0.9",-3.773370915652008,46.228531786058355,100,0.1n,0.9
classification_entropy,appendicitis,"samples=0.1n,q=0.95",-3.4239503882360967,44.17254327829861,100,0.1n,0.95
classification_entropy,appendicitis,"samples=10,q=0.5",-3.951015254586693,45.30065689742294,100,10,0.5
classification_entropy,appendicitis,"samples=10,q=0.75",-3.9253327104709745,36.5990826929762,100,10,0.75
classification_entropy,appendicitis,"samples=10,q=0.9",-3.297808012093728,30.21141105829259,100,10,0.9
classification_entropy,appendicitis,"samples=10,q=0.95",-3.364375042946477,26.71217653920258,100,10,0.95
classification_entropy,appendicitis,"samples=2,q=0.5",-4.0374401797212744,57.690708601401425,100,2,0.5
classification_entropy,appendicitis,"samples=2,q=0.75",-4.176352837067132,52.74556786794997,100,2,0.75
classification_entropy,appendicitis,"samples=2,q=0.9",-3.7824847110561444,48.57223335690871,100,2,0.9
classification_entropy,appendicitis,"samples=2,q=0.95",-3.5552635195492286,46.478057602477165,100,2,0.95
classification_entropy,appendicitis,"samples=ln_n,q=0.5",-4.1593560689182745,53.21019224456012,100,ln_n,0.5
classification_entropy,appendicitis,"samples=ln_n,q=0.75",-3.8408661444375714,44.43228731219854,100,ln_n,0.75
classification_entropy,appendicitis,"samples=ln_n,q=0.9",-4.082577475434624,38.688165926781195,100,ln_n,0.9
classification_entropy,appendicitis,"samples=ln_n,q=0.95",-3.506149934721364,35.65083704716285,100,ln_n,0.95
classification_entropy,appendicitis,"samples=sqrt_n,q=0.5",-4.108865853141319,58.82077005613362,100,sqrt_n,0.5
classification_entropy,appendicitis,"samples=sqrt_n,q=0.75",-3.618558029272323,51.882728240551074,100,sqrt_n,0.75
classification_entropy,appendicitis,"samples=sqrt_n,q=0.9",-3.711945522010468,45.88825757785605,100,sqrt_n,0.9
classification_entropy,appendicitis,"samples=sqrt_n,q=0.95",-3.3848261526832903,43.41015879394374,100,sqrt_n,0.95
classification_entropy,backache,"samples=0.1n,q=0.5",3.1202323726716052,43.01801007803341,100,0.1n,0.5
classification_entropy,backache,"samples=0.1n,q=0.75",3.7262948162555984,44.86500025486883,100,0.1n,0.75
classification_entropy,backache,"samples=0.1n,q=0.9",3.6238929771298833,41.95973207917285,100,0.1n,0.9
classification_entropy,backache,"samples=0.1n,q=0.95",3.384286054954122,40.58799824196994,100,0.1n,0.95
classification_entropy,backache,"samples=10,q=0.5",2.5755825915842747,29.58604829436566,100,10,0.5
classification_entropy,backache,"samples=10,q=0.75",3.2992009428398084,28.107920824964808,100,10,0.75
classification_entropy,backache,"samples=10,q=0.9",2.4343709663894044,25.104817844831466,100,10,0.9
classification_entropy,backache,"samples=10,q=0.95",2.9746613239052477,22.8669472458221,100,10,0.95
classification_entropy,backache,"samples=2,q=0.5",3.090496122311409,40.135632904520264,100,2,0.5
classification_entropy,backache,"samples=2,q=0.75",3.7457165050030437,41.905702865607175,100,2,0.75
classification_entropy,backache,"samples=2,q=0.9",3.8307343262505897,38.442153390993454,100,2,0.9
classification_entropy,backache,"samples=2,q=0.95",3.425216346229576,37.500955578977255,100,2,0.95
classification_entropy,backache,"samples=ln_n,q=0.5",2.819297017669115,34.45817098146593,100,ln_n,0.5
classification_entropy,backache,"samples=ln_n,q=0.75",3.5697017476111483,34.325776622062875,100,ln_n,0.75
classification_entropy,backache,"samples=ln_n,q=0.9",3.6645700769019687,31.748930077825378,100,ln_n,0.9
classification_entropy,backache,"samples=ln_n,q=0.95",2.9109206066085025,29.966327592676585,100,ln_n,0.95
classification_entropy,backache,"samples=sqrt_n,q=0.5",3.2438997717527727,43.66314157593237,100,sqrt_n,0.5
classification_entropy,backache,"samples=sqrt_n,q=0.75",3.5885840040816963,43.78358301236934,100,sqrt_n,0.75
classification_entropy,backache,"samples=sqrt_n,q=0.9",3.599556187405967,41.88936930615303,100,sqrt_n,0.9
classification_entropy,backache,"samples=sqrt_n,q=0.95",3.484128352255783,40.56600797339908,100,sqrt_n,0.95
classification_entropy,balance_scale,"samples=0.1n,q=0.5",0.6200489705557255,-2.569886146531808,100,0.1n,0.5
classification_entropy,balance_scale,"samples=0.1n,q=0.75",1.520392867550735,-5.464256368118326,100,0.1n,0.75
classification_entropy,balance_scale,"samples=0.1n,q=0.9",1.520392867550735,-5.464256368118326,100,0.1n,0.9
classification_entropy,balance_scale,"samples=0.1n,q=0.95",1.520392867550735,-5.464256368118326,100,0.1n,0.95
classification_entropy,balance_scale,"samples=10,q=0.5",-0.5066709540465952,-17.591453855468586,100,10,0.5
classification_entropy,balance_scale,"samples=10,q=0.75",0.8287316690868851,-20.33689400164338,100,10,0.75
classification_entropy,balance_scale,"samples=10,q=0.9",2.8229702881274967,-33.94948192866629,100,10,0.9
classification_entropy,balance_scale,"samples=10,q=0.95",2.0400660647314437,-41.932184495865684,100,10,0.95
classification_entropy,balance_scale,"samples=2,q=0.5",0.7536892308733834,-12.65927053150543,100,2,0.5
classification_entropy,balance_scale,"samples=2,q=0.75",1.388119666633325,-14.441503840653514,100,2,0.75
classification_entropy,balance_scale,"samples=2,q=0.9",2.7884408903754263,-26.427104722792606,100,2,0.9
classification_entropy,balance_scale,"samples=2,q=0.95",2.2119513578197636,-27.80167098937686,100,2,0.95
classification_entropy,balance_scale,"samples=ln_n,q=0.5",-0.5066709540465952,-17.591453855468586,100,ln_n,0.5
classification_entropy,balance_scale,"samples=ln_n,q=0.75",0.8287316690868851,-20.33689400164338,100,ln_n,0.75
classification_entropy,balance_scale,"samples=ln_n,q=0.9",2.8229702881274967,-33.94948192866629,100,ln_n,0.9
classification_entropy,balance_scale,"samples=ln_n,q=0.95",2.0400660647314437,-41.932184495865684,100,ln_n,0.95
classification_entropy,balance_scale,"samples=sqrt_n,q=0.5",0.6200489705557255,-2.569886146531808,100,sqrt_n,0.5
classification_entropy,balance_scale,"samples=sqrt_n,q=0.75",1.520392867550735,-5.464256368118326,100,sqrt_n,0.75
classification_entropy,balance_scale,"samples=sqrt_n,q=0.9",1.520392867550735,-5.464256368118326,100,sqrt_n,0.9
classification_entropy,balance_scale,"samples=sqrt_n,q=0.95",1.520392867550735,-5.464256368118326,100,sqrt_n,0.95
classification_entropy,biomed,"samples=0.1n,q=0.5",1.1661582739558196,58.28426093898827,100,0.1n,0.5
classification_entropy,biomed,"samples=0.1n,q=0.75",1.6108270291852411,53.51874611627027,100,0.1n,0.75
classification_entropy,biomed,"samples=0.1n,q=0.9",1.7725259842149677,49.11197675954047,100,0.1n,0.9
classification_entropy,biomed,"samples=0.1n,q=0.95",1.289179677810992,46.418196223425326,100,0.1n,0.95
classification_entropy,biomed,"samples=10,q=0.5",0.857599718208063,48.185910705278346,100,10,0.5
classification_entropy,biomed,"samples=10,q=0.75",0.8147673609993134,43.16570194951271,100,10,0.75
classification_entropy,biomed,"samples=10,q=0.9",1.3253956022796498,37.92875546943392,100,10,0.9
classification_entropy,biomed,"samples=10,q=0.95",0.7717147084396914,33.14179529953554,100,10,0.95
classification_entropy,biomed,"samples=2,q=0.5",1.8178862631971882,58.79675112561424,100,2,0.5
classification_entropy,biomed,"samples=2,q=0.75",1.3739841771627737,55.39593731058467,100,2,0.75
classification_entropy,biomed,"samples=2,q=0.9",1.4734733489628948,50.30040934900303,100,2,0.9
classification_entropy,biomed,"samples=2,q=0.95",1.854815307003005,49.433339393376855,100,2,0.95
classification_entropy,biomed,"samples=ln_n,q=0.5",1.7455220451714604,55.0330793754498,100,ln_n,0.5
classification_entropy,biomed,"samples=ln_n,q=0.75",1.292019100010694,49.25184187873497,100,ln_n,0.75
classification_entropy,biomed,"samples=ln_n,q=0.9",1.7027140002177588,44.48002641135688,100,ln_n,0.9
classification_entropy,biomed,"samples=ln_n,q=0.95",1.7740746657273099,41.00092433645847,100,ln_n,0.95
classification_entropy,biomed,"samples=sqrt_n,q=0.5",1.5856473062717868,59.45612295492536,100,sqrt_n,0.5
classification_entropy,biomed,"samples=sqrt_n,q=0.75",1.8638518686805494,55.63187182379029,100,sqrt_n,0.75
classification_entropy,biomed,"samples=sqrt_n,q=0.9",1.722004715328368,51.60514686768911,100,sqrt_n,0.9
classification_entropy,biomed,"samples=sqrt_n,q=0.95",1.5249577001830272,48.46709705735482,100,sqrt_n,0.95
classification_entropy,breast_cancer,"samples=0.1n,q=0.5",-0.07716123170767863,11.166309191013145,100,0.1n,0.5
classification_entropy,breast_cancer,"samples=0.1n,q=0.75",-0.5893050038711101,9.326997147165773,100,0.1n,0.75
classification_entropy,breast_cancer,"samples=0.1n,q=0.9",-0.5893050038711101,9.326997147165773,100,0.1n,0.9
classification_entropy,breast_cancer,"samples=0.1n,q=0.95",-0.5893050038711101,9.326997147165773,100,0.1n,0.95
classification_entropy,breast_cancer,"samples=10,q=0.5",-0.45985125896997325,-12.52685404498687,100,10,0.5
classification_entropy,breast_cancer,"samples=10,q=0.75",-0.7214133763141228,-13.934029793243386,100,10,0.75
classification_entropy,breast_cancer,"samples=10,q=0.9",-0.6983559057199551,-16.2998478628166,100,10,0.9
classification_entropy,breast_cancer,"samples=10,q=0.95",-1.086980284505057,-18.32639035579874,100,10,0.95
classification_entropy,breast_cancer,"samples=2,q=0.5",-0.3667839041743337,-0.23642573811234469,100,2,0.5
classification_entropy,breast_cancer,"samples=2,q=0.75",-0.44872215859094733,-0.823378188309476,100,2,0.75
classification_entropy,breast_cancer,"samples=2,q=0.9",-1.2989708776427855,-4.149731761891495,100,2,0.9
classification_entropy,breast_cancer,"samples=2,q=0.95",-1.3263829709042718,-4.302166520299355,100,2,0.95
classification_entropy,breast_cancer,"samples=ln_n,q=0.5",-0.39110060687975734,-11.598575936595878,100,ln_n,0.5
classification_entropy,breast_cancer,"samples=ln_n,q=0.75",-0.7569381215819515,-12.037278387145323,100,ln_n,0.75
classification_entropy,breast_cancer,"samples=ln_n,q=0.9",-0.8079873727670328,-15.342048467393344,100,ln_n,0.9
classification_entropy,breast_cancer,"samples=ln_n,q=0.95",-1.0959014521531363,-17.390871982828816,100,ln_n,0.95
classification_entropy,breast_cancer,"samples=sqrt_n,q=0.5",-0.07716123170767863,11.166309191013145,100,sqrt_n,0.5
classification_entropy,breast_cancer,"samples=sqrt_n,q=0.75",-0.5893050038711101,9.326997147165773,100,sqrt_n,0.75
classification_entropy,breast_cancer,"samples=sqrt_n,q=0.9",-0.5893050038711101,9.326997147165773,100,sqrt_n,0.9
classification_entropy,breast_cancer,"samples=sqrt_n,q=0.95",-0.5893050038711101,9.326997147165773,100,sqrt_n,0.95
classification_entropy,bupa,"samples=0.1n,q=0.5",1.4842324082774916,50.115347631074144,100,0.1n,0.5
classification_entropy,bupa,"samples=0.1n,q=0.75",1.1271337607551724,46.58006129990438,100,0.1n,0.75
classification_entropy,bupa,"samples=0.1n,q=0.9",1.599809833635213,43.032634108456705,100,0.1n,0.9
classification_entropy,bupa,"samples=0.1n,q=0.95",1.0462010976220737,41.49308710632418,100,0.1n,0.95
classification_entropy,bupa,"samples=10,q=0.5",1.5993478960149188,29.999425003108882,100,10,0.5
classification_entropy,bupa,"samples=10,q=0.75",1.4869463873524558,23.24007836153065,100,10,0.75
classification_entropy,bupa,"samples=10,q=0.9",1.1852511347052952,17.49345475459928,100,10,0.9
classification_entropy,bupa,"samples=10,q=0.95",1.23155081588327,13.610141918441965,100,10,0.95
classification_entropy,bupa,"samples=2,q=0.5",2.3432134776423585,47.33369628823687,100,2,0.5
classification_entropy,bupa,"samples=2,q=0.75",1.5546502794555273,44.39116332836464,100,2,0.75
classification_entropy,bupa,"samples=2,q=0.9",1.523270896007145,38.32371084503531,100,2,0.9
classification_entropy,bupa,"samples=2,q=0.95",1.514280881193153,37.19231817508723,100,2,0.95
classification_entropy,bupa,"samples=ln_n,q=0.5",1.519064581306978,36.86919554978695,100,ln_n,0.5
classification_entropy,bupa,"samples=ln_n,q=0.75",1.5677634779318328,30.108936318986128,100,ln_n,0.75
classification_entropy,bupa,"samples=ln_n,q=0.9",1.6031477117529613,24.580384600613094,100,ln_n,0.9
classification_entropy,bupa,"samples=ln_n,q=0.95",1.2061493802259404,21.334836539483803,100,ln_n,0.95
classification_entropy,bupa,"samples=sqrt_n,q=0.5",1.9521152268079989,52.16138214209104,100,sqrt_n,0.5
classification_entropy,bupa,"samples=sqrt_n,q=0.75",1.2239438533884428,48.76657947631368,100,sqrt_n,0.75
classification_entropy,bupa,"samples=sqrt_n,q=0.9",1.7937178399357045,47.26142961695817,100,sqrt_n,0.9
classification_entropy,bupa,"samples=sqrt_n,q=0.95",1.623791985612394,46.98570057892772,100,sqrt_n,0.95
classification_entropy,calendarDOW,"samples=0.1n,q=0.5",0.6053114862387798,37.038287735861886,100,0.1n,0.5
classification_entropy,calendarDOW,"samples=0.1n,q=0.75",0.28735117841711677,35.42024283734402,100,0.1n,0.75
classification_entropy,calendarDOW,"samples=0.1n,q=0.9",0.23218492853942507,34.314204329855954,100,0.1n,0.9
classification_entropy,calendarDOW,"samples=0.1n,q=0.95",-0.17040611913888282,33.72895997529935,100,0.1n,0.95
classification_entropy,calendarDOW,"samples=10,q=0.5",0.2191624489922328,13.490703857874086,100,10,0.5
classification_entropy,calendarDOW,"samples=10,q=0.75",0.7024800648822993,8.4827327917116,100,10,0.75
classification_entropy,calendarDOW,"samples=10,q=0.9",0.5926819497840907,5.892229420152756,100,10,0.9
classification_entropy,calendarDOW,"samples=10,q=0.95",0.3925889247153924,4.702578907626576,100,10,0.95
classification_entropy,calendarDOW,"samples=2,q=0.5",0.28785084400985705,28.187392553007378,100,2,0.5
classification_entropy,calendarDOW,"samples=2,q=0.75",0.3776415869911176,26.517420768475436,100,2,0.75
classification_entropy,calendarDOW,"samples=2,q=0.9",0.19317026319570219,24.706192693737737,100,2,0.9
classification_entropy,calendarDOW,"samples=2,q=0.95",0.047079878205702475,23.797940479483394,100,2,0.95
classification_entropy,calendarDOW,"samples=ln_n,q=0.5",0.5104378321019287,17.95062633292183,100,ln_n,0.5
classification_entropy,calendarDOW,"samples=ln_n,q=0.75",0.2549833636567578,12.809975316800209,100,ln_n,0.75
classification_entropy,calendarDOW,"samples=ln_n,q=0.9",0.639128619622592,10.208596344644082,100,ln_n,0.9
classification_entropy,calendarDOW,"samples=ln_n,q=0.95",0.34543537490699383,9.22809408917799,100,ln_n,0.95
classification_entropy,calendarDOW,"samples=sqrt_n,q=0.5",0.23724410761943315,37.71091518221239,100,sqrt_n,0.5
classification_entropy,calendarDOW,"samples=sqrt_n,q=0.75",0.23767912527468682,35.97842701141114,100,sqrt_n,0.75
classification_entropy,calendarDOW,"samples=sqrt_n,q=0.9",0.25045057335826293,35.87493281413083,100,sqrt_n,0.9
classification_entropy,calendarDOW,"samples=sqrt_n,q=0.95",0.23767912527468682,35.657683812015705,100,sqrt_n,0.95
classification_entropy,car_evaluation,"samples=0.1n,q=0.5",1.0799728903501393,-8.612894822927908,100,0.1n,0.5
classification_entropy,car_evaluation,"samples=0.1n,q=0.75",1.0345598368346198,-23.146560186149898,100,0.1n,0.75
classification_entropy,car_evaluation,"samples=0.1n,q=0.9",1.0345598368346198,-23.146560186149898,100,0.1n,0.9
classification_entropy,car_evaluation,"samples=0.1n,q=0.95",1.0345598368346198,-23.146560186149898,100,0.1n,0.95
classification_entropy,car_evaluation,"samples=10,q=0.5",0.07040923278622824,-22.414938663253782,100,10,0.5
classification_entropy,car_evaluation,"samples=10,q=0.75",0.28525527343298274,-32.32471186424259,100,10,0.75
classification_entropy,car_evaluation,"samples=10,q=0.9",3.003860184434526,-70.4844512569534,100,10,0.9
classification_entropy,car_evaluation,"samples=10,q=0.95",2.2578356227271,-93.40665179526984,100,10,0.95
classification_entropy,car_evaluation,"samples=2,q=0.5",-0.16312945166640502,-17.749027105353697,100,2,0.5
classification_entropy,car_evaluation,"samples=2,q=0.75",0.8389409571073314,-28.815526812991465,100,2,0.75
classification_entropy,car_evaluation,"samples=2,q=0.9",2.322193941894135,-67.64794118377166,100,2,0.9
classification_entropy,car_evaluation,"samples=2,q=0.95",1.7810655068560666,-68.78450514549687,100,2,0.95
classification_entropy,car_evaluation,"samples=ln_n,q=0.5",0.07040923278622824,-22.414938663253782,100,ln_n,0.5
classification_entropy,car_evaluation,"samples=ln_n,q=0.75",0.28525527343298274,-32.32471186424259,100,ln_n,0.75
classification_entropy,car_evaluation,"samples=ln_n,q=0.9",3.003860184434526,-70.4844512569534,100,ln_n,0.9
classification_entropy,car_evaluation,"samples=ln_n,q=0.95",2.2578356227271,-93.40665179526984,100,ln_n,0.95
classification_entropy,car_evaluation,"samples=sqrt_n,q=0.5",1.0799728903501393,-8.612894822927908,100,sqrt_n,0.5
classification_entropy,car_evaluation,"samples=sqrt_n,q=0.75",1.0345598368346198,-23.146560186149898,100,sqrt_n,0.75
classification_entropy,car_evaluation,"samples=sqrt_n,q=0.9",1.0345598368346198,-23.146560186149898,100,sqrt_n,0.9
classification_entropy,car_evaluation,"samples=sqrt_n,q=0.95",1.0345598368346198,-23.146560186149898,100,sqrt_n,0.95
classification_entropy,cars,"samples=0.1n,q=0.5",5.894074929354121,45.48867000116812,100,0.1n,0.5
classification_entropy,cars,"samples=0.1n,q=0.75",5.590799645766764,39.97684165020189,100,0.1n,0.75
classification_entropy,cars,"samples=0.1n,q=0.9",5.051746716039296,37.21015206999974,100,0.1n,0.9
classification_entropy,cars,"samples=0.1n,q=0.95",5.221148872476967,34.76030766442659,100,0.1n,0.95
classification_entropy,cars,"samples=10,q=0.5",5.446565757888644,25.061380187811473,100,10,0.5
classification_entropy,cars,"samples=10,q=0.75",4.114524926666164,21.71046208607494,100,10,0.75
classification_entropy,cars,"samples=10,q=0.9",4.102256965676382,17.538507352681776,100,10,0.9
classification_entropy,cars,"samples=10,q=0.95",4.512725256879058,14.044782820660089,100,10,0.95
classification_entropy,cars,"samples=2,q=0.5",5.400427896274995,42.935070663211235,100,2,0.5
classification_entropy,cars,"samples=2,q=0.75",4.87556373520242,38.89681578193961,100,2,0.75
classification_entropy,cars,"samples=2,q=0.9",5.559856545690445,34.76592310174543,100,2,0.9
classification_entropy,cars,"samples=2,q=0.95",5.8132565849428826,34.0117563710854,100,2,0.95
classification_entropy,cars,"samples=ln_n,q=0.5",5.6087399498168935,33.623257518092785,100,ln_n,0.5
classification_entropy,cars,"samples=ln_n,q=0.75",4.852401804144868,30.14890251746773,100,ln_n,0.75
classification_entropy,cars,"samples=ln_n,q=0.9",4.419212825962132,25.253945043973573,100,ln_n,0.9
classification_entropy,cars,"samples=ln_n,q=0.95",5.311743809474551,19.781246616732282,100,ln_n,0.95
classification_entropy,cars,"samples=sqrt_n,q=0.5",6.083098536085374,46.49870857335128,100,sqrt_n,0.5
classification_entropy,cars,"samples=sqrt_n,q=0.75",5.88006942811719,41.441231528116674,100,sqrt_n,0.75
classification_entropy,cars,"samples=sqrt_n,q=0.9",5.701520971617813,39.87341541913889,100,sqrt_n,0.9
classification_entropy,cars,"samples=sqrt_n,q=0.95",5.793356736994459,37.19128701549668,100,sqrt_n,0.95
classification_entropy,chess,"samples=0.1n,q=0.5",0.09383366149547934,-38.61788617886177,100,0.1n,0.5
classification_entropy,chess,"samples=0.1n,q=0.75",0.43789040373493626,-76.83903058852698,100,0.1n,0.75
classification_entropy,chess,"samples=0.1n,q=0.9",0.43789040373493626,-76.83903058852698,100,0.1n,0.9
classification_entropy,chess,"samples=0.1n,q=0.95",0.43789040373493626,-76.83903058852698,100,0.1n,0.95
classification_entropy,chess,"samples=10,q=0.5",0.09391968368743231,-41.199621092320754,100,10,0.5
classification_entropy,chess,"samples=10,q=0.75",0.5006426285380228,-80.57952276230418,100,10,0.75
classification_entropy,chess,"samples=10,q=0.9",0.5319633722461137,-82.15082542046792,100,10,0.9
classification_entropy,chess,"samples=10,q=0.95",0.5319633722461137,-82.15082542046792,100,10,0.95
classification_entropy,chess,"samples=2,q=0.5",0.09391968368743231,-41.199621092320754,100,2,0.5
classification_entropy,chess,"samples=2,q=0.75",0.5006426285380228,-80.57952276230418,100,2,0.75
classification_entropy,chess,"samples=2,q=0.9",0.5319633722461137,-82.15082542046792,100,2,0.9
classification_entropy,chess,"samples=2,q=0.95",0.5319633722461137,-82.15082542046792,100,2,0.95
classification_entropy,chess,"samples=ln_n,q=0.5",0.09391968368743231,-41.199621092320754,100,ln_n,0.5
classification_entropy,chess,"samples=ln_n,q=0.75",0.5006426285380228,-80.57952276230418,100,ln_n,0.75
classification_entropy,chess,"samples=ln_n,q=0.9",0.5319633722461137,-82.15082542046792,100,ln_n,0.9
classification_entropy,chess,"samples=ln_n,q=0.95",0.5319633722461137,-82.15082542046792,100,ln_n,0.95
classification_entropy,chess,"samples=sqrt_n,q=0.5",0.09383366149547934,-38.61788617886177,100,sqrt_n,0.5
classification_entropy,chess,"samples=sqrt_n,q=0.75",0.43789040373493626,-76.83903058852698,100,sqrt_n,0.75
classification_entropy,chess,"samples=sqrt_n,q=0.9",0.43789040373493626,-76.83903058852698,100,sqrt_n,0.9
classification_entropy,chess,"samples=sqrt_n,q=0.95",0.43789040373493626,-76.83903058852698,100,sqrt_n,0.95
classification_entropy,churn,"samples=0.1n,q=0.5",0.2602837217167753,67.38159016755816,100,0.1n,0.5
classification_entropy,churn,"samples=0.1n,q=0.75",0.21239304789389957,63.03155124715869,100,0.1n,0.75
classification_entropy,churn,"samples=0.1n,q=0.9",0.2837933113095825,58.70765695989634,100,0.1n,0.9
classification_entropy,churn,"samples=0.1n,q=0.95",0.21084060577428732,55.24648297097799,100,0.1n,0.95
classification_entropy,churn,"samples=10,q=0.5",0.1759060744563834,66.41275368079465,100,10,0.5
classification_entropy,churn,"samples=10,q=0.75",0.028774468326370206,61.99223622395528,100,10,0.75
classification_entropy,churn,"samples=10,q=0.9",0.18953484199604742,57.62310648276099,100,10,0.9
classification_entropy,churn,"samples=10,q=0.95",0.15943235025747127,54.53301997000604,100,10,0.95
classification_entropy,churn,"samples=2,q=0.5",0.20593844475482181,69.53772665082695,100,2,0.5
classification_entropy,churn,"samples=2,q=0.75",0.31160767339427076,66.79057655336587,100,2,0.75
classification_entropy,churn,"samples=2,q=0.9",0.36918430134622593,64.48843478188503,100,2,0.9
classification_entropy,churn,"samples=2,q=0.95",0.5479022837263259,62.8786225134272,100,2,0.95
classification_entropy,churn,"samples=ln_n,q=0.5",0.2531328686744494,66.38522405133136,100,ln_n,0.5
classification_entropy,churn,"samples=ln_n,q=0.75",0.20867874676778198,61.88702760770485,100,ln_n,0.75
classification_entropy,churn,"samples=ln_n,q=0.9",0.16940872143113572,57.68203979130975,100,ln_n,0.9
classification_entropy,churn,"samples=ln_n,q=0.95",0.10062960971670698,54.77484235269894,100,ln_n,0.95
classification_entropy,churn,"samples=sqrt_n,q=0.5",0.2746468843877137,70.2070401825396,100,sqrt_n,0.5
classification_entropy,churn,"samples=sqrt_n,q=0.75",0.41678310100958793,67.71601257868798,100,sqrt_n,0.75
classification_entropy,churn,"samples=sqrt_n,q=0.9",0.34101245317970097,65.2963542383524,100,sqrt_n,0.9
classification_entropy,churn,"samples=sqrt_n,q=0.95",0.4438720449213118,63.36652823977448,100,sqrt_n,0.95
classification_entropy,clean1,"samples=0.1n,q=0.5",1.2352535233014772,-80.72230228394254,100,0.1n,0.5
classification_entropy,clean1,"samples=0.1n,q=0.75",1.7619594994931653,-52.199222673479184,100,0.1n,0.75
classification_entropy,clean1,"samples=0.1n,q=0.9",0.6870483939817207,-37.14310668588148,100,0.1n,0.9
classification_entropy,clean1,"samples=0.1n,q=0.95",1.5503749831374258,-31.590899165902442,100,0.1n,0.95
classification_entropy,clean1,"samples=10,q=0.5",2.5150306999465633,-95.39979911786543,100,10,0.5
classification_entropy,clean1,"samples=10,q=0.75",0.06239623920145099,-55.5657452290493,100,10,0.75
classification_entropy,clean1,"samples=10,q=0.9",0.10543007195188969,-34.39626184549543,100,10,0.9
classification_entropy,clean1,"samples=10,q=0.95",0.3365430931415392,-38.1453338573737,100,10,0.95
classification_entropy,clean1,"samples=2,q=0.5",2.480340862875663,-53.06388925280581,100,2,0.5
classification_entropy,clean1,"samples=2,q=0.75",1.229917767443267,-35.483645574042534,100,2,0.75
classification_entropy,clean1,"samples=2,q=0.9",1.2814605609224705,-44.18708240534522,100,2,0.9
classification_entropy,clean1,"samples=2,q=0.95",1.513799850672115,-52.28088562819336,100,2,0.95
classification_entropy,clean1,"samples=ln_n,q=0.5",1.944015946127714,-78.74448665880605,100,ln_n,0.5
classification_entropy,clean1,"samples=ln_n,q=0.75",0.6206895612467012,-54.24516354425958,100,ln_n,0.75
classification_entropy,clean1,"samples=ln_n,q=0.9",0.5619627246249648,-31.614480981702254,100,ln_n,0.9
classification_entropy,clean1,"samples=ln_n,q=0.95",0.42125016658284276,-26.73435521201799,100,ln_n,0.95
classification_entropy,clean1,"samples=sqrt_n,q=0.5",2.4502714393120852,-62.8215205904188,100,sqrt_n,0.5
classification_entropy,clean1,"samples=sqrt_n,q=0.75",1.8622368935629574,-38.16323856936984,100,sqrt_n,0.75
classification_entropy,clean1,"samples=sqrt_n,q=0.9",0.956358201019164,-20.837591161186076,100,sqrt_n,0.9
classification_entropy,clean1,"samples=sqrt_n,q=0.95",0.6317520143232835,-25.410716625180143,100,sqrt_n,0.95
classification_entropy,cloud,"samples=0.1n,q=0.5",-1.4567721892679575,52.64998235693257,100,0.1n,0.5
classification_entropy,cloud,"samples=0.1n,q=0.75",-0.07588151085597683,47.36255692250451,100,0.1n,0.75
classification_entropy,cloud,"samples=0.1n,q=0.9",-0.34984235132456964,42.91313449468572,100,0.1n,0.9
classification_entropy,cloud,"samples=0.1n,q=0.95",0.16208368650863225,40.698472602193156,100,0.1n,0.95
classification_entropy,cloud,"samples=10,q=0.5",-1.4908028832780584,34.71333868413375,100,10,0.5
classification_entropy,cloud,"samples=10,q=0.75",-0.42808897762064146,28.370530652688323,100,10,0.75
classification_entropy,cloud,"samples=10,q=0.9",-0.1759157434498726,22.328930802737865,100,10,0.9
classification_entropy,cloud,"samples=10,q=0.95",-0.7071192377433477,18.510834485938226,100,10,0.95
classification_entropy,cloud,"samples=2,q=0.5",-0.4782652412522542,50.70693099738743,100,2,0.5
classification_entropy,cloud,"samples=2,q=0.75",-0.9966024151176034,47.460421903224585,100,2,0.75
classification_entropy,cloud,"samples=2,q=0.9",-0.7205091685611204,41.73805643628207,100,2,0.9
classification_entropy,cloud,"samples=2,q=0.95",-1.7193793460027196,39.983860520223885,100,2,0.95
classification_entropy,cloud,"samples=ln_n,q=0.5",-1.997831233220848,43.48678143252383,100,ln_n,0.5
classification_entropy,cloud,"samples=ln_n,q=0.75",-0.6796391792572076,37.64261219379365,100,ln_n,0.75
classification_entropy,cloud,"samples=ln_n,q=0.9",-0.21987832376939576,31.374848008683323,100,ln_n,0.9
classification_entropy,cloud,"samples=ln_n,q=0.95",-0.8046611877780746,28.94233904971874,100,ln_n,0.95
classification_entropy,cloud,"samples=sqrt_n,q=0.5",-1.1082814774564214,53.59268500199637,100,sqrt_n,0.5
classification_entropy,cloud,"samples=sqrt_n,q=0.75",-0.6712402669185352,48.47903028754658,100,sqrt_n,0.75
classification_entropy,cloud,"samples=sqrt_n,q=0.9",-0.3022813702721949,43.59319204515502,100,sqrt_n,0.9
classification_entropy,cloud,"samples=sqrt_n,q=0.95",-0.7024858991144051,41.050825981082674,100,sqrt_n,0.95
classification_entropy,coil2000,"samples=0.1n,q=0.5",0.05024697316234339,31.643592162686787,100,0.1n,0.5
classification_entropy,coil2000,"samples=0.1n,q=0.75",0.027648049555323295,30.718567000359055,100,0.1n,0.75
classification_entropy,coil2000,"samples=0.1n,q=0.9",0.02849834164514453,30.6129588117455,100,0.1n,0.9
classification_entropy,coil2000,"samples=0.1n,q=0.95",-0.0267652326077783,30.5033766392683,100,0.1n,0.95
classification_entropy,coil2000,"samples=10,q=0.5",0.046792132124012786,0.34546066073219417,100,10,0.5
classification_entropy,coil2000,"samples=10,q=0.75",0.05504485709157958,-2.0063890570901965,100,10,0.75
classification_entropy,coil2000,"samples=10,q=0.9",0.04282757468486165,-5.843629112328919,100,10,0.9
classification_entropy,coil2000,"samples=10,q=0.95",0.002519899316300034,-8.082394419783924,100,10,0.95
classification_entropy,coil2000,"samples=2,q=0.5",0.0718591586614914,20.154728790027946,100,2,0.5
classification_entropy,coil2000,"samples=2,q=0.75",0.020483187778780332,19.498183121999844,100,2,0.75
classification_entropy,coil2000,"samples=2,q=0.9",-0.01030580369299483,15.058148281728078,100,2,0.9
classification_entropy,coil2000,"samples=2,q=0.95",-0.0006064918708581502,14.980414571557061,100,2,0.95
classification_entropy,coil2000,"samples=ln_n,q=0.5",0.051876972089404116,0.05415382536947955,100,ln_n,0.5
classification_entropy,coil2000,"samples=ln_n,q=0.75",0.014591982351730426,-1.473541963099212,100,ln_n,0.75
classification_entropy,coil2000,"samples=ln_n,q=0.9",0.03690367982541187,-5.57591036754701,100,ln_n,0.9
classification_entropy,coil2000,"samples=ln_n,q=0.95",0.01202008271386501,-8.35447097520925,100,ln_n,0.95
classification_entropy,coil2000,"samples=sqrt_n,q=0.5",0.051111581643775716,31.966996115825502,100,sqrt_n,0.5
classification_entropy,coil2000,"samples=sqrt_n,q=0.75",0.03913555520655976,30.882966744649025,100,sqrt_n,0.75
classification_entropy,coil2000,"samples=sqrt_n,q=0.9",0.03913555520655976,30.882966744649025,100,sqrt_n,0.9
classification_entropy,coil2000,"samples=sqrt_n,q=0.95",0.03913555520655976,30.882966744649025,100,sqrt_n,0.95
classification_entropy,collins,"samples=0.1n,q=0.5",-2.444755350567479,53.84016632183677,100,0.1n,0.5
classification_entropy,collins,"samples=0.1n,q=0.75",-3.055613446726746,50.89438161621437,100,0.1n,0.75
classification_entropy,collins,"samples=0.1n,q=0.9",-1.3697738972102746,44.60307735572384,100,0.1n,0.9
classification_entropy,collins,"samples=0.1n,q=0.95",-1.1105577889609364,39.485868670027926,100,0.1n,0.95
classification_entropy,collins,"samples=10,q=0.5",-3.235672320262423,49.36524516401181,100,10,0.5
classification_entropy,collins,"samples=10,q=0.75",-3.6415786923390425,47.58702770021896,100,10,0.75
classification_entropy,collins,"samples=10,q=0.9",-0.35787119828731284,40.823674748408095,100,10,0.9
classification_entropy,collins,"samples=10,q=0.95",2.2222006375068384,32.71950264146395,100,10,0.95
classification_entropy,collins,"samples=2,q=0.5",-2.685777062118838,56.17329208766045,100,2,0.5
classification_entropy,collins,"samples=2,q=0.75",-2.9629268973448863,54.30016270614466,100,2,0.75
classification_entropy,collins,"samples=2,q=0.9",-0.6694193873496734,50.159190888455896,100,2,0.9
classification_entropy,collins,"samples=2,q=0.95",-0.44451925822071026,46.341622642267446,100,2,0.95
classification_entropy,collins,"samples=ln_n,q=0.5",-2.7027840904588816,52.73436715344596,100,ln_n,0.5
classification_entropy,collins,"samples=ln_n,q=0.75",-3.7193825999144616,50.98778699556074,100,ln_n,0.75
classification_entropy,collins,"samples=ln_n,q=0.9",-1.1662719338091765,42.656127593756906,100,ln_n,0.9
classification_entropy,collins,"samples=ln_n,q=0.95",1.2429122606626597,36.87202458670632,100,ln_n,0.95
classification_entropy,collins,"samples=sqrt_n,q=0.5",-1.9927726936750156,55.84587108048933,100,sqrt_n,0.5
classification_entropy,collins,"samples=sqrt_n,q=0.75",-2.2482053478024957,55.17495932346383,100,sqrt_n,0.75
classification_entropy,collins,"samples=sqrt_n,q=0.9",-1.9253130504190141,47.88281140148244,100,sqrt_n,0.9
classification_entropy,collins,"samples=sqrt_n,q=0.95",-0.9884304445722747,42.820842456260166,100,sqrt_n,0.95
classification_entropy,confidence,"samples=0.1n,q=0.5",1.8272108843537416,43.280969398344936,100,0.1n,0.5
classification_entropy,confidence,"samples=0.1n,q=0.75",1.8201814058956989,38.25028327847623,100,0.1n,0.75
classification_entropy,confidence,"samples=0.1n,q=0.9",2.6260770975056635,31.994567326348466,100,0.1n,0.9
classification_entropy,confidence,"samples=0.1n,q=0.95",2.517006802721089,30.676782990858307,100,0.1n,0.95
classification_entropy,confidence,"samples=10,q=0.5",2.0705215419501153,29.06728573878044,100,10,0.5
classification_entropy,confidence,"samples=10,q=0.75",2.7156462585034014,22.558139534883725,100,10,0.75
classification_entropy,confidence,"samples=10,q=0.9",3.222222222222215,14.327146171693744,100,10,0.9
classification_entropy,confidence,"samples=10,q=0.95",3.581859410430832,11.143523920653447,100,10,0.95
classification_entropy,confidence,"samples=2,q=0.5",1.2585034013605445,42.18470190071551,100,2,0.5
classification_entropy,confidence,"samples=2,q=0.75",2.2648526077097495,38.19205381391751,100,2,0.75
classification_entropy,confidence,"samples=2,q=0.9",1.7886621315192752,33.100662389113,100,2,0.9
classification_entropy,confidence,"samples=2,q=0.95",1.8909297052154217,30.518371278934087,100,2,0.95
classification_entropy,confidence,"samples=ln_n,q=0.5",1.1337868480725655,38.84050319914088,100,ln_n,0.5
classification_entropy,confidence,"samples=ln_n,q=0.75",1.4374149659863888,32.9262879641159,100,ln_n,0.75
classification_entropy,confidence,"samples=ln_n,q=0.9",3.04988662131519,25.796370278502632,100,ln_n,0.9
classification_entropy,confidence,"samples=ln_n,q=0.95",3.139909297052151,22.558727488173098,100,ln_n,0.95
classification_entropy,confidence,"samples=sqrt_n,q=0.5",2.3353741496598523,43.32168744042159,100,sqrt_n,0.5
classification_entropy,confidence,"samples=sqrt_n,q=0.75",1.9172335600906976,35.94354215003868,100,sqrt_n,0.75
classification_entropy,confidence,"samples=sqrt_n,q=0.9",2.523582766439908,30.986995875860693,100,sqrt_n,0.9
classification_entropy,confidence,"samples=sqrt_n,q=0.95",3.2646258503401357,29.58866899495537,100,sqrt_n,0.95
classification_entropy,corral,"samples=0.1n,q=0.5",0.0,-34.03141361256545,100,0.1n,0.5
classification_entropy,corral,"samples=0.1n,q=0.75",0.012731205842647642,-32.46073298429317,100,0.1n,0.75
classification_entropy,corral,"samples=0.1n,q=0.9",0.012731205842647642,-32.46073298429317,100,0.1n,0.9
classification_entropy,corral,"samples=0.1n,q=0.95",0.012731205842647642,-32.46073298429317,100,0.1n,0.95
classification_entropy,corral,"samples=10,q=0.5",0.0,-34.03141361256545,100,10,0.5
classification_entropy,corral,"samples=10,q=0.75",0.012731205842647642,-32.46073298429317,100,10,0.75
classification_entropy,corral,"samples=10,q=0.9",0.012731205842647642,-32.46073298429317,100,10,0.9
classification_entropy,corral,"samples=10,q=0.95",0.012731205842647642,-32.46073298429317,100,10,0.95
classification_entropy,corral,"samples=2,q=0.5",0.0,-34.03141361256545,100,2,0.5
classification_entropy,corral,"samples=2,q=0.75",0.012731205842647642,-32.46073298429317,100,2,0.75
classification_entropy,corral,"samples=2,q=0.9",0.012731205842647642,-32.46073298429317,100,2,0.9
classification_entropy,corral,"samples=2,q=0.95",0.012731205842647642,-32.46073298429317,100,2,0.95
classification_entropy,corral,"samples=ln_n,q=0.5",0.0,-34.03141361256545,100,ln_n,0.5
classification_entropy,corral,"samples=ln_n,q=0.75",0.012731205842647642,-32.46073298429317,100,ln_n,0.75
classification_entropy,corral,"samples=ln_n,q=0.9",0.012731205842647642,-32.46073298429317,100,ln_n,0.9
classification_entropy,corral,"samples=ln_n,q=0.95",0.012731205842647642,-32.46073298429317,100,ln_n,0.95
classification_entropy,corral,"samples=sqrt_n,q=0.5",0.0,-34.03141361256545,100,sqrt_n,0.5
classification_entropy,corral,"samples=sqrt_n,q=0.75",0.012731205842647642,-32.46073298429317,100,sqrt_n,0.75
classification_entropy,corral,"samples=sqrt_n,q=0.9",0.012731205842647642,-32.46073298429317,100,sqrt_n,0.9
classification_entropy,corral,"samples=sqrt_n,q=0.95",0.012731205842647642,-32.46073298429317,100,sqrt_n,0.95
classification_entropy,dermatology,"samples=0.1n,q=0.5",0.5722785003767328,26.033665631639145,100,0.1n,0.5
classification_entropy,dermatology,"samples=0.1n,q=0.75",0.5539139726788267,22.582234728065746,100,0.1n,0.75
classification_entropy,dermatology,"samples=0.1n,q=0.9",0.7310574247779533,20.730511521490435,100,0.1n,0.9
classification_entropy,dermatology,"samples=0.1n,q=0.95",0.7134441285867488,19.063957586075098,100,0.1n,0.95
classification_entropy,dermatology,"samples=10,q=0.5",0.1793532584131119,6.537547425553153,100,10,0.5
classification_entropy,dermatology,"samples=10,q=0.75",0.47510802759991866,5.0800884498267305,100,10,0.75
classification_entropy,dermatology,"samples=10,q=0.9",1.0967199528248095,-3.8725494331826926,100,10,0.9
classification_entropy,dermatology,"samples=10,q=0.95",1.549034580476305,-16.07934963214318,100,10,0.95
classification_entropy,dermatology,"samples=2,q=0.5",0.219631148408167,15.967642520207853,100,2,0.5
classification_entropy,dermatology,"samples=2,q=0.75",0.7323741349166635,14.983666531533396,100,2,0.75
classification_entropy,dermatology,"samples=2,q=0.9",1.2002917877119545,3.3842765754016737,100,2,0.9
classification_entropy,dermatology,"samples=2,q=0.95",1.486645631909994,2.75683186933266,100,2,0.95
classification_entropy,dermatology,"samples=ln_n,q=0.5",0.294657465417103,8.69136453319788,100,ln_n,0.5
classification_entropy,dermatology,"samples=ln_n,q=0.75",0.5888126954228357,6.25806731178728,100,ln_n,0.75
classification_entropy,dermatology,"samples=ln_n,q=0.9",0.7362688250082072,-2.2956930932634734,100,ln_n,0.9
classification_entropy,dermatology,"samples=ln_n,q=0.95",1.6090336735972932,-12.938262502657395,100,ln_n,0.95
classification_entropy,dermatology,"samples=sqrt_n,q=0.5",0.26909602611294714,26.712286558643626,100,sqrt_n,0.5
classification_entropy,dermatology,"samples=sqrt_n,q=0.75",0.9755504523761616,22.53208839734068,100,sqrt_n,0.75
classification_entropy,dermatology,"samples=sqrt_n,q=0.9",0.9755504523761616,21.26169655167809,100,sqrt_n,0.9
classification_entropy,dermatology,"samples=sqrt_n,q=0.95",0.9755504523761616,20.91273737868858,100,sqrt_n,0.95
classification_entropy,dis,"samples=0.1n,q=0.5",0.2988167244798112,46.02973722321709,100,0.1n,0.5
classification_entropy,dis,"samples=0.1n,q=0.75",0.26693799470104973,44.7441383723267,100,0.1n,0.75
classification_entropy,dis,"samples=0.1n,q=0.9",0.22662906568398644,40.39536529247512,100,0.1n,0.9
classification_entropy,dis,"samples=0.1n,q=0.95",0.2197438081212033,38.68320130379817,100,0.1n,0.95
classification_entropy,dis,"samples=10,q=0.5",0.329307745915558,40.34697361316684,100,10,0.5
classification_entropy,dis,"samples=10,q=0.75",0.2947759505243175,38.0598656416354,100,10,0.75
classification_entropy,dis,"samples=10,q=0.9",0.24844607964868426,33.68150363396215,100,10,0.9
classification_entropy,dis,"samples=10,q=0.95",0.2430842110324405,30.386173976319462,100,10,0.95
classification_entropy,dis,"samples=2,q=0.5",0.3022764395865907,48.07666306581167,100,2,0.5
classification_entropy,dis,"samples=2,q=0.75",0.2962425558952486,46.24947245862339,100,2,0.75
classification_entropy,dis,"samples=2,q=0.9",0.29132812174627043,43.060426667218614,100,2,0.9
classification_entropy,dis,"samples=2,q=0.95",0.2923235514274425,40.80662467739777,100,2,0.95
classification_entropy,dis,"samples=ln_n,q=0.5",0.31281244272079456,40.71956590627498,100,ln_n,0.5
classification_entropy,dis,"samples=ln_n,q=0.75",0.30175106448912525,37.753246875766706,100,ln_n,0.75
classification_entropy,dis,"samples=ln_n,q=0.9",0.20690483211578958,35.09184569938422,100,ln_n,0.9
classification_entropy,dis,"samples=ln_n,q=0.95",0.19295808869794207,31.907188517190516,100,ln_n,0.95
classification_entropy,dis,"samples=sqrt_n,q=0.5",0.27285343470300205,50.43435877644245,100,sqrt_n,0.5
classification_entropy,dis,"samples=sqrt_n,q=0.75",0.28775696154820785,49.6140579232375,100,sqrt_n,0.75
classification_entropy,dis,"samples=sqrt_n,q=0.9",0.23828414466681158,48.349670951059146,100,sqrt_n,0.9
classification_entropy,dis,"samples=sqrt_n,q=0.95",0.25401059237187273,47.90168792593143,100,sqrt_n,0.95
classification_entropy,dna,"samples=0.1n,q=0.5",0.26188213022296236,-27.803136843023715,100,0.1n,0.5
classification_entropy,dna,"samples=0.1n,q=0.75",1.0948441733277026,-39.583055421219754,100,0.1n,0.75
classification_entropy,dna,"samples=0.1n,q=0.9",1.0948441733277026,-39.583055421219754,100,0.1n,0.9
classification_entropy,dna,"samples=0.1n,q=0.95",1.0948441733277026,-39.583055421219754,100,0.1n,0.95
classification_entropy,dna,"samples=10,q=0.5",0.26188213022296236,-27.803136843023715,100,10,0.5
classification_entropy,dna,"samples=10,q=0.75",1.0948441733277026,-39.583055421219754,100,10,0.75
classification_entropy,dna,"samples=10,q=0.9",1.0948441733277026,-39.583055421219754,100,10,0.9
classification_entropy,dna,"samples=10,q=0.95",1.0948441733277026,-39.583055421219754,100,10,0.95
classification_entropy,dna,"samples=2,q=0.5",0.26188213022296236,-27.803136843023715,100,2,0.5
classification_entropy,dna,"samples=2,q=0.75",1.0948441733277026,-39.583055421219754,100,2,0.75
classification_entropy,dna,"samples=2,q=0.9",1.0948441733277026,-39.583055421219754,100,2,0.9
classification_entropy,dna,"samples=2,q=0.95",1.0948441733277026,-39.583055421219754,100,2,0.95
classification_entropy,dna,"samples=ln_n,q=0.5",0.26188213022296236,-27.803136843023715,100,ln_n,0.5
classification_entropy,dna,"samples=ln_n,q=0.75",1.0948441733277026,-39.583055421219754,100,ln_n,0.75
classification_entropy,dna,"samples=ln_n,q=0.9",1.0948441733277026,-39.583055421219754,100,ln_n,0.9
classification_entropy,dna,"samples=ln_n,q=0.95",1.0948441733277026,-39.583055421219754,100,ln_n,0.95
classification_entropy,dna,"samples=sqrt_n,q=0.5",0.26188213022296236,-27.803136843023715,100,sqrt_n,0.5
classification_entropy,dna,"samples=sqrt_n,q=0.75",1.0948441733277026,-39.583055421219754,100,sqrt_n,0.75
classification_entropy,dna,"samples=sqrt_n,q=0.9",1.0948441733277026,-39.583055421219754,100,sqrt_n,0.9
classification_entropy,dna,"samples=sqrt_n,q=0.95",1.0948441733277026,-39.583055421219754,100,sqrt_n,0.95
classification_entropy,ecoli,"samples=0.1n,q=0.5",-0.36517310702737227,42.36596513537815,100,0.1n,0.5
classification_entropy,ecoli,"samples=0.1n,q=0.75",-0.2950617831921687,38.67396961658615,100,0.1n,0.75
classification_entropy,ecoli,"samples=0.1n,q=0.9",-0.41939700870793906,35.343006111241536,100,0.1n,0.9
classification_entropy,ecoli,"samples=0.1n,q=0.95",-0.24674322207812738,32.1566628754757,100,0.1n,0.95
classification_entropy,ecoli,"samples=10,q=0.5",-0.2801100932187772,24.606004473762738,100,10,0.5
classification_entropy,ecoli,"samples=10,q=0.75",-0.5639660359170295,20.033699668765607,100,10,0.75
classification_entropy,ecoli,"samples=10,q=0.9",-1.0312178138433548,15.488243740835046,100,10,0.9
classification_entropy,ecoli,"samples=10,q=0.95",-0.5650233324562548,11.86711313547279,100,10,0.95
classification_entropy,ecoli,"samples=2,q=0.5",-0.0406231536011159,42.366441858890354,100,2,0.5
classification_entropy,ecoli,"samples=2,q=0.75",-0.5161310503055239,39.337795734281,100,2,0.75
classification_entropy,ecoli,"samples=2,q=0.9",-0.5441697473067331,34.23710601719198,100,2,0.9
classification_entropy,ecoli,"samples=2,q=0.95",-0.6210516802452104,32.68470452941848,100,2,0.95
classification_entropy,ecoli,"samples=ln_n,q=0.5",0.06868391324560963,31.45661245438326,100,ln_n,0.5
classification_entropy,ecoli,"samples=ln_n,q=0.75",-0.5485037293392503,27.04057829742247,100,ln_n,0.75
classification_entropy,ecoli,"samples=ln_n,q=0.9",-0.6725057941139034,22.150516500247303,100,ln_n,0.9
classification_entropy,ecoli,"samples=ln_n,q=0.95",-0.6967576560199029,18.391886961939328,100,ln_n,0.95
classification_entropy,ecoli,"samples=sqrt_n,q=0.5",-0.043333115048921345,45.15321384366355,100,sqrt_n,0.5
classification_entropy,ecoli,"samples=sqrt_n,q=0.75",-0.17256082086796187,41.95142272909601,100,sqrt_n,0.75
classification_entropy,ecoli,"samples=sqrt_n,q=0.9",-0.2007687101291733,39.8207301353084,100,sqrt_n,0.9
classification_entropy,ecoli,"samples=sqrt_n,q=0.95",-0.13447114800573812,38.06078361514453,100,sqrt_n,0.95
classification_entropy,flags,"samples=0.1n,q=0.5",-2.0490298958000834,-18.06290626872995,100,0.1n,0.5
classification_entropy,flags,"samples=0.1n,q=0.75",-2.639045801239873,-17.317109428909184,100,0.1n,0.75
classification_entropy,flags,"samples=0.1n,q=0.9",-2.639045801239873,-17.317109428909184,100,0.1n,0.9
classification_entropy,flags,"samples=0.1n,q=0.95",-2.639045801239873,-17.317109428909184,100,0.1n,0.95
classification_entropy,flags,"samples=10,q=0.5",-1.9050698695623565,-27.641785278102482,100,10,0.5
classification_entropy,flags,"samples=10,q=0.75",-2.7705429697762938,-26.642500187533948,100,10,0.75
classification_entropy,flags,"samples=10,q=0.9",-2.9086430147321067,-27.97440153923494,100,10,0.9
classification_entropy,flags,"samples=10,q=0.95",-2.8342577255942163,-28.512448646622524,100,10,0.95
classification_entropy,flags,"samples=2,q=0.5",-2.231023295726231,-22.936440353018604,100,2,0.5
classification_entropy,flags,"samples=2,q=0.75",-3.498364472658297,-21.595784555256746,100,2,0.75
classification_entropy,flags,"samples=2,q=0.9",-2.9102789570037673,-23.390540556179197,100,2,0.9
classification_entropy,flags,"samples=2,q=0.95",-2.6584118067789873,-23.650888119350647,100,2,0.95
classification_entropy,flags,"samples=ln_n,q=0.5",-2.153358106538089,-26.426806833161166,100,ln_n,0.5
classification_entropy,flags,"samples=ln_n,q=0.75",-2.9156885227217404,-26.00560212223876,100,ln_n,0.75
classification_entropy,flags,"samples=ln_n,q=0.9",-2.68530028429024,-26.88623892981883,100,ln_n,0.9
classification_entropy,flags,"samples=ln_n,q=0.95",-2.829689871541466,-27.833043918553546,100,ln_n,0.95
classification_entropy,flags,"samples=sqrt_n,q=0.5",-2.0490298958000834,-18.06290626872995,100,sqrt_n,0.5
classification_entropy,flags,"samples=sqrt_n,q=0.75",-2.639045801239873,-17.317109428909184,100,sqrt_n,0.75
classification_entropy,flags,"samples=sqrt_n,q=0.9",-2.639045801239873,-17.317109428909184,100,sqrt_n,0.9
classification_entropy,flags,"samples=sqrt_n,q=0.95",-2.639045801239873,-17.317109428909184,100,sqrt_n,0.95
classification_entropy,glass2,"samples=0.1n,q=0.5",1.9896715067471538,59.663418644951115,100,0.1n,0.5
classification_entropy,glass2,"samples=0.1n,q=0.75",1.8573255014605328,55.521572658606566,100,0.1n,0.75
classification_entropy,glass2,"samples=0.1n,q=0.9",1.871116192546829,50.29384692383246,100,0.1n,0.9
classification_entropy,glass2,"samples=0.1n,q=0.95",1.2672804794374326,48.49964597621978,100,0.1n,0.95
classification_entropy,glass2,"samples=10,q=0.5",1.2707223848406113,49.23721530561397,100,10,0.5
classification_entropy,glass2,"samples=10,q=0.75",0.9964150721180565,43.06143990572669,100,10,0.75
classification_entropy,glass2,"samples=10,q=0.9",1.408115549700234,38.118869911143385,100,10,0.9
classification_entropy,glass2,"samples=10,q=0.95",1.5002826553655257,34.05380370886647,100,10,0.95
classification_entropy,glass2,"samples=2,q=0.5",2.596735891856844,59.73865275472856,100,2,0.5
classification_entropy,glass2,"samples=2,q=0.75",2.4432551836332084,56.85818613968834,100,2,0.75
classification_entropy,glass2,"samples=2,q=0.9",2.5762142388596976,52.87520761503267,100,2,0.9
classification_entropy,glass2,"samples=2,q=0.95",2.6841969285994747,51.394863427597684,100,2,0.95
classification_entropy,glass2,"samples=ln_n,q=0.5",1.2577508959582984,55.550243176354286,100,ln_n,0.5
classification_entropy,glass2,"samples=ln_n,q=0.75",1.2830784424148423,50.80893890191501,100,ln_n,0.75
classification_entropy,glass2,"samples=ln_n,q=0.9",1.255482270204511,44.94556221296753,100,ln_n,0.9
classification_entropy,glass2,"samples=ln_n,q=0.95",1.2863720478321572,42.408526009759896,100,ln_n,0.95
classification_entropy,glass2,"samples=sqrt_n,q=0.5",2.4745214632462487,61.15333654619138,100,sqrt_n,0.5
classification_entropy,glass2,"samples=sqrt_n,q=0.75",1.1391931678087608,57.13079008159267,100,sqrt_n,0.75
classification_entropy,glass2,"samples=sqrt_n,q=0.9",1.7862091232175525,54.02273818253568,100,sqrt_n,0.9
classification_entropy,glass2,"samples=sqrt_n,q=0.95",1.4472390404504487,51.80378487797627,100,sqrt_n,0.95
classification_entropy,haberman,"samples=0.1n,q=0.5",0.15526962158337598,31.287760177824854,100,0.1n,0.5
classification_entropy,haberman,"samples=0.1n,q=0.75",0.6080938470953812,29.26274290608167,100,0.1n,0.75
classification_entropy,haberman,"samples=0.1n,q=0.9",-0.11571143913711723,28.406084535458334,100,0.1n,0.9
classification_entropy,haberman,"samples=0.1n,q=0.95",0.23048791285505965,27.440732424141288,100,0.1n,0.95
classification_entropy,haberman,"samples=10,q=0.5",0.11040352431405664,6.61052260806167,100,10,0.5
classification_entropy,haberman,"samples=10,q=0.75",1.0144437304810627,4.20106468028666,100,10,0.75
classification_entropy,haberman,"samples=10,q=0.9",0.8639204656103516,1.364434247628532,100,10,0.9
classification_entropy,haberman,"samples=10,q=0.95",0.2217294397397096,0.3139811424901773,100,10,0.95
classification_entropy,haberman,"samples=2,q=0.5",-0.32238760551014933,25.83425572326672,100,2,0.5
classification_entropy,haberman,"samples=2,q=0.75",-0.7275243495243222,25.070562382921587,100,2,0.75
classification_entropy,haberman,"samples=2,q=0.9",-1.1743944202955658,20.758733904478532,100,2,0.9
classification_entropy,haberman,"samples=2,q=0.95",-0.9818812580037806,21.125955301443675,100,2,0.95
classification_entropy,haberman,"samples=ln_n,q=0.5",0.5523222679964246,12.800621100976656,100,ln_n,0.5
classification_entropy,haberman,"samples=ln_n,q=0.75",1.4497376417745345,10.804226941984307,100,ln_n,0.75
classification_entropy,haberman,"samples=ln_n,q=0.9",-0.018878644459868754,8.297684641019316,100,ln_n,0.9
classification_entropy,haberman,"samples=ln_n,q=0.95",-0.4862575904394706,6.336385921566528,100,ln_n,0.95
classification_entropy,haberman,"samples=sqrt_n,q=0.5",-0.04116522532203182,32.514510948343904,100,sqrt_n,0.5
classification_entropy,haberman,"samples=sqrt_n,q=0.75",-0.11699702745079921,31.23945562418165,100,sqrt_n,0.75
classification_entropy,haberman,"samples=sqrt_n,q=0.9",-0.4426634108972094,30.55932445362359,100,sqrt_n,0.9
classification_entropy,haberman,"samples=sqrt_n,q=0.95",-0.4406269525980444,30.366516535804976,100,sqrt_n,0.95
classification_entropy,hayes_roth,"samples=0.1n,q=0.5",1.1918891859015401,0.7692307692307665,100,0.1n,0.5
classification_entropy,hayes_roth,"samples=0.1n,q=0.75",1.810857787057174,-9.51923076923077,100,0.1n,0.75
classification_entropy,hayes_roth,"samples=0.1n,q=0.9",1.810857787057174,-9.51923076923077,100,0.1n,0.9
classification_entropy,hayes_roth,"samples=0.1n,q=0.95",1.810857787057174,-9.51923076923077,100,0.1n,0.95
classification_entropy,hayes_roth,"samples=10,q=0.5",1.214285714285701,-15.096153846153836,100,10,0.5
classification_entropy,hayes_roth,"samples=10,q=0.75",1.1899151748148984,-21.826923076923066,100,10,0.75
classification_entropy,hayes_roth,"samples=10,q=0.9",3.765237275703903,-38.36538461538461,100,10,0.9
classification_entropy,hayes_roth,"samples=10,q=0.95",6.336711163376046,-49.13461538461537,100,10,0.95
classification_entropy,hayes_roth,"samples=2,q=0.5",0.6222222222222129,-14.038461538461533,100,2,0.5
classification_entropy,hayes_roth,"samples=2,q=0.75",1.1740351149974348,-20.576923076923073,100,2,0.75
classification_entropy,hayes_roth,"samples=2,q=0.9",5.076086088033227,-42.98076923076921,100,2,0.9
classification_entropy,hayes_roth,"samples=2,q=0.95",5.114635189897543,-42.88461538461537,100,2,0.95
classification_entropy,hayes_roth,"samples=ln_n,q=0.5",1.214285714285701,-15.096153846153836,100,ln_n,0.5
classification_entropy,hayes_roth,"samples=ln_n,q=0.75",1.1899151748148984,-21.826923076923066,100,ln_n,0.75
classification_entropy,hayes_roth,"samples=ln_n,q=0.9",3.765237275703903,-38.36538461538461,100,ln_n,0.9
classification_entropy,hayes_roth,"samples=ln_n,q=0.95",6.336711163376046,-49.13461538461537,100,ln_n,0.95
classification_entropy,hayes_roth,"samples=sqrt_n,q=0.5",1.1918891859015401,0.7692307692307665,100,sqrt_n,0.5
classification_entropy,hayes_roth,"samples=sqrt_n,q=0.75",1.810857787057174,-9.51923076923077,100,sqrt_n,0.75
classification_entropy,hayes_roth,"samples=sqrt_n,q=0.9",1.810857787057174,-9.51923076923077,100,sqrt_n,0.9
classification_entropy,hayes_roth,"samples=sqrt_n,q=0.95",1.810857787057174,-9.51923076923077,100,sqrt_n,0.95
classification_entropy,hepatitis,"samples=0.1n,q=0.5",-2.037889966954809,43.3915949037078,100,0.1n,0.5
classification_entropy,hepatitis,"samples=0.1n,q=0.75",-1.9826191787498337,40.86097067545866,100,0.1n,0.75
classification_entropy,hepatitis,"samples=0.1n,q=0.9",-1.9840599691220817,38.43534733087742,100,0.1n,0.9
classification_entropy,hepatitis,"samples=0.1n,q=0.95",-2.5978276411919907,36.75451395884072,100,0.1n,0.95
classification_entropy,hepatitis,"samples=10,q=0.5",-2.144382259063998,27.61871135315626,100,10,0.5
classification_entropy,hepatitis,"samples=10,q=0.75",-1.8594002336070725,24.15538252240256,100,10,0.75
classification_entropy,hepatitis,"samples=10,q=0.9",-2.1546094696161644,21.107836264249975,100,10,0.9
classification_entropy,hepatitis,"samples=10,q=0.95",-1.5044992287066072,19.216518471875283,100,10,0.95
classification_entropy,hepatitis,"samples=2,q=0.5",-2.165423966694835,40.00000333355446,100,2,0.5
classification_entropy,hepatitis,"samples=2,q=0.75",-1.8796449683906147,38.58110571446152,100,2,0.75
classification_entropy,hepatitis,"samples=2,q=0.9",-2.1065009201970963,37.099830179222025,100,2,0.9
classification_entropy,hepatitis,"samples=2,q=0.95",-2.2856273191038943,36.56470213262726,100,2,0.95
classification_entropy,hepatitis,"samples=ln_n,q=0.5",-2.1064582287732394,34.411448428780965,100,ln_n,0.5
classification_entropy,hepatitis,"samples=ln_n,q=0.75",-1.708153629211423,31.555100456159806,100,ln_n,0.75
classification_entropy,hepatitis,"samples=ln_n,q=0.9",-1.8528732282996285,30.08768203371239,100,ln_n,0.9
classification_entropy,hepatitis,"samples=ln_n,q=0.95",-2.2379851790534366,26.81607774354789,100,ln_n,0.95
classification_entropy,hepatitis,"samples=sqrt_n,q=0.5",-2.1133226714496187,45.178926650773406,100,sqrt_n,0.5
classification_entropy,hepatitis,"samples=sqrt_n,q=0.75",-2.5428946686065377,44.167305334670665,100,sqrt_n,0.75
classification_entropy,hepatitis,"samples=sqrt_n,q=0.9",-2.0295929644852273,41.37969420863684,100,sqrt_n,0.9
classification_entropy,hepatitis,"samples=sqrt_n,q=0.95",-2.463685123012543,39.789437355477766,100,sqrt_n,0.95
classification_entropy,hypothyroid,"samples=0.1n,q=0.5",0.3966812649968121,44.42866458895493,100,0.1n,0.5
classification_entropy,hypothyroid,"samples=0.1n,q=0.75",0.37865414772922934,40.18004817213976,100,0.1n,0.75
classification_entropy,hypothyroid,"samples=0.1n,q=0.9",0.3731272339591474,36.2469649250011,100,0.1n,0.9
classification_entropy,hypothyroid,"samples=0.1n,q=0.95",0.3297828586306506,31.73266992446996,100,0.1n,0.95
classification_entropy,hypothyroid,"samples=10,q=0.5",0.3973820706771214,36.49234575850594,100,10,0.5
classification_entropy,hypothyroid,"samples=10,q=0.75",0.3304175999941428,31.493234125528367,100,10,0.75
classification_entropy,hypothyroid,"samples=10,q=0.9",0.3203910802193122,27.134742174769507,100,10,0.9
classification_entropy,hypothyroid,"samples=10,q=0.95",0.3360425382202603,23.15974053799956,100,10,0.95
classification_entropy,hypothyroid,"samples=2,q=0.5",0.3296294732921812,45.89331353055027,100,2,0.5
classification_entropy,hypothyroid,"samples=2,q=0.75",0.4038348443859696,43.71338571633865,100,2,0.75
classification_entropy,hypothyroid,"samples=2,q=0.9",0.3162180149907434,39.78879956718883,100,2,0.9
classification_entropy,hypothyroid,"samples=2,q=0.95",0.42881936318542313,37.20247079394025,100,2,0.95
classification_entropy,hypothyroid,"samples=ln_n,q=0.5",0.38680833318330277,38.13516319210419,100,ln_n,0.5
classification_entropy,hypothyroid,"samples=ln_n,q=0.75",0.3475209132659196,33.944343091267996,100,ln_n,0.75
classification_entropy,hypothyroid,"samples=ln_n,q=0.9",0.32960551456127085,28.92086812093634,100,ln_n,0.9
classification_entropy,hypothyroid,"samples=ln_n,q=0.95",0.3731123274836212,25.044202571515306,100,ln_n,0.95
classification_entropy,hypothyroid,"samples=sqrt_n,q=0.5",0.4271775603213568,48.40484121216018,100,sqrt_n,0.5
classification_entropy,hypothyroid,"samples=sqrt_n,q=0.75",0.38867045040570924,47.141580809623676,100,sqrt_n,0.75
classification_entropy,hypothyroid,"samples=sqrt_n,q=0.9",0.3822019332950177,44.44862815056162,100,sqrt_n,0.9
classification_entropy,hypothyroid,"samples=sqrt_n,q=0.95",0.3833461481117295,43.011263142219974,100,sqrt_n,0.95
classification_entropy,ionosphere,"samples=0.1n,q=0.5",-0.5392130186286592,62.302178536352955,100,0.1n,0.5
classification_entropy,ionosphere,"samples=0.1n,q=0.75",-1.3956145491799299,54.92691683855825,100,0.1n,0.75
classification_entropy,ionosphere,"samples=0.1n,q=0.9",-1.6734081803041867,47.660675818480115,100,0.1n,0.9
classification_entropy,ionosphere,"samples=0.1n,q=0.95",-1.5046173690519082,43.30867671775965,100,0.1n,0.95
classification_entropy,ionosphere,"samples=10,q=0.5",-1.2445532303142604,60.48809280933442,100,10,0.5
classification_entropy,ionosphere,"samples=10,q=0.75",-1.6800232416530336,53.1026983413593,100,10,0.75
classification_entropy,ionosphere,"samples=10,q=0.9",-1.7353718212765323,46.37710113219728,100,10,0.9
classification_entropy,ionosphere,"samples=10,q=0.95",-1.2938173954547105,42.34494062275387,100,10,0.95
classification_entropy,ionosphere,"samples=2,q=0.5",-0.803071009059525,64.07783447653148,100,2,0.5
classification_entropy,ionosphere,"samples=2,q=0.75",-0.9193738066049895,60.833609402882274,100,2,0.75
classification_entropy,ionosphere,"samples=2,q=0.9",-0.71353499331539,56.856623426029216,100,2,0.9
classification_entropy,ionosphere,"samples=2,q=0.95",-0.3887572733057676,54.51506099164335,100,2,0.95
classification_entropy,ionosphere,"samples=ln_n,q=0.5",-0.7641648010403068,64.7847093892533,100,ln_n,0.5
classification_entropy,ionosphere,"samples=ln_n,q=0.75",-1.0934686353452128,57.54692009951626,100,ln_n,0.75
classification_entropy,ionosphere,"samples=ln_n,q=0.9",-1.2540663922534556,51.71647100776398,100,ln_n,0.9
classification_entropy,ionosphere,"samples=ln_n,q=0.95",-1.5822280744459627,45.45567195427633,100,ln_n,0.95
classification_entropy,ionosphere,"samples=sqrt_n,q=0.5",-0.9057506470139198,63.50803606695021,100,sqrt_n,0.5
classification_entropy,ionosphere,"samples=sqrt_n,q=0.75",-1.7886762766964215,54.985218946689024,100,sqrt_n,0.75
classification_entropy,ionosphere,"samples=sqrt_n,q=0.9",-1.799971432634323,49.56811131298802,100,sqrt_n,0.9
classification_entropy,ionosphere,"samples=sqrt_n,q=0.95",-1.769241966733781,45.767902927041156,100,sqrt_n,0.95
classification_entropy,iris,"samples=0.1n,q=0.5",1.324877851193651,43.64896073903002,100,0.1n,0.5
classification_entropy,iris,"samples=0.1n,q=0.75",0.6992344588252375,41.464896463358116,100,0.1n,0.75
classification_entropy,iris,"samples=0.1n,q=0.9",1.29935368271617,38.65192708881004,100,0.1n,0.9
classification_entropy,iris,"samples=0.1n,q=0.95",1.3282195387458506,36.726899609737636,100,0.1n,0.95
classification_entropy,iris,"samples=10,q=0.5",0.6649958228905795,31.401024471732025,100,10,0.5
classification_entropy,iris,"samples=10,q=0.75",0.6908296083151522,28.45333745113497,100,10,0.75
classification_entropy,iris,"samples=10,q=0.9",1.2759853080219319,22.055427251732098,100,10,0.9
classification_entropy,iris,"samples=10,q=0.95",1.3608379625340283,18.65782582604426,100,10,0.95
classification_entropy,iris,"samples=2,q=0.5",0.6649958228905795,41.35643313001656,100,2,0.5
classification_entropy,iris,"samples=2,q=0.75",0.658261816156569,39.46899621489027,100,2,0.75
classification_entropy,iris,"samples=2,q=0.9",1.312821696184191,36.33045644883188,100,2,0.9
classification_entropy,iris,"samples=2,q=0.95",1.3434090276195465,34.62714400741382,100,2,0.95
classification_entropy,iris,"samples=ln_n,q=0.5",1.3232576390471151,35.60181103684801,100,ln_n,0.5
classification_entropy,iris,"samples=ln_n,q=0.75",0.6958421396434489,33.47766958204345,100,ln_n,0.75
classification_entropy,iris,"samples=ln_n,q=0.9",1.3350041771094279,27.756351857475455,100,ln_n,0.9
classification_entropy,iris,"samples=ln_n,q=0.95",1.352123495076779,24.454224701486595,100,ln_n,0.95
classification_entropy,iris,"samples=sqrt_n,q=0.5",0.666666666666671,43.924560528202576,100,sqrt_n,0.5
classification_entropy,iris,"samples=sqrt_n,q=0.75",0.6649958228905684,41.77546233298342,100,sqrt_n,0.75
classification_entropy,iris,"samples=sqrt_n,q=0.9",0.6992344588252375,39.25016167042406,100,sqrt_n,0.9
classification_entropy,iris,"samples=sqrt_n,q=0.95",0.705968465559248,36.85727072632944,100,sqrt_n,0.95
classification_entropy,irish,"samples=0.1n,q=0.5",0.20022269460472364,-14.384236453201972,100,0.1n,0.5
classification_entropy,irish,"samples=0.1n,q=0.75",0.20022269460472364,-15.566502463054189,100,0.1n,0.75
classification_entropy,irish,"samples=0.1n,q=0.9",0.20022269460472364,-20.39408866995074,100,0.1n,0.9
classification_entropy,irish,"samples=0.1n,q=0.95",0.20022269460472364,-36.79802955665026,100,0.1n,0.95
classification_entropy,irish,"samples=10,q=0.5",0.0,-23.891625615763544,100,10,0.5
classification_entropy,irish,"samples=10,q=0.75",0.0,-24.77832512315271,100,10,0.75
classification_entropy,irish,"samples=10,q=0.9",0.0,-27.536945812807886,100,10,0.9
classification_entropy,irish,"samples=10,q=0.95",0.19981853009376493,-55.1231527093596,100,10,0.95
classification_entropy,irish,"samples=2,q=0.5",0.0,-0.19704433497538254,100,2,0.5
classification_entropy,irish,"samples=2,q=0.75",0.0,4.827586206896551,100,2,0.75
classification_entropy,irish,"samples=2,q=0.9",0.0,-11.428571428571432,100,2,0.9
classification_entropy,irish,"samples=2,q=0.95",0.19981853009376493,-26.059113300492598,100,2,0.95
classification_entropy,irish,"samples=ln_n,q=0.5",0.0,-36.305418719211815,100,ln_n,0.5
classification_entropy,irish,"samples=ln_n,q=0.75",0.0,-24.729064039408865,100,ln_n,0.75
classification_entropy,irish,"samples=ln_n,q=0.9",0.0,-29.01477832512316,100,ln_n,0.9
classification_entropy,irish,"samples=ln_n,q=0.95",0.20026446953513855,-66.94581280788178,100,ln_n,0.95
classification_entropy,irish,"samples=sqrt_n,q=0.5",0.09988865269763836,-5.8128078817734075,100,sqrt_n,0.5
classification_entropy,irish,"samples=sqrt_n,q=0.75",0.0,-11.527093596059112,100,sqrt_n,0.75
classification_entropy,irish,"samples=sqrt_n,q=0.9",0.0,-15.86206896551724,100,sqrt_n,0.9
classification_entropy,irish,"samples=sqrt_n,q=0.95",0.09988865269763836,-19.261083743842367,100,sqrt_n,0.95
classification_entropy,kr_vs_kp,"samples=0.1n,q=0.5",0.6905129398087351,-35.86105181789509,100,0.1n,0.5
classification_entropy,kr_vs_kp,"samples=0.1n,q=0.75",2.3181114161416048,-69.70645641456065,100,0.1n,0.75
classification_entropy,kr_vs_kp,"samples=0.1n,q=0.9",2.3181114161416048,-69.70645641456065,100,0.1n,0.9
classification_entropy,kr_vs_kp,"samples=0.1n,q=0.95",2.3181114161416048,-69.70645641456065,100,0.1n,0.95
classification_entropy,kr_vs_kp,"samples=10,q=0.5",0.5975915832697631,-37.5154815055773,100,10,0.5
classification_entropy,kr_vs_kp,"samples=10,q=0.75",2.2115346756573007,-69.48996141399054,100,10,0.75
classification_entropy,kr_vs_kp,"samples=10,q=0.9",2.1320103788241616,-74.23014911864337,100,10,0.9
classification_entropy,kr_vs_kp,"samples=10,q=0.95",2.1320103788241616,-74.23014911864337,100,10,0.95
classification_entropy,kr_vs_kp,"samples=2,q=0.5",0.5975915832697631,-37.5154815055773,100,2,0.5
classification_entropy,kr_vs_kp,"samples=2,q=0.75",2.2115346756573007,-69.48996141399054,100,2,0.75
classification_entropy,kr_vs_kp,"samples=2,q=0.9",2.1320103788241616,-74.23014911864337,100,2,0.9
classification_entropy,kr_vs_kp,"samples=2,q=0.95",2.1320103788241616,-74.23014911864337,100,2,0.95
classification_entropy,kr_vs_kp,"samples=ln_n,q=0.5",0.5975915832697631,-37.5154815055773,100,ln_n,0.5
classification_entropy,kr_vs_kp,"samples=ln_n,q=0.75",2.2115346756573007,-69.48996141399054,100,ln_n,0.75
classification_entropy,kr_vs_kp,"samples=ln_n,q=0.9",2.1320103788241616,-74.23014911864337,100,ln_n,0.9
classification_entropy,kr_vs_kp,"samples=ln_n,q=0.95",2.1320103788241616,-74.23014911864337,100,ln_n,0.95
classification_entropy,kr_vs_kp,"samples=sqrt_n,q=0.5",0.6905129398087351,-35.86105181789509,100,sqrt_n,0.5
classification_entropy,kr_vs_kp,"samples=sqrt_n,q=0.75",2.3181114161416048,-69.70645641456065,100,sqrt_n,0.75
classification_entropy,kr_vs_kp,"samples=sqrt_n,q=0.9",2.3181114161416048,-69.70645641456065,100,sqrt_n,0.9
classification_entropy,kr_vs_kp,"samples=sqrt_n,q=0.95",2.3181114161416048,-69.70645641456065,100,sqrt_n,0.95
classification_entropy,krkopt,"samples=0.1n,q=0.5",1.76480383445317,1.3952235183058326,100,0.1n,0.5
classification_entropy,krkopt,"samples=0.1n,q=0.75",1.5601916829179898,-4.23153289618996,100,0.1n,0.75
classification_entropy,krkopt,"samples=0.1n,q=0.9",1.5601916829179898,-4.23153289618996,100,0.1n,0.9
classification_entropy,krkopt,"samples=0.1n,q=0.95",1.5601916829179898,-4.23153289618996,100,0.1n,0.95
classification_entropy,krkopt,"samples=10,q=0.5",1.5912629868580497,-27.38712577672925,100,10,0.5
classification_entropy,krkopt,"samples=10,q=0.75",1.2300517485763744,-28.80931664453944,100,10,0.75
classification_entropy,krkopt,"samples=10,q=0.9",0.6855950393282656,-44.747320282281535,100,10,0.9
classification_entropy,krkopt,"samples=10,q=0.95",-0.20088042405358442,-58.8344366729566,100,10,0.95
classification_entropy,krkopt,"samples=2,q=0.5",1.9490978716812801,-10.824076296630757,100,2,0.5
classification_entropy,krkopt,"samples=2,q=0.75",1.2598041991453897,-13.469737453298336,100,2,0.75
classification_entropy,krkopt,"samples=2,q=0.9",1.3179306331147154,-32.23213550292621,100,2,0.9
classification_entropy,krkopt,"samples=2,q=0.95",0.8917122683187451,-33.15105119014068,100,2,0.95
classification_entropy,krkopt,"samples=ln_n,q=0.5",1.5912629868580497,-27.38712577672925,100,ln_n,0.5
classification_entropy,krkopt,"samples=ln_n,q=0.75",1.2300517485763744,-28.80931664453944,100,ln_n,0.75
classification_entropy,krkopt,"samples=ln_n,q=0.9",0.6855950393282656,-44.747320282281535,100,ln_n,0.9
classification_entropy,krkopt,"samples=ln_n,q=0.95",-0.20088042405358442,-58.8344366729566,100,ln_n,0.95
classification_entropy,krkopt,"samples=sqrt_n,q=0.5",1.76480383445317,1.3952235183058326,100,sqrt_n,0.5
classification_entropy,krkopt,"samples=sqrt_n,q=0.75",1.5601916829179898,-4.23153289618996,100,sqrt_n,0.75
classification_entropy,krkopt,"samples=sqrt_n,q=0.9",1.5601916829179898,-4.23153289618996,100,sqrt_n,0.9
classification_entropy,krkopt,"samples=sqrt_n,q=0.95",1.5601916829179898,-4.23153289618996,100,sqrt_n,0.95
classification_entropy,labor,"samples=0.1n,q=0.5",-3.130252100840325,26.024011299435024,100,0.1n,0.5
classification_entropy,labor,"samples=0.1n,q=0.75",-1.858949329537557,22.669491525423723,100,0.1n,0.75
classification_entropy,labor,"samples=0.1n,q=0.9",-1.807747807747806,21.751412429378526,100,0.1n,0.9
classification_entropy,labor,"samples=0.1n,q=0.95",-2.4859242065124407,21.39830508474576,100,0.1n,0.95
classification_entropy,labor,"samples=10,q=0.5",-2.561771561771564,-3.1426553672316393,100,10,0.5
classification_entropy,labor,"samples=10,q=0.75",-1.7937552643434995,-5.826271186440679,100,10,0.75
classification_entropy,labor,"samples=10,q=0.9",-2.419068948480707,-10.310734463276837,100,10,0.9
classification_entropy,labor,"samples=10,q=0.95",-1.8095542801425168,-15.360169491525433,100,10,0.95
classification_entropy,labor,"samples=2,q=0.5",-1.8823333529215946,14.653954802259884,100,2,0.5
classification_entropy,labor,"samples=2,q=0.75",-3.068154068154061,13.276836158192085,100,2,0.75
classification_entropy,labor,"samples=2,q=0.9",-1.6644401350283722,5.261299435028244,100,2,0.9
classification_entropy,labor,"samples=2,q=0.95",-1.6644401350283722,4.201977401129946,100,2,0.95
classification_entropy,labor,"samples=ln_n,q=0.5",-2.9988834694716973,5.932203389830498,100,ln_n,0.5
classification_entropy,labor,"samples=ln_n,q=0.75",-3.222002942591179,3.4604519774011244,100,ln_n,0.75
classification_entropy,labor,"samples=ln_n,q=0.9",-1.743916214504443,-1.9420903954802338,100,ln_n,0.9
classification_entropy,labor,"samples=ln_n,q=0.95",-1.5627335627335592,-5.437853107344637,100,ln_n,0.95
classification_entropy,labor,"samples=sqrt_n,q=0.5",-2.8487623487623406,26.377118644067792,100,sqrt_n,0.5
classification_entropy,labor,"samples=sqrt_n,q=0.75",-1.8077478077478004,22.669491525423723,100,sqrt_n,0.75
classification_entropy,labor,"samples=sqrt_n,q=0.9",-1.7713332419214634,22.740112994350277,100,sqrt_n,0.9
classification_entropy,labor,"samples=sqrt_n,q=0.95",-1.7316082610200123,22.1045197740113,100,sqrt_n,0.95
classification_entropy,led24,"samples=0.1n,q=0.5",-0.003642678637910679,-32.699880304664084,100,0.1n,0.5
classification_entropy,led24,"samples=0.1n,q=0.75",0.5069963121563326,-36.74942146286948,100,0.1n,0.75
classification_entropy,led24,"samples=0.1n,q=0.9",0.5069963121563326,-36.74942146286948,100,0.1n,0.9
classification_entropy,led24,"samples=0.1n,q=0.95",0.5069963121563326,-36.74942146286948,100,0.1n,0.95
classification_entropy,led24,"samples=10,q=0.5",-0.003642678637910679,-32.699880304664084,100,10,0.5
classification_entropy,led24,"samples=10,q=0.75",0.5069963121563326,-36.74942146286948,100,10,0.75
classification_entropy,led24,"samples=10,q=0.9",0.5069963121563326,-36.74942146286948,100,10,0.9
classification_entropy,led24,"samples=10,q=0.95",0.5069963121563326,-36.74942146286948,100,10,0.95
classification_entropy,led24,"samples=2,q=0.5",-0.003642678637910679,-32.699880304664084,100,2,0.5
classification_entropy,led24,"samples=2,q=0.75",0.5069963121563326,-36.74942146286948,100,2,0.75
classification_entropy,led24,"samples=2,q=0.9",0.5069963121563326,-36.74942146286948,100,2,0.9
classification_entropy,led24,"samples=2,q=0.95",0.5069963121563326,-36.74942146286948,100,2,0.95
classification_entropy,led24,"samples=ln_n,q=0.5",-0.003642678637910679,-32.699880304664084,100,ln_n,0.5
classification_entropy,led24,"samples=ln_n,q=0.75",0.5069963121563326,-36.74942146286948,100,ln_n,0.75
classification_entropy,led24,"samples=ln_n,q=0.9",0.5069963121563326,-36.74942146286948,100,ln_n,0.9
classification_entropy,led24,"samples=ln_n,q=0.95",0.5069963121563326,-36.74942146286948,100,ln_n,0.95
classification_entropy,led24,"samples=sqrt_n,q=0.5",-0.003642678637910679,-32.699880304664084,100,sqrt_n,0.5
classification_entropy,led24,"samples=sqrt_n,q=0.75",0.5069963121563326,-36.74942146286948,100,sqrt_n,0.75
classification_entropy,led24,"samples=sqrt_n,q=0.9",0.5069963121563326,-36.74942146286948,100,sqrt_n,0.9
classification_entropy,led24,"samples=sqrt_n,q=0.95",0.5069963121563326,-36.74942146286948,100,sqrt_n,0.95
classification_entropy,led7,"samples=0.1n,q=0.5",0.0,-50.670840787119865,100,0.1n,0.5
classification_entropy,led7,"samples=0.1n,q=0.75",0.6918274513227907,-48.74776386404294,100,0.1n,0.75
classification_entropy,led7,"samples=0.1n,q=0.9",0.6918274513227907,-48.74776386404294,100,0.1n,0.9
classification_entropy,led7,"samples=0.1n,q=0.95",0.6918274513227907,-48.74776386404294,100,0.1n,0.95
classification_entropy,led7,"samples=10,q=0.5",0.0,-50.670840787119865,100,10,0.5
classification_entropy,led7,"samples=10,q=0.75",0.6918274513227907,-48.74776386404294,100,10,0.75
classification_entropy,led7,"samples=10,q=0.9",0.6918274513227907,-48.74776386404294,100,10,0.9
classification_entropy,led7,"samples=10,q=0.95",0.6918274513227907,-48.74776386404294,100,10,0.95
classification_entropy,led7,"samples=2,q=0.5",0.0,-50.670840787119865,100,2,0.5
classification_entropy,led7,"samples=2,q=0.75",0.6918274513227907,-48.74776386404294,100,2,0.75
classification_entropy,led7,"samples=2,q=0.9",0.6918274513227907,-48.74776386404294,100,2,0.9
classification_entropy,led7,"samples=2,q=0.95",0.6918274513227907,-48.74776386404294,100,2,0.95
classification_entropy,led7,"samples=ln_n,q=0.5",0.0,-50.670840787119865,100,ln_n,0.5
classification_entropy,led7,"samples=ln_n,q=0.75",0.6918274513227907,-48.74776386404294,100,ln_n,0.75
classification_entropy,led7,"samples=ln_n,q=0.9",0.6918274513227907,-48.74776386404294,100,ln_n,0.9
classification_entropy,led7,"samples=ln_n,q=0.95",0.6918274513227907,-48.74776386404294,100,ln_n,0.95
classification_entropy,led7,"samples=sqrt_n,q=0.5",0.0,-50.670840787119865,100,sqrt_n,0.5
classification_entropy,led7,"samples=sqrt_n,q=0.75",0.6918274513227907,-48.74776386404294,100,sqrt_n,0.75
classification_entropy,led7,"samples=sqrt_n,q=0.9",0.6918274513227907,-48.74776386404294,100,sqrt_n,0.9
classification_entropy,led7,"samples=sqrt_n,q=0.95",0.6918274513227907,-48.74776386404294,100,sqrt_n,0.95
classification_entropy,letter,"samples=0.1n,q=0.5",1.3052015666107475,26.768295730601636,100,0.1n,0.5
classification_entropy,letter,"samples=0.1n,q=0.75",1.4679416599055806,24.05721042723004,100,0.1n,0.75
classification_entropy,letter,"samples=0.1n,q=0.9",1.479629286738332,23.93977520899437,100,0.1n,0.9
classification_entropy,letter,"samples=0.1n,q=0.95",1.3941584660534356,23.923541355278026,100,0.1n,0.95
classification_entropy,letter,"samples=10,q=0.5",1.1890928902232145,-4.986079279728073,100,10,0.5
classification_entropy,letter,"samples=10,q=0.75",0.8404111141887549,-6.65100945911179,100,10,0.75
classification_entropy,letter,"samples=10,q=0.9",1.1359919918202732,-12.187226155042518,100,10,0.9
classification_entropy,letter,"samples=10,q=0.95",1.9654641742020362,-18.874244541424723,100,10,0.95
classification_entropy,letter,"samples=2,q=0.5",1.2066736654367527,15.31024377308744,100,2,0.5
classification_entropy,letter,"samples=2,q=0.75",0.9855340763112841,14.266180535434515,100,2,0.75
classification_entropy,letter,"samples=2,q=0.9",1.6775760188237288,6.664746294914764,100,2,0.9
classification_entropy,letter,"samples=2,q=0.95",1.969929021507899,5.098970565070737,100,2,0.95
classification_entropy,letter,"samples=ln_n,q=0.5",1.1890928902232145,-4.986079279728073,100,ln_n,0.5
classification_entropy,letter,"samples=ln_n,q=0.75",0.8404111141887549,-6.65100945911179,100,ln_n,0.75
classification_entropy,letter,"samples=ln_n,q=0.9",1.1359919918202732,-12.187226155042518,100,ln_n,0.9
classification_entropy,letter,"samples=ln_n,q=0.95",1.9654641742020362,-18.874244541424723,100,ln_n,0.95
classification_entropy,letter,"samples=sqrt_n,q=0.5",1.3074754811000233,26.69223588147908,100,sqrt_n,0.5
classification_entropy,letter,"samples=sqrt_n,q=0.75",1.4472588060293057,23.853240778934584,100,sqrt_n,0.75
classification_entropy,letter,"samples=sqrt_n,q=0.9",1.4472588060293057,23.853240778934584,100,sqrt_n,0.9
classification_entropy,letter,"samples=sqrt_n,q=0.95",1.4472588060293057,23.853240778934584,100,sqrt_n,0.95
classification_entropy,lupus,"samples=0.1n,q=0.5",0.7729490843133346,34.000715051841254,100,0.1n,0.5
classification_entropy,lupus,"samples=0.1n,q=0.75",-0.30619708646697497,35.18449124577245,100,0.1n,0.75
classification_entropy,lupus,"samples=0.1n,q=0.9",-0.5155674343653882,34.43965253719176,100,0.1n,0.9
classification_entropy,lupus,"samples=0.1n,q=0.95",-0.6399624340800825,33.79844014232491,100,0.1n,0.95
classification_entropy,lupus,"samples=10,q=0.5",1.4736379075623973,13.549381885470362,100,10,0.5
classification_entropy,lupus,"samples=10,q=0.75",-0.47180822983420856,10.807927267600949,100,10,0.75
classification_entropy,lupus,"samples=10,q=0.9",-1.0123720884590404,9.964221824686941,100,10,0.9
classification_entropy,lupus,"samples=10,q=0.95",-2.266857171908321,9.68725298702812,100,10,0.95
classification_entropy,lupus,"samples=2,q=0.5",1.3275187693009782,31.355466121060537,100,2,0.5
classification_entropy,lupus,"samples=2,q=0.75",-0.36478915335423356,31.63544594939944,100,2,0.75
classification_entropy,lupus,"samples=2,q=0.9",-1.2363940482126023,31.10894735178004,100,2,0.9
classification_entropy,lupus,"samples=2,q=0.95",-1.160930694717205,30.144847978480904,100,2,0.95
classification_entropy,lupus,"samples=ln_n,q=0.5",1.7619523952812466,24.307947461808393,100,ln_n,0.5
classification_entropy,lupus,"samples=ln_n,q=0.75",0.04280639381258888,23.45171029720445,100,ln_n,0.75
classification_entropy,lupus,"samples=ln_n,q=0.9",-0.09603786306572326,23.504081106315446,100,ln_n,0.9
classification_entropy,lupus,"samples=ln_n,q=0.95",-0.18066116615719774,22.152642819566765,100,ln_n,0.95
classification_entropy,lupus,"samples=sqrt_n,q=0.5",0.8069179440831131,34.59130856500854,100,sqrt_n,0.5
classification_entropy,lupus,"samples=sqrt_n,q=0.75",-0.6386160976617261,35.60295846042732,100,sqrt_n,0.75
classification_entropy,lupus,"samples=sqrt_n,q=0.9",-0.5530183044148596,34.5686095318282,100,sqrt_n,0.9
classification_entropy,lupus,"samples=sqrt_n,q=0.95",-0.8333185400421772,33.018039850660045,100,sqrt_n,0.95
classification_entropy,lymphography,"samples=0.1n,q=0.5",1.8544264901352192,3.0726570118465526,100,0.1n,0.5
classification_entropy,lymphography,"samples=0.1n,q=0.75",3.1396794884748056,-1.3720461637494075,100,0.1n,0.75
classification_entropy,lymphography,"samples=0.1n,q=0.9",3.1396794884748056,-1.3720461637494075,100,0.1n,0.9
classification_entropy,lymphography,"samples=0.1n,q=0.95",3.1396794884748056,-1.3720461637494075,100,0.1n,0.95
classification_entropy,lymphography,"samples=10,q=0.5",1.7774034143393624,-15.677362397072802,100,10,0.5
classification_entropy,lymphography,"samples=10,q=0.75",1.8257820527086244,-17.996810527329878,100,10,0.75
classification_entropy,lymphography,"samples=10,q=0.9",3.0117362249544586,-24.805591570370332,100,10,0.9
classification_entropy,lymphography,"samples=10,q=0.95",3.4601972334114106,-28.808511019269865,100,10,0.95
classification_entropy,lymphography,"samples=2,q=0.5",1.7698339816783704,-7.411106671993606,100,2,0.5
classification_entropy,lymphography,"samples=2,q=0.75",1.804033267177857,-9.912239124281452,100,2,0.75
classification_entropy,lymphography,"samples=2,q=0.9",3.49524182150141,-17.256554510780354,100,2,0.9
classification_entropy,lymphography,"samples=2,q=0.95",3.8174633344203124,-17.90364383252917,100,2,0.95
classification_entropy,lymphography,"samples=ln_n,q=0.5",1.1934842254412492,-14.95901240461517,100,ln_n,0.5
classification_entropy,lymphography,"samples=ln_n,q=0.75",1.527152788792241,-17.062189315636246,100,ln_n,0.75
classification_entropy,lymphography,"samples=ln_n,q=0.9",2.693699360935109,-23.73353393641544,100,ln_n,0.9
classification_entropy,lymphography,"samples=ln_n,q=0.95",3.498066468823513,-28.34095189437994,100,ln_n,0.95
classification_entropy,lymphography,"samples=sqrt_n,q=0.5",1.8544264901352192,3.0726570118465526,100,sqrt_n,0.5
classification_entropy,lymphography,"samples=sqrt_n,q=0.75",3.1396794884748056,-1.3720461637494075,100,sqrt_n,0.75
classification_entropy,lymphography,"samples=sqrt_n,q=0.9",3.1396794884748056,-1.3720461637494075,100,sqrt_n,0.9
classification_entropy,lymphography,"samples=sqrt_n,q=0.95",3.1396794884748056,-1.3720461637494075,100,sqrt_n,0.95
classification_entropy,magic,"samples=0.1n,q=0.5",0.4059417670727927,67.17102423417393,100,0.1n,0.5
classification_entropy,magic,"samples=0.1n,q=0.75",0.15809464042620958,61.077745949996725,100,0.1n,0.75
classification_entropy,magic,"samples=0.1n,q=0.9",-0.0446893626466216,55.6273805189121,100,0.1n,0.9
classification_entropy,magic,"samples=0.1n,q=0.95",-0.20597617633850707,52.600237067106505,100,0.1n,0.95
classification_entropy,magic,"samples=10,q=0.5",0.3652183164141898,68.02434917865018,100,10,0.5
classification_entropy,magic,"samples=10,q=0.75",0.16384596522087125,62.02546103383774,100,10,0.75
classification_entropy,magic,"samples=10,q=0.9",-0.043600821913541976,56.32917478844409,100,10,0.9
classification_entropy,magic,"samples=10,q=0.95",-0.13406091000984777,53.420588906857816,100,10,0.95
classification_entropy,magic,"samples=2,q=0.5",0.3228209827153161,70.10634258898315,100,2,0.5
classification_entropy,magic,"samples=2,q=0.75",0.22825926645069217,66.09370962990438,100,2,0.75
classification_entropy,magic,"samples=2,q=0.9",0.11729726966938081,62.74167212109465,100,2,0.9
classification_entropy,magic,"samples=2,q=0.95",0.02288169429499609,61.59466982739697,100,2,0.95
classification_entropy,magic,"samples=ln_n,q=0.5",0.3652183164141898,68.02434917865018,100,ln_n,0.5
classification_entropy,magic,"samples=ln_n,q=0.75",0.16384596522087125,62.02546103383774,100,ln_n,0.75
classification_entropy,magic,"samples=ln_n,q=0.9",-0.043600821913541976,56.32917478844409,100,ln_n,0.9
classification_entropy,magic,"samples=ln_n,q=0.95",-0.13406091000984777,53.420588906857816,100,ln_n,0.95
classification_entropy,magic,"samples=sqrt_n,q=0.5",0.3652882188013573,70.25868388939844,100,sqrt_n,0.5
classification_entropy,magic,"samples=sqrt_n,q=0.75",0.27734484175904184,65.86178813535844,100,sqrt_n,0.75
classification_entropy,magic,"samples=sqrt_n,q=0.9",0.18841490643566883,62.261617421411735,100,sqrt_n,0.9
classification_entropy,magic,"samples=sqrt_n,q=0.95",0.06438591994065157,60.61658167248903,100,sqrt_n,0.95
classification_entropy,mfeat_factors,"samples=0.1n,q=0.5",2.483961826539194,66.98584797865803,100,0.1n,0.5
classification_entropy,mfeat_factors,"samples=0.1n,q=0.75",1.4646959169837381,60.274747238637595,100,0.1n,0.75
classification_entropy,mfeat_factors,"samples=0.1n,q=0.9",0.7787559242610653,52.494590688963385,100,0.1n,0.9
classification_entropy,mfeat_factors,"samples=0.1n,q=0.95",0.6937204381098683,47.38737025664554,100,0.1n,0.95
classification_entropy,mfeat_factors,"samples=10,q=0.5",3.16811899801418,60.697366202571175,100,10,0.5
classification_entropy,mfeat_factors,"samples=10,q=0.75",1.3550175596207248,54.17359481276806,100,10,0.75
classification_entropy,mfeat_factors,"samples=10,q=0.9",0.6323723874534837,43.39230624453315,100,10,0.9
classification_entropy,mfeat_factors,"samples=10,q=0.95",0.884325722230217,38.20552080361041,100,10,0.95
classification_entropy,mfeat_factors,"samples=2,q=0.5",1.8402593752845475,67.99419719911185,100,2,0.5
classification_entropy,mfeat_factors,"samples=2,q=0.75",1.1802022875736728,62.266088123870226,100,2,0.75
classification_entropy,mfeat_factors,"samples=2,q=0.9",0.9990426748358594,55.733583442391115,100,2,0.9
classification_entropy,mfeat_factors,"samples=2,q=0.95",1.234238702007262,53.90808622954771,100,2,0.95
classification_entropy,mfeat_factors,"samples=ln_n,q=0.5",3.1076901651015953,63.13031013661755,100,ln_n,0.5
classification_entropy,mfeat_factors,"samples=ln_n,q=0.75",1.176192262548198,55.69641399701793,100,ln_n,0.75
classification_entropy,mfeat_factors,"samples=ln_n,q=0.9",0.6562956222563421,44.93209074850523,100,ln_n,0.9
classification_entropy,mfeat_factors,"samples=ln_n,q=0.95",0.7580402237272743,40.08341457534859,100,ln_n,0.95
classification_entropy,mfeat_factors,"samples=sqrt_n,q=0.5",1.765618386531559,67.94134628092735,100,sqrt_n,0.5
classification_entropy,mfeat_factors,"samples=sqrt_n,q=0.75",1.2592280230958819,64.4830187970727,100,sqrt_n,0.75
classification_entropy,mfeat_factors,"samples=sqrt_n,q=0.9",1.1617862095427145,59.672694225817665,100,sqrt_n,0.9
classification_entropy,mfeat_factors,"samples=sqrt_n,q=0.95",1.1185108039183989,56.75078228468658,100,sqrt_n,0.95
classification_entropy,mfeat_fourier,"samples=0.1n,q=0.5",7.403704639848102,74.50126148540272,100,0.1n,0.5
classification_entropy,mfeat_fourier,"samples=0.1n,q=0.75",3.8451118684676877,63.13789845888803,100,0.1n,0.75
classification_entropy,mfeat_fourier,"samples=0.1n,q=0.9",2.7052685129595853,51.544303990458715,100,0.1n,0.9
classification_entropy,mfeat_fourier,"samples=0.1n,q=0.95",2.884948391044684,47.77925024235999,100,0.1n,0.95
classification_entropy,mfeat_fourier,"samples=10,q=0.5",7.686165147599766,72.02077890102335,100,10,0.5
classification_entropy,mfeat_fourier,"samples=10,q=0.75",3.967480068994711,61.72919537617743,100,10,0.75
classification_entropy,mfeat_fourier,"samples=10,q=0.9",2.393397837837774,51.62349733432365,100,10,0.9
classification_entropy,mfeat_fourier,"samples=10,q=0.95",2.8481277448561326,47.22730956041694,100,10,0.95
classification_entropy,mfeat_fourier,"samples=2,q=0.5",5.637495176473995,74.38299341624221,100,2,0.5
classification_entropy,mfeat_fourier,"samples=2,q=0.75",4.001505213746986,66.4695557697166,100,2,0.75
classification_entropy,mfeat_fourier,"samples=2,q=0.9",3.6801696990894084,62.26031769099792,100,2,0.9
classification_entropy,mfeat_fourier,"samples=2,q=0.95",4.1145062324311645,60.75016894234966,100,2,0.95
classification_entropy,mfeat_fourier,"samples=ln_n,q=0.5",7.155863988188759,72.97742196193697,100,ln_n,0.5
classification_entropy,mfeat_fourier,"samples=ln_n,q=0.75",3.781514010215897,62.095285750936284,100,ln_n,0.75
classification_entropy,mfeat_fourier,"samples=ln_n,q=0.9",2.591194347203951,52.068082137899964,100,ln_n,0.9
classification_entropy,mfeat_fourier,"samples=ln_n,q=0.95",2.9875424890788036,48.60956507221089,100,ln_n,0.95
classification_entropy,mfeat_fourier,"samples=sqrt_n,q=0.5",6.210857429736338,75.51825505772777,100,sqrt_n,0.5
classification_entropy,mfeat_fourier,"samples=sqrt_n,q=0.75",4.319090414828835,67.07642549816524,100,sqrt_n,0.75
classification_entropy,mfeat_fourier,"samples=sqrt_n,q=0.9",3.623903627398206,58.72345102441183,100,sqrt_n,0.9
classification_entropy,mfeat_fourier,"samples=sqrt_n,q=0.95",3.8632175097498775,56.350818958257,100,sqrt_n,0.95
classification_entropy,mfeat_karhunen,"samples=0.1n,q=0.5",10.209521033473933,75.61842110192804,100,0.1n,0.5
classification_entropy,mfeat_karhunen,"samples=0.1n,q=0.75",4.737733004058498,64.70782608641522,100,0.1n,0.75
classification_entropy,mfeat_karhunen,"samples=0.1n,q=0.9",2.1860411912306255,54.0346600283915,100,0.1n,0.9
classification_entropy,mfeat_karhunen,"samples=0.1n,q=0.95",2.348064990581311,52.41921747249667,100,0.1n,0.95
classification_entropy,mfeat_karhunen,"samples=10,q=0.5",10.471927771085515,73.18904160767124,100,10,0.5
classification_entropy,mfeat_karhunen,"samples=10,q=0.75",4.408069321822767,64.09116695204798,100,10,0.75
classification_entropy,mfeat_karhunen,"samples=10,q=0.9",2.181790374450565,53.8225839448739,100,10,0.9
classification_entropy,mfeat_karhunen,"samples=10,q=0.95",2.5682720210554786,49.78807891077896,100,10,0.95
classification_entropy,mfeat_karhunen,"samples=2,q=0.5",7.655943743866894,74.59222249851351,100,2,0.5
classification_entropy,mfeat_karhunen,"samples=2,q=0.75",4.322085088114042,68.35014291801828,100,2,0.75
classification_entropy,mfeat_karhunen,"samples=2,q=0.9",3.9437352705129882,62.53708617930384,100,2,0.9
classification_entropy,mfeat_karhunen,"samples=2,q=0.95",4.756633089780326,60.7202161649944,100,2,0.95
classification_entropy,mfeat_karhunen,"samples=ln_n,q=0.5",10.348633260976158,73.90614492780644,100,ln_n,0.5
classification_entropy,mfeat_karhunen,"samples=ln_n,q=0.75",4.403136068897479,64.6780734152421,100,ln_n,0.75
classification_entropy,mfeat_karhunen,"samples=ln_n,q=0.9",2.3102938939244533,54.98340602322604,100,ln_n,0.9
classification_entropy,mfeat_karhunen,"samples=ln_n,q=0.95",2.687135536964952,51.880998149012626,100,ln_n,0.95
classification_entropy,mfeat_karhunen,"samples=sqrt_n,q=0.5",8.505567964178802,76.92560635630852,100,sqrt_n,0.5
classification_entropy,mfeat_karhunen,"samples=sqrt_n,q=0.75",4.702618529447683,68.65217248771197,100,sqrt_n,0.75
classification_entropy,mfeat_karhunen,"samples=sqrt_n,q=0.9",3.2489817234755467,61.84056744188769,100,sqrt_n,0.9
classification_entropy,mfeat_karhunen,"samples=sqrt_n,q=0.95",3.8605353435649468,59.50913627466629,100,sqrt_n,0.95
classification_entropy,mfeat_morphological,"samples=0.1n,q=0.5",1.1338701934505757,51.530304239889105,100,0.1n,0.5
classification_entropy,mfeat_morphological,"samples=0.1n,q=0.75",0.9510598476385856,48.765070138608635,100,0.1n,0.75
classification_entropy,mfeat_morphological,"samples=0.1n,q=0.9",1.077363361222372,43.65504882713879,100,0.1n,0.9
classification_entropy,mfeat_morphological,"samples=0.1n,q=0.95",0.7093092864154327,39.12021442526593,100,0.1n,0.95
classification_entropy,mfeat_morphological,"samples=10,q=0.5",1.2166476608061083,47.5426983933513,100,10,0.5
classification_entropy,mfeat_morphological,"samples=10,q=0.75",1.0799619693704243,43.83299785317871,100,10,0.75
classification_entropy,mfeat_morphological,"samples=10,q=0.9",1.0851019112453064,40.75103347835497,100,10,0.9
classification_entropy,mfeat_morphological,"samples=10,q=0.95",1.0948311602614114,37.301367143440615,100,10,0.95
classification_entropy,mfeat_morphological,"samples=2,q=0.5",1.1066793993390278,53.07757759010445,100,2,0.5
classification_entropy,mfeat_morphological,"samples=2,q=0.75",1.1242916725216656,51.881215135188086,100,2,0.75
classification_entropy,mfeat_morphological,"samples=2,q=0.9",1.2793522722966855,50.1699682223785,100,2,0.9
classification_entropy,mfeat_morphological,"samples=2,q=0.95",1.2959537072634253,47.51390184579412,100,2,0.95
classification_entropy,mfeat_morphological,"samples=ln_n,q=0.5",1.1251946915617095,48.12936819643482,100,ln_n,0.5
classification_entropy,mfeat_morphological,"samples=ln_n,q=0.75",1.0734740273575183,45.3353720070989,100,ln_n,0.75
classification_entropy,mfeat_morphological,"samples=ln_n,q=0.9",1.0806921556074822,42.35680657005568,100,ln_n,0.9
classification_entropy,mfeat_morphological,"samples=ln_n,q=0.95",1.3108009642055496,38.866999699447675,100,ln_n,0.95
classification_entropy,mfeat_morphological,"samples=sqrt_n,q=0.5",1.0236853406022595,53.27919609386895,100,sqrt_n,0.5
classification_entropy,mfeat_morphological,"samples=sqrt_n,q=0.75",1.1553278395615263,51.89509697139156,100,sqrt_n,0.75
classification_entropy,mfeat_morphological,"samples=sqrt_n,q=0.9",1.1474749067766077,48.832653529160964,100,sqrt_n,0.9
classification_entropy,mfeat_morphological,"samples=sqrt_n,q=0.95",1.2622793918709962,44.61747795174952,100,sqrt_n,0.95
classification_entropy,mfeat_pixel,"samples=0.1n,q=0.5",-0.29088742156165304,27.994218008782347,100,0.1n,0.5
classification_entropy,mfeat_pixel,"samples=0.1n,q=0.75",-0.3267128476232395,25.8761227377573,100,0.1n,0.75
classification_entropy,mfeat_pixel,"samples=0.1n,q=0.9",-0.3267128476232395,25.8761227377573,100,0.1n,0.9
classification_entropy,mfeat_pixel,"samples=0.1n,q=0.95",-0.3267128476232395,25.8761227377573,100,0.1n,0.95
classification_entropy,mfeat_pixel,"samples=10,q=0.5",-0.6162727035535664,-2.381367168279458,100,10,0.5
classification_entropy,mfeat_pixel,"samples=10,q=0.75",-0.36096763816606536,-5.835594461107297,100,10,0.75
classification_entropy,mfeat_pixel,"samples=10,q=0.9",-0.22591256938012672,-10.817592320380154,100,10,0.9
classification_entropy,mfeat_pixel,"samples=10,q=0.95",-0.21299274129270018,-14.84729684948456,100,10,0.95
classification_entropy,mfeat_pixel,"samples=2,q=0.5",-0.38715220654884086,17.37944043813464,100,2,0.5
classification_entropy,mfeat_pixel,"samples=2,q=0.75",-0.5280663789170525,15.46952637543177,100,2,0.75
classification_entropy,mfeat_pixel,"samples=2,q=0.9",-0.19970131641136035,10.345464167482282,100,2,0.9
classification_entropy,mfeat_pixel,"samples=2,q=0.95",-0.15506727319409275,9.444567117081725,100,2,0.95
classification_entropy,mfeat_pixel,"samples=ln_n,q=0.5",-0.6162727035535664,-2.381367168279458,100,ln_n,0.5
classification_entropy,mfeat_pixel,"samples=ln_n,q=0.75",-0.36096763816606536,-5.835594461107297,100,ln_n,0.75
classification_entropy,mfeat_pixel,"samples=ln_n,q=0.9",-0.22591256938012672,-10.817592320380154,100,ln_n,0.9
classification_entropy,mfeat_pixel,"samples=ln_n,q=0.95",-0.21299274129270018,-14.84729684948456,100,ln_n,0.95
classification_entropy,mfeat_pixel,"samples=sqrt_n,q=0.5",-0.29088742156165304,27.994218008782347,100,sqrt_n,0.5
classification_entropy,mfeat_pixel,"samples=sqrt_n,q=0.75",-0.3267128476232395,25.8761227377573,100,sqrt_n,0.75
classification_entropy,mfeat_pixel,"samples=sqrt_n,q=0.9",-0.3267128476232395,25.8761227377573,100,sqrt_n,0.9
classification_entropy,mfeat_pixel,"samples=sqrt_n,q=0.95",-0.3267128476232395,25.8761227377573,100,sqrt_n,0.95
classification_entropy,mfeat_zernike,"samples=0.1n,q=0.5",5.219668147070583,77.27431427282698,100,0.1n,0.5
classification_entropy,mfeat_zernike,"samples=0.1n,q=0.75",2.8183208037176497,69.05649460902566,100,0.1n,0.75
classification_entropy,mfeat_zernike,"samples=0.1n,q=0.9",1.5208257142891313,56.49495214935809,100,0.1n,0.9
classification_entropy,mfeat_zernike,"samples=0.1n,q=0.95",1.6807469202541392,52.480023345158926,100,0.1n,0.95
classification_entropy,mfeat_zernike,"samples=10,q=0.5",5.13455936973688,74.88425731425063,100,10,0.5
classification_entropy,mfeat_zernike,"samples=10,q=0.75",2.7125013361865182,66.66302993064832,100,10,0.75
classification_entropy,mfeat_zernike,"samples=10,q=0.9",1.7812679075684568,55.27804636270105,100,10,0.9
classification_entropy,mfeat_zernike,"samples=10,q=0.95",1.9138040886667373,50.896694022578515,100,10,0.95
classification_entropy,mfeat_zernike,"samples=2,q=0.5",4.0949241436933175,76.74615544954742,100,2,0.5
classification_entropy,mfeat_zernike,"samples=2,q=0.75",3.031695346372454,70.68623877711921,100,2,0.75
classification_entropy,mfeat_zernike,"samples=2,q=0.9",2.5930432248980564,64.83058688282262,100,2,0.9
classification_entropy,mfeat_zernike,"samples=2,q=0.95",2.4956549391540293,63.55712264857482,100,2,0.95
classification_entropy,mfeat_zernike,"samples=ln_n,q=0.5",5.112646121166131,75.76196535880607,100,ln_n,0.5
classification_entropy,mfeat_zernike,"samples=ln_n,q=0.75",2.7291582749667755,67.01846761202728,100,ln_n,0.75
classification_entropy,mfeat_zernike,"samples=ln_n,q=0.9",1.7709904375807217,56.63157292494883,100,ln_n,0.9
classification_entropy,mfeat_zernike,"samples=ln_n,q=0.95",2.147053557486711,51.741945983051465,100,ln_n,0.95
classification_entropy,mfeat_zernike,"samples=sqrt_n,q=0.5",4.492512846081842,78.58360999515583,100,sqrt_n,0.5
classification_entropy,mfeat_zernike,"samples=sqrt_n,q=0.75",3.2294381230137894,72.29067029665848,100,sqrt_n,0.75
classification_entropy,mfeat_zernike,"samples=sqrt_n,q=0.9",2.4670066602525855,63.60620324983084,100,sqrt_n,0.9
classification_entropy,mfeat_zernike,"samples=sqrt_n,q=0.95",2.642802820155532,60.929272803218744,100,sqrt_n,0.95
classification_entropy,mofn_3_7_10,"samples=0.1n,q=0.5",0.0,-36.806451612903224,100,0.1n,0.5
classification_entropy,mofn_3_7_10,"samples=0.1n,q=0.75",1.347952596427071,-67.25806451612904,100,0.1n,0.75
classification_entropy,mofn_3_7_10,"samples=0.1n,q=0.9",1.347952596427071,-67.25806451612904,100,0.1n,0.9
classification_entropy,mofn_3_7_10,"samples=0.1n,q=0.95",1.347952596427071,-67.25806451612904,100,0.1n,0.95
classification_entropy,mofn_3_7_10,"samples=10,q=0.5",0.0,-36.806451612903224,100,10,0.5
classification_entropy,mofn_3_7_10,"samples=10,q=0.75",1.347952596427071,-67.25806451612904,100,10,0.75
classification_entropy,mofn_3_7_10,"samples=10,q=0.9",1.347952596427071,-67.25806451612904,100,10,0.9
classification_entropy,mofn_3_7_10,"samples=10,q=0.95",1.347952596427071,-67.25806451612904,100,10,0.95
classification_entropy,mofn_3_7_10,"samples=2,q=0.5",0.0,-36.806451612903224,100,2,0.5
classification_entropy,mofn_3_7_10,"samples=2,q=0.75",1.347952596427071,-67.25806451612904,100,2,0.75
classification_entropy,mofn_3_7_10,"samples=2,q=0.9",1.347952596427071,-67.25806451612904,100,2,0.9
classification_entropy,mofn_3_7_10,"samples=2,q=0.95",1.347952596427071,-67.25806451612904,100,2,0.95
classification_entropy,mofn_3_7_10,"samples=ln_n,q=0.5",0.0,-36.806451612903224,100,ln_n,0.5
classification_entropy,mofn_3_7_10,"samples=ln_n,q=0.75",1.347952596427071,-67.25806451612904,100,ln_n,0.75
classification_entropy,mofn_3_7_10,"samples=ln_n,q=0.9",1.347952596427071,-67.25806451612904,100,ln_n,0.9
classification_entropy,mofn_3_7_10,"samples=ln_n,q=0.95",1.347952596427071,-67.25806451612904,100,ln_n,0.95
classification_entropy,mofn_3_7_10,"samples=sqrt_n,q=0.5",0.0,-36.806451612903224,100,sqrt_n,0.5
classification_entropy,mofn_3_7_10,"samples=sqrt_n,q=0.75",1.347952596427071,-67.25806451612904,100,sqrt_n,0.75
classification_entropy,mofn_3_7_10,"samples=sqrt_n,q=0.9",1.347952596427071,-67.25806451612904,100,sqrt_n,0.9
classification_entropy,mofn_3_7_10,"samples=sqrt_n,q=0.95",1.347952596427071,-67.25806451612904,100,sqrt_n,0.95
classification_entropy,molecular_biology_promoters,"samples=0.1n,q=0.5",-5.880093114983415,24.771490814245016,100,0.1n,0.5
classification_entropy,molecular_biology_promoters,"samples=0.1n,q=0.75",-5.5249384213847845,19.16564443886078,100,0.1n,0.75
classification_entropy,molecular_biology_promoters,"samples=0.1n,q=0.9",-5.5249384213847845,19.16564443886078,100,0.1n,0.9
classification_entropy,molecular_biology_promoters,"samples=0.1n,q=0.95",-5.5249384213847845,19.16564443886078,100,0.1n,0.95
classification_entropy,molecular_biology_promoters,"samples=10,q=0.5",-5.203536308294693,-4.455835962145116,100,10,0.5
classification_entropy,molecular_biology_promoters,"samples=10,q=0.75",-4.309113039469303,-6.1588336020444,100,10,0.75
classification_entropy,molecular_biology_promoters,"samples=10,q=0.9",-5.53395390822366,-10.902835399583498,100,10,0.9
classification_entropy,molecular_biology_promoters,"samples=10,q=0.95",-4.163195319609375,-24.742785038372894,100,10,0.95
classification_entropy,molecular_biology_promoters,"samples=2,q=0.5",-6.379795045793157,8.577621279482432,100,2,0.5
classification_entropy,molecular_biology_promoters,"samples=2,q=0.75",-5.686677257871231,5.932997643495202,100,2,0.75
classification_entropy,molecular_biology_promoters,"samples=2,q=0.9",-4.812678574423085,-3.3667621776504397,100,2,0.9
classification_entropy,molecular_biology_promoters,"samples=2,q=0.95",-4.702306024691271,-4.095605539494473,100,2,0.95
classification_entropy,molecular_biology_promoters,"samples=ln_n,q=0.5",-5.203536308294693,-4.455835962145116,100,ln_n,0.5
classification_entropy,molecular_biology_promoters,"samples=ln_n,q=0.75",-4.309113039469303,-6.1588336020444,100,ln_n,0.75
classification_entropy,molecular_biology_promoters,"samples=ln_n,q=0.9",-5.53395390822366,-10.902835399583498,100,ln_n,0.9
classification_entropy,molecular_biology_promoters,"samples=ln_n,q=0.95",-4.163195319609375,-24.742785038372894,100,ln_n,0.95
classification_entropy,molecular_biology_promoters,"samples=sqrt_n,q=0.5",-5.880093114983415,24.771490814245016,100,sqrt_n,0.5
classification_entropy,molecular_biology_promoters,"samples=sqrt_n,q=0.75",-5.5249384213847845,19.16564443886078,100,sqrt_n,0.75
classification_entropy,molecular_biology_promoters,"samples=sqrt_n,q=0.9",-5.5249384213847845,19.16564443886078,100,sqrt_n,0.9
classification_entropy,molecular_biology_promoters,"samples=sqrt_n,q=0.95",-5.5249384213847845,19.16564443886078,100,sqrt_n,0.95
classification_entropy,monk1,"samples=0.1n,q=0.5",1.4480190751377187,-45.63442645634426,100,0.1n,0.5
classification_entropy,monk1,"samples=0.1n,q=0.75",3.900126728246578,-84.30247855060905,100,0.1n,0.75
classification_entropy,monk1,"samples=0.1n,q=0.9",3.900126728246578,-84.30247855060905,100,0.1n,0.9
classification_entropy,monk1,"samples=0.1n,q=0.95",3.900126728246578,-84.30247855060905,100,0.1n,0.95
classification_entropy,monk1,"samples=10,q=0.5",1.35242037938465,-46.52670732524629,100,10,0.5
classification_entropy,monk1,"samples=10,q=0.75",2.8905388953643585,-80.6616661511496,100,10,0.75
classification_entropy,monk1,"samples=10,q=0.9",6.861847952838135,-147.65374159393332,100,10,0.9
classification_entropy,monk1,"samples=10,q=0.95",7.259860846043248,-166.5229119955157,100,10,0.95
classification_entropy,monk1,"samples=2,q=0.5",1.3536829107004378,-52.2842349075533,100,2,0.5
classification_entropy,monk1,"samples=2,q=0.75",2.8912450747093086,-84.8928462347711,100,2,0.75
classification_entropy,monk1,"samples=2,q=0.9",6.674090897055629,-161.9542841246291,100,2,0.9
classification_entropy,monk1,"samples=2,q=0.95",6.674090897055629,-161.9542841246291,100,2,0.95
classification_entropy,monk1,"samples=ln_n,q=0.5",1.35242037938465,-46.52670732524629,100,ln_n,0.5
classification_entropy,monk1,"samples=ln_n,q=0.75",2.8905388953643585,-80.6616661511496,100,ln_n,0.75
classification_entropy,monk1,"samples=ln_n,q=0.9",6.861847952838135,-147.65374159393332,100,ln_n,0.9
classification_entropy,monk1,"samples=ln_n,q=0.95",7.259860846043248,-166.5229119955157,100,ln_n,0.95
classification_entropy,monk1,"samples=sqrt_n,q=0.5",1.4480190751377187,-45.63442645634426,100,sqrt_n,0.5
classification_entropy,monk1,"samples=sqrt_n,q=0.75",3.900126728246578,-84.30247855060905,100,sqrt_n,0.75
classification_entropy,monk1,"samples=sqrt_n,q=0.9",3.900126728246578,-84.30247855060905,100,sqrt_n,0.9
classification_entropy,monk1,"samples=sqrt_n,q=0.95",3.900126728246578,-84.30247855060905,100,sqrt_n,0.95
classification_entropy,monk2,"samples=0.1n,q=0.5",-1.7294414479361087,-0.7951378237146534,100,0.1n,0.5
classification_entropy,monk2,"samples=0.1n,q=0.75",-0.992125404952432,-15.054668352902766,100,0.1n,0.75
classification_entropy,monk2,"samples=0.1n,q=0.9",-0.992125404952432,-15.054668352902766,100,0.1n,0.9
classification_entropy,monk2,"samples=0.1n,q=0.95",-0.992125404952432,-15.054668352902766,100,0.1n,0.95
classification_entropy,monk2,"samples=10,q=0.5",-1.3305289619217064,-16.689379092601285,100,10,0.5
classification_entropy,monk2,"samples=10,q=0.75",-0.7160500034755712,-29.516470097688817,100,10,0.75
classification_entropy,monk2,"samples=10,q=0.9",1.1603856478584529,-61.25973170439575,100,10,0.9
classification_entropy,monk2,"samples=10,q=0.95",1.9491500258516814,-69.95286537190853,100,10,0.95
classification_entropy,monk2,"samples=2,q=0.5",-1.3038121133908065,-13.007379183091262,100,2,0.5
classification_entropy,monk2,"samples=2,q=0.75",-1.0788969267101767,-23.162106491186485,100,2,0.75
classification_entropy,monk2,"samples=2,q=0.9",1.4725093618650154,-61.628938337344486,100,2,0.9
classification_entropy,monk2,"samples=2,q=0.95",1.4713691605500845,-61.628938337344486,100,2,0.95
classification_entropy,monk2,"samples=ln_n,q=0.5",-1.3305289619217064,-16.689379092601285,100,ln_n,0.5
classification_entropy,monk2,"samples=ln_n,q=0.75",-0.7160500034755712,-29.516470097688817,100,ln_n,0.75
classification_entropy,monk2,"samples=ln_n,q=0.9",1.1603856478584529,-61.25973170439575,100,ln_n,0.9
classification_entropy,monk2,"samples=ln_n,q=0.95",1.9491500258516814,-69.95286537190853,100,ln_n,0.95
classification_entropy,monk2,"samples=sqrt_n,q=0.5",-1.7294414479361087,-0.7951378237146534,100,sqrt_n,0.5
classification_entropy,monk2,"samples=sqrt_n,q=0.75",-0.992125404952432,-15.054668352902766,100,sqrt_n,0.75
classification_entropy,monk2,"samples=sqrt_n,q=0.9",-0.992125404952432,-15.054668352902766,100,sqrt_n,0.9
classification_entropy,monk2,"samples=sqrt_n,q=0.95",-0.992125404952432,-15.054668352902766,100,sqrt_n,0.95
classification_entropy,monk3,"samples=0.1n,q=0.5",0.0,-15.917838736872625,100,0.1n,0.5
classification_entropy,monk3,"samples=0.1n,q=0.75",-0.17933857529268127,-28.84990253411307,100,0.1n,0.75
classification_entropy,monk3,"samples=0.1n,q=0.9",-0.17933857529268127,-28.84990253411307,100,0.1n,0.9
classification_entropy,monk3,"samples=0.1n,q=0.95",-0.17933857529268127,-28.84990253411307,100,0.1n,0.95
classification_entropy,monk3,"samples=10,q=0.5",-0.0006885847281201674,-29.589765891135755,100,10,0.5
classification_entropy,monk3,"samples=10,q=0.75",-0.0011715860816607915,-35.84017120426637,100,10,0.75
classification_entropy,monk3,"samples=10,q=0.9",0.2736873882924873,-72.21135029354207,100,10,0.9
classification_entropy,monk3,"samples=10,q=0.95",1.0068957107601084,-98.53419698408882,100,10,0.95
classification_entropy,monk3,"samples=2,q=0.5",0.0,-28.55750487329436,100,2,0.5
classification_entropy,monk3,"samples=2,q=0.75",0.0014065121245798728,-35.38011695906434,100,2,0.75
classification_entropy,monk3,"samples=2,q=0.9",0.5423490800827546,-77.97270955165693,100,2,0.9
classification_entropy,monk3,"samples=2,q=0.95",0.5423490800827546,-77.97270955165693,100,2,0.95
classification_entropy,monk3,"samples=ln_n,q=0.5",-0.0006885847281201674,-29.589765891135755,100,ln_n,0.5
classification_entropy,monk3,"samples=ln_n,q=0.75",-0.0011715860816607915,-35.84017120426637,100,ln_n,0.75
classification_entropy,monk3,"samples=ln_n,q=0.9",0.2736873882924873,-72.21135029354207,100,ln_n,0.9
classification_entropy,monk3,"samples=ln_n,q=0.95",1.0068957107601084,-98.53419698408882,100,ln_n,0.95
classification_entropy,monk3,"samples=sqrt_n,q=0.5",0.0,-15.917838736872625,100,sqrt_n,0.5
classification_entropy,monk3,"samples=sqrt_n,q=0.75",-0.17933857529268127,-28.84990253411307,100,sqrt_n,0.75
classification_entropy,monk3,"samples=sqrt_n,q=0.9",-0.17933857529268127,-28.84990253411307,100,sqrt_n,0.9
classification_entropy,monk3,"samples=sqrt_n,q=0.95",-0.17933857529268127,-28.84990253411307,100,sqrt_n,0.95
classification_entropy,movement_libras,"samples=0.1n,q=0.5",1.425781563573958,71.29909523459199,100,0.1n,0.5
classification_entropy,movement_libras,"samples=0.1n,q=0.75",0.860139950826222,65.57581080997888,100,0.1n,0.75
classification_entropy,movement_libras,"samples=0.1n,q=0.9",1.0649534694942342,54.8074806109414,100,0.1n,0.9
classification_entropy,movement_libras,"samples=0.1n,q=0.95",0.19684234586839766,50.18435115417958,100,0.1n,0.95
classification_entropy,movement_libras,"samples=10,q=0.5",2.356421942303011,62.61557039443339,100,10,0.5
classification_entropy,movement_libras,"samples=10,q=0.75",1.6014293716569288,54.96567612667984,100,10,0.75
classification_entropy,movement_libras,"samples=10,q=0.9",1.2892632966162303,40.96441026460439,100,10,0.9
classification_entropy,movement_libras,"samples=10,q=0.95",0.6969183696802328,34.539772834222546,100,10,0.95
classification_entropy,movement_libras,"samples=2,q=0.5",1.4576294594887296,70.58596866478808,100,2,0.5
classification_entropy,movement_libras,"samples=2,q=0.75",1.169695527192327,64.73026441390505,100,2,0.75
classification_entropy,movement_libras,"samples=2,q=0.9",0.011647175637119478,57.510521774196576,100,2,0.9
classification_entropy,movement_libras,"samples=2,q=0.95",0.8042351433495964,55.54133784900361,100,2,0.95
classification_entropy,movement_libras,"samples=ln_n,q=0.5",2.056274357371965,66.6910394015074,100,ln_n,0.5
classification_entropy,movement_libras,"samples=ln_n,q=0.75",1.7814074040854195,58.17633824615794,100,ln_n,0.75
classification_entropy,movement_libras,"samples=ln_n,q=0.9",0.9074056557805465,46.19072191707396,100,ln_n,0.9
classification_entropy,movement_libras,"samples=ln_n,q=0.95",0.9143484900923926,41.076760992945,100,ln_n,0.95
classification_entropy,movement_libras,"samples=sqrt_n,q=0.5",1.0080481977411764,71.55146498245159,100,sqrt_n,0.5
classification_entropy,movement_libras,"samples=sqrt_n,q=0.75",0.9561870985570903,67.56375148390126,100,sqrt_n,0.75
classification_entropy,movement_libras,"samples=sqrt_n,q=0.9",0.9601149672099046,60.10264917492116,100,sqrt_n,0.9
classification_entropy,movement_libras,"samples=sqrt_n,q=0.95",0.2629397140813561,57.3036795333074,100,sqrt_n,0.95
classification_entropy,mushroom,"samples=0.1n,q=0.5",0.0,22.106164383561648,100,0.1n,0.5
classification_entropy,mushroom,"samples=0.1n,q=0.75",0.0,12.619863013698629,100,0.1n,0.75
classification_entropy,mushroom,"samples=0.1n,q=0.9",0.0,12.619863013698629,100,0.1n,0.9
classification_entropy,mushroom,"samples=0.1n,q=0.95",0.0,12.619863013698629,100,0.1n,0.95
classification_entropy,mushroom,"samples=10,q=0.5",0.0,-12.739726027397257,100,10,0.5
classification_entropy,mushroom,"samples=10,q=0.75",0.0,-21.421232876712338,100,10,0.75
classification_entropy,mushroom,"samples=10,q=0.9",0.0,-30.856164383561634,100,10,0.9
classification_entropy,mushroom,"samples=10,q=0.95",0.0,-36.678082191780824,100,10,0.95
classification_entropy,mushroom,"samples=2,q=0.5",0.0,8.13356164383562,100,2,0.5
classification_entropy,mushroom,"samples=2,q=0.75",0.0,5.410958904109597,100,2,0.75
classification_entropy,mushroom,"samples=2,q=0.9",0.0,-5.684931506849312,100,2,0.9
classification_entropy,mushroom,"samples=2,q=0.95",0.0,-8.065068493150696,100,2,0.95
classification_entropy,mushroom,"samples=ln_n,q=0.5",0.0,-14.931506849315056,100,ln_n,0.5
classification_entropy,mushroom,"samples=ln_n,q=0.75",0.0,-21.232876712328775,100,ln_n,0.75
classification_entropy,mushroom,"samples=ln_n,q=0.9",0.0,-32.38013698630138,100,ln_n,0.9
classification_entropy,mushroom,"samples=ln_n,q=0.95",0.0,-34.76027397260275,100,ln_n,0.95
classification_entropy,mushroom,"samples=sqrt_n,q=0.5",0.0,22.106164383561648,100,sqrt_n,0.5
classification_entropy,mushroom,"samples=sqrt_n,q=0.75",0.0,12.619863013698629,100,sqrt_n,0.75
classification_entropy,mushroom,"samples=sqrt_n,q=0.9",0.0,12.619863013698629,100,sqrt_n,0.9
classification_entropy,mushroom,"samples=sqrt_n,q=0.95",0.0,12.619863013698629,100,sqrt_n,0.95
classification_entropy,mux6,"samples=0.1n,q=0.5",0.0,-40.184049079754615,100,0.1n,0.5
classification_entropy,mux6,"samples=0.1n,q=0.75",0.0,-41.13141553194673,100,0.1n,0.75
classification_entropy,mux6,"samples=0.1n,q=0.9",0.0,-41.13141553194673,100,0.1n,0.9
classification_entropy,mux6,"samples=0.1n,q=0.95",0.0,-41.13141553194673,100,0.1n,0.95
classification_entropy,mux6,"samples=10,q=0.5",0.0,-40.184049079754615,100,10,0.5
classification_entropy,mux6,"samples=10,q=0.75",0.0,-41.13141553194673,100,10,0.75
classification_entropy,mux6,"samples=10,q=0.9",0.0,-41.13141553194673,100,10,0.9
classification_entropy,mux6,"samples=10,q=0.95",0.0,-41.13141553194673,100,10,0.95
classification_entropy,mux6,"samples=2,q=0.5",0.0,-40.184049079754615,100,2,0.5
classification_entropy,mux6,"samples=2,q=0.75",0.0,-41.13141553194673,100,2,0.75
classification_entropy,mux6,"samples=2,q=0.9",0.0,-41.13141553194673,100,2,0.9
classification_entropy,mux6,"samples=2,q=0.95",0.0,-41.13141553194673,100,2,0.95
classification_entropy,mux6,"samples=ln_n,q=0.5",0.0,-40.184049079754615,100,ln_n,0.5
classification_entropy,mux6,"samples=ln_n,q=0.75",0.0,-41.13141553194673,100,ln_n,0.75
classification_entropy,mux6,"samples=ln_n,q=0.9",0.0,-41.13141553194673,100,ln_n,0.9
classification_entropy,mux6,"samples=ln_n,q=0.95",0.0,-41.13141553194673,100,ln_n,0.95
classification_entropy,mux6,"samples=sqrt_n,q=0.5",0.0,-40.184049079754615,100,sqrt_n,0.5
classification_entropy,mux6,"samples=sqrt_n,q=0.75",0.0,-41.13141553194673,100,sqrt_n,0.75
classification_entropy,mux6,"samples=sqrt_n,q=0.9",0.0,-41.13141553194673,100,sqrt_n,0.9
classification_entropy,mux6,"samples=sqrt_n,q=0.95",0.0,-41.13141553194673,100,sqrt_n,0.95
classification_entropy,new_thyroid,"samples=0.1n,q=0.5",0.5307848232173951,45.29613406970101,100,0.1n,0.5
classification_entropy,new_thyroid,"samples=0.1n,q=0.75",-0.13790939674216407,41.66825366596839,100,0.1n,0.75
classification_entropy,new_thyroid,"samples=0.1n,q=0.9",0.2765053958392716,37.840411350219014,100,0.1n,0.9
classification_entropy,new_thyroid,"samples=0.1n,q=0.95",0.29465476055938744,34.51723481241669,100,0.1n,0.95
classification_entropy,new_thyroid,"samples=10,q=0.5",0.4698035068252504,33.13654541992002,100,10,0.5
classification_entropy,new_thyroid,"samples=10,q=0.75",0.12342997368208208,31.051228337459534,100,10,0.75
classification_entropy,new_thyroid,"samples=10,q=0.9",0.14865615766215812,26.680632260521808,100,10,0.9
classification_entropy,new_thyroid,"samples=10,q=0.95",0.24325222939961533,23.05275185678919,100,10,0.95
classification_entropy,new_thyroid,"samples=2,q=0.5",0.6435607166583701,45.34374404875262,100,2,0.5
classification_entropy,new_thyroid,"samples=2,q=0.75",0.46945402520351953,42.69662921348315,100,2,0.75
classification_entropy,new_thyroid,"samples=2,q=0.9",0.6135969288235288,38.64025899828604,100,2,0.9
classification_entropy,new_thyroid,"samples=2,q=0.95",0.7879383622591107,37.01199771472101,100,2,0.95
classification_entropy,new_thyroid,"samples=ln_n,q=0.5",0.3642349325435834,38.66882498571701,100,ln_n,0.5
classification_entropy,new_thyroid,"samples=ln_n,q=0.75",0.25121059383318434,36.45972195772234,100,ln_n,0.75
classification_entropy,new_thyroid,"samples=ln_n,q=0.9",0.26424325289039485,30.822700438011807,100,ln_n,0.9
classification_entropy,new_thyroid,"samples=ln_n,q=0.95",0.5164117727587292,28.013711673966867,100,ln_n,0.95
classification_entropy,new_thyroid,"samples=sqrt_n,q=0.5",0.42568935416031906,46.76252142449057,100,sqrt_n,0.5
classification_entropy,new_thyroid,"samples=sqrt_n,q=0.75",0.19372163403949538,43.4583888783089,100,sqrt_n,0.75
classification_entropy,new_thyroid,"samples=sqrt_n,q=0.9",0.4906830097721582,39.163968767853746,100,sqrt_n,0.9
classification_entropy,new_thyroid,"samples=sqrt_n,q=0.95",0.46717040223077655,37.945153304132546,100,sqrt_n,0.95
classification_entropy,nursery,"samples=0.1n,q=0.5",1.0936016947738492,-14.787930158836316,100,0.1n,0.5
classification_entropy,nursery,"samples=0.1n,q=0.75",2.445119900727005,-48.586913236680886,100,0.1n,0.75
classification_entropy,nursery,"samples=0.1n,q=0.9",2.445119900727005,-48.586913236680886,100,0.1n,0.9
classification_entropy,nursery,"samples=0.1n,q=0.95",2.445119900727005,-48.586913236680886,100,0.1n,0.95
classification_entropy,nursery,"samples=10,q=0.5",0.9176320804708704,-30.835493624619726,100,10,0.5
classification_entropy,nursery,"samples=10,q=0.75",1.9746449123098642,-58.83995873704575,100,10,0.75
classification_entropy,nursery,"samples=10,q=0.9",3.687720123055205,-109.35107981099013,100,10,0.9
classification_entropy,nursery,"samples=10,q=0.95",4.4058618137103105,-145.82801757066463,100,10,0.95
classification_entropy,nursery,"samples=2,q=0.5",0.9739170532629016,-25.623290637170058,100,2,0.5
classification_entropy,nursery,"samples=2,q=0.75",2.1239170701040146,-53.41905525574451,100,2,0.75
classification_entropy,nursery,"samples=2,q=0.9",4.0243918506977945,-118.18931165949826,100,2,0.9
classification_entropy,nursery,"samples=2,q=0.95",3.954727423601839,-119.66599310590755,100,2,0.95
classification_entropy,nursery,"samples=ln_n,q=0.5",0.9176320804708704,-30.835493624619726,100,ln_n,0.5
classification_entropy,nursery,"samples=ln_n,q=0.75",1.9746449123098642,-58.83995873704575,100,ln_n,0.75
classification_entropy,nursery,"samples=ln_n,q=0.9",3.687720123055205,-109.35107981099013,100,ln_n,0.9
classification_entropy,nursery,"samples=ln_n,q=0.95",4.4058618137103105,-145.82801757066463,100,ln_n,0.95
classification_entropy,nursery,"samples=sqrt_n,q=0.5",1.0936016947738492,-14.787930158836316,100,sqrt_n,0.5
classification_entropy,nursery,"samples=sqrt_n,q=0.75",2.445119900727005,-48.586913236680886,100,sqrt_n,0.75
classification_entropy,nursery,"samples=sqrt_n,q=0.9",2.445119900727005,-48.586913236680886,100,sqrt_n,0.9
classification_entropy,nursery,"samples=sqrt_n,q=0.95",2.445119900727005,-48.586913236680886,100,sqrt_n,0.95
classification_entropy,optdigits,"samples=0.1n,q=0.5",0.4471166362385759,40.32099323073528,100,0.1n,0.5
classification_entropy,optdigits,"samples=0.1n,q=0.75",0.48740782745715916,38.246942210463956,100,0.1n,0.75
classification_entropy,optdigits,"samples=0.1n,q=0.9",0.6339957909365757,35.37388717965457,100,0.1n,0.9
classification_entropy,optdigits,"samples=0.1n,q=0.95",0.7461380787874394,34.37999676489468,100,0.1n,0.95
classification_entropy,optdigits,"samples=10,q=0.5",0.704370313693331,7.78639600896755,100,10,0.5
classification_entropy,optdigits,"samples=10,q=0.75",0.4056834415116173,4.829121310321305,100,10,0.75
classification_entropy,optdigits,"samples=10,q=0.9",0.7712934906344338,-3.1310122333296997,100,10,0.9
classification_entropy,optdigits,"samples=10,q=0.95",1.891661548294954,-13.625297598497653,100,10,0.95
classification_entropy,optdigits,"samples=2,q=0.5",0.6581185951190061,34.534531825574845,100,2,0.5
classification_entropy,optdigits,"samples=2,q=0.75",0.516681973907146,32.19345067858944,100,2,0.75
classification_entropy,optdigits,"samples=2,q=0.9",0.816923436220357,25.762744114796536,100,2,0.9
classification_entropy,optdigits,"samples=2,q=0.95",1.041371977129124,23.304067068766386,100,2,0.95
classification_entropy,optdigits,"samples=ln_n,q=0.5",0.7239953868983184,9.991004707387024,100,ln_n,0.5
classification_entropy,optdigits,"samples=ln_n,q=0.75",0.22584048848472982,6.922389694652292,100,ln_n,0.75
classification_entropy,optdigits,"samples=ln_n,q=0.9",0.9432205724499321,-0.8778863183615981,100,ln_n,0.9
classification_entropy,optdigits,"samples=ln_n,q=0.95",1.9964157518273906,-10.95074485323071,100,ln_n,0.95
classification_entropy,optdigits,"samples=sqrt_n,q=0.5",0.5840056108670055,41.268838583733746,100,sqrt_n,0.5
classification_entropy,optdigits,"samples=sqrt_n,q=0.75",0.6081482559031515,39.27714002581945,100,sqrt_n,0.75
classification_entropy,optdigits,"samples=sqrt_n,q=0.9",0.6081482559031515,39.27714002581945,100,sqrt_n,0.9
classification_entropy,optdigits,"samples=sqrt_n,q=0.95",0.6081482559031515,39.27714002581945,100,sqrt_n,0.95
classification_entropy,page_blocks,"samples=0.1n,q=0.5",0.5614363901291941,62.68105855003851,100,0.1n,0.5
classification_entropy,page_blocks,"samples=0.1n,q=0.75",0.38589272461835855,57.59554993894381,100,0.1n,0.75
classification_entropy,page_blocks,"samples=0.1n,q=0.9",0.4045480329709583,53.66463456280632,100,0.1n,0.9
classification_entropy,page_blocks,"samples=0.1n,q=0.95",0.41521985695775476,51.09113904672007,100,0.1n,0.95
classification_entropy,page_blocks,"samples=10,q=0.5",0.5378768446793136,61.8710139004412,100,10,0.5
classification_entropy,page_blocks,"samples=10,q=0.75",0.42641378341329306,57.19809201897911,100,10,0.75
classification_entropy,page_blocks,"samples=10,q=0.9",0.3956277255025342,53.55962912983631,100,10,0.9
classification_entropy,page_blocks,"samples=10,q=0.95",0.42910421549792743,50.621283943963604,100,10,0.95
classification_entropy,page_blocks,"samples=2,q=0.5",0.46771305667541174,66.8564886900077,100,2,0.5
classification_entropy,page_blocks,"samples=2,q=0.75",0.444053746718609,63.47324017686374,100,2,0.75
classification_entropy,page_blocks,"samples=2,q=0.9",0.4332901643014364,61.146078270197144,100,2,0.9
classification_entropy,page_blocks,"samples=2,q=0.95",0.5067742824216237,59.48803375577283,100,2,0.95
classification_entropy,page_blocks,"samples=ln_n,q=0.5",0.5794222979822183,63.180812403452926,100,ln_n,0.5
classification_entropy,page_blocks,"samples=ln_n,q=0.75",0.49662442216077407,58.69970775534879,100,ln_n,0.75
classification_entropy,page_blocks,"samples=ln_n,q=0.9",0.4279237433455818,54.59067057177934,100,ln_n,0.9
classification_entropy,page_blocks,"samples=ln_n,q=0.95",0.41892383869687744,51.43648744401113,100,ln_n,0.95
classification_entropy,page_blocks,"samples=sqrt_n,q=0.5",0.4743778655879105,66.46946535321082,100,sqrt_n,0.5
classification_entropy,page_blocks,"samples=sqrt_n,q=0.75",0.49445898016289846,63.50916987266263,100,sqrt_n,0.75
classification_entropy,page_blocks,"samples=sqrt_n,q=0.9",0.5485804891046497,60.61208449867031,100,sqrt_n,0.9
classification_entropy,page_blocks,"samples=sqrt_n,q=0.95",0.47257534082617014,58.233321181088584,100,sqrt_n,0.95
classification_entropy,parity5,"samples=0.1n,q=0.5",0.0,-53.63247863247864,100,0.1n,0.5
classification_entropy,parity5,"samples=0.1n,q=0.75",0.0,-54.27350427350428,100,0.1n,0.75
classification_entropy,parity5,"samples=0.1n,q=0.9",0.0,-54.27350427350428,100,0.1n,0.9
classification_entropy,parity5,"samples=0.1n,q=0.95",0.0,-54.27350427350428,100,0.1n,0.95
classification_entropy,parity5,"samples=10,q=0.5",0.0,-53.63247863247864,100,10,0.5
classification_entropy,parity5,"samples=10,q=0.75",0.0,-54.27350427350428,100,10,0.75
classification_entropy,parity5,"samples=10,q=0.9",0.0,-54.27350427350428,100,10,0.9
classification_entropy,parity5,"samples=10,q=0.95",0.0,-54.27350427350428,100,10,0.95
classification_entropy,parity5,"samples=2,q=0.5",0.0,-53.63247863247864,100,2,0.5
classification_entropy,parity5,"samples=2,q=0.75",0.0,-54.27350427350428,100,2,0.75
classification_entropy,parity5,"samples=2,q=0.9",0.0,-54.27350427350428,100,2,0.9
classification_entropy,parity5,"samples=2,q=0.95",0.0,-54.27350427350428,100,2,0.95
classification_entropy,parity5,"samples=ln_n,q=0.5",0.0,-53.63247863247864,100,ln_n,0.5
classification_entropy,parity5,"samples=ln_n,q=0.75",0.0,-54.27350427350428,100,ln_n,0.75
classification_entropy,parity5,"samples=ln_n,q=0.9",0.0,-54.27350427350428,100,ln_n,0.9
classification_entropy,parity5,"samples=ln_n,q=0.95",0.0,-54.27350427350428,100,ln_n,0.95
classification_entropy,parity5,"samples=sqrt_n,q=0.5",0.0,-53.63247863247864,100,sqrt_n,0.5
classification_entropy,parity5,"samples=sqrt_n,q=0.75",0.0,-54.27350427350428,100,sqrt_n,0.75
classification_entropy,parity5,"samples=sqrt_n,q=0.9",0.0,-54.27350427350428,100,sqrt_n,0.9
classification_entropy,parity5,"samples=sqrt_n,q=0.95",0.0,-54.27350427350428,100,sqrt_n,0.95
classification_entropy,parity5+5,"samples=0.1n,q=0.5",-2.0379094093428307,-42.63030728628527,100,0.1n,0.5
classification_entropy,parity5+5,"samples=0.1n,q=0.75",-7.624608526878795,-34.57203818159914,100,0.1n,0.75
classification_entropy,parity5+5,"samples=0.1n,q=0.9",-7.624608526878795,-34.57203818159914,100,0.1n,0.9
classification_entropy,parity5+5,"samples=0.1n,q=0.95",-7.624608526878795,-34.57203818159914,100,0.1n,0.95
classification_entropy,parity5+5,"samples=10,q=0.5",-2.0379094093428307,-42.63030728628527,100,10,0.5
classification_entropy,parity5+5,"samples=10,q=0.75",-7.624608526878795,-34.57203818159914,100,10,0.75
classification_entropy,parity5+5,"samples=10,q=0.9",-7.624608526878795,-34.57203818159914,100,10,0.9
classification_entropy,parity5+5,"samples=10,q=0.95",-7.624608526878795,-34.57203818159914,100,10,0.95
classification_entropy,parity5+5,"samples=2,q=0.5",-2.0379094093428307,-42.63030728628527,100,2,0.5
classification_entropy,parity5+5,"samples=2,q=0.75",-7.624608526878795,-34.57203818159914,100,2,0.75
classification_entropy,parity5+5,"samples=2,q=0.9",-7.624608526878795,-34.57203818159914,100,2,0.9
classification_entropy,parity5+5,"samples=2,q=0.95",-7.624608526878795,-34.57203818159914,100,2,0.95
classification_entropy,parity5+5,"samples=ln_n,q=0.5",-2.0379094093428307,-42.63030728628527,100,ln_n,0.5
classification_entropy,parity5+5,"samples=ln_n,q=0.75",-7.624608526878795,-34.57203818159914,100,ln_n,0.75
classification_entropy,parity5+5,"samples=ln_n,q=0.9",-7.624608526878795,-34.57203818159914,100,ln_n,0.9
classification_entropy,parity5+5,"samples=ln_n,q=0.95",-7.624608526878795,-34.57203818159914,100,ln_n,0.95
classification_entropy,parity5+5,"samples=sqrt_n,q=0.5",-2.0379094093428307,-42.63030728628527,100,sqrt_n,0.5
classification_entropy,parity5+5,"samples=sqrt_n,q=0.75",-7.624608526878795,-34.57203818159914,100,sqrt_n,0.75
classification_entropy,parity5+5,"samples=sqrt_n,q=0.9",-7.624608526878795,-34.57203818159914,100,sqrt_n,0.9
classification_entropy,parity5+5,"samples=sqrt_n,q=0.95",-7.624608526878795,-34.57203818159914,100,sqrt_n,0.95
classification_entropy,pendigits,"samples=0.1n,q=0.5",0.8781214392610093,51.08690095558685,100,0.1n,0.5
classification_entropy,pendigits,"samples=0.1n,q=0.75",0.635783167874282,45.8289854842587,100,0.1n,0.75
classification_entropy,pendigits,"samples=0.1n,q=0.9",0.5440841443532518,40.32879366994612,100,0.1n,0.9
classification_entropy,pendigits,"samples=0.1n,q=0.95",0.700952857409276,36.28196705459786,100,0.1n,0.95
classification_entropy,pendigits,"samples=10,q=0.5",0.8737843082800512,40.36769386372863,100,10,0.5
classification_entropy,pendigits,"samples=10,q=0.75",0.5229273332428397,34.857145956969504,100,10,0.75
classification_entropy,pendigits,"samples=10,q=0.9",0.4807656706866448,29.379991696703765,100,10,0.9
classification_entropy,pendigits,"samples=10,q=0.95",0.7773317005773495,23.69255048534634,100,10,0.95
classification_entropy,pendigits,"samples=2,q=0.5",0.7518857900514819,51.642614599653406,100,2,0.5
classification_entropy,pendigits,"samples=2,q=0.75",0.5608063804263763,48.156270796812606,100,2,0.75
classification_entropy,pendigits,"samples=2,q=0.9",0.6829989821332094,43.478233423720184,100,2,0.9
classification_entropy,pendigits,"samples=2,q=0.95",0.8084856687914144,41.011660640361015,100,2,0.95
classification_entropy,pendigits,"samples=ln_n,q=0.5",0.8857392380772933,41.68277046754977,100,ln_n,0.5
classification_entropy,pendigits,"samples=ln_n,q=0.75",0.5015520667751017,36.32108315714681,100,ln_n,0.75
classification_entropy,pendigits,"samples=ln_n,q=0.9",0.4840151431171391,30.87434262276974,100,ln_n,0.9
classification_entropy,pendigits,"samples=ln_n,q=0.95",0.7748378491598762,25.17882702993635,100,ln_n,0.95
classification_entropy,pendigits,"samples=sqrt_n,q=0.5",0.7212107992562167,53.949067180288935,100,sqrt_n,0.5
classification_entropy,pendigits,"samples=sqrt_n,q=0.75",0.7835216187711547,53.19448915245187,100,sqrt_n,0.75
classification_entropy,pendigits,"samples=sqrt_n,q=0.9",0.7835216187711547,53.19448915245187,100,sqrt_n,0.9
classification_entropy,pendigits,"samples=sqrt_n,q=0.95",0.7835216187711547,53.19448915245187,100,sqrt_n,0.95
classification_entropy,penguins,"samples=0.1n,q=0.5",0.3364795310244806,41.39342229433585,100,0.1n,0.5
classification_entropy,penguins,"samples=0.1n,q=0.75",0.2913405267602698,38.368035892679366,100,0.1n,0.75
classification_entropy,penguins,"samples=0.1n,q=0.9",0.5128702179132416,32.66942013567005,100,0.1n,0.9
classification_entropy,penguins,"samples=0.1n,q=0.95",0.32201487831188813,28.433501443235098,100,0.1n,0.95
classification_entropy,penguins,"samples=10,q=0.5",0.4667377096455927,31.612632586149626,100,10,0.5
classification_entropy,penguins,"samples=10,q=0.75",0.3309890927032155,28.332257853566436,100,10,0.75
classification_entropy,penguins,"samples=10,q=0.9",0.012222169456249654,23.98749985088042,100,10,0.9
classification_entropy,penguins,"samples=10,q=0.95",0.560212486637246,17.787114845938376,100,10,0.95
classification_entropy,penguins,"samples=2,q=0.5",0.3394696517372231,42.8138335673299,100,2,0.5
classification_entropy,penguins,"samples=2,q=0.75",0.31654253024894774,39.99688376441259,100,2,0.75
classification_entropy,penguins,"samples=2,q=0.9",0.2971206104279811,36.60365346076097,100,2,0.9
classification_entropy,penguins,"samples=2,q=0.95",0.7325487065233505,32.63781519734503,100,2,0.95
classification_entropy,penguins,"samples=ln_n,q=0.5",0.2987139260394511,36.57245350999992,100,ln_n,0.5
classification_entropy,penguins,"samples=ln_n,q=0.75",0.26844659922872216,32.89442463835617,100,ln_n,0.75
classification_entropy,penguins,"samples=ln_n,q=0.9",0.30671015954389924,28.407851139069685,100,ln_n,0.9
classification_entropy,penguins,"samples=ln_n,q=0.95",0.3264647938424903,23.241135834606514,100,ln_n,0.95
classification_entropy,penguins,"samples=sqrt_n,q=0.5",0.26722796245374214,44.137124709592044,100,sqrt_n,0.5
classification_entropy,penguins,"samples=sqrt_n,q=0.75",0.3055868821469798,41.80484567210085,100,sqrt_n,0.75
classification_entropy,penguins,"samples=sqrt_n,q=0.9",0.3071140360021041,37.659707073854776,100,sqrt_n,0.9
classification_entropy,penguins,"samples=sqrt_n,q=0.95",0.30802533131956134,33.45524041131982,100,sqrt_n,0.95
classification_entropy,phoneme,"samples=0.1n,q=0.5",1.200171770630637,57.59480098833144,100,0.1n,0.5
classification_entropy,phoneme,"samples=0.1n,q=0.75",0.8190524751752915,51.136229654578635,100,0.1n,0.75
classification_entropy,phoneme,"samples=0.1n,q=0.9",0.8159153030135813,44.60049591417875,100,0.1n,0.9
classification_entropy,phoneme,"samples=0.1n,q=0.95",0.6758995906148146,41.20224729247379,100,0.1n,0.95
classification_entropy,phoneme,"samples=10,q=0.5",1.2183687888761285,55.82934507798035,100,10,0.5
classification_entropy,phoneme,"samples=10,q=0.75",0.798614696208777,49.15864372092909,100,10,0.75
classification_entropy,phoneme,"samples=10,q=0.9",0.7761098913689091,43.43053997710757,100,10,0.9
classification_entropy,phoneme,"samples=10,q=0.95",0.7514759441781649,39.9730748378298,100,10,0.95
classification_entropy,phoneme,"samples=2,q=0.5",1.0977507218768279,60.625292768796214,100,2,0.5
classification_entropy,phoneme,"samples=2,q=0.75",1.0027534935783011,56.56459601230577,100,2,0.75
classification_entropy,phoneme,"samples=2,q=0.9",1.0586055362183155,52.91761137749801,100,2,0.9
classification_entropy,phoneme,"samples=2,q=0.95",1.0020472369825006,51.62818349653146,100,2,0.95
classification_entropy,phoneme,"samples=ln_n,q=0.5",1.1478244643494673,56.50956021344177,100,ln_n,0.5
classification_entropy,phoneme,"samples=ln_n,q=0.75",0.841455964960941,49.91658117031727,100,ln_n,0.75
classification_entropy,phoneme,"samples=ln_n,q=0.9",0.6425950808487735,43.883752034781324,100,ln_n,0.9
classification_entropy,phoneme,"samples=ln_n,q=0.95",0.7237560555904021,40.43612456761857,100,ln_n,0.95
classification_entropy,phoneme,"samples=sqrt_n,q=0.5",1.1007480107201206,61.47302894002763,100,sqrt_n,0.5
classification_entropy,phoneme,"samples=sqrt_n,q=0.75",0.9642032608448758,56.59426116113875,100,sqrt_n,0.75
classification_entropy,phoneme,"samples=sqrt_n,q=0.9",0.9979798417007579,51.7628615930893,100,sqrt_n,0.9
classification_entropy,phoneme,"samples=sqrt_n,q=0.95",0.9578161361092963,50.273992220572985,100,sqrt_n,0.95
classification_entropy,postoperative_patient_data,"samples=0.1n,q=0.5",-1.2692964123998618,-17.911242036449483,100,0.1n,0.5
classification_entropy,postoperative_patient_data,"samples=0.1n,q=0.75",-1.4311988685414778,-19.85423455842571,100,0.1n,0.75
classification_entropy,postoperative_patient_data,"samples=0.1n,q=0.9",-1.4311988685414778,-19.85423455842571,100,0.1n,0.9
classification_entropy,postoperative_patient_data,"samples=0.1n,q=0.95",-1.4311988685414778,-19.85423455842571,100,0.1n,0.95
classification_entropy,postoperative_patient_data,"samples=10,q=0.5",-1.1486800293088295,-29.517292981154508,100,10,0.5
classification_entropy,postoperative_patient_data,"samples=10,q=0.75",-1.70475268477297,-30.842726134205957,100,10,0.75
classification_entropy,postoperative_patient_data,"samples=10,q=0.9",-1.3194808159311233,-33.7084764742245,100,10,0.9
classification_entropy,postoperative_patient_data,"samples=10,q=0.95",-1.3204126652402504,-33.98880943723993,100,10,0.95
classification_entropy,postoperative_patient_data,"samples=2,q=0.5",-0.8272899113826726,-27.568765227216552,100,2,0.5
classification_entropy,postoperative_patient_data,"samples=2,q=0.75",-1.3124294231799283,-29.131724574292328,100,2,0.75
classification_entropy,postoperative_patient_data,"samples=2,q=0.9",-1.4655880767627583,-32.808982806268475,100,2,0.9
classification_entropy,postoperative_patient_data,"samples=2,q=0.95",-1.4655880767627583,-32.808982806268475,100,2,0.95
classification_entropy,postoperative_patient_data,"samples=ln_n,q=0.5",-1.1486800293088295,-29.517292981154508,100,ln_n,0.5
classification_entropy,postoperative_patient_data,"samples=ln_n,q=0.75",-1.70475268477297,-30.842726134205957,100,ln_n,0.75
classification_entropy,postoperative_patient_data,"samples=ln_n,q=0.9",-1.3194808159311233,-33.7084764742245,100,ln_n,0.9
classification_entropy,postoperative_patient_data,"samples=ln_n,q=0.95",-1.3204126652402504,-33.98880943723993,100,ln_n,0.95
classification_entropy,postoperative_patient_data,"samples=sqrt_n,q=0.5",-1.2692964123998618,-17.911242036449483,100,sqrt_n,0.5
classification_entropy,postoperative_patient_data,"samples=sqrt_n,q=0.75",-1.4311988685414778,-19.85423455842571,100,sqrt_n,0.75
classification_entropy,postoperative_patient_data,"samples=sqrt_n,q=0.9",-1.4311988685414778,-19.85423455842571,100,sqrt_n,0.9
classification_entropy,postoperative_patient_data,"samples=sqrt_n,q=0.95",-1.4311988685414778,-19.85423455842571,100,sqrt_n,0.95
classification_entropy,prnn_crabs,"samples=0.1n,q=0.5",9.618763241656907,45.380029806259316,100,0.1n,0.5
classification_entropy,prnn_crabs,"samples=0.1n,q=0.75",7.0664841192794485,41.64437484647979,100,0.1n,0.75
classification_entropy,prnn_crabs,"samples=0.1n,q=0.9",6.378512313721651,36.52539605622176,100,0.1n,0.9
classification_entropy,prnn_crabs,"samples=0.1n,q=0.95",6.550835736558907,33.67664403678508,100,0.1n,0.95
classification_entropy,prnn_crabs,"samples=10,q=0.5",9.007472552773171,32.90096406660824,100,10,0.5
classification_entropy,prnn_crabs,"samples=10,q=0.75",3.996061886692881,28.211422372611743,100,10,0.75
classification_entropy,prnn_crabs,"samples=10,q=0.9",2.9261819153148516,23.767368576900555,100,10,0.9
classification_entropy,prnn_crabs,"samples=10,q=0.95",4.915392269165286,21.172798012076015,100,10,0.95
classification_entropy,prnn_crabs,"samples=2,q=0.5",8.799779273989056,46.198001258049416,100,2,0.5
classification_entropy,prnn_crabs,"samples=2,q=0.75",6.416345775317167,43.07186678352323,100,2,0.75
classification_entropy,prnn_crabs,"samples=2,q=0.9",6.470315942636917,39.46618529283839,100,2,0.9
classification_entropy,prnn_crabs,"samples=2,q=0.95",6.519781173387845,37.57723185641733,100,2,0.95
classification_entropy,prnn_crabs,"samples=ln_n,q=0.5",8.781751917573892,41.28938271293816,100,ln_n,0.5
classification_entropy,prnn_crabs,"samples=ln_n,q=0.75",5.915935944909901,36.17077233277813,100,ln_n,0.75
classification_entropy,prnn_crabs,"samples=ln_n,q=0.9",6.350948410876228,31.41104294478528,100,ln_n,0.9
classification_entropy,prnn_crabs,"samples=ln_n,q=0.95",5.613902770528629,28.220194681879224,100,ln_n,0.95
classification_entropy,prnn_crabs,"samples=sqrt_n,q=0.5",9.863263324066573,47.57417624231995,100,sqrt_n,0.5
classification_entropy,prnn_crabs,"samples=sqrt_n,q=0.75",8.244458595804971,43.83273428596476,100,sqrt_n,0.75
classification_entropy,prnn_crabs,"samples=sqrt_n,q=0.9",6.310040791843502,40.031534214080615,100,sqrt_n,0.9
classification_entropy,prnn_crabs,"samples=sqrt_n,q=0.95",4.495613923974878,37.66928636082815,100,sqrt_n,0.95
classification_entropy,prnn_synth,"samples=0.1n,q=0.5",0.5851774857926206,30.48372618134539,100,0.1n,0.5
classification_entropy,prnn_synth,"samples=0.1n,q=0.75",0.8079083897050088,27.90861120805345,100,0.1n,0.75
classification_entropy,prnn_synth,"samples=0.1n,q=0.9",0.3976028954234101,24.305532808601235,100,0.1n,0.9
classification_entropy,prnn_synth,"samples=0.1n,q=0.95",0.7558798542205369,21.672058050935295,100,0.1n,0.95
classification_entropy,prnn_synth,"samples=10,q=0.5",0.7375660656157412,21.122961970818004,100,10,0.5
classification_entropy,prnn_synth,"samples=10,q=0.75",1.226684459544386,19.319706583538615,100,10,0.75
classification_entropy,prnn_synth,"samples=10,q=0.9",0.8284864546897586,15.979032971720336,100,10,0.9
classification_entropy,prnn_synth,"samples=10,q=0.95",0.7373191228929155,13.23135766738921,100,10,0.95
classification_entropy,prnn_synth,"samples=2,q=0.5",0.35150079388087674,33.22418667532655,100,2,0.5
classification_entropy,prnn_synth,"samples=2,q=0.75",0.43038891997177475,31.303073689688084,100,2,0.75
classification_entropy,prnn_synth,"samples=2,q=0.9",0.7267618294076461,26.308801573752447,100,2,0.9
classification_entropy,prnn_synth,"samples=2,q=0.95",0.7689382870910144,23.449706236532514,100,2,0.95
classification_entropy,prnn_synth,"samples=ln_n,q=0.5",0.7804938237098269,27.16720841532004,100,ln_n,0.5
classification_entropy,prnn_synth,"samples=ln_n,q=0.75",0.8190976948490858,24.81051291741111,100,ln_n,0.75
classification_entropy,prnn_synth,"samples=ln_n,q=0.9",0.6302952896266867,20.485426858250428,100,ln_n,0.9
classification_entropy,prnn_synth,"samples=ln_n,q=0.95",1.1087411157619242,16.782283963241632,100,ln_n,0.95
classification_entropy,prnn_synth,"samples=sqrt_n,q=0.5",0.7799853307973281,32.29333684436382,100,sqrt_n,0.5
classification_entropy,prnn_synth,"samples=sqrt_n,q=0.75",0.7570717919891778,29.335981243001115,100,sqrt_n,0.75
classification_entropy,prnn_synth,"samples=sqrt_n,q=0.9",0.3779351839852785,27.146984928706313,100,sqrt_n,0.9
classification_entropy,prnn_synth,"samples=sqrt_n,q=0.95",0.3577130729142841,24.555588306077357,100,sqrt_n,0.95
classification_entropy,profb,"samples=0.1n,q=0.5",-0.21910718599135737,46.535970718978525,100,0.1n,0.5
classification_entropy,profb,"samples=0.1n,q=0.75",-0.5881808317486137,44.01897756433608,100,0.1n,0.75
classification_entropy,profb,"samples=0.1n,q=0.9",-0.4616662099474145,42.020939092654515,100,0.1n,0.9
classification_entropy,profb,"samples=0.1n,q=0.95",-0.646158991732898,41.24689240771659,100,0.1n,0.95
classification_entropy,profb,"samples=10,q=0.5",-0.16375295971208792,22.39480873717019,100,10,0.5
classification_entropy,profb,"samples=10,q=0.75",-0.34016083770010974,17.44758825122767,100,10,0.75
classification_entropy,profb,"samples=10,q=0.9",-0.6164401312716783,12.586841354939033,100,10,0.9
classification_entropy,profb,"samples=10,q=0.95",-1.2101029541727593,9.628321225608062,100,10,0.95
classification_entropy,profb,"samples=2,q=0.5",-0.7934326477050446,41.55276606809025,100,2,0.5
classification_entropy,profb,"samples=2,q=0.75",-0.1908371615797655,39.482798952444256,100,2,0.75
classification_entropy,profb,"samples=2,q=0.9",-0.9860699793585004,34.31615774631889,100,2,0.9
classification_entropy,profb,"samples=2,q=0.95",-0.599682075783059,33.77788658845488,100,2,0.95
classification_entropy,profb,"samples=ln_n,q=0.5",-0.6140074430056708,27.504410868244648,100,ln_n,0.5
classification_entropy,profb,"samples=ln_n,q=0.75",-0.5685623179730204,22.777984428061963,100,ln_n,0.75
classification_entropy,profb,"samples=ln_n,q=0.9",-0.9205652201957515,17.863395507797197,100,ln_n,0.9
classification_entropy,profb,"samples=ln_n,q=0.95",-0.6294287251524366,14.878915345899223,100,ln_n,0.95
classification_entropy,profb,"samples=sqrt_n,q=0.5",-0.32664281747834534,48.18901224084195,100,sqrt_n,0.5
classification_entropy,profb,"samples=sqrt_n,q=0.75",-0.4316605349825198,46.49530345015346,100,sqrt_n,0.75
classification_entropy,profb,"samples=sqrt_n,q=0.9",-0.44131684167534324,46.669515400546175,100,sqrt_n,0.9
classification_entropy,profb,"samples=sqrt_n,q=0.95",-0.4316605349825198,46.58048215064309,100,sqrt_n,0.95
classification_entropy,ring,"samples=0.1n,q=0.5",0.548049948896584,83.1021086625363,100,0.1n,0.5
classification_entropy,ring,"samples=0.1n,q=0.75",0.044874967974634083,76.26104583910785,100,0.1n,0.75
classification_entropy,ring,"samples=0.1n,q=0.9",-0.2994053875771896,70.09540514787591,100,0.1n,0.9
classification_entropy,ring,"samples=0.1n,q=0.95",-0.36838488587324636,66.53482873961718,100,0.1n,0.95
classification_entropy,ring,"samples=10,q=0.5",0.4781796594228227,84.88962232447972,100,10,0.5
classification_entropy,ring,"samples=10,q=0.75",-0.10531194130636301,77.86324616001826,100,10,0.75
classification_entropy,ring,"samples=10,q=0.9",-0.3852938325403399,71.20036278512855,100,10,0.9
classification_entropy,ring,"samples=10,q=0.95",-0.36824265606759665,66.53227091168154,100,10,0.95
classification_entropy,ring,"samples=2,q=0.5",0.3308158063677069,84.67747093329376,100,2,0.5
classification_entropy,ring,"samples=2,q=0.75",-0.0376594432581534,80.01572049107685,100,2,0.75
classification_entropy,ring,"samples=2,q=0.9",-0.1858860613319302,74.82567577173931,100,2,0.9
classification_entropy,ring,"samples=2,q=0.95",-0.14975356594633116,73.76547674770285,100,2,0.95
classification_entropy,ring,"samples=ln_n,q=0.5",0.5410730991432078,84.9915230820965,100,ln_n,0.5
classification_entropy,ring,"samples=ln_n,q=0.75",-0.023435639147129095,77.82468978353947,100,ln_n,0.75
classification_entropy,ring,"samples=ln_n,q=0.9",-0.2888546249645463,71.31358275566204,100,ln_n,0.9
classification_entropy,ring,"samples=ln_n,q=0.95",-0.275350664119145,66.76671407706681,100,ln_n,0.95
classification_entropy,ring,"samples=sqrt_n,q=0.5",0.38969363107607125,85.7554051790608,100,sqrt_n,0.5
classification_entropy,ring,"samples=sqrt_n,q=0.75",-0.009102888371192996,79.69901503805696,100,sqrt_n,0.75
classification_entropy,ring,"samples=sqrt_n,q=0.9",-0.14580778093706281,74.96747469825875,100,sqrt_n,0.9
classification_entropy,ring,"samples=sqrt_n,q=0.95",-0.26918215636946297,71.4737991663836,100,sqrt_n,0.95
classification_entropy,saheart,"samples=0.1n,q=0.5",-0.49305703769944587,60.33523807536534,100,0.1n,0.5
classification_entropy,saheart,"samples=0.1n,q=0.75",-0.3505790599246661,56.01027119856383,100,0.1n,0.75
classification_entropy,saheart,"samples=0.1n,q=0.9",-0.5243961137335551,51.64230072995005,100,0.1n,0.9
classification_entropy,saheart,"samples=0.1n,q=0.95",-0.4289199636021257,49.90392288858976,100,0.1n,0.95
classification_entropy,saheart,"samples=10,q=0.5",-0.017883649293931603,50.222829028453525,100,10,0.5
classification_entropy,saheart,"samples=10,q=0.75",0.09548306576832033,45.140402648567544,100,10,0.75
classification_entropy,saheart,"samples=10,q=0.9",-0.4468352152141808,39.38907119024499,100,10,0.9
classification_entropy,saheart,"samples=10,q=0.95",-0.3838791699024957,36.95581936238416,100,10,0.95
classification_entropy,saheart,"samples=2,q=0.5",-0.4458547321191608,60.824126450494774,100,2,0.5
classification_entropy,saheart,"samples=2,q=0.75",-0.4766932273575164,57.51832076101654,100,2,0.75
classification_entropy,saheart,"samples=2,q=0.9",-0.5105052323591319,53.22923249405671,100,2,0.9
classification_entropy,saheart,"samples=2,q=0.95",-0.18062390367425407,52.21658031440242,100,2,0.95
classification_entropy,saheart,"samples=ln_n,q=0.5",-0.19906702471311766,55.6768870598456,100,ln_n,0.5
classification_entropy,saheart,"samples=ln_n,q=0.75",-0.352739909021188,48.41512919848462,100,ln_n,0.75
classification_entropy,saheart,"samples=ln_n,q=0.9",-0.2158766871410478,43.52460109565743,100,ln_n,0.9
classification_entropy,saheart,"samples=ln_n,q=0.95",-0.24524823098670545,41.60670705297377,100,ln_n,0.95
classification_entropy,saheart,"samples=sqrt_n,q=0.5",-0.3658149400068367,62.455315920266486,100,sqrt_n,0.5
classification_entropy,saheart,"samples=sqrt_n,q=0.75",-0.3350467305970606,59.482771840138554,100,sqrt_n,0.75
classification_entropy,saheart,"samples=sqrt_n,q=0.9",-0.6588133039587718,57.10544655453774,100,sqrt_n,0.9
classification_entropy,saheart,"samples=sqrt_n,q=0.95",-0.25824144735305254,55.75166622983776,100,sqrt_n,0.95
classification_entropy,satimage,"samples=0.1n,q=0.5",0.6647230816957561,58.341821899931276,100,0.1n,0.5
classification_entropy,satimage,"samples=0.1n,q=0.75",0.34951081747179313,53.8392126596504,100,0.1n,0.75
classification_entropy,satimage,"samples=0.1n,q=0.9",0.2869205696889421,49.80355137785644,100,0.1n,0.9
classification_entropy,satimage,"samples=0.1n,q=0.95",0.26055948623575076,48.08598729554282,100,0.1n,0.95
classification_entropy,satimage,"samples=10,q=0.5",0.7125125527159326,36.477778878060946,100,10,0.5
classification_entropy,satimage,"samples=10,q=0.75",0.4043101661821924,30.035705630315128,100,10,0.75
classification_entropy,satimage,"samples=10,q=0.9",0.035469313346259135,23.078557708314065,100,10,0.9
classification_entropy,satimage,"samples=10,q=0.95",0.13649213369139046,19.16509404644553,100,10,0.95
classification_entropy,satimage,"samples=2,q=0.5",0.5116737032933694,55.12469225825072,100,2,0.5
classification_entropy,satimage,"samples=2,q=0.75",0.2738850874417609,51.06015032499418,100,2,0.75
classification_entropy,satimage,"samples=2,q=0.9",0.36394258793438494,45.280717312625534,100,2,0.9
classification_entropy,satimage,"samples=2,q=0.95",0.24876854479484178,43.895369353438035,100,2,0.95
classification_entropy,satimage,"samples=ln_n,q=0.5",0.8250498212101665,38.10825584534478,100,ln_n,0.5
classification_entropy,satimage,"samples=ln_n,q=0.75",0.35095557168254854,31.576337434536697,100,ln_n,0.75
classification_entropy,satimage,"samples=ln_n,q=0.9",0.08064393981005447,24.538945745276664,100,ln_n,0.9
classification_entropy,satimage,"samples=ln_n,q=0.95",0.12567996131218617,20.817635965063513,100,ln_n,0.95
classification_entropy,satimage,"samples=sqrt_n,q=0.5",0.4200057605128815,59.356017171872764,100,sqrt_n,0.5
classification_entropy,satimage,"samples=sqrt_n,q=0.75",0.3823350123172031,57.49640948569423,100,sqrt_n,0.75
classification_entropy,satimage,"samples=sqrt_n,q=0.9",0.3823350123172031,57.49640948569423,100,sqrt_n,0.9
classification_entropy,satimage,"samples=sqrt_n,q=0.95",0.3823350123172031,57.49640948569423,100,sqrt_n,0.95
classification_entropy,schizo,"samples=0.1n,q=0.5",0.9622052642283996,66.3680876533729,100,0.1n,0.5
classification_entropy,schizo,"samples=0.1n,q=0.75",0.4981300256120508,60.28413089104551,100,0.1n,0.75
classification_entropy,schizo,"samples=0.1n,q=0.9",0.2473632282685101,54.472399227792096,100,0.1n,0.9
classification_entropy,schizo,"samples=0.1n,q=0.95",0.26454826954344923,50.86275886769471,100,0.1n,0.95
classification_entropy,schizo,"samples=10,q=0.5",1.1678636517833048,54.84233483669324,100,10,0.5
classification_entropy,schizo,"samples=10,q=0.75",0.6720836694671078,47.41734400516795,100,10,0.75
classification_entropy,schizo,"samples=10,q=0.9",0.38610594741078363,40.07241820407624,100,10,0.9
classification_entropy,schizo,"samples=10,q=0.95",0.4681922252453785,35.080687223491594,100,10,0.95
classification_entropy,schizo,"samples=2,q=0.5",0.6632645823093836,64.51551910168499,100,2,0.5
classification_entropy,schizo,"samples=2,q=0.75",0.7907258588054827,60.14364190254621,100,2,0.75
classification_entropy,schizo,"samples=2,q=0.9",0.402951238887278,55.02569905114774,100,2,0.9
classification_entropy,schizo,"samples=2,q=0.95",0.5823731310368119,53.45484240682016,100,2,0.95
classification_entropy,schizo,"samples=ln_n,q=0.5",1.2510249903696813,59.19262470883553,100,ln_n,0.5
classification_entropy,schizo,"samples=ln_n,q=0.75",0.33621734551173843,52.215190570957844,100,ln_n,0.75
classification_entropy,schizo,"samples=ln_n,q=0.9",0.5874452808523445,44.87530780035652,100,ln_n,0.9
classification_entropy,schizo,"samples=ln_n,q=0.95",0.13420830244758042,41.544150427842695,100,ln_n,0.95
classification_entropy,schizo,"samples=sqrt_n,q=0.5",0.96930274873131,66.91907093351125,100,sqrt_n,0.5
classification_entropy,schizo,"samples=sqrt_n,q=0.75",0.2674777853715088,62.35150850640674,100,sqrt_n,0.75
classification_entropy,schizo,"samples=sqrt_n,q=0.9",0.6860619680844282,57.27240864638795,100,sqrt_n,0.9
classification_entropy,schizo,"samples=sqrt_n,q=0.95",0.8491233718707941,55.83905793138226,100,sqrt_n,0.95
classification_entropy,segmentation,"samples=0.1n,q=0.5",0.6678654931394967,60.89226628508114,100,0.1n,0.5
classification_entropy,segmentation,"samples=0.1n,q=0.75",0.33448217591843243,56.52986084765524,100,0.1n,0.75
classification_entropy,segmentation,"samples=0.1n,q=0.9",-0.0784891318333869,50.36347451969704,100,0.1n,0.9
classification_entropy,segmentation,"samples=0.1n,q=0.95",0.03154297227078162,44.8222638519635,100,0.1n,0.95
classification_entropy,segmentation,"samples=10,q=0.5",0.7212398790301444,59.82239965079947,100,10,0.5
classification_entropy,segmentation,"samples=10,q=0.75",0.17938649788421523,54.666241818777166,100,10,0.75
classification_entropy,segmentation,"samples=10,q=0.9",-0.1948809081213032,49.43053368412885,100,10,0.9
classification_entropy,segmentation,"samples=10,q=0.95",-0.10941040422964288,45.63695756714351,100,10,0.95
classification_entropy,segmentation,"samples=2,q=0.5",0.8264696044091246,64.10056699415944,100,2,0.5
classification_entropy,segmentation,"samples=2,q=0.75",0.4254959730604746,60.981771458958804,100,2,0.75
classification_entropy,segmentation,"samples=2,q=0.9",0.30859412874841285,57.123165102925725,100,2,0.9
classification_entropy,segmentation,"samples=2,q=0.95",0.4369224990997511,55.45587174673902,100,2,0.95
classification_entropy,segmentation,"samples=ln_n,q=0.5",0.8477302512215401,61.26437123854781,100,ln_n,0.5
classification_entropy,segmentation,"samples=ln_n,q=0.75",0.138238019588921,56.18604093077054,100,ln_n,0.75
classification_entropy,segmentation,"samples=ln_n,q=0.9",-0.10596591118973153,50.7449543300007,100,ln_n,0.9
classification_entropy,segmentation,"samples=ln_n,q=0.95",-0.17387204096638853,47.13795251292884,100,ln_n,0.95
classification_entropy,segmentation,"samples=sqrt_n,q=0.5",0.5530647556715729,64.77693169963777,100,sqrt_n,0.5
classification_entropy,segmentation,"samples=sqrt_n,q=0.75",0.39446986884767443,61.12244539077642,100,sqrt_n,0.75
classification_entropy,segmentation,"samples=sqrt_n,q=0.9",0.42209792286120873,56.408382728500825,100,sqrt_n,0.9
classification_entropy,segmentation,"samples=sqrt_n,q=0.95",0.44630619932973237,52.996837875759226,100,sqrt_n,0.95
classification_entropy,shuttle,"samples=0.1n,q=0.5",0.016734618811964364,45.15032049140244,100,0.1n,0.5
classification_entropy,shuttle,"samples=0.1n,q=0.75",0.013812380408190217,44.6050725301526,100,0.1n,0.75
classification_entropy,shuttle,"samples=0.1n,q=0.9",0.0145660328067454,44.39046689877338,100,0.1n,0.9
classification_entropy,shuttle,"samples=0.1n,q=0.95",0.01325956687199814,42.51317399077821,100,0.1n,0.95
classification_entropy,shuttle,"samples=10,q=0.5",0.014831104290785602,38.126043896586594,100,10,0.5
classification_entropy,shuttle,"samples=10,q=0.75",0.012979244077110375,37.223143584052146,100,10,0.75
classification_entropy,shuttle,"samples=10,q=0.9",0.011264861578791363,37.72319853200649,100,10,0.9
classification_entropy,shuttle,"samples=10,q=0.95",0.013992178596033966,36.261837602983455,100,10,0.95
classification_entropy,shuttle,"samples=2,q=0.5",0.015017449597332089,47.6145656446472,100,2,0.5
classification_entropy,shuttle,"samples=2,q=0.75",0.011839093880550156,48.43854245840761,100,2,0.75
classification_entropy,shuttle,"samples=2,q=0.9",0.018709061613703115,46.4342434689706,100,2,0.9
classification_entropy,shuttle,"samples=2,q=0.95",0.019070410082089317,45.0891586887057,100,2,0.95
classification_entropy,shuttle,"samples=ln_n,q=0.5",0.015010672326659646,36.51237786265434,100,ln_n,0.5
classification_entropy,shuttle,"samples=ln_n,q=0.75",0.011086604651466825,37.05494241447733,100,ln_n,0.75
classification_entropy,shuttle,"samples=ln_n,q=0.9",0.012168357813918673,37.182850173088305,100,ln_n,0.9
classification_entropy,shuttle,"samples=ln_n,q=0.95",0.012020578836541285,37.01333835187842,100,ln_n,0.95
classification_entropy,shuttle,"samples=sqrt_n,q=0.5",0.018647607750266193,48.420299236562094,100,sqrt_n,0.5
classification_entropy,shuttle,"samples=sqrt_n,q=0.75",0.02067390241772271,50.20290449101515,100,sqrt_n,0.75
classification_entropy,shuttle,"samples=sqrt_n,q=0.9",0.02067390241772271,50.20290449101515,100,sqrt_n,0.9
classification_entropy,shuttle,"samples=sqrt_n,q=0.95",0.02067390241772271,50.20290449101515,100,sqrt_n,0.95
classification_entropy,sonar,"samples=0.1n,q=0.5",2.6400303083637553,75.90918660975353,100,0.1n,0.5
classification_entropy,sonar,"samples=0.1n,q=0.75",1.4936853284848506,68.5004538691771,100,0.1n,0.75
classification_entropy,sonar,"samples=0.1n,q=0.9",0.5046507642420206,60.408717378377865,100,0.1n,0.9
classification_entropy,sonar,"samples=0.1n,q=0.95",-0.0043739818480381665,56.41478647356446,100,0.1n,0.95
classification_entropy,sonar,"samples=10,q=0.5",2.3664775253311845,68.34448136757413,100,10,0.5
classification_entropy,sonar,"samples=10,q=0.75",0.3890630342689827,60.65482642627834,100,10,0.75
classification_entropy,sonar,"samples=10,q=0.9",0.16873274878044242,52.471021232384786,100,10,0.9
classification_entropy,sonar,"samples=10,q=0.95",0.15587650406435616,47.06058597553515,100,10,0.95
classification_entropy,sonar,"samples=2,q=0.5",1.4662028162443885,75.51682886814112,100,2,0.5
classification_entropy,sonar,"samples=2,q=0.75",1.0889563115100587,70.29667852954243,100,2,0.75
classification_entropy,sonar,"samples=2,q=0.9",1.0647093314652245,64.29950610960918,100,2,0.9
classification_entropy,sonar,"samples=2,q=0.95",1.252423514596157,63.15676785915436,100,2,0.95
classification_entropy,sonar,"samples=ln_n,q=0.5",1.5255032969952231,73.74897975235473,100,ln_n,0.5
classification_entropy,sonar,"samples=ln_n,q=0.75",1.4279828249452786,65.86154541555972,100,ln_n,0.75
classification_entropy,sonar,"samples=ln_n,q=0.9",0.3711279169167525,58.16377101102525,100,ln_n,0.9
classification_entropy,sonar,"samples=ln_n,q=0.95",0.1893215012066185,54.62060009628805,100,ln_n,0.95
classification_entropy,sonar,"samples=sqrt_n,q=0.5",1.7831352961070857,76.60929718284922,100,sqrt_n,0.5
classification_entropy,sonar,"samples=sqrt_n,q=0.75",0.787345101188619,69.69275072745884,100,sqrt_n,0.75
classification_entropy,sonar,"samples=sqrt_n,q=0.9",0.04424566765794946,62.41600500486054,100,sqrt_n,0.9
classification_entropy,sonar,"samples=sqrt_n,q=0.95",0.5180249616771826,58.7006889550924,100,sqrt_n,0.95
classification_entropy,soybean,"samples=0.1n,q=0.5",1.199605233369494,-0.0630655423239701,100,0.1n,0.5
classification_entropy,soybean,"samples=0.1n,q=0.75",1.7043690058804128,-3.00993404439418,100,0.1n,0.75
classification_entropy,soybean,"samples=0.1n,q=0.9",1.7043690058804128,-3.00993404439418,100,0.1n,0.9
classification_entropy,soybean,"samples=0.1n,q=0.95",1.7043690058804128,-3.00993404439418,100,0.1n,0.95
classification_entropy,soybean,"samples=10,q=0.5",0.9582611315795242,-19.735894424837408,100,10,0.5
classification_entropy,soybean,"samples=10,q=0.75",1.417946736684983,-22.047714521854836,100,10,0.75
classification_entropy,soybean,"samples=10,q=0.9",1.701920480432878,-24.82893591099368,100,10,0.9
classification_entropy,soybean,"samples=10,q=0.95",1.7519446367058211,-26.496955447036854,100,10,0.95
classification_entropy,soybean,"samples=2,q=0.5",0.8356190579186851,-12.195090502001204,100,2,0.5
classification_entropy,soybean,"samples=2,q=0.75",1.4867061330271825,-13.65250309205246,100,2,0.75
classification_entropy,soybean,"samples=2,q=0.9",1.5894140968512438,-18.025607181874214,100,2,0.9
classification_entropy,soybean,"samples=2,q=0.95",1.5298161409461497,-18.043392727060194,100,2,0.95
classification_entropy,soybean,"samples=ln_n,q=0.5",0.9582611315795242,-19.735894424837408,100,ln_n,0.5
classification_entropy,soybean,"samples=ln_n,q=0.75",1.417946736684983,-22.047714521854836,100,ln_n,0.75
classification_entropy,soybean,"samples=ln_n,q=0.9",1.701920480432878,-24.82893591099368,100,ln_n,0.9
classification_entropy,soybean,"samples=ln_n,q=0.95",1.7519446367058211,-26.496955447036854,100,ln_n,0.95
classification_entropy,soybean,"samples=sqrt_n,q=0.5",1.199605233369494,-0.0630655423239701,100,sqrt_n,0.5
classification_entropy,soybean,"samples=sqrt_n,q=0.75",1.7043690058804128,-3.00993404439418,100,sqrt_n,0.75
classification_entropy,soybean,"samples=sqrt_n,q=0.9",1.7043690058804128,-3.00993404439418,100,sqrt_n,0.9
classification_entropy,soybean,"samples=sqrt_n,q=0.95",1.7043690058804128,-3.00993404439418,100,sqrt_n,0.95
classification_entropy,spambase,"samples=0.1n,q=0.5",0.5434598091871023,60.884561548482885,100,0.1n,0.5
classification_entropy,spambase,"samples=0.1n,q=0.75",0.6462780457288764,58.81491517726441,100,0.1n,0.75
classification_entropy,spambase,"samples=0.1n,q=0.9",0.7622634124793137,57.08424218443778,100,0.1n,0.9
classification_entropy,spambase,"samples=0.1n,q=0.95",0.6735351369664633,55.73702923186835,100,0.1n,0.95
classification_entropy,spambase,"samples=10,q=0.5",0.5881487306453825,56.20311450838497,100,10,0.5
classification_entropy,spambase,"samples=10,q=0.75",0.5611186814398705,53.623470903074946,100,10,0.75
classification_entropy,spambase,"samples=10,q=0.9",0.619784747207841,51.62623228571706,100,10,0.9
classification_entropy,spambase,"samples=10,q=0.95",0.7158273287602823,50.58202095377055,100,10,0.95
classification_entropy,spambase,"samples=2,q=0.5",0.6474639270238058,62.1404682142541,100,2,0.5
classification_entropy,spambase,"samples=2,q=0.75",0.6143941874631409,60.491178146987465,100,2,0.75
classification_entropy,spambase,"samples=2,q=0.9",0.670397075721213,59.32590112601778,100,2,0.9
classification_entropy,spambase,"samples=2,q=0.95",0.5923729808781808,58.51178665008926,100,2,0.95
classification_entropy,spambase,"samples=ln_n,q=0.5",0.5600422954193107,57.1192359257967,100,ln_n,0.5
classification_entropy,spambase,"samples=ln_n,q=0.75",0.5957810703240196,54.71726084712644,100,ln_n,0.75
classification_entropy,spambase,"samples=ln_n,q=0.9",0.68745761309712,52.65987100874308,100,ln_n,0.9
classification_entropy,spambase,"samples=ln_n,q=0.95",0.6169241968413175,51.480660538971684,100,ln_n,0.95
classification_entropy,spambase,"samples=sqrt_n,q=0.5",0.533937701440601,63.558588495458366,100,sqrt_n,0.5
classification_entropy,spambase,"samples=sqrt_n,q=0.75",0.6052404802199096,63.29536545066068,100,sqrt_n,0.75
classification_entropy,spambase,"samples=sqrt_n,q=0.9",0.5236192180262278,62.291398473652094,100,sqrt_n,0.9
classification_entropy,spambase,"samples=sqrt_n,q=0.95",0.620626937162505,61.79308714258157,100,sqrt_n,0.95
classification_entropy,spect,"samples=0.1n,q=0.5",0.4977942045249206,-31.76087535841269,100,0.1n,0.5
classification_entropy,spect,"samples=0.1n,q=0.75",0.9255473141422721,-27.71350512682137,100,0.1n,0.75
classification_entropy,spect,"samples=0.1n,q=0.9",0.9255473141422721,-27.71350512682137,100,0.1n,0.9
classification_entropy,spect,"samples=0.1n,q=0.95",0.9255473141422721,-27.71350512682137,100,0.1n,0.95
classification_entropy,spect,"samples=10,q=0.5",0.4977942045249206,-31.76087535841269,100,10,0.5
classification_entropy,spect,"samples=10,q=0.75",0.9255473141422721,-27.71350512682137,100,10,0.75
classification_entropy,spect,"samples=10,q=0.9",0.9255473141422721,-27.71350512682137,100,10,0.9
classification_entropy,spect,"samples=10,q=0.95",0.9255473141422721,-27.71350512682137,100,10,0.95
classification_entropy,spect,"samples=2,q=0.5",0.4977942045249206,-31.76087535841269,100,2,0.5
classification_entropy,spect,"samples=2,q=0.75",0.9255473141422721,-27.71350512682137,100,2,0.75
classification_entropy,spect,"samples=2,q=0.9",0.9255473141422721,-27.71350512682137,100,2,0.9
classification_entropy,spect,"samples=2,q=0.95",0.9255473141422721,-27.71350512682137,100,2,0.95
classification_entropy,spect,"samples=ln_n,q=0.5",0.4977942045249206,-31.76087535841269,100,ln_n,0.5
classification_entropy,spect,"samples=ln_n,q=0.75",0.9255473141422721,-27.71350512682137,100,ln_n,0.75
classification_entropy,spect,"samples=ln_n,q=0.9",0.9255473141422721,-27.71350512682137,100,ln_n,0.9
classification_entropy,spect,"samples=ln_n,q=0.95",0.9255473141422721,-27.71350512682137,100,ln_n,0.95
classification_entropy,spect,"samples=sqrt_n,q=0.5",0.4977942045249206,-31.76087535841269,100,sqrt_n,0.5
classification_entropy,spect,"samples=sqrt_n,q=0.75",0.9255473141422721,-27.71350512682137,100,sqrt_n,0.75
classification_entropy,spect,"samples=sqrt_n,q=0.9",0.9255473141422721,-27.71350512682137,100,sqrt_n,0.9
classification_entropy,spect,"samples=sqrt_n,q=0.95",0.9255473141422721,-27.71350512682137,100,sqrt_n,0.95
classification_entropy,spectf,"samples=0.1n,q=0.5",-0.2453501363614774,67.01320572711889,100,0.1n,0.5
classification_entropy,spectf,"samples=0.1n,q=0.75",-0.40283694526366265,62.69531444685472,100,0.1n,0.75
classification_entropy,spectf,"samples=0.1n,q=0.9",-0.059277330905677106,57.928863002685304,100,0.1n,0.9
classification_entropy,spectf,"samples=0.1n,q=0.95",-0.2957705534344435,55.95241174172233,100,0.1n,0.95
classification_entropy,spectf,"samples=10,q=0.5",-0.16780093954308906,45.478459909435855,100,10,0.5
classification_entropy,spectf,"samples=10,q=0.75",-0.3595224908568728,39.14777327916849,100,10,0.75
classification_entropy,spectf,"samples=10,q=0.9",-0.2876443634588277,32.01371665081209,100,10,0.9
classification_entropy,spectf,"samples=10,q=0.95",-0.18333001031281548,27.846127014183597,100,10,0.95
classification_entropy,spectf,"samples=2,q=0.5",-0.11386142172676306,64.40533091993285,100,2,0.5
classification_entropy,spectf,"samples=2,q=0.75",-0.22781826745741363,59.84605248859087,100,2,0.75
classification_entropy,spectf,"samples=2,q=0.9",-0.39151874184650826,54.03583168715631,100,2,0.9
classification_entropy,spectf,"samples=2,q=0.95",0.01784737345976173,53.26736377444918,100,2,0.95
classification_entropy,spectf,"samples=ln_n,q=0.5",-0.06356639353459759,54.02281823655807,100,ln_n,0.5
classification_entropy,spectf,"samples=ln_n,q=0.75",-0.39723566668975474,47.20262798471653,100,ln_n,0.75
classification_entropy,spectf,"samples=ln_n,q=0.9",-0.18774005282871098,40.21595423415286,100,ln_n,0.9
classification_entropy,spectf,"samples=ln_n,q=0.95",-0.3815994054554184,36.057964439295276,100,ln_n,0.95
classification_entropy,spectf,"samples=sqrt_n,q=0.5",-0.33608002591906105,68.0453468707277,100,sqrt_n,0.5
classification_entropy,spectf,"samples=sqrt_n,q=0.75",-0.23289990841817154,65.3834107748479,100,sqrt_n,0.75
classification_entropy,spectf,"samples=sqrt_n,q=0.9",-0.25174980129946123,63.55774698544864,100,sqrt_n,0.9
classification_entropy,spectf,"samples=sqrt_n,q=0.95",-0.13962091614073135,62.730443153815756,100,sqrt_n,0.95
classification_entropy,splice,"samples=0.1n,q=0.5",0.7475581898959804,15.821871524342452,100,0.1n,0.5
classification_entropy,splice,"samples=0.1n,q=0.75",1.065805970336603,10.120529580528077,100,0.1n,0.75
classification_entropy,splice,"samples=0.1n,q=0.9",1.065805970336603,10.120529580528077,100,0.1n,0.9
classification_entropy,splice,"samples=0.1n,q=0.95",1.065805970336603,10.120529580528077,100,0.1n,0.95
classification_entropy,splice,"samples=10,q=0.5",0.5035956584659329,-12.14043041584879,100,10,0.5
classification_entropy,splice,"samples=10,q=0.75",0.7911991817758701,-15.085267640551736,100,10,0.75
classification_entropy,splice,"samples=10,q=0.9",1.209967663414252,-24.32729750221465,100,10,0.9
classification_entropy,splice,"samples=10,q=0.95",2.583050881996174,-43.8567197641879,100,10,0.95
classification_entropy,splice,"samples=2,q=0.5",0.5859271529154275,0.39623328945007086,100,2,0.5
classification_entropy,splice,"samples=2,q=0.75",0.7530400801143866,-2.2805995370483,100,2,0.75
classification_entropy,splice,"samples=2,q=0.9",1.8201790116646022,-18.3063844221278,100,2,0.9
classification_entropy,splice,"samples=2,q=0.95",1.9279679437390729,-19.32892683401397,100,2,0.95
classification_entropy,splice,"samples=ln_n,q=0.5",0.5035956584659329,-12.14043041584879,100,ln_n,0.5
classification_entropy,splice,"samples=ln_n,q=0.75",0.7911991817758701,-15.085267640551736,100,ln_n,0.75
classification_entropy,splice,"samples=ln_n,q=0.9",1.209967663414252,-24.32729750221465,100,ln_n,0.9
classification_entropy,splice,"samples=ln_n,q=0.95",2.583050881996174,-43.8567197641879,100,ln_n,0.95
classification_entropy,splice,"samples=sqrt_n,q=0.5",0.7475581898959804,15.821871524342452,100,sqrt_n,0.5
classification_entropy,splice,"samples=sqrt_n,q=0.75",1.065805970336603,10.120529580528077,100,sqrt_n,0.75
classification_entropy,splice,"samples=sqrt_n,q=0.9",1.065805970336603,10.120529580528077,100,sqrt_n,0.9
classification_entropy,splice,"samples=sqrt_n,q=0.95",1.065805970336603,10.120529580528077,100,sqrt_n,0.95
classification_entropy,tae,"samples=0.1n,q=0.5",1.385754570880432,35.2381798791326,100,0.1n,0.5
classification_entropy,tae,"samples=0.1n,q=0.75",1.4516872472586484,33.70448381046242,100,0.1n,0.75
classification_entropy,tae,"samples=0.1n,q=0.9",1.5884308442189743,31.740408854531225,100,0.1n,0.9
classification_entropy,tae,"samples=0.1n,q=0.95",2.0792176718950173,30.47816619310219,100,0.1n,0.95
classification_entropy,tae,"samples=10,q=0.5",1.7316481223467406,12.953608612866635,100,10,0.5
classification_entropy,tae,"samples=10,q=0.75",1.3334811524406354,9.801440975153074,100,10,0.75
classification_entropy,tae,"samples=10,q=0.9",1.573702802434801,6.475710306418391,100,10,0.9
classification_entropy,tae,"samples=10,q=0.95",1.6964340344001128,3.1550880921947244,100,10,0.95
classification_entropy,tae,"samples=2,q=0.5",1.51254249706263,29.712391174599006,100,2,0.5
classification_entropy,tae,"samples=2,q=0.75",1.6295620135437006,29.027438408899478,100,2,0.75
classification_entropy,tae,"samples=2,q=0.9",1.7653272820118915,25.04873669912871,100,2,0.9
classification_entropy,tae,"samples=2,q=0.95",1.7832737537610444,24.302920822844143,100,2,0.95
classification_entropy,tae,"samples=ln_n,q=0.5",1.3838045862544446,20.849101349476754,100,ln_n,0.5
classification_entropy,tae,"samples=ln_n,q=0.75",1.5732657388129123,17.5255789775069,100,ln_n,0.75
classification_entropy,tae,"samples=ln_n,q=0.9",1.7070140336124973,14.418645293797749,100,ln_n,0.9
classification_entropy,tae,"samples=ln_n,q=0.95",1.696640979855396,11.804600085348245,100,ln_n,0.95
classification_entropy,tae,"samples=sqrt_n,q=0.5",1.4965143716456186,35.10809781487536,100,sqrt_n,0.5
classification_entropy,tae,"samples=sqrt_n,q=0.75",1.433479760394557,34.715721566930824,100,sqrt_n,0.75
classification_entropy,tae,"samples=sqrt_n,q=0.9",1.3844739143837215,32.56322595159379,100,sqrt_n,0.9
classification_entropy,tae,"samples=sqrt_n,q=0.95",1.3621168158454489,31.279451214838655,100,sqrt_n,0.95
classification_entropy,texture,"samples=0.1n,q=0.5",3.099809518932978,74.72889270156367,100,0.1n,0.5
classification_entropy,texture,"samples=0.1n,q=0.75",1.9709568620530749,67.592115883866,100,0.1n,0.75
classification_entropy,texture,"samples=0.1n,q=0.9",1.0543640010454158,57.01905602615343,100,0.1n,0.9
classification_entropy,texture,"samples=0.1n,q=0.95",1.0136175004723358,50.59045181852578,100,0.1n,0.95
classification_entropy,texture,"samples=10,q=0.5",3.1469434714714195,73.11633186907268,100,10,0.5
classification_entropy,texture,"samples=10,q=0.75",1.8096317508769055,65.99139366121265,100,10,0.75
classification_entropy,texture,"samples=10,q=0.9",1.0481251000673875,55.91401326784563,100,10,0.9
classification_entropy,texture,"samples=10,q=0.95",1.1566175355921193,50.712637273901706,100,10,0.95
classification_entropy,texture,"samples=2,q=0.5",2.4091781123923073,75.44664456996772,100,2,0.5
classification_entropy,texture,"samples=2,q=0.75",1.6099347164805378,70.04178654636846,100,2,0.75
classification_entropy,texture,"samples=2,q=0.9",1.631846814322957,64.27577788581777,100,2,0.9
classification_entropy,texture,"samples=2,q=0.95",1.6902546632175108,62.13063395452842,100,2,0.95
classification_entropy,texture,"samples=ln_n,q=0.5",3.2106458851803854,73.61583963137736,100,ln_n,0.5
classification_entropy,texture,"samples=ln_n,q=0.75",1.8032528785869806,66.43659652433371,100,ln_n,0.75
classification_entropy,texture,"samples=ln_n,q=0.9",0.9897653111445803,56.45757274550641,100,ln_n,0.9
classification_entropy,texture,"samples=ln_n,q=0.95",1.1005821029910823,51.42281356021681,100,ln_n,0.95
classification_entropy,texture,"samples=sqrt_n,q=0.5",2.4360012403075784,75.98419391016178,100,sqrt_n,0.5
classification_entropy,texture,"samples=sqrt_n,q=0.75",1.9215063909619912,71.86594756180673,100,sqrt_n,0.75
classification_entropy,texture,"samples=sqrt_n,q=0.9",1.4808370723286224,65.37681317460982,100,sqrt_n,0.9
classification_entropy,texture,"samples=sqrt_n,q=0.95",1.4460145538696012,62.59910889326349,100,sqrt_n,0.95
classification_entropy,threeOf9,"samples=0.1n,q=0.5",0.3859198141550557,-41.17647058823528,100,0.1n,0.5
classification_entropy,threeOf9,"samples=0.1n,q=0.75",1.949083974974758,-89.3048128342246,100,0.1n,0.75
classification_entropy,threeOf9,"samples=0.1n,q=0.9",1.949083974974758,-89.3048128342246,100,0.1n,0.9
classification_entropy,threeOf9,"samples=0.1n,q=0.95",1.949083974974758,-89.3048128342246,100,0.1n,0.95
classification_entropy,threeOf9,"samples=10,q=0.5",0.3859198141550557,-41.17647058823528,100,10,0.5
classification_entropy,threeOf9,"samples=10,q=0.75",1.949083974974758,-89.3048128342246,100,10,0.75
classification_entropy,threeOf9,"samples=10,q=0.9",1.949083974974758,-89.3048128342246,100,10,0.9
classification_entropy,threeOf9,"samples=10,q=0.95",1.949083974974758,-89.3048128342246,100,10,0.95
classification_entropy,threeOf9,"samples=2,q=0.5",0.3859198141550557,-41.17647058823528,100,2,0.5
classification_entropy,threeOf9,"samples=2,q=0.75",1.949083974974758,-89.3048128342246,100,2,0.75
classification_entropy,threeOf9,"samples=2,q=0.9",1.949083974974758,-89.3048128342246,100,2,0.9
classification_entropy,threeOf9,"samples=2,q=0.95",1.949083974974758,-89.3048128342246,100,2,0.95
classification_entropy,threeOf9,"samples=ln_n,q=0.5",0.3859198141550557,-41.17647058823528,100,ln_n,0.5
classification_entropy,threeOf9,"samples=ln_n,q=0.75",1.949083974974758,-89.3048128342246,100,ln_n,0.75
classification_entropy,threeOf9,"samples=ln_n,q=0.9",1.949083974974758,-89.3048128342246,100,ln_n,0.9
classification_entropy,threeOf9,"samples=ln_n,q=0.95",1.949083974974758,-89.3048128342246,100,ln_n,0.95
classification_entropy,threeOf9,"samples=sqrt_n,q=0.5",0.3859198141550557,-41.17647058823528,100,sqrt_n,0.5
classification_entropy,threeOf9,"samples=sqrt_n,q=0.75",1.949083974974758,-89.3048128342246,100,sqrt_n,0.75
classification_entropy,threeOf9,"samples=sqrt_n,q=0.9",1.949083974974758,-89.3048128342246,100,sqrt_n,0.9
classification_entropy,threeOf9,"samples=sqrt_n,q=0.95",1.949083974974758,-89.3048128342246,100,sqrt_n,0.95
classification_entropy,tic_tac_toe,"samples=0.1n,q=0.5",-0.34691663371396175,-5.995365877136938,100,0.1n,0.5
classification_entropy,tic_tac_toe,"samples=0.1n,q=0.75",-0.25624597943020855,-9.473074954550952,100,0.1n,0.75
classification_entropy,tic_tac_toe,"samples=0.1n,q=0.9",-0.25624597943020855,-9.473074954550952,100,0.1n,0.9
classification_entropy,tic_tac_toe,"samples=0.1n,q=0.95",-0.25624597943020855,-9.473074954550952,100,0.1n,0.95
classification_entropy,tic_tac_toe,"samples=10,q=0.5",-0.972779133463908,-17.61047159301894,100,10,0.5
classification_entropy,tic_tac_toe,"samples=10,q=0.75",-1.2139273310585619,-19.080303672945764,100,10,0.75
classification_entropy,tic_tac_toe,"samples=10,q=0.9",1.2182565242720267,-48.12660341989506,100,10,0.9
classification_entropy,tic_tac_toe,"samples=10,q=0.95",1.2182565242720267,-48.12660341989506,100,10,0.95
classification_entropy,tic_tac_toe,"samples=2,q=0.5",-0.972779133463908,-17.61047159301894,100,2,0.5
classification_entropy,tic_tac_toe,"samples=2,q=0.75",-1.2139273310585619,-19.080303672945764,100,2,0.75
classification_entropy,tic_tac_toe,"samples=2,q=0.9",1.2182565242720267,-48.12660341989506,100,2,0.9
classification_entropy,tic_tac_toe,"samples=2,q=0.95",1.2182565242720267,-48.12660341989506,100,2,0.95
classification_entropy,tic_tac_toe,"samples=ln_n,q=0.5",-0.972779133463908,-17.61047159301894,100,ln_n,0.5
classification_entropy,tic_tac_toe,"samples=ln_n,q=0.75",-1.2139273310585619,-19.080303672945764,100,ln_n,0.75
classification_entropy,tic_tac_toe,"samples=ln_n,q=0.9",1.2182565242720267,-48.12660341989506,100,ln_n,0.9
classification_entropy,tic_tac_toe,"samples=ln_n,q=0.95",1.2182565242720267,-48.12660341989506,100,ln_n,0.95
classification_entropy,tic_tac_toe,"samples=sqrt_n,q=0.5",-0.34691663371396175,-5.995365877136938,100,sqrt_n,0.5
classification_entropy,tic_tac_toe,"samples=sqrt_n,q=0.75",-0.25624597943020855,-9.473074954550952,100,sqrt_n,0.75
classification_entropy,tic_tac_toe,"samples=sqrt_n,q=0.9",-0.25624597943020855,-9.473074954550952,100,sqrt_n,0.9
classification_entropy,tic_tac_toe,"samples=sqrt_n,q=0.95",-0.25624597943020855,-9.473074954550952,100,sqrt_n,0.95
classification_entropy,tokyo1,"samples=0.1n,q=0.5",0.3560887987604511,75.60558499028932,100,0.1n,0.5
classification_entropy,tokyo1,"samples=0.1n,q=0.75",0.49265064637705747,69.67868340328677,100,0.1n,0.75
classification_entropy,tokyo1,"samples=0.1n,q=0.9",0.6045214043212732,64.71404862845726,100,0.1n,0.9
classification_entropy,tokyo1,"samples=0.1n,q=0.95",0.3552651442998711,60.76214134331607,100,0.1n,0.95
classification_entropy,tokyo1,"samples=10,q=0.5",0.6580014896672426,74.4355526547573,100,10,0.5
classification_entropy,tokyo1,"samples=10,q=0.75",0.6079755463936298,68.93057897721732,100,10,0.75
classification_entropy,tokyo1,"samples=10,q=0.9",0.6430277546371488,63.96687657705197,100,10,0.9
classification_entropy,tokyo1,"samples=10,q=0.95",0.43651873254428875,59.9953784382364,100,10,0.95
classification_entropy,tokyo1,"samples=2,q=0.5",0.36185729595896166,77.26104353954887,100,2,0.5
classification_entropy,tokyo1,"samples=2,q=0.75",0.5178289134386616,73.67316385444516,100,2,0.75
classification_entropy,tokyo1,"samples=2,q=0.9",0.5837515943589,70.01722539035777,100,2,0.9
classification_entropy,tokyo1,"samples=2,q=0.95",0.7259327623964529,69.74641317476505,100,2,0.95
classification_entropy,tokyo1,"samples=ln_n,q=0.5",0.4727550168454886,75.98382464259294,100,ln_n,0.5
classification_entropy,tokyo1,"samples=ln_n,q=0.75",0.3898370911142368,70.49892066062148,100,ln_n,0.75
classification_entropy,tokyo1,"samples=ln_n,q=0.9",0.4350512490405689,65.04210523934492,100,ln_n,0.9
classification_entropy,tokyo1,"samples=ln_n,q=0.95",0.41319061816549874,61.582617972704845,100,ln_n,0.95
classification_entropy,tokyo1,"samples=sqrt_n,q=0.5",0.5611542913662282,77.57334650678331,100,sqrt_n,0.5
classification_entropy,tokyo1,"samples=sqrt_n,q=0.75",0.4747614084665397,72.94133175480144,100,sqrt_n,0.75
classification_entropy,tokyo1,"samples=sqrt_n,q=0.9",0.5372269837334687,69.06361820754543,100,sqrt_n,0.9
classification_entropy,tokyo1,"samples=sqrt_n,q=0.95",0.4872438045149696,66.28237165245324,100,sqrt_n,0.95
classification_entropy,twonorm,"samples=0.1n,q=0.5",0.07443299965825823,82.53994992502386,100,0.1n,0.5
classification_entropy,twonorm,"samples=0.1n,q=0.75",0.027417569212534465,77.73874820775345,100,0.1n,0.75
classification_entropy,twonorm,"samples=0.1n,q=0.9",-0.026259793559529898,70.23389711386733,100,0.1n,0.9
classification_entropy,twonorm,"samples=0.1n,q=0.95",-0.05340968597374318,61.13482742361204,100,0.1n,0.95
classification_entropy,twonorm,"samples=10,q=0.5",0.18881796466955758,82.75365759015217,100,10,0.5
classification_entropy,twonorm,"samples=10,q=0.75",-0.04752685844431892,77.67583718634174,100,10,0.75
classification_entropy,twonorm,"samples=10,q=0.9",-0.02622888109617416,68.35200632852994,100,10,0.9
classification_entropy,twonorm,"samples=10,q=0.95",0.007271230026334452,60.777449566530734,100,10,0.95
classification_entropy,twonorm,"samples=2,q=0.5",0.16433821648572655,83.74873414010736,100,2,0.5
classification_entropy,twonorm,"samples=2,q=0.75",0.0951856690638464,79.74168011752064,100,2,0.75
classification_entropy,twonorm,"samples=2,q=0.9",0.0954961188217085,72.57153001861144,100,2,0.9
classification_entropy,twonorm,"samples=2,q=0.95",0.06843477955951194,70.61207177336013,100,2,0.95
classification_entropy,twonorm,"samples=ln_n,q=0.5",0.22446108586406388,83.04218819631896,100,ln_n,0.5
classification_entropy,twonorm,"samples=ln_n,q=0.75",0.027146191564320077,78.05935364371723,100,ln_n,0.75
classification_entropy,twonorm,"samples=ln_n,q=0.9",-0.025995462118960644,68.8242084192193,100,ln_n,0.9
classification_entropy,twonorm,"samples=ln_n,q=0.95",-0.1132365896816645,61.28109279402956,100,ln_n,0.95
classification_entropy,twonorm,"samples=sqrt_n,q=0.5",0.22407059450078592,84.55276576375192,100,sqrt_n,0.5
classification_entropy,twonorm,"samples=sqrt_n,q=0.75",0.12248961214038623,80.9545663055443,100,sqrt_n,0.75
classification_entropy,twonorm,"samples=sqrt_n,q=0.9",0.13675009472298716,74.59887077362771,100,sqrt_n,0.9
classification_entropy,twonorm,"samples=sqrt_n,q=0.95",0.03413940480007094,67.4058222321028,100,sqrt_n,0.95
classification_entropy,vehicle,"samples=0.1n,q=0.5",3.679696325746246,56.27470188949514,100,0.1n,0.5
classification_entropy,vehicle,"samples=0.1n,q=0.75",3.3411028662465645,52.25600237471876,100,0.1n,0.75
classification_entropy,vehicle,"samples=0.1n,q=0.9",3.1432511771750606,48.27211389276117,100,0.1n,0.9
classification_entropy,vehicle,"samples=0.1n,q=0.95",3.1480641392136244,46.43848539971062,100,0.1n,0.95
classification_entropy,vehicle,"samples=10,q=0.5",3.6451060220414444,37.1180933606332,100,10,0.5
classification_entropy,vehicle,"samples=10,q=0.75",2.841365074959196,30.395263029888945,100,10,0.75
classification_entropy,vehicle,"samples=10,q=0.9",2.689048494248869,24.907529709978917,100,10,0.9
classification_entropy,vehicle,"samples=10,q=0.95",2.8472403341358197,21.570175140175245,100,10,0.95
classification_entropy,vehicle,"samples=2,q=0.5",3.5595746463343514,53.92880637582441,100,2,0.5
classification_entropy,vehicle,"samples=2,q=0.75",3.0816781071891675,50.2557866622236,100,2,0.75
classification_entropy,vehicle,"samples=2,q=0.9",3.139503242881303,45.03842571911757,100,2,0.9
classification_entropy,vehicle,"samples=2,q=0.95",3.4827642820279667,43.93572939850087,100,2,0.95
classification_entropy,vehicle,"samples=ln_n,q=0.5",3.3919480761500695,41.67790435791248,100,ln_n,0.5
classification_entropy,vehicle,"samples=ln_n,q=0.75",2.8897797138719596,35.375848791022996,100,ln_n,0.75
classification_entropy,vehicle,"samples=ln_n,q=0.9",2.780983924617825,29.824482391960466,100,ln_n,0.9
classification_entropy,vehicle,"samples=ln_n,q=0.95",2.754117456198557,26.486210249078532,100,ln_n,0.95
classification_entropy,vehicle,"samples=sqrt_n,q=0.5",3.4413175944139174,58.569542051454484,100,sqrt_n,0.5
classification_entropy,vehicle,"samples=sqrt_n,q=0.75",3.680654273385975,56.07080268817509,100,sqrt_n,0.75
classification_entropy,vehicle,"samples=sqrt_n,q=0.9",3.554661860041519,54.82245023909017,100,sqrt_n,0.9
classification_entropy,vehicle,"samples=sqrt_n,q=0.95",3.537445857967997,54.218165927662085,100,sqrt_n,0.95
classification_entropy,vowel,"samples=0.1n,q=0.5",3.3609339548537007,61.2687645858894,100,0.1n,0.5
classification_entropy,vowel,"samples=0.1n,q=0.75",0.9662867640639283,52.97960978838495,100,0.1n,0.75
classification_entropy,vowel,"samples=0.1n,q=0.9",0.2628915118945141,44.99512322463751,100,0.1n,0.9
classification_entropy,vowel,"samples=0.1n,q=0.95",1.056220183800924,41.96209745991912,100,0.1n,0.95
classification_entropy,vowel,"samples=10,q=0.5",4.13624492918836,56.19556752527397,100,10,0.5
classification_entropy,vowel,"samples=10,q=0.75",1.5884652653276154,48.10695943711654,100,10,0.75
classification_entropy,vowel,"samples=10,q=0.9",0.472278769273754,39.99090271398144,100,10,0.9
classification_entropy,vowel,"samples=10,q=0.95",0.813370086618434,37.18171991400038,100,10,0.95
classification_entropy,vowel,"samples=2,q=0.5",3.1882411005459548,61.98291292418638,100,2,0.5
classification_entropy,vowel,"samples=2,q=0.75",1.0958679441056274,56.89143500943496,100,2,0.75
classification_entropy,vowel,"samples=2,q=0.9",1.95208695237242,52.92438869042605,100,2,0.9
classification_entropy,vowel,"samples=2,q=0.95",2.4626876763460954,50.8930236595986,100,2,0.95
classification_entropy,vowel,"samples=ln_n,q=0.5",3.712249824756095,58.8727325260377,100,ln_n,0.5
classification_entropy,vowel,"samples=ln_n,q=0.75",1.0372861372463156,50.49279711882282,100,ln_n,0.75
classification_entropy,vowel,"samples=ln_n,q=0.9",0.6681372221429921,43.16169866988919,100,ln_n,0.9
classification_entropy,vowel,"samples=ln_n,q=0.95",2.105384736765703,39.590092068951044,100,ln_n,0.95
classification_entropy,vowel,"samples=sqrt_n,q=0.5",3.3635835917062153,63.799103067984774,100,sqrt_n,0.5
classification_entropy,vowel,"samples=sqrt_n,q=0.75",1.9666792897165526,57.3869521847803,100,sqrt_n,0.75
classification_entropy,vowel,"samples=sqrt_n,q=0.9",1.312847512253279,52.08068035111749,100,sqrt_n,0.9
classification_entropy,vowel,"samples=sqrt_n,q=0.95",1.6660265152387,50.52434595745903,100,sqrt_n,0.95
classification_entropy,waveform_21,"samples=0.1n,q=0.5",1.4630913478428376,71.9051407077722,100,0.1n,0.5
classification_entropy,waveform_21,"samples=0.1n,q=0.75",0.5041226769470553,64.29712064930631,100,0.1n,0.75
classification_entropy,waveform_21,"samples=0.1n,q=0.9",-0.023224770465701816,56.025829216627365,100,0.1n,0.9
classification_entropy,waveform_21,"samples=0.1n,q=0.95",-0.1554080127269486,50.44064146952107,100,0.1n,0.95
classification_entropy,waveform_21,"samples=10,q=0.5",1.6074596639121475,68.06491826429742,100,10,0.5
classification_entropy,waveform_21,"samples=10,q=0.75",0.30835536435218636,60.246991323616925,100,10,0.75
classification_entropy,waveform_21,"samples=10,q=0.9",-0.12315665258769704,51.59464381533559,100,10,0.9
classification_entropy,waveform_21,"samples=10,q=0.95",-0.15953526937462215,46.240946255985975,100,10,0.95
classification_entropy,waveform_21,"samples=2,q=0.5",1.0409723086908629,72.56358985040384,100,2,0.5
classification_entropy,waveform_21,"samples=2,q=0.75",0.3709025070772365,67.29660097278989,100,2,0.75
classification_entropy,waveform_21,"samples=2,q=0.9",0.39475739591979253,61.593586717232824,100,2,0.9
classification_entropy,waveform_21,"samples=2,q=0.95",0.25286422650740437,59.94168831862656,100,2,0.95
classification_entropy,waveform_21,"samples=ln_n,q=0.5",1.5120592103732844,68.44300749989202,100,ln_n,0.5
classification_entropy,waveform_21,"samples=ln_n,q=0.75",0.2759300704868628,60.85794586223513,100,ln_n,0.75
classification_entropy,waveform_21,"samples=ln_n,q=0.9",-0.1750544665027609,52.45528031815313,100,ln_n,0.9
classification_entropy,waveform_21,"samples=ln_n,q=0.95",-0.1470962124240638,47.34391602029601,100,ln_n,0.95
classification_entropy,waveform_21,"samples=sqrt_n,q=0.5",1.2367126400110617,73.74278843694873,100,sqrt_n,0.5
classification_entropy,waveform_21,"samples=sqrt_n,q=0.75",0.7319893527518551,69.580716387895,100,sqrt_n,0.75
classification_entropy,waveform_21,"samples=sqrt_n,q=0.9",0.27710647300883684,65.1456580443448,100,sqrt_n,0.9
classification_entropy,waveform_21,"samples=sqrt_n,q=0.95",0.34380518196043264,62.88323349822605,100,sqrt_n,0.95
classification_entropy,waveform_40,"samples=0.1n,q=0.5",2.1600345465655146,74.6868367641504,100,0.1n,0.5
classification_entropy,waveform_40,"samples=0.1n,q=0.75",0.862571492973907,67.0254672429585,100,0.1n,0.75
classification_entropy,waveform_40,"samples=0.1n,q=0.9",-0.016440247065180325,58.70969546234984,100,0.1n,0.9
classification_entropy,waveform_40,"samples=0.1n,q=0.95",-0.30101795901276707,53.60983825952019,100,0.1n,0.95
classification_entropy,waveform_40,"samples=10,q=0.5",2.503428410079805,70.62973786695136,100,10,0.5
classification_entropy,waveform_40,"samples=10,q=0.75",0.7537569334890026,63.12439734576033,100,10,0.75
classification_entropy,waveform_40,"samples=10,q=0.9",-0.027537249079911952,54.42713516194455,100,10,0.9
classification_entropy,waveform_40,"samples=10,q=0.95",-0.2574682743139822,49.95383035609287,100,10,0.95
classification_entropy,waveform_40,"samples=2,q=0.5",1.6227536600994796,74.88447823411026,100,2,0.5
classification_entropy,waveform_40,"samples=2,q=0.75",0.6419198955850913,69.53527547027323,100,2,0.75
classification_entropy,waveform_40,"samples=2,q=0.9",0.4771078536638218,64.05562979951625,100,2,0.9
classification_entropy,waveform_40,"samples=2,q=0.95",0.50586780940719,62.74713729248581,100,2,0.95
classification_entropy,waveform_40,"samples=ln_n,q=0.5",2.257657413768949,71.4195928732113,100,ln_n,0.5
classification_entropy,waveform_40,"samples=ln_n,q=0.75",0.6336763918705135,63.685522334179495,100,ln_n,0.75
classification_entropy,waveform_40,"samples=ln_n,q=0.9",-0.08383398566584876,54.99150724585478,100,ln_n,0.9
classification_entropy,waveform_40,"samples=ln_n,q=0.95",-0.034588336531399255,50.404037882730144,100,ln_n,0.95
classification_entropy,waveform_40,"samples=sqrt_n,q=0.5",1.7910984550128517,75.97949432291696,100,sqrt_n,0.5
classification_entropy,waveform_40,"samples=sqrt_n,q=0.75",0.9782083007502551,71.57051942064665,100,sqrt_n,0.75
classification_entropy,waveform_40,"samples=sqrt_n,q=0.9",0.6345943581898383,67.58072707849679,100,sqrt_n,0.9
classification_entropy,waveform_40,"samples=sqrt_n,q=0.95",0.585482881832583,65.90067575596888,100,sqrt_n,0.95
classification_entropy,wine_quality_red,"samples=0.1n,q=0.5",0.38679269298549923,61.037669591754074,100,0.1n,0.5
classification_entropy,wine_quality_red,"samples=0.1n,q=0.75",0.36036722392264464,55.53830673035445,100,0.1n,0.75
classification_entropy,wine_quality_red,"samples=0.1n,q=0.9",-0.05745778509821109,51.97813877600315,100,0.1n,0.9
classification_entropy,wine_quality_red,"samples=0.1n,q=0.95",-0.03965974745871459,50.25122091573047,100,0.1n,0.95
classification_entropy,wine_quality_red,"samples=10,q=0.5",-0.1515396525473861,45.321434906619274,100,10,0.5
classification_entropy,wine_quality_red,"samples=10,q=0.75",-0.04892389629845284,38.199677560362375,100,10,0.75
classification_entropy,wine_quality_red,"samples=10,q=0.9",-0.35357859929315005,31.78246233463295,100,10,0.9
classification_entropy,wine_quality_red,"samples=10,q=0.95",-0.24851323534011427,28.892480350047784,100,10,0.95
classification_entropy,wine_quality_red,"samples=2,q=0.5",0.30447296649159794,58.899563932207215,100,2,0.5
classification_entropy,wine_quality_red,"samples=2,q=0.75",0.3409441543461095,55.03379219651029,100,2,0.75
classification_entropy,wine_quality_red,"samples=2,q=0.9",0.024364840088142437,51.136568938313175,100,2,0.9
classification_entropy,wine_quality_red,"samples=2,q=0.95",0.1381597000678053,49.9776124278937,100,2,0.95
classification_entropy,wine_quality_red,"samples=ln_n,q=0.5",0.29612533394896,49.13247650869569,100,ln_n,0.5
classification_entropy,wine_quality_red,"samples=ln_n,q=0.75",-0.08362887004497443,42.08292188286387,100,ln_n,0.75
classification_entropy,wine_quality_red,"samples=ln_n,q=0.9",-0.23707882873997554,36.36680491086467,100,ln_n,0.9
classification_entropy,wine_quality_red,"samples=ln_n,q=0.95",0.027491063696430396,33.25142121192788,100,ln_n,0.95
classification_entropy,wine_quality_red,"samples=sqrt_n,q=0.5",0.33748846892978634,62.453936859326284,100,sqrt_n,0.5
classification_entropy,wine_quality_red,"samples=sqrt_n,q=0.75",0.28454430423195676,60.50245192647353,100,sqrt_n,0.75
classification_entropy,wine_quality_red,"samples=sqrt_n,q=0.9",0.4146003965387113,59.616884759844446,100,sqrt_n,0.9
classification_entropy,wine_quality_red,"samples=sqrt_n,q=0.95",0.30324013637940406,59.376986761669926,100,sqrt_n,0.95
classification_entropy,wine_quality_white,"samples=0.1n,q=0.5",-0.2516632662214524,61.26177099492207,100,0.1n,0.5
classification_entropy,wine_quality_white,"samples=0.1n,q=0.75",-0.39414205186668605,56.19989827620462,100,0.1n,0.75
classification_entropy,wine_quality_white,"samples=0.1n,q=0.9",-0.6069322502760516,52.19366118848716,100,0.1n,0.9
classification_entropy,wine_quality_white,"samples=0.1n,q=0.95",-0.6187576061090411,50.471129022917324,100,0.1n,0.95
classification_entropy,wine_quality_white,"samples=10,q=0.5",-0.4195309187597168,46.00084415670336,100,10,0.5
classification_entropy,wine_quality_white,"samples=10,q=0.75",-0.5762635097265628,38.737808676586255,100,10,0.75
classification_entropy,wine_quality_white,"samples=10,q=0.9",-0.35051093504837594,32.20161684893799,100,10,0.9
classification_entropy,wine_quality_white,"samples=10,q=0.95",-0.47130342585726126,29.029458564123132,100,10,0.95
classification_entropy,wine_quality_white,"samples=2,q=0.5",-0.30375073886921566,59.22850553718017,100,2,0.5
classification_entropy,wine_quality_white,"samples=2,q=0.75",-0.3499952411425977,55.260180878053994,100,2,0.75
classification_entropy,wine_quality_white,"samples=2,q=0.9",-0.51860843995295,50.867970865579295,100,2,0.9
classification_entropy,wine_quality_white,"samples=2,q=0.95",-0.6153848623472513,49.807436232594725,100,2,0.95
classification_entropy,wine_quality_white,"samples=ln_n,q=0.5",-0.3605543682858564,48.403425794131934,100,ln_n,0.5
classification_entropy,wine_quality_white,"samples=ln_n,q=0.75",-0.6714360903333161,40.97444494899288,100,ln_n,0.75
classification_entropy,wine_quality_white,"samples=ln_n,q=0.9",-0.5710260140223605,34.67035639609466,100,ln_n,0.9
classification_entropy,wine_quality_white,"samples=ln_n,q=0.95",-0.43917168414477903,31.415402675125907,100,ln_n,0.95
classification_entropy,wine_quality_white,"samples=sqrt_n,q=0.5",-0.46552599802607564,62.73482321130045,100,sqrt_n,0.5
classification_entropy,wine_quality_white,"samples=sqrt_n,q=0.75",-0.41039831727110454,61.20837869329296,100,sqrt_n,0.75
classification_entropy,wine_quality_white,"samples=sqrt_n,q=0.9",-0.26841741839409017,60.912121182515776,100,sqrt_n,0.9
classification_entropy,wine_quality_white,"samples=sqrt_n,q=0.95",-0.3651948930381538,60.68380302275537,100,sqrt_n,0.95
classification_entropy,wine_recognition,"samples=0.1n,q=0.5",0.9121271075587134,59.38166943324637,100,0.1n,0.5
classification_entropy,wine_recognition,"samples=0.1n,q=0.75",0.6088075366061318,52.91083708797724,100,0.1n,0.75
classification_entropy,wine_recognition,"samples=0.1n,q=0.9",0.43280055133364526,46.86981266303059,100,0.1n,0.9
classification_entropy,wine_recognition,"samples=0.1n,q=0.95",1.1822157072181316,43.40170737491107,100,0.1n,0.95
classification_entropy,wine_recognition,"samples=10,q=0.5",0.7591799835567237,51.363528574816215,100,10,0.5
classification_entropy,wine_recognition,"samples=10,q=0.75",0.5873825775402186,47.24330092482808,100,10,0.75
classification_entropy,wine_recognition,"samples=10,q=0.9",0.5314659939189947,40.83768081574579,100,10,0.9
classification_entropy,wine_recognition,"samples=10,q=0.95",0.6913187498114315,36.127578847521924,100,10,0.95
classification_entropy,wine_recognition,"samples=2,q=0.5",0.5879530298715352,59.924116670618915,100,2,0.5
classification_entropy,wine_recognition,"samples=2,q=0.75",0.5772497539512367,56.80875029641925,100,2,0.75
classification_entropy,wine_recognition,"samples=2,q=0.9",-0.0193584962654203,51.86447711643348,100,2,0.9
classification_entropy,wine_recognition,"samples=2,q=0.95",0.0888720211576488,49.098885463599714,100,2,0.95
classification_entropy,wine_recognition,"samples=ln_n,q=0.5",0.5093928160883499,57.185202750770685,100,ln_n,0.5
classification_entropy,wine_recognition,"samples=ln_n,q=0.75",0.551926414450582,50.797367797012086,100,ln_n,0.75
classification_entropy,wine_recognition,"samples=ln_n,q=0.9",0.9522717344011,44.84230495612995,100,ln_n,0.9
classification_entropy,wine_recognition,"samples=ln_n,q=0.95",1.1093033149708165,41.726938581930284,100,ln_n,0.95
classification_entropy,wine_recognition,"samples=sqrt_n,q=0.5",1.143914416248265,59.73144415461228,100,sqrt_n,0.5
classification_entropy,wine_recognition,"samples=sqrt_n,q=0.75",-0.4581691825655321,54.46407398624614,100,sqrt_n,0.75
classification_entropy,wine_recognition,"samples=sqrt_n,q=0.9",0.5417270853894707,47.65828788238083,100,sqrt_n,0.9
classification_entropy,wine_recognition,"samples=sqrt_n,q=0.95",0.7827271710774242,46.33625800331989,100,sqrt_n,0.95
classification_entropy,xd6,"samples=0.1n,q=0.5",-0.2017399685223742,-37.068965517241395,100,0.1n,0.5
classification_entropy,xd6,"samples=0.1n,q=0.75",-0.1000768144304276,-68.19400271547075,100,0.1n,0.75
classification_entropy,xd6,"samples=0.1n,q=0.9",-0.1000768144304276,-68.19400271547075,100,0.1n,0.9
classification_entropy,xd6,"samples=0.1n,q=0.95",-0.1000768144304276,-68.19400271547075,100,0.1n,0.95
classification_entropy,xd6,"samples=10,q=0.5",-0.2017399685223742,-37.068965517241395,100,10,0.5
classification_entropy,xd6,"samples=10,q=0.75",-0.1000768144304276,-68.19400271547075,100,10,0.75
classification_entropy,xd6,"samples=10,q=0.9",-0.1000768144304276,-68.19400271547075,100,10,0.9
classification_entropy,xd6,"samples=10,q=0.95",-0.1000768144304276,-68.19400271547075,100,10,0.95
classification_entropy,xd6,"samples=2,q=0.5",-0.2017399685223742,-37.068965517241395,100,2,0.5
classification_entropy,xd6,"samples=2,q=0.75",-0.1000768144304276,-68.19400271547075,100,2,0.75
classification_entropy,xd6,"samples=2,q=0.9",-0.1000768144304276,-68.19400271547075,100,2,0.9
classification_entropy,xd6,"samples=2,q=0.95",-0.1000768144304276,-68.19400271547075,100,2,0.95
classification_entropy,xd6,"samples=ln_n,q=0.5",-0.2017399685223742,-37.068965517241395,100,ln_n,0.5
classification_entropy,xd6,"samples=ln_n,q=0.75",-0.1000768144304276,-68.19400271547075,100,ln_n,0.75
classification_entropy,xd6,"samples=ln_n,q=0.9",-0.1000768144304276,-68.19400271547075,100,ln_n,0.9
classification_entropy,xd6,"samples=ln_n,q=0.95",-0.1000768144304276,-68.19400271547075,100,ln_n,0.95
classification_entropy,xd6,"samples=sqrt_n,q=0.5",-0.2017399685223742,-37.068965517241395,100,sqrt_n,0.5
classification_entropy,xd6,"samples=sqrt_n,q=0.75",-0.1000768144304276,-68.19400271547075,100,sqrt_n,0.75
classification_entropy,xd6,"samples=sqrt_n,q=0.9",-0.1000768144304276,-68.19400271547075,100,sqrt_n,0.9
classification_entropy,xd6,"samples=sqrt_n,q=0.95",-0.1000768144304276,-68.19400271547075,100,sqrt_n,0.95
classification_entropy,yeast,"samples=0.1n,q=0.5",2.287707106734474,46.413288209945875,100,0.1n,0.5
classification_entropy,yeast,"samples=0.1n,q=0.75",2.0370763062452446,43.09875992728895,100,0.1n,0.75
classification_entropy,yeast,"samples=0.1n,q=0.9",1.79527083617764,40.663604169554716,100,0.1n,0.9
classification_entropy,yeast,"samples=0.1n,q=0.95",1.887222372434788,39.388493098661655,100,0.1n,0.95
classification_entropy,yeast,"samples=10,q=0.5",2.1413781421201845,23.319351844277943,100,10,0.5
classification_entropy,yeast,"samples=10,q=0.75",1.98600846801682,18.490786374178178,100,10,0.75
classification_entropy,yeast,"samples=10,q=0.9",2.059381640276076,13.259311028119924,100,10,0.9
classification_entropy,yeast,"samples=10,q=0.95",1.6167602930942437,9.958442658886296,100,10,0.95
classification_entropy,yeast,"samples=2,q=0.5",2.119488362375499,42.47549807188443,100,2,0.5
classification_entropy,yeast,"samples=2,q=0.75",2.1164911305531664,39.69542588199278,100,2,0.75
classification_entropy,yeast,"samples=2,q=0.9",2.1763962715544842,34.66577846456463,100,2,0.9
classification_entropy,yeast,"samples=2,q=0.95",2.278945973477625,33.78702409974984,100,2,0.95
classification_entropy,yeast,"samples=ln_n,q=0.5",2.2541213020574435,27.934461599047378,100,ln_n,0.5
classification_entropy,yeast,"samples=ln_n,q=0.75",1.9115293015000256,22.941427653546832,100,ln_n,0.75
classification_entropy,yeast,"samples=ln_n,q=0.9",1.788521329755044,17.93759002333549,100,ln_n,0.9
classification_entropy,yeast,"samples=ln_n,q=0.95",1.926675618189222,14.752066894607985,100,ln_n,0.95
classification_entropy,yeast,"samples=sqrt_n,q=0.5",2.394125359478055,48.13257872176944,100,sqrt_n,0.5
classification_entropy,yeast,"samples=sqrt_n,q=0.75",2.3724194041196744,46.530503456082954,100,sqrt_n,0.75
classification_entropy,yeast,"samples=sqrt_n,q=0.9",2.465078997989126,46.225389202042564,100,sqrt_n,0.9
classification_entropy,yeast,"samples=sqrt_n,q=0.95",2.387506213454507,46.14722192934707,100,sqrt_n,0.95
