task,method_key,splitter,variant,analysis_tier,metric,unit,estimand,estimate,confidence,n_families,n_bootstrap,interval_method,within_ci_low,within_ci_high,within_se,between_ci_low,between_ci_high,between_se,hierarchical_ci_low,hierarchical_ci_high,hierarchical_se,experimental_unit,n_source_datasets,sensitivity_estimand
regression,best|,best,,confirmatory,time_saved_pct,percent_training_time,family_centroid_mean,0,0.94999999999999996,54,10000,percentile_bootstrap,0,0,0,0,0,0,0,0,0,dataset_family,113,equal family weight after within-family median aggregation
regression,best|,best,,confirmatory,time_saved_pct,percent_training_time,cross_family_median,0,0.94999999999999996,54,10000,percentile_bootstrap,0,0,0,0,0,0,0,0,0,dataset_family,113,equal family weight after within-family median aggregation
regression,best|,best,,confirmatory,predictive_loss_pct,percent_bounded_relative_RMSE_loss,family_centroid_mean,0,0.94999999999999996,54,10000,percentile_bootstrap,0,0,0,0,0,0,0,0,0,dataset_family,113,equal family weight after within-family median aggregation
regression,best|,best,,confirmatory,predictive_loss_pct,percent_bounded_relative_RMSE_loss,cross_family_median,0,0.94999999999999996,54,10000,percentile_bootstrap,0,0,0,0,0,0,0,0,0,dataset_family,113,equal family weight after within-family median aggregation
regression,best|,best,,confirmatory,effort_saved_pct,percent_gain_evaluations,family_centroid_mean,0,0.94999999999999996,54,10000,percentile_bootstrap,0,0,0,0,0,0,0,0,0,dataset_family,113,equal family weight after within-family median aggregation
regression,best|,best,,confirmatory,effort_saved_pct,percent_gain_evaluations,cross_family_median,0,0.94999999999999996,54,10000,percentile_bootstrap,0,0,0,0,0,0,0,0,0,dataset_family,113,equal family weight after within-family median aggregation
regression,block_rank|,block_rank,,confirmatory,time_saved_pct,percent_training_time,family_centroid_mean,50.55902733722769,0.94999999999999996,54,10000,percentile_bootstrap,50.190465197628491,50.75059727019233,0.1432505987654964,43.265781894651219,57.684909912663819,3.6639992056099024,43.14094492092147,57.637748445989388,3.6796044236979673,dataset_family,113,equal family weight after within-family median aggregation
regression,block_rank|,block_rank,,confirmatory,time_saved_pct,percent_training_time,cross_family_median,48.491977167998058,0.94999999999999996,54,10000,percentile_bootstrap,47.50829420375878,49.681735267469534,0.53730595981494611,32.481935581066338,66.937042713641063,10.440161856164984,32.049489090822505,66.760875972372432,10.436466552715242,dataset_family,113,equal family weight after within-family median aggregation
regression,block_rank|,block_rank,,confirmatory,predictive_loss_pct,percent_bounded_relative_RMSE_loss,family_centroid_mean,18.948971169567827,0.94999999999999996,54,10000,percentile_bootstrap,18.588975573685321,19.491292239246185,0.23223004505969685,12.914256549284266,25.42497000111743,3.2041087581665035,12.954711100399953,25.544594367729466,3.2051969289436921,dataset_family,113,equal family weight after within-family median aggregation
regression,block_rank|,block_rank,,confirmatory,predictive_loss_pct,percent_bounded_relative_RMSE_loss,cross_family_median,10.519314590214464,0.94999999999999996,54,10000,percentile_bootstrap,10.148870789521423,13.958577486062875,1.0104231630156777,7.4263088751810731,19.022049909611454,3.2556594571520971,7.1795721468662217,18.873051131084733,3.2273822402392947,dataset_family,113,equal family weight after within-family median aggregation
regression,block_rank|,block_rank,,confirmatory,effort_saved_pct,percent_gain_evaluations,family_centroid_mean,75.417957400914716,0.94999999999999996,54,10000,percentile_bootstrap,75.282517617360526,75.4860334048482,0.051151549680014174,69.132047583869891,81.152027238824076,3.0281618697749892,69.110833114883022,81.132546022916614,3.0331241367451094,dataset_family,113,equal family weight after within-family median aggregation
regression,block_rank|,block_rank,,confirmatory,effort_saved_pct,percent_gain_evaluations,cross_family_median,84.153000445938972,0.94999999999999996,54,10000,percentile_bootstrap,83.671353396789115,84.51555299435978,0.2244947661584808,78.502966709121523,89.740945818045631,2.8286396687416566,78.308933230137868,89.772882131555576,2.8277414208418898,dataset_family,113,equal family weight after within-family median aggregation
regression,double_secretary|0.1n,double_secretary,0.1n,exploratory,time_saved_pct,percent_training_time,family_centroid_mean,30.423558881229333,0.94999999999999996,54,10000,percentile_bootstrap,29.97155753858247,30.728550907822093,0.19364773223190296,25.815427159312627,34.828024782026816,2.3019911059598019,25.764917154818718,34.822260374867845,2.3206243497824151,dataset_family,113,equal family weight after within-family median aggregation
regression,double_secretary|0.1n,double_secretary,0.1n,exploratory,time_saved_pct,percent_training_time,cross_family_median,28.293994025199552,0.94999999999999996,54,10000,percentile_bootstrap,27.549207487676508,30.320631120539488,0.69251891249805486,20.98313182271534,40.808452818474564,5.2959343946654824,20.465322243758603,40.700018717068225,5.2217547527219752,dataset_family,113,equal family weight after within-family median aggregation
regression,double_secretary|0.1n,double_secretary,0.1n,exploratory,predictive_loss_pct,percent_bounded_relative_RMSE_loss,family_centroid_mean,7.9584786869933586,0.94999999999999996,54,10000,percentile_bootstrap,7.696105268669875,8.2107088656558656,0.13164026155048639,4.4486950707510013,12.234982823282136,2.0116524364919193,4.3931847328225064,12.249383542381292,2.0187423104350022,dataset_family,113,equal family weight after within-family median aggregation
regression,double_secretary|0.1n,double_secretary,0.1n,exploratory,predictive_loss_pct,percent_bounded_relative_RMSE_loss,cross_family_median,2.4697497973003526,0.94999999999999996,54,10000,percentile_bootstrap,2.1288867050354323,2.9259298938856149,0.20458248472614654,1.2421207148767128,3.5054924678244364,0.59988136194876684,1.3405526737104474,3.6912522771343315,0.62988082428316372,dataset_family,113,equal family weight after within-family median aggregation
regression,double_secretary|0.1n,double_secretary,0.1n,exploratory,effort_saved_pct,percent_gain_evaluations,family_centroid_mean,24.910337936222803,0.94999999999999996,54,10000,percentile_bootstrap,24.815836866972109,25.027687647172755,0.053915135801547255,16.15479623444703,32.649175090100393,4.235206035298507,16.143889160841873,32.684623394029963,4.235187422836983,dataset_family,113,equal family weight after within-family median aggregation
regression,double_secretary|0.1n,double_secretary,0.1n,exploratory,effort_saved_pct,percent_gain_evaluations,cross_family_median,36.690327359129938,0.94999999999999996,54,10000,percentile_bootstrap,36.18341102505785,37.300731423531481,0.29298329351973135,29.003388954431848,46.218093865433261,5.5103365094989956,28.780741019937359,46.097014370459483,5.4567096486624891,dataset_family,113,equal family weight after within-family median aggregation
regression,double_secretary|1overe,double_secretary,1overe,confirmatory,time_saved_pct,percent_training_time,family_centroid_mean,7.3533384502618633,0.94999999999999996,54,10000,percentile_bootstrap,6.7930480719859592,7.5771929315389688,0.19882914222964285,5.9188630769845929,8.7046153194041995,0.71912106719621016,5.7322193523993947,8.609597301795743,0.74046191911865711,dataset_family,113,equal family weight after within-family median aggregation
regression,double_secretary|1overe,double_secretary,1overe,confirmatory,time_saved_pct,percent_training_time,cross_family_median,7.7277821649687546,0.94999999999999996,54,10000,percentile_bootstrap,6.6432701774306508,8.2858089487107431,0.4200491533106599,6.444193959068917,8.8303314072409602,0.6307225751010529,5.9088756843225161,8.8039312280473094,0.75014972460467633,dataset_family,113,equal family weight after within-family median aggregation
regression,double_secretary|1overe,double_secretary,1overe,confirmatory,predictive_loss_pct,percent_bounded_relative_RMSE_loss,family_centroid_mean,2.1340758575620691,0.94999999999999996,54,10000,percentile_bootstrap,1.8879461932605246,2.3336263353555018,0.11278369202287493,0.92222578598680005,3.7114545482008849,0.72128968287960338,0.86736708041421029,3.7190080090122177,0.73234625935377218,dataset_family,113,equal family weight after within-family median aggregation
regression,double_secretary|1overe,double_secretary,1overe,confirmatory,predictive_loss_pct,percent_bounded_relative_RMSE_loss,cross_family_median,0.87105396282125824,0.94999999999999996,54,10000,percentile_bootstrap,0.63494686657709554,1.3883766254617154,0.19171443965757923,0.3394017223851381,1.9769087023919023,0.44903146180047215,0.27646975925622758,1.8890203088445991,0.44318369877449049,dataset_family,113,equal family weight after within-family median aggregation
regression,double_secretary|1overe,double_secretary,1overe,confirmatory,effort_saved_pct,percent_gain_evaluations,family_centroid_mean,-4.6099986195052827,0.94999999999999996,54,10000,percentile_bootstrap,-4.6805602523531498,-4.5135863401477083,0.042894993974734813,-8.8392802303785647,-0.85994638762108555,2.0226307540721646,-8.8212302167049987,-0.83765639366993094,2.0242474408222155,dataset_family,113,equal family weight after within-family median aggregation
regression,double_secretary|1overe,double_secretary,1overe,confirmatory,effort_saved_pct,percent_gain_evaluations,cross_family_median,1.0106815621853948,0.94999999999999996,54,10000,percentile_bootstrap,0.66497065194035843,1.5992834324437506,0.23909931429402378,-2.7154826500975728,2.6992679549178336,1.5712840595638282,-2.8346435726475359,2.6947908890156325,1.5635969011451527,dataset_family,113,equal family weight after within-family median aggregation
regression,double_secretary|ln_n,double_secretary,ln_n,exploratory,time_saved_pct,percent_training_time,family_centroid_mean,26.377801905137424,0.94999999999999996,54,10000,percentile_bootstrap,25.916595302504891,26.683670723569016,0.19471100918087889,22.138455343107246,30.612649099377748,2.1515794730335598,22.043174959576071,30.548229193013327,2.1624594609077672,dataset_family,113,equal family weight after within-family median aggregation
regression,double_secretary|ln_n,double_secretary,ln_n,exploratory,time_saved_pct,percent_training_time,cross_family_median,24.390577853142826,0.94999999999999996,54,10000,percentile_bootstrap,23.024946801985298,25.305624021544212,0.56357048166547785,16.971174023692338,28.569195791014444,3.2947523626104434,16.851645769815399,28.310914610814812,3.2316886215237446,dataset_family,113,equal family weight after within-family median aggregation
regression,double_secretary|ln_n,double_secretary,ln_n,exploratory,predictive_loss_pct,percent_bounded_relative_RMSE_loss,family_centroid_mean,6.0169991041295283,0.94999999999999996,54,10000,percentile_bootstrap,5.7724792920301509,6.2457058921416815,0.1217484525977252,3.2559556059282984,9.7425867304415732,1.6869709082275937,3.2306799178267891,9.7318169729001998,1.6894795173138084,dataset_family,113,equal family weight after within-family median aggregation
regression,double_secretary|ln_n,double_secretary,ln_n,exploratory,predictive_loss_pct,percent_bounded_relative_RMSE_loss,cross_family_median,2.4461289384310501,0.94999999999999996,54,10000,percentile_bootstrap,2.0637161687308359,2.7610653757675259,0.16912599453308913,0.98545388764262887,3.5054924678244364,0.63797947850979386,0.98859100722945625,3.5039855703295033,0.6380145858919325,dataset_family,113,equal family weight after within-family median aggregation
regression,double_secretary|ln_n,double_secretary,ln_n,exploratory,effort_saved_pct,percent_gain_evaluations,family_centroid_mean,18.598942732419548,0.94999999999999996,54,10000,percentile_bootstrap,18.511052822855195,18.710046133529843,0.050668729057473195,10.685325331554424,25.830241680804495,3.82345947161182,10.689891490063602,25.841820960177248,3.8237887189009712,dataset_family,113,equal family weight after within-family median aggregation
regression,double_secretary|ln_n,double_secretary,ln_n,exploratory,effort_saved_pct,percent_gain_evaluations,cross_family_median,29.003388954431848,0.94999999999999996,54,10000,percentile_bootstrap,28.348282647255356,29.38321368370017,0.26331736050544874,14.872591663610788,31.432112983086455,4.9137328142761643,14.594634250163139,31.580348866651704,4.8699288939532073,dataset_family,113,equal family weight after within-family median aggregation
regression,double_secretary|sqrt_n,double_secretary,sqrt_n,exploratory,time_saved_pct,percent_training_time,family_centroid_mean,25.272868729015759,0.94999999999999996,54,10000,percentile_bootstrap,24.76804728472489,25.539227097269556,0.19699150272072116,20.900118013329315,29.763673389147879,2.2715347456244106,20.769988081793549,29.715845923458165,2.2897599425077675,dataset_family,113,equal family weight after within-family median aggregation
regression,double_secretary|sqrt_n,double_secretary,sqrt_n,exploratory,time_saved_pct,percent_training_time,cross_family_median,22.895693399999324,0.94999999999999996,54,10000,percentile_bootstrap,21.034485706514392,23.653980190105443,0.71481370306520742,14.572010096146315,27.508612648241009,4.3877771841426352,14.85366056818944,27.67698301320068,4.2120439926941682,dataset_family,113,equal family weight after within-family median aggregation
regression,double_secretary|sqrt_n,double_secretary,sqrt_n,exploratory,predictive_loss_pct,percent_bounded_relative_RMSE_loss,family_centroid_mean,7.280081573507788,0.94999999999999996,54,10000,percentile_bootstrap,7.0223075758496565,7.5445478869762823,0.13517093773069908,4.1147399395637132,11.224070862806592,1.8369977470683028,4.1035872695227802,11.274182154918854,1.8425661525818058,dataset_family,113,equal family weight after within-family median aggregation
regression,double_secretary|sqrt_n,double_secretary,sqrt_n,exploratory,predictive_loss_pct,percent_bounded_relative_RMSE_loss,cross_family_median,2.5940882537371923,0.94999999999999996,54,10000,percentile_bootstrap,2.2324623537002837,2.9797771755227282,0.19403726083532558,0.99093616598756318,3.4388055030771887,0.63088621752974772,1.1257664451690959,3.6975906899286812,0.63814267302558292,dataset_family,113,equal family weight after within-family median aggregation
regression,double_secretary|sqrt_n,double_secretary,sqrt_n,exploratory,effort_saved_pct,percent_gain_evaluations,family_centroid_mean,13.101015377834361,0.94999999999999996,54,10000,percentile_bootstrap,12.990628277999541,13.18677008996057,0.049692975043688449,5.6240984852539615,20.041347240291806,3.6364785612602399,5.5726059377284471,20.039605900500867,3.6373071083715383,dataset_family,113,equal family weight after within-family median aggregation
regression,double_secretary|sqrt_n,double_secretary,sqrt_n,exploratory,effort_saved_pct,percent_gain_evaluations,cross_family_median,18.194443533400111,0.94999999999999996,54,10000,percentile_bootstrap,17.886096230524991,18.48180695675968,0.1524298587365743,9.7547400224127401,29.352859328514342,6.0529158695550054,9.4672317115514364,29.240778386286795,6.0060363012612727,dataset_family,113,equal family weight after within-family median aggregation
regression,extra_tree|max_features=1,extra_tree,max_features=1,confirmatory,time_saved_pct,percent_training_time,family_centroid_mean,61.455809720061467,0.94999999999999996,54,10000,percentile_bootstrap,61.023690243301083,61.593628997076266,0.14427803980503759,53.104132106633976,69.434797945185721,4.1393027660345165,52.960223514323651,69.347715314102246,4.1593606304504851,dataset_family,113,equal family weight after within-family median aggregation
regression,extra_tree|max_features=1,extra_tree,max_features=1,confirmatory,time_saved_pct,percent_training_time,cross_family_median,71.103676450542281,0.94999999999999996,54,10000,percentile_bootstrap,70.36510628290371,71.660853455933818,0.33464495259400923,43.266487989404375,83.290459397762064,12.336033883358601,42.970058812920989,83.339007272970449,12.339923854444688,dataset_family,113,equal family weight after within-family median aggregation
regression,extra_tree|max_features=1,extra_tree,max_features=1,confirmatory,predictive_loss_pct,percent_bounded_relative_RMSE_loss,family_centroid_mean,24.42297827509886,0.94999999999999996,54,10000,percentile_bootstrap,24.018227871014602,24.719298000635071,0.17806366360790882,17.943822048532208,31.184228236541792,3.4095769512021437,17.863626327898427,31.157142037844473,3.4263353400637584,dataset_family,113,equal family weight after within-family median aggregation
regression,extra_tree|max_features=1,extra_tree,max_features=1,confirmatory,predictive_loss_pct,percent_bounded_relative_RMSE_loss,cross_family_median,17.622464681821839,0.94999999999999996,54,10000,percentile_bootstrap,16.229553112999781,18.213335455025288,0.5518740429939587,10.407873864966659,27.566287933597152,4.6331557960130789,9.8374636813115774,27.015786068563084,4.5415501822821716,dataset_family,113,equal family weight after within-family median aggregation
regression,extra_tree|max_features=1,extra_tree,max_features=1,confirmatory,effort_saved_pct,percent_gain_evaluations,family_centroid_mean,91.949454632092412,0.94999999999999996,54,10000,percentile_bootstrap,91.94428295736887,91.954103793537584,0.0024647426010893114,88.513975919157915,94.889153299483482,1.6134742166280003,88.512361582506315,94.89073358438074,1.6136074670996901,dataset_family,113,equal family weight after within-family median aggregation
regression,extra_tree|max_features=1,extra_tree,max_features=1,confirmatory,effort_saved_pct,percent_gain_evaluations,cross_family_median,98.118799297104232,0.94999999999999996,54,10000,percentile_bootstrap,98.116427521527484,98.121826973885078,0.0014345146738298509,94.959749535359833,98.925935900888774,1.0907101871249021,94.959650097297896,98.926474548882311,1.0905632726601091,dataset_family,113,equal family weight after within-family median aggregation
regression,extra_tree|max_features=1over3,extra_tree,max_features=1over3,confirmatory,time_saved_pct,percent_training_time,family_centroid_mean,57.835946595457337,0.94999999999999996,54,10000,percentile_bootstrap,57.405725172330186,57.997251814024466,0.15085118103696177,49.844815223492411,65.593726541605406,3.9956234135203834,49.672972441305951,65.496218488410648,4.0143989557538999,dataset_family,113,equal family weight after within-family median aggregation
regression,extra_tree|max_features=1over3,extra_tree,max_features=1over3,confirmatory,time_saved_pct,percent_training_time,cross_family_median,65.2295032675013,0.94999999999999996,54,10000,percentile_bootstrap,63.894921043664368,66.008385493556446,0.54539381591261371,37.893267787646032,79.084233923084525,12.858533441171685,37.901035206602124,79.061410272611099,12.789682142099032,dataset_family,113,equal family weight after within-family median aggregation
regression,extra_tree|max_features=1over3,extra_tree,max_features=1over3,confirmatory,predictive_loss_pct,percent_bounded_relative_RMSE_loss,family_centroid_mean,16.412238385068243,0.94999999999999996,54,10000,percentile_bootstrap,15.957352379866753,16.768291174987841,0.20833248943003774,11.375505868726085,21.891320475556235,2.6804120367302491,11.306557975143376,21.921646854809623,2.7053545954230667,dataset_family,113,equal family weight after within-family median aggregation
regression,extra_tree|max_features=1over3,extra_tree,max_features=1over3,confirmatory,predictive_loss_pct,percent_bounded_relative_RMSE_loss,cross_family_median,8.6922158303327723,0.94999999999999996,54,10000,percentile_bootstrap,8.2018070447471487,10.1967840744976,0.50367370278728485,6.6073349033422524,15.472118754263064,2.2784009357089623,6.2670933792919907,15.56871132559605,2.4025710188861606,dataset_family,113,equal family weight after within-family median aggregation
regression,extra_tree|max_features=1over3,extra_tree,max_features=1over3,confirmatory,effort_saved_pct,percent_gain_evaluations,family_centroid_mean,88.463060234633417,0.94999999999999996,54,10000,percentile_bootstrap,88.453953488700094,88.473273573162388,0.0047916923937196872,84.440584065566739,91.945017201064118,1.9037105823716294,84.442440159788788,91.947887282517939,1.9038589398523416,dataset_family,113,equal family weight after within-family median aggregation
regression,extra_tree|max_features=1over3,extra_tree,max_features=1over3,confirmatory,effort_saved_pct,percent_gain_evaluations,cross_family_median,95.05949320152979,0.94999999999999996,54,10000,percentile_bootstrap,95.041409359974125,95.070263671657401,0.0077490154978239207,91.942033447428543,96.439868730126221,1.1446047253495599,91.942033447428543,96.431065878095922,1.1432724886786154,dataset_family,113,equal family weight after within-family median aggregation
regression,extra_tree|max_features=2over3,extra_tree,max_features=2over3,confirmatory,time_saved_pct,percent_training_time,family_centroid_mean,52.664058570959483,0.94999999999999996,54,10000,percentile_bootstrap,52.30639533008943,52.888314093885917,0.14845196790124454,45.006175186909097,60.214860511998594,3.8559669602517097,44.907344891036146,60.160193646921016,3.8636601300618185,dataset_family,113,equal family weight after within-family median aggregation
regression,extra_tree|max_features=2over3,extra_tree,max_features=2over3,confirmatory,time_saved_pct,percent_training_time,cross_family_median,57.610028391757211,0.94999999999999996,54,10000,percentile_bootstrap,55.778897173752725,58.318861378379673,0.62283071378747934,31.581528163324652,72.688645961094522,12.81642386080792,31.374397958903462,72.729218056401038,12.756851971709469,dataset_family,113,equal family weight after within-family median aggregation
regression,extra_tree|max_features=2over3,extra_tree,max_features=2over3,confirmatory,predictive_loss_pct,percent_bounded_relative_RMSE_loss,family_centroid_mean,8.802893489245994,0.94999999999999996,54,10000,percentile_bootstrap,8.4080175307676903,9.2069360121960901,0.2037226408465726,5.3407154708453266,12.724706908344347,1.8936971600978876,5.351676385467905,12.715897504946181,1.8966652309186933,dataset_family,113,equal family weight after within-family median aggregation
regression,extra_tree|max_features=2over3,extra_tree,max_features=2over3,confirmatory,predictive_loss_pct,percent_bounded_relative_RMSE_loss,cross_family_median,5.6552545095117264,0.94999999999999996,54,10000,percentile_bootstrap,5.0802669306988051,6.3555629892395178,0.3359566205808579,2.8719410072491987,8.9113444056883839,1.5287353188295687,2.9878358679004346,8.7112848326733356,1.5044628887755969,dataset_family,113,equal family weight after within-family median aggregation
regression,extra_tree|max_features=2over3,extra_tree,max_features=2over3,confirmatory,effort_saved_pct,percent_gain_evaluations,family_centroid_mean,83.030689448593506,0.94999999999999996,54,10000,percentile_bootstrap,83.01335722781171,83.047865237786041,0.0088290253040621738,78.291004155340744,87.148674079339287,2.2475645475736639,78.294873705179256,87.152132173219158,2.2472812490065084,dataset_family,113,equal family weight after within-family median aggregation
regression,extra_tree|max_features=2over3,extra_tree,max_features=2over3,confirmatory,effort_saved_pct,percent_gain_evaluations,cross_family_median,88.728684182447623,0.94999999999999996,54,10000,percentile_bootstrap,88.695274944040165,88.754308179357622,0.014143360344087421,85.101092975173145,92.470363978097552,2.2863758679742898,85.101092975173145,92.463443888285369,2.2863590156482716,dataset_family,113,equal family weight after within-family median aggregation
regression,extra_tree|max_features=all,extra_tree,max_features=all,confirmatory,time_saved_pct,percent_training_time,family_centroid_mean,46.799511283336521,0.94999999999999996,54,10000,percentile_bootstrap,46.275895300497105,47.005916103666003,0.18770689722734685,39.435328016112592,54.230498624088725,3.7497313999641277,39.256218158404756,54.121405951889713,3.7743388622597651,dataset_family,113,equal family weight after within-family median aggregation
regression,extra_tree|max_features=all,extra_tree,max_features=all,confirmatory,time_saved_pct,percent_training_time,cross_family_median,50.425688692632392,0.94999999999999996,54,10000,percentile_bootstrap,49.311958083072241,51.427318231957003,0.52153808509714816,23.136338576456424,64.969118982334834,13.036654128745289,23.677521693474812,65.024814110199401,13.025413720492709,dataset_family,113,equal family weight after within-family median aggregation
regression,extra_tree|max_features=all,extra_tree,max_features=all,confirmatory,predictive_loss_pct,percent_bounded_relative_RMSE_loss,family_centroid_mean,3.5643223218486955,0.94999999999999996,54,10000,percentile_bootstrap,2.7461001825516855,3.869371670449822,0.3114490780998575,1.3309128493563747,5.6100253756458081,1.0948104015013951,0.9908678615558808,5.5379658473415834,1.1800821743549847,dataset_family,113,equal family weight after within-family median aggregation
regression,extra_tree|max_features=all,extra_tree,max_features=all,confirmatory,predictive_loss_pct,percent_bounded_relative_RMSE_loss,cross_family_median,2.9753596450768556,0.94999999999999996,54,10000,percentile_bootstrap,2.3267391144465197,3.6007878056607319,0.32276232310955427,0.43593263877934885,4.6696091894272644,1.1648914300673334,0.42036807165532303,5.1359498014791436,1.179881641328369,dataset_family,113,equal family weight after within-family median aggregation
regression,extra_tree|max_features=all,extra_tree,max_features=all,confirmatory,effort_saved_pct,percent_gain_evaluations,family_centroid_mean,78.062597208769475,0.94999999999999996,54,10000,percentile_bootstrap,78.010338492275082,78.07450450600281,0.019186691055490108,72.824629631127252,82.673292276071351,2.5008486358433317,72.814643502191146,82.663538068071077,2.5055195892099325,dataset_family,113,equal family weight after within-family median aggregation
regression,extra_tree|max_features=all,extra_tree,max_features=all,confirmatory,effort_saved_pct,percent_gain_evaluations,cross_family_median,84.292249446386933,0.94999999999999996,54,10000,percentile_bootstrap,84.099005110643262,84.406846268677413,0.080750596328612881,78.906899966851569,88.524580898347921,2.7983254112009304,78.901493335991702,88.518178043062065,2.7984493575844542,dataset_family,113,equal family weight after within-family median aggregation
regression,prophet_1sample|,prophet_1sample,,confirmatory,time_saved_pct,percent_training_time,family_centroid_mean,24.318307663464676,0.94999999999999996,54,10000,percentile_bootstrap,23.863378680896187,24.528708432786559,0.17011401427986389,18.649389503881469,29.983764716437975,2.8577568375222659,18.496164585099308,29.915497457435706,2.8716855589698849,dataset_family,113,equal family weight after within-family median aggregation
regression,prophet_1sample|,prophet_1sample,,confirmatory,time_saved_pct,percent_training_time,cross_family_median,19.591953053893853,0.94999999999999996,54,10000,percentile_bootstrap,18.03626188236256,20.646297989129504,0.65998550300134007,13.758363978912636,33.546990023649563,6.1315710176434566,13.90127953638102,33.394330813338819,6.053359653551456,dataset_family,113,equal family weight after within-family median aggregation
regression,prophet_1sample|,prophet_1sample,,confirmatory,predictive_loss_pct,percent_bounded_relative_RMSE_loss,family_centroid_mean,3.9604158778938676,0.94999999999999996,54,10000,percentile_bootstrap,3.1844470372090976,4.16237928388089,0.28641580878629835,2.5219303695530817,5.5424534947826327,0.77175932804181602,2.0769348600279849,5.4843762461535794,0.85627480610867002,dataset_family,113,equal family weight after within-family median aggregation
regression,prophet_1sample|,prophet_1sample,,confirmatory,predictive_loss_pct,percent_bounded_relative_RMSE_loss,cross_family_median,2.3979902867742018,0.94999999999999996,54,10000,percentile_bootstrap,2.048363058807336,2.8623813474937716,0.19854601561850146,0.64730734136843326,3.2852062884550559,0.70471610733221879,0.64025738816936961,3.3823745574966617,0.73173726872829203,dataset_family,113,equal family weight after within-family median aggregation
regression,prophet_1sample|,prophet_1sample,,confirmatory,effort_saved_pct,percent_gain_evaluations,family_centroid_mean,41.767209319867952,0.94999999999999996,54,10000,percentile_bootstrap,41.690525657321523,41.857236882291708,0.042505710078500014,35.273660088214491,47.81618317237799,3.14085686984596,35.29719468570228,47.835501762215735,3.1408502714972393,dataset_family,113,equal family weight after within-family median aggregation
regression,prophet_1sample|,prophet_1sample,,confirmatory,effort_saved_pct,percent_gain_evaluations,cross_family_median,47.676621972511569,0.94999999999999996,54,10000,percentile_bootstrap,47.480455842418912,48.114595967270624,0.16487050479088669,36.541955392575034,56.737646676840292,5.2964032882265419,36.563216366978047,56.740494014739944,5.2796706312994184,dataset_family,113,equal family weight after within-family median aggregation
regression,secretary_all|0.1n,secretary_all,0.1n,exploratory,time_saved_pct,percent_training_time,family_centroid_mean,32.572751365016515,0.94999999999999996,54,10000,percentile_bootstrap,32.019723497372539,32.750432676402518,0.18516465023538031,27.674600676592924,37.315751357590599,2.4739971601972415,27.457126362256506,37.222558276621363,2.496928768982245,dataset_family,113,equal family weight after within-family median aggregation
regression,secretary_all|0.1n,secretary_all,0.1n,exploratory,time_saved_pct,percent_training_time,cross_family_median,30.86088213680835,0.94999999999999996,54,10000,percentile_bootstrap,29.550554599185435,32.595736018888942,0.75160781469516569,21.062200367453983,43.72176468842035,6.7659529765096282,20.672070792990542,43.591430557656373,6.7345360611283205,dataset_family,113,equal family weight after within-family median aggregation
regression,secretary_all|0.1n,secretary_all,0.1n,exploratory,predictive_loss_pct,percent_bounded_relative_RMSE_loss,family_centroid_mean,7.8382034596106518,0.94999999999999996,54,10000,percentile_bootstrap,7.5770810768794101,8.0459221614704628,0.1205662366902607,4.3734884135154859,12.093979881075658,1.9836788026613914,4.3390788520292221,12.049386881299798,1.9872937048325168,dataset_family,113,equal family weight after within-family median aggregation
regression,secretary_all|0.1n,secretary_all,0.1n,exploratory,predictive_loss_pct,percent_bounded_relative_RMSE_loss,cross_family_median,2.017208842022991,0.94999999999999996,54,10000,percentile_bootstrap,1.7610752243841248,2.4145798997794259,0.15720513489511878,0.10895054960993467,3.5317082628155361,0.79869496796594153,0.21863879188832414,3.5248166030170829,0.77355027968950996,dataset_family,113,equal family weight after within-family median aggregation
regression,secretary_all|0.1n,secretary_all,0.1n,exploratory,effort_saved_pct,percent_gain_evaluations,family_centroid_mean,36.947068499202864,0.94999999999999996,54,10000,percentile_bootstrap,36.811809487375633,37.018280558899512,0.052825480928669878,31.311841756912564,42.148589468071442,2.7893254209397016,31.250758395190054,42.110552591403227,2.7881794685432459,dataset_family,113,equal family weight after within-family median aggregation
regression,secretary_all|0.1n,secretary_all,0.1n,exploratory,effort_saved_pct,percent_gain_evaluations,cross_family_median,43.854876449991608,0.94999999999999996,54,10000,percentile_bootstrap,42.997306833255841,44.580937372337949,0.42952353790900955,37.645987352030119,50.951768727455061,3.8918553543260748,37.562605228330284,50.834059388714266,3.8666928579278141,dataset_family,113,equal family weight after within-family median aggregation
regression,secretary_all|1overe,secretary_all,1overe,confirmatory,time_saved_pct,percent_training_time,family_centroid_mean,15.683128509826194,0.94999999999999996,54,10000,percentile_bootstrap,15.079690194088261,15.871986204022107,0.20129499062170089,14.446781730408148,16.906305263582897,0.62414543139236067,14.160123457186286,16.811314168969819,0.67433726663370164,dataset_family,113,equal family weight after within-family median aggregation
regression,secretary_all|1overe,secretary_all,1overe,confirmatory,time_saved_pct,percent_training_time,cross_family_median,14.743518470975491,0.94999999999999996,54,10000,percentile_bootstrap,14.404978991059968,15.534794808985492,0.29002160475909738,14.001490526287235,16.136212698601415,0.54242895873208397,13.781971706337737,16.174052997568012,0.60315280227804091,dataset_family,113,equal family weight after within-family median aggregation
regression,secretary_all|1overe,secretary_all,1overe,confirmatory,predictive_loss_pct,percent_bounded_relative_RMSE_loss,family_centroid_mean,2.0096501425054458,0.94999999999999996,54,10000,percentile_bootstrap,1.779444732179343,2.1878818555702422,0.10444318049592603,0.86192246485186219,3.5229106355724125,0.68476283591376186,0.80781215373126047,3.507545757099102,0.6931636713377568,dataset_family,113,equal family weight after within-family median aggregation
regression,secretary_all|1overe,secretary_all,1overe,confirmatory,predictive_loss_pct,percent_bounded_relative_RMSE_loss,cross_family_median,0.93123638449289781,0.94999999999999996,54,10000,percentile_bootstrap,0.44970508691298566,1.1029722296894007,0.1717879562783893,0.02572949685080983,1.6625117505167486,0.53168747492440149,0.0020479968967237858,1.6828708496829416,0.49688443647644959,dataset_family,113,equal family weight after within-family median aggregation
regression,secretary_all|1overe,secretary_all,1overe,confirmatory,effort_saved_pct,percent_gain_evaluations,family_centroid_mean,14.803238267422241,0.94999999999999996,54,10000,percentile_bootstrap,14.715574751766706,14.889827325637299,0.044216628433170875,12.795146271993318,16.605734325990639,0.96717749779027451,12.787353509051881,16.60374139592604,0.96784502808514605,dataset_family,113,equal family weight after within-family median aggregation
regression,secretary_all|1overe,secretary_all,1overe,confirmatory,effort_saved_pct,percent_gain_evaluations,cross_family_median,17.038682126459136,0.94999999999999996,54,10000,percentile_bootstrap,16.695254106079354,17.277988501696392,0.14612773430267081,14.371353637935469,18.143538125841417,0.85725659770602958,14.411624236049096,18.144992312688998,0.87873359906674875,dataset_family,113,equal family weight after within-family median aggregation
regression,secretary_all|ln_n,secretary_all,ln_n,exploratory,time_saved_pct,percent_training_time,family_centroid_mean,30.519258122717218,0.94999999999999996,54,10000,percentile_bootstrap,30.061545860973254,30.824221353972753,0.19468890328228997,26.180266109165466,34.854692125730551,2.2158861690989107,26.108905132791339,34.868036537448639,2.2330787843378896,dataset_family,113,equal family weight after within-family median aggregation
regression,secretary_all|ln_n,secretary_all,ln_n,exploratory,time_saved_pct,percent_training_time,cross_family_median,29.59566655475318,0.94999999999999996,54,10000,percentile_bootstrap,28.025513739866831,30.737462463388397,0.69880241736494897,18.907157429261588,34.490383716248033,4.8505358671199748,18.831681261218613,34.505857639456487,4.7019029480350394,dataset_family,113,equal family weight after within-family median aggregation
regression,secretary_all|ln_n,secretary_all,ln_n,exploratory,predictive_loss_pct,percent_bounded_relative_RMSE_loss,family_centroid_mean,5.8594792598364132,0.94999999999999996,54,10000,percentile_bootstrap,5.6293706711542582,6.0482351384703783,0.10586786507262458,3.1067553609837475,9.5495787584039284,1.6754672992380908,3.0830558399256978,9.5671223359842159,1.681318673971776,dataset_family,113,equal family weight after within-family median aggregation
regression,secretary_all|ln_n,secretary_all,ln_n,exploratory,predictive_loss_pct,percent_bounded_relative_RMSE_loss,cross_family_median,2.0006161484956095,0.94999999999999996,54,10000,percentile_bootstrap,1.4796273106241178,2.2032257823477992,0.18292491734877275,0.041910593269248175,3.2776094569745338,0.86826699841476274,0.098642443703129648,3.2653222872723844,0.83342001090834761,dataset_family,113,equal family weight after within-family median aggregation
regression,secretary_all|ln_n,secretary_all,ln_n,exploratory,effort_saved_pct,percent_gain_evaluations,family_centroid_mean,31.943202911692847,0.94999999999999996,54,10000,percentile_bootstrap,31.820150858790747,32.014596219957618,0.049832696747859014,26.908902306632967,36.692727336969071,2.4711116734450678,26.878332971346332,36.659554146230057,2.471932031750645,dataset_family,113,equal family weight after within-family median aggregation
regression,secretary_all|ln_n,secretary_all,ln_n,exploratory,effort_saved_pct,percent_gain_evaluations,cross_family_median,37.518480735241099,0.94999999999999996,54,10000,percentile_bootstrap,36.74548043555729,37.711215469111345,0.24697115884574752,26.769930502467076,39.84955860725811,3.8218901828507752,26.642336098488229,39.922116698482995,3.8088065608844293,dataset_family,113,equal family weight after within-family median aggregation
regression,secretary_all|sqrt_n,secretary_all,sqrt_n,exploratory,time_saved_pct,percent_training_time,family_centroid_mean,30.755645683302482,0.94999999999999996,54,10000,percentile_bootstrap,30.197431253926005,30.966349889871822,0.1959250816899244,26.205199611435098,35.35424135122949,2.3240486399134079,25.991313753158035,35.237986404585421,2.3443869933584818,dataset_family,113,equal family weight after within-family median aggregation
regression,secretary_all|sqrt_n,secretary_all,sqrt_n,exploratory,time_saved_pct,percent_training_time,cross_family_median,29.057936098420441,0.94999999999999996,54,10000,percentile_bootstrap,27.02270012949058,30.88047946164658,0.96628474461106328,18.094236423981528,37.224902000421892,5.6330569004146405,17.947801958000497,36.765986187391967,5.4883532972146938,dataset_family,113,equal family weight after within-family median aggregation
regression,secretary_all|sqrt_n,secretary_all,sqrt_n,exploratory,predictive_loss_pct,percent_bounded_relative_RMSE_loss,family_centroid_mean,6.9405154822195989,0.94999999999999996,54,10000,percentile_bootstrap,6.7531889175434721,7.2162346914991975,0.11842843297482299,3.7134372921542842,10.930038828718288,1.8660166907082298,3.7519488167127935,10.962334797406566,1.8653039194451688,dataset_family,113,equal family weight after within-family median aggregation
regression,secretary_all|sqrt_n,secretary_all,sqrt_n,exploratory,predictive_loss_pct,percent_bounded_relative_RMSE_loss,cross_family_median,1.9685993488792601,0.94999999999999996,54,10000,percentile_bootstrap,1.5462126337445492,2.2899276902115275,0.19199315207159787,0.061382464116829794,3.4908689659242125,0.95676718021622209,0.096716478375297857,3.4977322270046685,0.91683637380743599,dataset_family,113,equal family weight after within-family median aggregation
regression,secretary_all|sqrt_n,secretary_all,sqrt_n,exploratory,effort_saved_pct,percent_gain_evaluations,family_centroid_mean,29.935397354297351,0.94999999999999996,54,10000,percentile_bootstrap,29.84471467847019,30.032116243913055,0.047760241925468225,25.253777267150269,34.392368756806484,2.338061882194483,25.258302915197479,34.417429383173882,2.3391264684741397,dataset_family,113,equal family weight after within-family median aggregation
regression,secretary_all|sqrt_n,secretary_all,sqrt_n,exploratory,effort_saved_pct,percent_gain_evaluations,cross_family_median,32.906457110386405,0.94999999999999996,54,10000,percentile_bootstrap,32.474789481325729,33.45271000485593,0.25249630626119612,25.416315662185173,40.243245869295926,4.3213341498938744,25.427927589971997,40.094918299644959,4.3032178703784787,dataset_family,113,equal family weight after within-family median aggregation
regression,"secretary_par|samples=0.1n,q=0.5",secretary_par,"samples=0.1n,q=0.5",exploratory,time_saved_pct,percent_training_time,family_centroid_mean,24.214265401703667,0.94999999999999996,54,10000,percentile_bootstrap,23.652932726920152,24.402908287249936,0.1915381902272647,20.498733007356101,28.011854249185951,1.8953064344628001,20.288816906805298,27.886597999919761,1.9291352592260931,dataset_family,113,equal family weight after within-family median aggregation
regression,"secretary_par|samples=0.1n,q=0.5",secretary_par,"samples=0.1n,q=0.5",exploratory,time_saved_pct,percent_training_time,cross_family_median,20.143808473908059,0.94999999999999996,54,10000,percentile_bootstrap,19.038014765022144,21.19935641497937,0.56194300532348274,16.198757920271991,28.316172263890387,3.0624671297307819,16.11884122446801,27.815925180234618,2.9742471437572284,dataset_family,113,equal family weight after within-family median aggregation
regression,"secretary_par|samples=0.1n,q=0.5",secretary_par,"samples=0.1n,q=0.5",exploratory,predictive_loss_pct,percent_bounded_relative_RMSE_loss,family_centroid_mean,13.044427411540205,0.94999999999999996,54,10000,percentile_bootstrap,12.778624739642179,13.26151271402934,0.12196712116156809,8.2098754074696494,18.637312123634072,2.6784146565326639,8.1608714787864685,18.605958240409578,2.6829561149789649,dataset_family,113,equal family weight after within-family median aggregation
regression,"secretary_par|samples=0.1n,q=0.5",secretary_par,"samples=0.1n,q=0.5",exploratory,predictive_loss_pct,percent_bounded_relative_RMSE_loss,cross_family_median,6.9626098648963186,0.94999999999999996,54,10000,percentile_bootstrap,6.6285358330856994,7.6040609940353079,0.23759272758451708,2.6704048726437888,10.080845822379484,1.8750227244435753,2.6322896450535467,10.24613661610266,1.8768480339821376,dataset_family,113,equal family weight after within-family median aggregation
regression,"secretary_par|samples=0.1n,q=0.5",secretary_par,"samples=0.1n,q=0.5",exploratory,effort_saved_pct,percent_gain_evaluations,family_centroid_mean,44.753996411878809,0.94999999999999996,54,10000,percentile_bootstrap,44.685308875596732,44.817642366649302,0.033634501772419542,36.767268263565462,51.980105964571159,3.8356433212373933,36.789173342536635,51.999878643619823,3.8381727955151348,dataset_family,113,equal family weight after within-family median aggregation
regression,"secretary_par|samples=0.1n,q=0.5",secretary_par,"samples=0.1n,q=0.5",exploratory,effort_saved_pct,percent_gain_evaluations,cross_family_median,53.812775712033883,0.94999999999999996,54,10000,percentile_bootstrap,53.516350625172571,53.99718161624854,0.12222009673824535,45.416178025857263,60.400916291552022,4.9154835153690168,45.381483401661207,60.427096197118786,4.9136037945926709,dataset_family,113,equal family weight after within-family median aggregation
regression,"secretary_par|samples=0.1n,q=0.75",secretary_par,"samples=0.1n,q=0.75",exploratory,time_saved_pct,percent_training_time,family_centroid_mean,24.765640108339284,0.94999999999999996,54,10000,percentile_bootstrap,24.350175307834604,25.042883025967267,0.17527211485914942,21.160879951698597,28.455522087133929,1.8450446292519045,21.072606769624599,28.406267605752241,1.8569672575541087,dataset_family,113,equal family weight after within-family median aggregation
regression,"secretary_par|samples=0.1n,q=0.75",secretary_par,"samples=0.1n,q=0.75",exploratory,time_saved_pct,percent_training_time,cross_family_median,21.302577106982234,0.94999999999999996,54,10000,percentile_bootstrap,20.36308072765857,22.295084520575966,0.49759352174222726,17.533924379660277,27.379148747385972,2.4139068415246472,17.317554807315428,27.397334603057427,2.4598182595492051,dataset_family,113,equal family weight after within-family median aggregation
regression,"secretary_par|samples=0.1n,q=0.75",secretary_par,"samples=0.1n,q=0.75",exploratory,predictive_loss_pct,percent_bounded_relative_RMSE_loss,family_centroid_mean,12.812758218545707,0.94999999999999996,54,10000,percentile_bootstrap,12.558785447245594,13.030935922769048,0.1197750049932186,8.0389789420062652,18.328150144207392,2.6513720823155547,8.0041754854501566,18.352236239430056,2.6555498438010736,dataset_family,113,equal family weight after within-family median aggregation
regression,"secretary_par|samples=0.1n,q=0.75",secretary_par,"samples=0.1n,q=0.75",exploratory,predictive_loss_pct,percent_bounded_relative_RMSE_loss,cross_family_median,6.9344834531678945,0.94999999999999996,54,10000,percentile_bootstrap,6.6171944577368107,7.5812826917825733,0.23401523615033282,2.3475956619886249,10.080845822379484,1.8681264697961351,2.5729932499411392,10.141521547629932,1.8570357836250628,dataset_family,113,equal family weight after within-family median aggregation
regression,"secretary_par|samples=0.1n,q=0.75",secretary_par,"samples=0.1n,q=0.75",exploratory,effort_saved_pct,percent_gain_evaluations,family_centroid_mean,44.599196159008898,0.94999999999999996,54,10000,percentile_bootstrap,44.525543698708994,44.662511475878347,0.035093472869394259,36.623430209196265,51.790968502087253,3.8239161907508676,36.635153814128344,51.794349682326995,3.826381123081128,dataset_family,113,equal family weight after within-family median aggregation
regression,"secretary_par|samples=0.1n,q=0.75",secretary_par,"samples=0.1n,q=0.75",exploratory,effort_saved_pct,percent_gain_evaluations,cross_family_median,53.812775712033883,0.94999999999999996,54,10000,percentile_bootstrap,53.516350625172571,53.99718161624854,0.12222009673824535,45.416178025857263,59.875677914134585,4.8244216950587315,45.345542305885473,59.790170749718399,4.8222301727500074,dataset_family,113,equal family weight after within-family median aggregation
regression,"secretary_par|samples=0.1n,q=0.9",secretary_par,"samples=0.1n,q=0.9",exploratory,time_saved_pct,percent_training_time,family_centroid_mean,24.772953257522364,0.94999999999999996,54,10000,percentile_bootstrap,24.203653065245575,25.031658144615054,0.21110099284982814,21.212101290609198,28.479786750806166,1.8351699087965101,20.977029115104511,28.368728337440917,1.8650364102672237,dataset_family,113,equal family weight after within-family median aggregation
regression,"secretary_par|samples=0.1n,q=0.9",secretary_par,"samples=0.1n,q=0.9",exploratory,time_saved_pct,percent_training_time,cross_family_median,20.728213003780446,0.94999999999999996,54,10000,percentile_bootstrap,19.969578243227751,22.108892970021078,0.55014415798100236,16.849413102989995,28.022649639471211,2.6798529877947117,16.924441922085592,27.446589948662705,2.6223653932892219,dataset_family,113,equal family weight after within-family median aggregation
regression,"secretary_par|samples=0.1n,q=0.9",secretary_par,"samples=0.1n,q=0.9",exploratory,predictive_loss_pct,percent_bounded_relative_RMSE_loss,family_centroid_mean,12.741286280674831,0.94999999999999996,54,10000,percentile_bootstrap,12.491532577471235,12.967969262208797,0.12059784269082034,8.0032773292496309,18.264226594279556,2.6420279577504284,7.9748246703590562,18.289188903695443,2.6461830689107999,dataset_family,113,equal family weight after within-family median aggregation
regression,"secretary_par|samples=0.1n,q=0.9",secretary_par,"samples=0.1n,q=0.9",exploratory,predictive_loss_pct,percent_bounded_relative_RMSE_loss,cross_family_median,6.9873533085520716,0.94999999999999996,54,10000,percentile_bootstrap,6.6242586264621828,7.5919023324073089,0.23632911864382411,2.6704048726437888,9.9246362218268764,1.8024788402608345,2.6464807824613907,9.9431385124509575,1.807499962963413,dataset_family,113,equal family weight after within-family median aggregation
regression,"secretary_par|samples=0.1n,q=0.9",secretary_par,"samples=0.1n,q=0.9",exploratory,effort_saved_pct,percent_gain_evaluations,family_centroid_mean,44.456734678672987,0.94999999999999996,54,10000,percentile_bootstrap,44.379242171891164,44.517197612886527,0.034858237527426679,36.497444124528549,51.641416943614075,3.8105023706432086,36.504244261779455,51.639196363186954,3.8128762192907337,dataset_family,113,equal family weight after within-family median aggregation
regression,"secretary_par|samples=0.1n,q=0.9",secretary_par,"samples=0.1n,q=0.9",exploratory,effort_saved_pct,percent_gain_evaluations,cross_family_median,53.812775712033883,0.94999999999999996,54,10000,percentile_bootstrap,53.516350625172571,53.99718161624854,0.12222009673824535,45.416178025857263,59.346129888492179,4.7179431099047635,45.366351355909792,59.410908609732829,4.7123678925773662,dataset_family,113,equal family weight after within-family median aggregation
regression,"secretary_par|samples=0.1n,q=0.95",secretary_par,"samples=0.1n,q=0.95",exploratory,time_saved_pct,percent_training_time,family_centroid_mean,25.229546191747342,0.94999999999999996,54,10000,percentile_bootstrap,24.707643010308896,25.434718640841314,0.18639108424231079,21.685468489485761,28.83510141313382,1.8013692983802609,21.493915157294875,28.726572299119201,1.8261953967509914,dataset_family,113,equal family weight after within-family median aggregation
regression,"secretary_par|samples=0.1n,q=0.95",secretary_par,"samples=0.1n,q=0.95",exploratory,time_saved_pct,percent_training_time,cross_family_median,21.626131367486934,0.94999999999999996,54,10000,percentile_bootstrap,20.35919113336783,22.820641036231798,0.63212954949505007,17.852190031685232,27.304402642076091,2.7771543597254218,17.517970828363541,27.170089924506616,2.6279984666395806,dataset_family,113,equal family weight after within-family median aggregation
regression,"secretary_par|samples=0.1n,q=0.95",secretary_par,"samples=0.1n,q=0.95",exploratory,predictive_loss_pct,percent_bounded_relative_RMSE_loss,family_centroid_mean,12.848683684152855,0.94999999999999996,54,10000,percentile_bootstrap,12.592700258886367,13.08595806635773,0.12490439056796551,8.0854769756706375,18.399997563086721,2.6467499421378315,8.0677730300202413,18.40938555481365,2.651404009918557,dataset_family,113,equal family weight after within-family median aggregation
regression,"secretary_par|samples=0.1n,q=0.95",secretary_par,"samples=0.1n,q=0.95",exploratory,predictive_loss_pct,percent_bounded_relative_RMSE_loss,cross_family_median,7.0021344766760638,0.94999999999999996,54,10000,percentile_bootstrap,6.6484318651780274,7.6474851606256848,0.23727850021341937,2.6598221590723892,10.080845822379484,1.8822733794646638,2.6352749235390593,10.244562105693332,1.8886662555201845,dataset_family,113,equal family weight after within-family median aggregation
regression,"secretary_par|samples=0.1n,q=0.95",secretary_par,"samples=0.1n,q=0.95",exploratory,effort_saved_pct,percent_gain_evaluations,family_centroid_mean,44.379182667160514,0.94999999999999996,54,10000,percentile_bootstrap,44.307098000346734,44.443679403139171,0.034413197949025545,36.452861905349678,51.557203000686819,3.8037062011150993,36.444604829695038,51.556751790658609,3.8066907743733971,dataset_family,113,equal family weight after within-family median aggregation
regression,"secretary_par|samples=0.1n,q=0.95",secretary_par,"samples=0.1n,q=0.95",exploratory,effort_saved_pct,percent_gain_evaluations,cross_family_median,53.812775712033883,0.94999999999999996,54,10000,percentile_bootstrap,53.516350625172571,53.99718161624854,0.12222009673824535,45.416178025857263,59.229505910336293,4.6377634712682996,45.379411562667862,59.257114710407457,4.6372454939069589,dataset_family,113,equal family weight after within-family median aggregation
regression,"secretary_par|samples=10,q=0.5",secretary_par,"samples=10,q=0.5",exploratory,time_saved_pct,percent_training_time,family_centroid_mean,17.44084492417883,0.94999999999999996,54,10000,percentile_bootstrap,16.952451691425054,17.753028374556092,0.20303792416197436,13.154617052646033,21.826562980807527,2.2130593726455978,12.988216423958292,21.787103910014881,2.2325918590077904,dataset_family,113,equal family weight after within-family median aggregation
regression,"secretary_par|samples=10,q=0.5",secretary_par,"samples=10,q=0.5",exploratory,time_saved_pct,percent_training_time,cross_family_median,12.29768011466944,0.94999999999999996,54,10000,percentile_bootstrap,11.584564734491384,13.951471327180885,0.59633182820125685,9.4355864356681742,17.576519433741822,2.5849159908731303,9.6298588237115954,17.665017413068266,2.4117900372267145,dataset_family,113,equal family weight after within-family median aggregation
regression,"secretary_par|samples=10,q=0.5",secretary_par,"samples=10,q=0.5",exploratory,predictive_loss_pct,percent_bounded_relative_RMSE_loss,family_centroid_mean,13.731772703719336,0.94999999999999996,54,10000,percentile_bootstrap,13.477754280002495,14.005271633798946,0.13367760830427131,8.798842562168927,19.360426184579044,2.713386236501818,8.7709606214333551,19.374619942158617,2.7163103822673667,dataset_family,113,equal family weight after within-family median aggregation
regression,"secretary_par|samples=10,q=0.5",secretary_par,"samples=10,q=0.5",exploratory,predictive_loss_pct,percent_bounded_relative_RMSE_loss,cross_family_median,7.9252728296286516,0.94999999999999996,54,10000,percentile_bootstrap,7.574515992967263,8.4574547665211774,0.23637589557379102,3.2105044038295283,11.946709032719216,1.8319012815135316,3.4775835736315437,11.72302926434725,1.8399906817108396,dataset_family,113,equal family weight after within-family median aggregation
regression,"secretary_par|samples=10,q=0.5",secretary_par,"samples=10,q=0.5",exploratory,effort_saved_pct,percent_gain_evaluations,family_centroid_mean,29.245891315480861,0.94999999999999996,54,10000,percentile_bootstrap,28.955141717961791,29.35885617136854,0.10478650056951865,18.059565165208845,39.313848996042317,5.386448634097416,17.952483841806778,39.257710100786319,5.3988551942349723,dataset_family,113,equal family weight after within-family median aggregation
regression,"secretary_par|samples=10,q=0.5",secretary_par,"samples=10,q=0.5",exploratory,effort_saved_pct,percent_gain_evaluations,cross_family_median,40.571389429967589,0.94999999999999996,54,10000,percentile_bootstrap,40.314317017477634,40.847359863454727,0.13823258032282673,31.955697037069051,52.413088132088575,6.5610078943528256,31.90981110977431,52.204824799647568,6.5512644603720576,dataset_family,113,equal family weight after within-family median aggregation
regression,"secretary_par|samples=10,q=0.75",secretary_par,"samples=10,q=0.75",exploratory,time_saved_pct,percent_training_time,family_centroid_mean,19.652270753259678,0.94999999999999996,54,10000,percentile_bootstrap,19.111696809710363,19.868996420028999,0.19520536061622268,15.600214422858295,23.777099290709227,2.0750011546625013,15.437580131900759,23.653100937164979,2.088903470630068,dataset_family,113,equal family weight after within-family median aggregation
regression,"secretary_par|samples=10,q=0.75",secretary_par,"samples=10,q=0.75",exploratory,time_saved_pct,percent_training_time,cross_family_median,16.41831367446477,0.94999999999999996,54,10000,percentile_bootstrap,15.542675784169269,16.942853986276635,0.35550041042248809,14.63259857737086,17.620709781621773,0.94561243958163588,14.005382589061789,18.194623226543712,1.198752659338072,dataset_family,113,equal family weight after within-family median aggregation
regression,"secretary_par|samples=10,q=0.75",secretary_par,"samples=10,q=0.75",exploratory,predictive_loss_pct,percent_bounded_relative_RMSE_loss,family_centroid_mean,13.466910584774306,0.94999999999999996,54,10000,percentile_bootstrap,13.231420542718727,13.770806926074235,0.13687627827359783,8.5857598295678077,19.0907712930304,2.688004490845787,8.5890453483666906,19.095697704044706,2.6862973066008093,dataset_family,113,equal family weight after within-family median aggregation
regression,"secretary_par|samples=10,q=0.75",secretary_par,"samples=10,q=0.75",exploratory,predictive_loss_pct,percent_bounded_relative_RMSE_loss,cross_family_median,8.0686448272194227,0.94999999999999996,54,10000,percentile_bootstrap,7.6071301794898458,8.4855462391482845,0.22283497498350061,3.2457517089636401,11.469893140201231,1.8042492564224322,3.5599568460782032,11.240737736319653,1.7998712665839991,dataset_family,113,equal family weight after within-family median aggregation
regression,"secretary_par|samples=10,q=0.75",secretary_par,"samples=10,q=0.75",exploratory,effort_saved_pct,percent_gain_evaluations,family_centroid_mean,29.065116754196225,0.94999999999999996,54,10000,percentile_bootstrap,28.772205284887615,29.204223629414706,0.11082736735464556,17.950453780619984,39.145409820822756,5.3628714978631775,17.852522989220034,39.092729632258838,5.3756244511547573,dataset_family,113,equal family weight after within-family median aggregation
regression,"secretary_par|samples=10,q=0.75",secretary_par,"samples=10,q=0.75",exploratory,effort_saved_pct,percent_gain_evaluations,cross_family_median,40.626155611782323,0.94999999999999996,54,10000,percentile_bootstrap,40.337116846410858,40.919671756565556,0.15479925415722182,31.940005526229331,51.068410326389547,6.4874839798415467,31.870985819457275,50.948392986091044,6.4600798656549099,dataset_family,113,equal family weight after within-family median aggregation
regression,"secretary_par|samples=10,q=0.9",secretary_par,"samples=10,q=0.9",exploratory,time_saved_pct,percent_training_time,family_centroid_mean,19.81388183303314,0.94999999999999996,54,10000,percentile_bootstrap,19.257978727058209,20.066342095267146,0.20413683040635611,15.76426360613565,23.891707434288062,2.0589639636113914,15.618085892795257,23.788923070362095,2.0809215629644688,dataset_family,113,equal family weight after within-family median aggregation
regression,"secretary_par|samples=10,q=0.9",secretary_par,"samples=10,q=0.9",exploratory,time_saved_pct,percent_training_time,cross_family_median,16.995691883509689,0.94999999999999996,54,10000,percentile_bootstrap,15.947460302674259,17.455887804421319,0.385342280533921,13.141444056063033,18.224301247969855,1.4335334567260283,13.803137038521598,18.873099355811711,1.4006439556461121,dataset_family,113,equal family weight after within-family median aggregation
regression,"secretary_par|samples=10,q=0.9",secretary_par,"samples=10,q=0.9",exploratory,predictive_loss_pct,percent_bounded_relative_RMSE_loss,family_centroid_mean,13.398051661998396,0.94999999999999996,54,10000,percentile_bootstrap,13.164492399111655,13.720454158816423,0.14178724025896811,8.5412248993600777,18.99012648185726,2.671410362676097,8.5546580860336459,19.05580255665652,2.6730142592527737,dataset_family,113,equal family weight after within-family median aggregation
regression,"secretary_par|samples=10,q=0.9",secretary_par,"samples=10,q=0.9",exploratory,predictive_loss_pct,percent_bounded_relative_RMSE_loss,cross_family_median,8.0372074217287448,0.94999999999999996,54,10000,percentile_bootstrap,7.4481114976106424,8.4903158864457726,0.25917183704261704,3.1414931077625132,11.273107786795013,1.786299317352811,3.6606244878610141,11.006016050597852,1.7318172425721063,dataset_family,113,equal family weight after within-family median aggregation
regression,"secretary_par|samples=10,q=0.9",secretary_par,"samples=10,q=0.9",exploratory,effort_saved_pct,percent_gain_evaluations,family_centroid_mean,28.883710594383775,0.94999999999999996,54,10000,percentile_bootstrap,28.610635671979384,29.031287839085369,0.10835380382783394,17.813562174373253,38.933099537326513,5.3439154859720643,17.706343098062927,38.920140562973991,5.3528738005637893,dataset_family,113,equal family weight after within-family median aggregation
regression,"secretary_par|samples=10,q=0.9",secretary_par,"samples=10,q=0.9",exploratory,effort_saved_pct,percent_gain_evaluations,cross_family_median,40.547390552363431,0.94999999999999996,54,10000,percentile_bootstrap,40.332366680698463,40.877235751293561,0.14883751669946682,31.921880537298378,49.651556344638891,6.2875963335221776,31.841499671248371,49.671167570180863,6.2775713130389912,dataset_family,113,equal family weight after within-family median aggregation
regression,"secretary_par|samples=10,q=0.95",secretary_par,"samples=10,q=0.95",exploratory,time_saved_pct,percent_training_time,family_centroid_mean,19.938296954412245,0.94999999999999996,54,10000,percentile_bootstrap,19.285450915238378,20.201626434432303,0.23219348766115541,15.963876283480758,23.963224939583618,2.0244285896250651,15.698498888487997,23.880162021781743,2.0564870691083872,dataset_family,113,equal family weight after within-family median aggregation
regression,"secretary_par|samples=10,q=0.95",secretary_par,"samples=10,q=0.95",exploratory,time_saved_pct,percent_training_time,cross_family_median,16.562658320728623,0.94999999999999996,54,10000,percentile_bootstrap,15.858132006966274,17.604706171304723,0.45290001445500877,14.830578589761378,18.469292144482793,1.1825652918480611,14.696921338567769,18.963769082061685,1.2508774714170119,dataset_family,113,equal family weight after within-family median aggregation
regression,"secretary_par|samples=10,q=0.95",secretary_par,"samples=10,q=0.95",exploratory,predictive_loss_pct,percent_bounded_relative_RMSE_loss,family_centroid_mean,13.526187412398087,0.94999999999999996,54,10000,percentile_bootstrap,13.280332372009152,13.797548373976531,0.13224711374394479,8.6633382448537208,19.146011514765576,2.6806934211684235,8.6578242090023387,19.170073546358569,2.6815932273278764,dataset_family,113,equal family weight after within-family median aggregation
regression,"secretary_par|samples=10,q=0.95",secretary_par,"samples=10,q=0.95",exploratory,predictive_loss_pct,percent_bounded_relative_RMSE_loss,cross_family_median,8.2454162180550963,0.94999999999999996,54,10000,percentile_bootstrap,7.663688295623639,8.5001446162999539,0.20679417407793771,3.2156791873544313,11.595976761125971,1.7956330684063944,3.6913078483972463,11.342209644552316,1.7712323718040195,dataset_family,113,equal family weight after within-family median aggregation
regression,"secretary_par|samples=10,q=0.95",secretary_par,"samples=10,q=0.95",exploratory,effort_saved_pct,percent_gain_evaluations,family_centroid_mean,28.953436264252151,0.94999999999999996,54,10000,percentile_bootstrap,28.651631698372196,29.06140224846726,0.10587795937132155,17.958241102307955,38.943107828307525,5.3064931728726759,17.830099928102477,38.935430339062847,5.3227203607100844,dataset_family,113,equal family weight after within-family median aggregation
regression,"secretary_par|samples=10,q=0.95",secretary_par,"samples=10,q=0.95",exploratory,effort_saved_pct,percent_gain_evaluations,cross_family_median,40.424746098996096,0.94999999999999996,54,10000,percentile_bootstrap,40.15650009561584,40.781310035092723,0.1617246693693449,31.968454479974852,49.495613513985518,6.3208695507963286,31.893330730484134,49.433780314574619,6.3050011614393613,dataset_family,113,equal family weight after within-family median aggregation
regression,"secretary_par|samples=2,q=0.5",secretary_par,"samples=2,q=0.5",exploratory,time_saved_pct,percent_training_time,family_centroid_mean,22.69829822293573,0.94999999999999996,54,10000,percentile_bootstrap,22.320308021498423,23.012515561634643,0.1755331544604227,18.3500805549291,27.126601246478792,2.1968670274855069,18.333327019491666,27.140808285788427,2.2092563678904913,dataset_family,113,equal family weight after within-family median aggregation
regression,"secretary_par|samples=2,q=0.5",secretary_par,"samples=2,q=0.5",exploratory,time_saved_pct,percent_training_time,cross_family_median,19.43073063784994,0.94999999999999996,54,10000,percentile_bootstrap,18.017834954821424,20.650158241412612,0.65744892154250267,13.881873862789391,26.118770854362946,3.3334833012386187,14.304103220495344,25.978803545873095,3.2675689785788116,dataset_family,113,equal family weight after within-family median aggregation
regression,"secretary_par|samples=2,q=0.5",secretary_par,"samples=2,q=0.5",exploratory,predictive_loss_pct,percent_bounded_relative_RMSE_loss,family_centroid_mean,13.458069437935128,0.94999999999999996,54,10000,percentile_bootstrap,13.15024854786404,13.752922142692533,0.15525111111874973,8.5296102981342994,19.063088819643969,2.6978987342688061,8.5342140716525101,19.083291631555962,2.7040057048449513,dataset_family,113,equal family weight after within-family median aggregation
regression,"secretary_par|samples=2,q=0.5",secretary_par,"samples=2,q=0.5",exploratory,predictive_loss_pct,percent_bounded_relative_RMSE_loss,cross_family_median,7.9679621068211741,0.94999999999999996,54,10000,percentile_bootstrap,7.2108677768733651,8.4422772809624185,0.3047385573164812,2.9665131408601555,10.779066724653287,1.8117545078172519,3.1227128992354567,11.105497565818419,1.882368351097474,dataset_family,113,equal family weight after within-family median aggregation
regression,"secretary_par|samples=2,q=0.5",secretary_par,"samples=2,q=0.5",exploratory,effort_saved_pct,percent_gain_evaluations,family_centroid_mean,42.404074951732838,0.94999999999999996,54,10000,percentile_bootstrap,42.324369677426823,42.479723658396885,0.039336590809024435,32.849032463597702,50.997938363596319,4.5657365069424465,32.883364517891223,50.998410782190007,4.5642625945541866,dataset_family,113,equal family weight after within-family median aggregation
regression,"secretary_par|samples=2,q=0.5",secretary_par,"samples=2,q=0.5",exploratory,effort_saved_pct,percent_gain_evaluations,cross_family_median,53.394812618793296,0.94999999999999996,54,10000,percentile_bootstrap,53.013112458398524,53.612853767619789,0.15444754896850116,44.523604262712382,62.257854118764776,5.625624172117889,44.342792573716352,62.106078516989534,5.623500673542825,dataset_family,113,equal family weight after within-family median aggregation
regression,"secretary_par|samples=2,q=0.75",secretary_par,"samples=2,q=0.75",exploratory,time_saved_pct,percent_training_time,family_centroid_mean,23.380435511268939,0.94999999999999996,54,10000,percentile_bootstrap,22.768008600882769,23.663672733530547,0.23040171173320609,19.146613056871811,27.714164602406147,2.1375272426596914,18.99806193049864,27.590631746387047,2.1627725094391987,dataset_family,113,equal family weight after within-family median aggregation
regression,"secretary_par|samples=2,q=0.75",secretary_par,"samples=2,q=0.75",exploratory,time_saved_pct,percent_training_time,cross_family_median,20.551313666574323,0.94999999999999996,54,10000,percentile_bootstrap,19.064358881355588,21.721145482413597,0.66678428718941396,15.727880078035895,26.807755101974344,2.888286643939642,15.567319453231311,26.639264637019966,2.883256843198668,dataset_family,113,equal family weight after within-family median aggregation
regression,"secretary_par|samples=2,q=0.75",secretary_par,"samples=2,q=0.75",exploratory,predictive_loss_pct,percent_bounded_relative_RMSE_loss,family_centroid_mean,13.186657700673468,0.94999999999999996,54,10000,percentile_bootstrap,12.922087020966279,13.527800416097302,0.15486231461918731,8.3173035638813992,18.778426572304149,2.6838606402217682,8.3525156759584664,18.826561614160006,2.6870542212597632,dataset_family,113,equal family weight after within-family median aggregation
regression,"secretary_par|samples=2,q=0.75",secretary_par,"samples=2,q=0.75",exploratory,predictive_loss_pct,percent_bounded_relative_RMSE_loss,cross_family_median,7.6805371856196452,0.94999999999999996,54,10000,percentile_bootstrap,7.0842484264088652,8.252773663370613,0.28639987956153562,2.935703290176864,10.779066724653287,1.8787429958990496,3.067146051676219,10.986531527853368,1.8672734703185501,dataset_family,113,equal family weight after within-family median aggregation
regression,"secretary_par|samples=2,q=0.75",secretary_par,"samples=2,q=0.75",exploratory,effort_saved_pct,percent_gain_evaluations,family_centroid_mean,42.285001924187164,0.94999999999999996,54,10000,percentile_bootstrap,42.198703542388117,42.355367510300375,0.040200303927332134,32.756137564402387,50.843006680168848,4.5534379141929673,32.780517747473588,50.840771403531875,4.5523538974722486,dataset_family,113,equal family weight after within-family median aggregation
regression,"secretary_par|samples=2,q=0.75",secretary_par,"samples=2,q=0.75",exploratory,effort_saved_pct,percent_gain_evaluations,cross_family_median,53.394812618793296,0.94999999999999996,54,10000,percentile_bootstrap,53.013112458398524,53.612853767619789,0.15445299615364205,44.557244912328571,61.811246077128402,5.5944602261332177,44.384500423744583,61.39383984423592,5.5812248326998652,dataset_family,113,equal family weight after within-family median aggregation
regression,"secretary_par|samples=2,q=0.9",secretary_par,"samples=2,q=0.9",exploratory,time_saved_pct,percent_training_time,family_centroid_mean,23.960432305374823,0.94999999999999996,54,10000,percentile_bootstrap,23.363994870145046,24.22088197048495,0.22013625593086719,19.863038800654955,28.123062612228736,2.0744047250991393,19.737214162656119,27.988795854013926,2.0894301934624755,dataset_family,113,equal family weight after within-family median aggregation
regression,"secretary_par|samples=2,q=0.9",secretary_par,"samples=2,q=0.9",exploratory,time_saved_pct,percent_training_time,cross_family_median,20.441759925786698,0.94999999999999996,54,10000,percentile_bootstrap,19.66722175128303,21.656863932475552,0.48498312223679602,16.430946317921887,26.960701408808298,2.5568625770802402,16.156444598016726,26.764376218715526,2.5694838767933876,dataset_family,113,equal family weight after within-family median aggregation
regression,"secretary_par|samples=2,q=0.9",secretary_par,"samples=2,q=0.9",exploratory,predictive_loss_pct,percent_bounded_relative_RMSE_loss,family_centroid_mean,13.314976247685726,0.94999999999999996,54,10000,percentile_bootstrap,13.022899196092423,13.618472539391085,0.1517788601525252,8.4472210170923194,18.905101118467066,2.6811084179154601,8.4501814001277058,18.944522106504163,2.688932309318707,dataset_family,113,equal family weight after within-family median aggregation
regression,"secretary_par|samples=2,q=0.9",secretary_par,"samples=2,q=0.9",exploratory,predictive_loss_pct,percent_bounded_relative_RMSE_loss,cross_family_median,7.6973186646181517,0.94999999999999996,54,10000,percentile_bootstrap,7.2244448955059903,8.373018756391982,0.29402087724828008,2.8780989105948231,10.703553400072327,1.794364660529461,3.0779618344734359,10.994124546538421,1.8445428410867979,dataset_family,113,equal family weight after within-family median aggregation
regression,"secretary_par|samples=2,q=0.9",secretary_par,"samples=2,q=0.9",exploratory,effort_saved_pct,percent_gain_evaluations,family_centroid_mean,42.279568141897798,0.94999999999999996,54,10000,percentile_bootstrap,42.1927581885869,42.350860213933046,0.040307369222408344,32.809010287093884,50.799962273927768,4.5363915231641956,32.828850526895287,50.786075228364275,4.5345509613338146,dataset_family,113,equal family weight after within-family median aggregation
regression,"secretary_par|samples=2,q=0.9",secretary_par,"samples=2,q=0.9",exploratory,effort_saved_pct,percent_gain_evaluations,cross_family_median,53.394812618793296,0.94999999999999996,54,10000,percentile_bootstrap,53.013112458398524,53.612853767619789,0.15445299615364205,44.583061159210544,61.325681203466033,5.5341458099481464,44.423493127740336,61.126078400164417,5.5188559240013682,dataset_family,113,equal family weight after within-family median aggregation
regression,"secretary_par|samples=2,q=0.95",secretary_par,"samples=2,q=0.95",exploratory,time_saved_pct,percent_training_time,family_centroid_mean,24.264343479946984,0.94999999999999996,54,10000,percentile_bootstrap,23.675446629837484,24.514243334639385,0.21405732382340087,20.251148551358014,28.336425607171044,2.0240118654165729,20.064691249979099,28.253237626388255,2.0525367674182249,dataset_family,113,equal family weight after within-family median aggregation
regression,"secretary_par|samples=2,q=0.95",secretary_par,"samples=2,q=0.95",exploratory,time_saved_pct,percent_training_time,cross_family_median,22.445576327298035,0.94999999999999996,54,10000,percentile_bootstrap,20.451588493545085,22.947615375638676,0.65770256817049,17.55857603316775,26.330066974139612,2.6585130969134885,17.21725086563341,26.365869898737937,2.5227388647565014,dataset_family,113,equal family weight after within-family median aggregation
regression,"secretary_par|samples=2,q=0.95",secretary_par,"samples=2,q=0.95",exploratory,predictive_loss_pct,percent_bounded_relative_RMSE_loss,family_centroid_mean,13.446152044891726,0.94999999999999996,54,10000,percentile_bootstrap,13.128830834769017,13.743858387306139,0.15767783768127269,8.5506420849972038,19.053905154258977,2.6884407876880045,8.5522431621125854,19.061240776674424,2.6954048025440667,dataset_family,113,equal family weight after within-family median aggregation
regression,"secretary_par|samples=2,q=0.95",secretary_par,"samples=2,q=0.95",exploratory,predictive_loss_pct,percent_bounded_relative_RMSE_loss,cross_family_median,7.6973186646181517,0.94999999999999996,54,10000,percentile_bootstrap,7.2315472876193638,8.4451744738386907,0.30667634548631512,2.9064735250212554,10.703553400072327,1.8181548412914468,3.1598455444952207,11.010845269918788,1.8728561739428689,dataset_family,113,equal family weight after within-family median aggregation
regression,"secretary_par|samples=2,q=0.95",secretary_par,"samples=2,q=0.95",exploratory,effort_saved_pct,percent_gain_evaluations,family_centroid_mean,42.284853924181832,0.94999999999999996,54,10000,percentile_bootstrap,42.197666705796202,42.35517069017218,0.039839640135930936,32.803000181935772,50.798071168485215,4.5375479928963562,32.832399197599777,50.780677992126378,4.5350818337157532,dataset_family,113,equal family weight after within-family median aggregation
regression,"secretary_par|samples=2,q=0.95",secretary_par,"samples=2,q=0.95",exploratory,effort_saved_pct,percent_gain_evaluations,cross_family_median,53.394812618793296,0.94999999999999996,54,10000,percentile_bootstrap,53.013112458398524,53.612853767619789,0.15445299615364205,44.583061159210544,61.193560580834983,5.5254648399063013,44.424766971460571,61.026470348936144,5.5196463016471071,dataset_family,113,equal family weight after within-family median aggregation
regression,"secretary_par|samples=ln_n,q=0.5",secretary_par,"samples=ln_n,q=0.5",exploratory,time_saved_pct,percent_training_time,family_centroid_mean,20.322977110205155,0.94999999999999996,54,10000,percentile_bootstrap,19.758784229455589,20.543574763222956,0.20099386383786705,16.187160593015367,24.496336427527371,2.0979883091979965,15.992702014819658,24.364774849434685,2.1201953870547139,dataset_family,113,equal family weight after within-family median aggregation
regression,"secretary_par|samples=ln_n,q=0.5",secretary_par,"samples=ln_n,q=0.5",exploratory,time_saved_pct,percent_training_time,cross_family_median,16.515920609322912,0.94999999999999996,54,10000,percentile_bootstrap,15.808939993650146,17.772670481082226,0.50226297334879799,14.102718813831444,21.370782351331574,2.1274649660147413,14.0560337250368,21.076430569549636,2.0060752101069963,dataset_family,113,equal family weight after within-family median aggregation
regression,"secretary_par|samples=ln_n,q=0.5",secretary_par,"samples=ln_n,q=0.5",exploratory,predictive_loss_pct,percent_bounded_relative_RMSE_loss,family_centroid_mean,13.853846297247616,0.94999999999999996,54,10000,percentile_bootstrap,13.584358873231849,14.117155980764448,0.13588167968004292,8.844192966178527,19.514662473170258,2.7197058568516082,8.8342046597488846,19.556837609478144,2.723209021535054,dataset_family,113,equal family weight after within-family median aggregation
regression,"secretary_par|samples=ln_n,q=0.5",secretary_par,"samples=ln_n,q=0.5",exploratory,predictive_loss_pct,percent_bounded_relative_RMSE_loss,cross_family_median,7.8975218474018121,0.94999999999999996,54,10000,percentile_bootstrap,7.3912131154273784,8.3550261130155867,0.24974849216216588,4.2843743972799722,9.8937765034738732,1.4870066834021236,3.882944862505493,10.259459463790659,1.5592821792883693,dataset_family,113,equal family weight after within-family median aggregation
regression,"secretary_par|samples=ln_n,q=0.5",secretary_par,"samples=ln_n,q=0.5",exploratory,effort_saved_pct,percent_gain_evaluations,family_centroid_mean,33.524741684157156,0.94999999999999996,54,10000,percentile_bootstrap,33.408675364608719,33.64746366437025,0.060948285831642399,22.956179918298027,43.054657621294304,5.0832595207748676,22.951922730282593,43.055838146179291,5.0809148853991974,dataset_family,113,equal family weight after within-family median aggregation
regression,"secretary_par|samples=ln_n,q=0.5",secretary_par,"samples=ln_n,q=0.5",exploratory,effort_saved_pct,percent_gain_evaluations,cross_family_median,47.804991812220393,0.94999999999999996,54,10000,percentile_bootstrap,47.650648496187799,48.149088146293458,0.12104357080005676,36.01704451964639,56.16560960888394,5.6732524653464882,36.325324441522739,56.115000453233442,5.6488926164928097,dataset_family,113,equal family weight after within-family median aggregation
regression,"secretary_par|samples=ln_n,q=0.75",secretary_par,"samples=ln_n,q=0.75",exploratory,time_saved_pct,percent_training_time,family_centroid_mean,20.212514736495937,0.94999999999999996,54,10000,percentile_bootstrap,19.514636103477429,20.447353259548578,0.23840310339217127,16.150592581801359,24.342946652362173,2.0695702007194536,15.861255261182359,24.167671668367845,2.1002033059546199,dataset_family,113,equal family weight after within-family median aggregation
regression,"secretary_par|samples=ln_n,q=0.75",secretary_par,"samples=ln_n,q=0.75",exploratory,time_saved_pct,percent_training_time,cross_family_median,16.079592313454544,0.94999999999999996,54,10000,percentile_bootstrap,15.429611243874231,17.490198283728976,0.52587916163596737,13.878584818593287,21.273758220900252,2.2978086214331084,13.807003048907179,21.281134723333494,2.2063310801327676,dataset_family,113,equal family weight after within-family median aggregation
regression,"secretary_par|samples=ln_n,q=0.75",secretary_par,"samples=ln_n,q=0.75",exploratory,predictive_loss_pct,percent_bounded_relative_RMSE_loss,family_centroid_mean,13.572244770033913,0.94999999999999996,54,10000,percentile_bootstrap,13.313616437955403,13.859426312969241,0.13863355512185116,8.6332704905662521,19.203999475311399,2.6940857225129058,8.6525514761081475,19.27803427758597,2.6967280134936216,dataset_family,113,equal family weight after within-family median aggregation
regression,"secretary_par|samples=ln_n,q=0.75",secretary_par,"samples=ln_n,q=0.75",exploratory,predictive_loss_pct,percent_bounded_relative_RMSE_loss,cross_family_median,7.8429264896220321,0.94999999999999996,54,10000,percentile_bootstrap,7.3154503970470977,8.2687053000623774,0.24105747483698545,4.3196217024140839,9.8937765034738732,1.4617506252379007,3.8210370997400727,10.213232946587762,1.5150408636148072,dataset_family,113,equal family weight after within-family median aggregation
regression,"secretary_par|samples=ln_n,q=0.75",secretary_par,"samples=ln_n,q=0.75",exploratory,effort_saved_pct,percent_gain_evaluations,family_centroid_mean,33.348046294585224,0.94999999999999996,54,10000,percentile_bootstrap,33.243034991495726,33.49128699521016,0.062631261418960957,22.817776962387434,42.851133375296314,5.0579026426163969,22.848163020818664,42.868637717121651,5.0541990469926379,dataset_family,113,equal family weight after within-family median aggregation
regression,"secretary_par|samples=ln_n,q=0.75",secretary_par,"samples=ln_n,q=0.75",exploratory,effort_saved_pct,percent_gain_evaluations,cross_family_median,47.847475482419078,0.94999999999999996,54,10000,percentile_bootstrap,47.685502447244389,48.201614218554951,0.12482816815724104,36.020594437844487,55.912511611089421,5.5771263770121022,36.135268234932411,55.705181655814798,5.5543095016083477,dataset_family,113,equal family weight after within-family median aggregation
regression,"secretary_par|samples=ln_n,q=0.9",secretary_par,"samples=ln_n,q=0.9",exploratory,time_saved_pct,percent_training_time,family_centroid_mean,20.963402030972844,0.94999999999999996,54,10000,percentile_bootstrap,20.390136630402267,21.242662879302557,0.21661388886298899,16.941074307232313,25.013820586914754,2.0374549105776905,16.826848227444913,24.951729138195454,2.0517139425208235,dataset_family,113,equal family weight after within-family median aggregation
regression,"secretary_par|samples=ln_n,q=0.9",secretary_par,"samples=ln_n,q=0.9",exploratory,time_saved_pct,percent_training_time,cross_family_median,17.763954657427927,0.94999999999999996,54,10000,percentile_bootstrap,16.761076814811258,18.867844465877468,0.5411308456704329,14.814033167511248,20.587534930308713,1.7334420766539504,14.974010471878149,20.984454118335055,1.7504566390016452,dataset_family,113,equal family weight after within-family median aggregation
regression,"secretary_par|samples=ln_n,q=0.9",secretary_par,"samples=ln_n,q=0.9",exploratory,predictive_loss_pct,percent_bounded_relative_RMSE_loss,family_centroid_mean,13.563214384110518,0.94999999999999996,54,10000,percentile_bootstrap,13.275707546171146,13.82964801872544,0.14135480713236639,8.6524865869446792,19.183897453597339,2.680286537367556,8.6446305605117093,19.21428667364453,2.6840035480066677,dataset_family,113,equal family weight after within-family median aggregation
regression,"secretary_par|samples=ln_n,q=0.9",secretary_par,"samples=ln_n,q=0.9",exploratory,predictive_loss_pct,percent_bounded_relative_RMSE_loss,cross_family_median,7.8429264896220321,0.94999999999999996,54,10000,percentile_bootstrap,7.2662098067939951,8.2457161758238708,0.25294776614162701,4.3641196841562593,9.8937765034738732,1.4303208276365125,3.9847052995408676,10.183144636630013,1.4779401376314554,dataset_family,113,equal family weight after within-family median aggregation
regression,"secretary_par|samples=ln_n,q=0.9",secretary_par,"samples=ln_n,q=0.9",exploratory,effort_saved_pct,percent_gain_evaluations,family_centroid_mean,33.196053347517079,0.94999999999999996,54,10000,percentile_bootstrap,33.083928881526695,33.317340107907448,0.059286592287387883,22.710013575622714,42.665946642457598,5.0361183191397991,22.735036391662465,42.687123908428227,5.0326843895056674,dataset_family,113,equal family weight after within-family median aggregation
regression,"secretary_par|samples=ln_n,q=0.9",secretary_par,"samples=ln_n,q=0.9",exploratory,effort_saved_pct,percent_gain_evaluations,cross_family_median,47.847475482419078,0.94999999999999996,54,10000,percentile_bootstrap,47.685502447244389,48.201614218554951,0.12483385377157938,36.000897159055299,54.951672439909885,5.4524242951347084,36.141704154777692,54.850718759405531,5.4356222383318578,dataset_family,113,equal family weight after within-family median aggregation
regression,"secretary_par|samples=ln_n,q=0.95",secretary_par,"samples=ln_n,q=0.95",exploratory,time_saved_pct,percent_training_time,family_centroid_mean,21.130568993096372,0.94999999999999996,54,10000,percentile_bootstrap,20.558972731555947,21.414612761907069,0.21949260350886957,17.17215716692975,25.113630041369145,2.0078392580141733,16.976361365472666,25.034327957278151,2.032651380638625,dataset_family,113,equal family weight after within-family median aggregation
regression,"secretary_par|samples=ln_n,q=0.95",secretary_par,"samples=ln_n,q=0.95",exploratory,time_saved_pct,percent_training_time,cross_family_median,17.764573803878342,0.94999999999999996,54,10000,percentile_bootstrap,17.05884658513353,19.157909192506537,0.53842192313046289,15.563865238494385,20.515689204169554,1.5863647414774711,15.616075818866255,21.062673445777978,1.6021305930428242,dataset_family,113,equal family weight after within-family median aggregation
regression,"secretary_par|samples=ln_n,q=0.95",secretary_par,"samples=ln_n,q=0.95",exploratory,predictive_loss_pct,percent_bounded_relative_RMSE_loss,family_centroid_mean,13.545437841750386,0.94999999999999996,54,10000,percentile_bootstrap,13.292879624369988,13.827075772165548,0.13613459798558614,8.5977503499779449,19.161148636567749,2.694105896461283,8.6286491306327164,19.207918930557845,2.6980610815068773,dataset_family,113,equal family weight after within-family median aggregation
regression,"secretary_par|samples=ln_n,q=0.95",secretary_par,"samples=ln_n,q=0.95",exploratory,predictive_loss_pct,percent_bounded_relative_RMSE_loss,cross_family_median,7.8429264896220321,0.94999999999999996,54,10000,percentile_bootstrap,7.2616557723439215,8.2878883790564668,0.27173597197486898,4.4383057637481764,9.8937765034738732,1.4243549336241583,3.9666610440513419,10.229741676009761,1.5023076073644845,dataset_family,113,equal family weight after within-family median aggregation
regression,"secretary_par|samples=ln_n,q=0.95",secretary_par,"samples=ln_n,q=0.95",exploratory,effort_saved_pct,percent_gain_evaluations,family_centroid_mean,33.227732847834808,0.94999999999999996,54,10000,percentile_bootstrap,33.130232153036218,33.354891041427351,0.057429206164850047,22.806282501703372,42.661562655777857,5.0180488296155064,22.806033046401733,42.690418207930733,5.0152455076484035,dataset_family,113,equal family weight after within-family median aggregation
regression,"secretary_par|samples=ln_n,q=0.95",secretary_par,"samples=ln_n,q=0.95",exploratory,effort_saved_pct,percent_gain_evaluations,cross_family_median,47.847475482419078,0.94999999999999996,54,10000,percentile_bootstrap,47.685502447244389,48.201614218554951,0.12483705165028362,36.055319223303584,54.853781419404612,5.4572165132934387,36.182450637612561,54.696987850120102,5.4450262446635849,dataset_family,113,equal family weight after within-family median aggregation
regression,"secretary_par|samples=sqrt_n,q=0.5",secretary_par,"samples=sqrt_n,q=0.5",exploratory,time_saved_pct,percent_training_time,family_centroid_mean,25.18193206229909,0.94999999999999996,54,10000,percentile_bootstrap,24.700505683916127,25.440047705594107,0.18972860767272573,21.479013490937888,28.93997116561026,1.878835802865984,21.334735558538853,28.861548317048175,1.8942414974017197,dataset_family,113,equal family weight after within-family median aggregation
regression,"secretary_par|samples=sqrt_n,q=0.5",secretary_par,"samples=sqrt_n,q=0.5",exploratory,time_saved_pct,percent_training_time,cross_family_median,21.076860417211961,0.94999999999999996,54,10000,percentile_bootstrap,19.569702759445128,22.264304728393867,0.69670462598767224,16.527778197486541,30.199925173691142,3.5385886865067695,16.746465039415785,29.908556487934398,3.3500487894490538,dataset_family,113,equal family weight after within-family median aggregation
regression,"secretary_par|samples=sqrt_n,q=0.5",secretary_par,"samples=sqrt_n,q=0.5",exploratory,predictive_loss_pct,percent_bounded_relative_RMSE_loss,family_centroid_mean,12.097202051301581,0.94999999999999996,54,10000,percentile_bootstrap,11.872738784179093,12.394263930104803,0.1342964098438206,7.4429508199834755,17.509135902708156,2.5900252088361384,7.4661960192642232,17.548046550180807,2.5919956611207517,dataset_family,113,equal family weight after within-family median aggregation
regression,"secretary_par|samples=sqrt_n,q=0.5",secretary_par,"samples=sqrt_n,q=0.5",exploratory,predictive_loss_pct,percent_bounded_relative_RMSE_loss,cross_family_median,6.0164791223646485,0.94999999999999996,54,10000,percentile_bootstrap,5.6273282848394883,6.5436979347266888,0.22364897107212084,1.6402480411088076,10.675389072107141,1.9419872149095683,1.8055060154142493,10.414559927495642,1.897705806610271,dataset_family,113,equal family weight after within-family median aggregation
regression,"secretary_par|samples=sqrt_n,q=0.5",secretary_par,"samples=sqrt_n,q=0.5",exploratory,effort_saved_pct,percent_gain_evaluations,family_centroid_mean,44.741577988122238,0.94999999999999996,54,10000,percentile_bootstrap,44.66370095504562,44.809650112384766,0.037009438396406941,36.790183410028995,51.918260047993762,3.8201599683299627,36.779725376820707,51.924804779545724,3.82279870027405,dataset_family,113,equal family weight after within-family median aggregation
regression,"secretary_par|samples=sqrt_n,q=0.5",secretary_par,"samples=sqrt_n,q=0.5",exploratory,effort_saved_pct,percent_gain_evaluations,cross_family_median,53.96056756292657,0.94999999999999996,54,10000,percentile_bootstrap,53.730466048692641,54.325199443979571,0.14637826222315167,45.460804336603537,61.252099319301493,5.1226110181845605,45.47634633358075,61.039361798698657,5.1041728090673084,dataset_family,113,equal family weight after within-family median aggregation
regression,"secretary_par|samples=sqrt_n,q=0.75",secretary_par,"samples=sqrt_n,q=0.75",exploratory,time_saved_pct,percent_training_time,family_centroid_mean,25.099899880337912,0.94999999999999996,54,10000,percentile_bootstrap,24.647608150119073,25.411850913902764,0.19261601495739086,21.390907052804323,28.863011067757643,1.8880521661071985,21.313434634806001,28.877562424347005,1.9053827197183115,dataset_family,113,equal family weight after within-family median aggregation
regression,"secretary_par|samples=sqrt_n,q=0.75",secretary_par,"samples=sqrt_n,q=0.75",exploratory,time_saved_pct,percent_training_time,cross_family_median,20.565092329561118,0.94999999999999996,54,10000,percentile_bootstrap,19.7607710590474,22.377378763597306,0.68408438279891803,16.95000751595061,29.933659256479004,3.1018272995701039,16.779556684490505,29.657503146170484,3.0841495999143853,dataset_family,113,equal family weight after within-family median aggregation
regression,"secretary_par|samples=sqrt_n,q=0.75",secretary_par,"samples=sqrt_n,q=0.75",exploratory,predictive_loss_pct,percent_bounded_relative_RMSE_loss,family_centroid_mean,12.005962480669369,0.94999999999999996,54,10000,percentile_bootstrap,11.73389221040266,12.307472799759719,0.14789542561327265,7.411696553987543,17.367430523710738,2.5711769837930722,7.3995689407335616,17.436406191563471,2.5725098111654945,dataset_family,113,equal family weight after within-family median aggregation
regression,"secretary_par|samples=sqrt_n,q=0.75",secretary_par,"samples=sqrt_n,q=0.75",exploratory,predictive_loss_pct,percent_bounded_relative_RMSE_loss,cross_family_median,6.0164791223646485,0.94999999999999996,54,10000,percentile_bootstrap,5.6275446844536283,6.5694144086610571,0.22832990640251977,1.6402480411088076,9.8777559882593025,1.8815027957315891,1.8884729807975638,9.9494307803564119,1.8203713708656095,dataset_family,113,equal family weight after within-family median aggregation
regression,"secretary_par|samples=sqrt_n,q=0.75",secretary_par,"samples=sqrt_n,q=0.75",exploratory,effort_saved_pct,percent_gain_evaluations,family_centroid_mean,44.61861007671255,0.94999999999999996,54,10000,percentile_bootstrap,44.542634608427448,44.690593659274867,0.037310197368023844,36.683056699826743,51.775468450346047,3.8099154475664916,36.671700435025848,51.803298960401108,3.8129662638305453,dataset_family,113,equal family weight after within-family median aggregation
regression,"secretary_par|samples=sqrt_n,q=0.75",secretary_par,"samples=sqrt_n,q=0.75",exploratory,effort_saved_pct,percent_gain_evaluations,cross_family_median,53.96056756292657,0.94999999999999996,54,10000,percentile_bootstrap,53.730466048692641,54.325199443979571,0.14637826222315167,45.460804336603537,60.13618464528605,5.0186749830419588,45.47634633358075,60.084482650649946,5.0097774317863033,dataset_family,113,equal family weight after within-family median aggregation
regression,"secretary_par|samples=sqrt_n,q=0.9",secretary_par,"samples=sqrt_n,q=0.9",exploratory,time_saved_pct,percent_training_time,family_centroid_mean,25.649171183041773,0.94999999999999996,54,10000,percentile_bootstrap,25.119335356138603,25.888501094250199,0.19551378539954298,22.055539636412419,29.288209271610924,1.82623145756917,21.914886139613426,29.191235750707296,1.8483872067432214,dataset_family,113,equal family weight after within-family median aggregation
regression,"secretary_par|samples=sqrt_n,q=0.9",secretary_par,"samples=sqrt_n,q=0.9",exploratory,time_saved_pct,percent_training_time,cross_family_median,21.2189397831512,0.94999999999999996,54,10000,percentile_bootstrap,20.237218296308054,22.639140190435363,0.63142829962432279,17.691752138072047,29.409956115876568,3.2670601519030718,17.679318640982871,29.184553829670406,3.0822891677081241,dataset_family,113,equal family weight after within-family median aggregation
regression,"secretary_par|samples=sqrt_n,q=0.9",secretary_par,"samples=sqrt_n,q=0.9",exploratory,predictive_loss_pct,percent_bounded_relative_RMSE_loss,family_centroid_mean,11.943409618507317,0.94999999999999996,54,10000,percentile_bootstrap,11.682093998478935,12.243682277935857,0.14290768448088426,7.3633095167364742,17.314179503692209,2.5668234443353053,7.3457314000255582,17.343032220519689,2.5686315742937955,dataset_family,113,equal family weight after within-family median aggregation
regression,"secretary_par|samples=sqrt_n,q=0.9",secretary_par,"samples=sqrt_n,q=0.9",exploratory,predictive_loss_pct,percent_bounded_relative_RMSE_loss,cross_family_median,6.0164791223646485,0.94999999999999996,54,10000,percentile_bootstrap,5.6281876774978343,6.5602568520337705,0.2274629516102645,1.6402480411088076,10.015056915783646,1.8767650988738176,1.8359524664008728,10.091857284309381,1.8302327382117365,dataset_family,113,equal family weight after within-family median aggregation
regression,"secretary_par|samples=sqrt_n,q=0.9",secretary_par,"samples=sqrt_n,q=0.9",exploratory,effort_saved_pct,percent_gain_evaluations,family_centroid_mean,44.503696170621915,0.94999999999999996,54,10000,percentile_bootstrap,44.415539525130086,44.564495247210274,0.038040313153100712,36.588068476376627,51.649504338801336,3.7978191785806659,36.579554033398743,51.656770981113979,3.8003011134027593,dataset_family,113,equal family weight after within-family median aggregation
regression,"secretary_par|samples=sqrt_n,q=0.9",secretary_par,"samples=sqrt_n,q=0.9",exploratory,effort_saved_pct,percent_gain_evaluations,cross_family_median,53.96056756292657,0.94999999999999996,54,10000,percentile_bootstrap,53.730466048692641,54.325199443979571,0.14637826222315167,45.460804336603537,59.918280166775851,4.9629138806269939,45.47634633358075,59.776125924083274,4.9451005884869277,dataset_family,113,equal family weight after within-family median aggregation
regression,"secretary_par|samples=sqrt_n,q=0.95",secretary_par,"samples=sqrt_n,q=0.95",exploratory,time_saved_pct,percent_training_time,family_centroid_mean,25.695159206163723,0.94999999999999996,54,10000,percentile_bootstrap,25.191310327248239,25.97773216280817,0.19858977259949054,22.081417061675204,29.359050048425335,1.8278292355745343,21.96785792999502,29.319837149066686,1.8479701122949608,dataset_family,113,equal family weight after within-family median aggregation
regression,"secretary_par|samples=sqrt_n,q=0.95",secretary_par,"samples=sqrt_n,q=0.95",exploratory,time_saved_pct,percent_training_time,cross_family_median,21.204385765368258,0.94999999999999996,54,10000,percentile_bootstrap,20.31445314669547,22.87983732847313,0.67752456175598907,18.019449876659326,29.673720307310514,3.1008720678703456,17.992368249336369,29.252801193907036,2.9890360358947881,dataset_family,113,equal family weight after within-family median aggregation
regression,"secretary_par|samples=sqrt_n,q=0.95",secretary_par,"samples=sqrt_n,q=0.95",exploratory,predictive_loss_pct,percent_bounded_relative_RMSE_loss,family_centroid_mean,11.991797485949037,0.94999999999999996,54,10000,percentile_bootstrap,11.72875568439405,12.267049771817774,0.13817795615092787,7.3762685818438873,17.37037748013503,2.5749979929080844,7.3665764186450957,17.405757105596873,2.5769334734328995,dataset_family,113,equal family weight after within-family median aggregation
regression,"secretary_par|samples=sqrt_n,q=0.95",secretary_par,"samples=sqrt_n,q=0.95",exploratory,predictive_loss_pct,percent_bounded_relative_RMSE_loss,cross_family_median,6.0164791223646485,0.94999999999999996,54,10000,percentile_bootstrap,5.626267191694458,6.541953773641108,0.22323927950090011,1.6402480411088076,10.406296975153737,1.8903045143889698,1.8210018328739019,10.165855052450478,1.846733314662943,dataset_family,113,equal family weight after within-family median aggregation
regression,"secretary_par|samples=sqrt_n,q=0.95",secretary_par,"samples=sqrt_n,q=0.95",exploratory,effort_saved_pct,percent_gain_evaluations,family_centroid_mean,44.443218562926681,0.94999999999999996,54,10000,percentile_bootstrap,44.360092476942313,44.507891550868464,0.037598943440329449,36.524620097256928,51.579705722508308,3.793994546831454,36.501521110914354,51.577938681694874,3.7963260831824122,dataset_family,113,equal family weight after within-family median aggregation
regression,"secretary_par|samples=sqrt_n,q=0.95",secretary_par,"samples=sqrt_n,q=0.95",exploratory,effort_saved_pct,percent_gain_evaluations,cross_family_median,53.96056756292657,0.94999999999999996,54,10000,percentile_bootstrap,53.730466048692641,54.325199443979571,0.14637826222315167,45.460804336603537,59.722411050970763,4.9563686222227172,45.47634633358075,59.681829540147426,4.932663832602179,dataset_family,113,equal family weight after within-family median aggregation
regression,secretary|0.1n,secretary,0.1n,exploratory,time_saved_pct,percent_training_time,family_centroid_mean,38.404152342005126,0.94999999999999996,54,10000,percentile_bootstrap,37.921197181388607,38.605048594636855,0.17440848696393252,32.844259082872263,43.696522649091172,2.7828921085658158,32.68407035870549,43.635609490094076,2.7972346728877988,dataset_family,113,equal family weight after within-family median aggregation
regression,secretary|0.1n,secretary,0.1n,exploratory,time_saved_pct,percent_training_time,cross_family_median,35.240960605710981,0.94999999999999996,54,10000,percentile_bootstrap,34.095397135312957,36.647253242251686,0.65490453993336895,24.359418437566895,53.917733712953805,7.3503413608105568,24.650046367430221,53.340076706478484,7.2868693412055219,dataset_family,113,equal family weight after within-family median aggregation
regression,secretary|0.1n,secretary,0.1n,exploratory,predictive_loss_pct,percent_bounded_relative_RMSE_loss,family_centroid_mean,11.076534334560698,0.94999999999999996,54,10000,percentile_bootstrap,10.743807684188017,11.33063341802584,0.15106142580299495,6.8197792153306533,16.014104825565958,2.364354617414731,6.8002992761547238,15.991476960685672,2.3668487745007769,dataset_family,113,equal family weight after within-family median aggregation
regression,secretary|0.1n,secretary,0.1n,exploratory,predictive_loss_pct,percent_bounded_relative_RMSE_loss,cross_family_median,4.2017911497324505,0.94999999999999996,54,10000,percentile_bootstrap,3.8555894017487735,5.025934502199771,0.30190391175700454,2.3964792552801981,6.1602274227020466,0.91915470079154826,2.460281457046372,6.256530574601145,0.97688558044656504,dataset_family,113,equal family weight after within-family median aggregation
regression,secretary|0.1n,secretary,0.1n,exploratory,effort_saved_pct,percent_gain_evaluations,family_centroid_mean,60.749829614086792,0.94999999999999996,54,10000,percentile_bootstrap,60.65420921716219,60.840928968293902,0.04799338010663471,56.256743951733704,64.788522965321008,2.1615174662485126,56.243032325713259,64.757827963687589,2.1579830930144084,dataset_family,113,equal family weight after within-family median aggregation
regression,secretary|0.1n,secretary,0.1n,exploratory,effort_saved_pct,percent_gain_evaluations,cross_family_median,67.377470667992668,0.94999999999999996,54,10000,percentile_bootstrap,66.88465164246837,67.665429492261026,0.20234711903649949,55.863651035657554,71.744080333048913,4.4364638228800244,55.811430489974839,71.598796744090947,4.4268350227682145,dataset_family,113,equal family weight after within-family median aggregation
regression,secretary|1overe,secretary,1overe,confirmatory,time_saved_pct,percent_training_time,family_centroid_mean,13.456400630831569,0.94999999999999996,54,10000,percentile_bootstrap,12.754530011054147,13.679328576976232,0.23725222930767942,11.302082724469464,15.584425407446568,1.0968276347920938,10.971190168977563,15.461214646033396,1.1415550769486251,dataset_family,113,equal family weight after within-family median aggregation
regression,secretary|1overe,secretary,1overe,confirmatory,time_saved_pct,percent_training_time,cross_family_median,11.830068430916079,0.94999999999999996,54,10000,percentile_bootstrap,11.350485671176196,13.134876567787952,0.45890420447949332,9.1235522903074191,16.604866149562405,1.9370193400127016,9.3542547082460761,16.363614068050556,1.8481748327054346,dataset_family,113,equal family weight after within-family median aggregation
regression,secretary|1overe,secretary,1overe,confirmatory,predictive_loss_pct,percent_bounded_relative_RMSE_loss,family_centroid_mean,3.2758682301470619,0.94999999999999996,54,10000,percentile_bootstrap,2.9752958950202877,3.4873356140594898,0.1302031560141802,1.4717129274876657,5.5509177023201515,1.046284520516078,1.3861777242341498,5.4961938096243959,1.0530542737412549,dataset_family,113,equal family weight after within-family median aggregation
regression,secretary|1overe,secretary,1overe,confirmatory,predictive_loss_pct,percent_bounded_relative_RMSE_loss,cross_family_median,1.1719543881011707,0.94999999999999996,54,10000,percentile_bootstrap,0.97926147512483519,1.6756262496028043,0.1803958862373547,0,2.9168219773233197,0.72427688971349002,0.062176619489263535,2.7977936253448838,0.66306505585485276,dataset_family,113,equal family weight after within-family median aggregation
regression,secretary|1overe,secretary,1overe,confirmatory,effort_saved_pct,percent_gain_evaluations,family_centroid_mean,42.546337965704375,0.94999999999999996,54,10000,percentile_bootstrap,42.468226417272305,42.628470234407857,0.041053130001622737,40.270063823342241,44.564983860360421,1.0892258325337563,40.275857167324681,44.560843959962895,1.0857682132345305,dataset_family,113,equal family weight after within-family median aggregation
regression,secretary|1overe,secretary,1overe,confirmatory,effort_saved_pct,percent_gain_evaluations,cross_family_median,45.237799274577753,0.94999999999999996,54,10000,percentile_bootstrap,44.999505436086025,45.67221914560433,0.17076180710845407,43.337404591207999,47.164431333648928,1.0951331403289488,43.093355663795457,47.126680541467458,1.0630156765443102,dataset_family,113,equal family weight after within-family median aggregation
regression,secretary|ln_n,secretary,ln_n,exploratory,time_saved_pct,percent_training_time,family_centroid_mean,34.835942990431654,0.94999999999999996,54,10000,percentile_bootstrap,34.344181051445283,35.033933008134532,0.17615376993005633,29.67156522059808,39.920649429166097,2.5978980205570497,29.515257501762051,39.816174099955944,2.6197749749429922,dataset_family,113,equal family weight after within-family median aggregation
regression,secretary|ln_n,secretary,ln_n,exploratory,time_saved_pct,percent_training_time,cross_family_median,32.980718392621029,0.94999999999999996,54,10000,percentile_bootstrap,31.448176032478312,34.171145850235774,0.69915401077532668,21.761849692127544,43.670099035148951,6.034234719193627,21.839103063842913,43.267109391360783,6.0334705416681809,dataset_family,113,equal family weight after within-family median aggregation
regression,secretary|ln_n,secretary,ln_n,exploratory,predictive_loss_pct,percent_bounded_relative_RMSE_loss,family_centroid_mean,8.8242131413370242,0.94999999999999996,54,10000,percentile_bootstrap,8.5167627058664408,9.0559801220875453,0.13896278202096157,5.3486604343333592,13.110608735867444,1.9991997402553023,5.3047092897193391,13.127089136098039,2.011141384494588,dataset_family,113,equal family weight after within-family median aggregation
regression,secretary|ln_n,secretary,ln_n,exploratory,predictive_loss_pct,percent_bounded_relative_RMSE_loss,cross_family_median,4.0049248549973635,0.94999999999999996,54,10000,percentile_bootstrap,3.6592818422872906,4.1901751212537102,0.14084048794162302,1.8293479077355512,5.229599454088449,0.84950792853920343,2.0089873983513087,5.4734769114692305,0.8229108330086089,dataset_family,113,equal family weight after within-family median aggregation
regression,secretary|ln_n,secretary,ln_n,exploratory,effort_saved_pct,percent_gain_evaluations,family_centroid_mean,56.692659078559785,0.94999999999999996,54,10000,percentile_bootstrap,56.627478122284593,56.816852465639116,0.047899581427479208,52.644158900997887,60.46193969418507,1.9858534780573323,52.661134798776224,60.476964398614605,1.9804295714885978,dataset_family,113,equal family weight after within-family median aggregation
regression,secretary|ln_n,secretary,ln_n,exploratory,effort_saved_pct,percent_gain_evaluations,cross_family_median,59.023395454481502,0.94999999999999996,54,10000,percentile_bootstrap,58.575338631785748,59.387418566904586,0.21179209037416263,53.348610942556327,64.149000332555431,2.6022054863995807,53.366858555479133,64.386851442029183,2.6024176733157902,dataset_family,113,equal family weight after within-family median aggregation
regression,secretary|sqrt_n,secretary,sqrt_n,exploratory,time_saved_pct,percent_training_time,family_centroid_mean,34.041080119258233,0.94999999999999996,54,10000,percentile_bootstrap,33.493617048422209,34.29086991809919,0.20263988919452397,28.655118525119835,39.44404512985389,2.7620702548130027,28.503097515149001,39.350524091584639,2.7798615424756044,dataset_family,113,equal family weight after within-family median aggregation
regression,secretary|sqrt_n,secretary,sqrt_n,exploratory,time_saved_pct,percent_training_time,cross_family_median,32.278876083002999,0.94999999999999996,54,10000,percentile_bootstrap,30.549254604245128,33.085088958678718,0.64595608573594576,18.992579535853327,43.036349126774454,6.6199818601607037,19.013133883593163,42.639415904252701,6.5476540093929145,dataset_family,113,equal family weight after within-family median aggregation
regression,secretary|sqrt_n,secretary,sqrt_n,exploratory,predictive_loss_pct,percent_bounded_relative_RMSE_loss,family_centroid_mean,9.9413123343299485,0.94999999999999996,54,10000,percentile_bootstrap,9.6464024799220294,10.190374922354597,0.13870901875502223,5.8263619933460085,14.765752570572799,2.3004133102962938,5.8092756282052109,14.779867041820847,2.3042983345200514,dataset_family,113,equal family weight after within-family median aggregation
regression,secretary|sqrt_n,secretary,sqrt_n,exploratory,predictive_loss_pct,percent_bounded_relative_RMSE_loss,cross_family_median,4.2103353904934053,0.94999999999999996,54,10000,percentile_bootstrap,3.8032889948283732,4.5434933676320828,0.18835461741307627,1.8565980662919257,5.4494461438033772,0.92544828331584905,1.9381411118745546,5.502658096092742,0.92246702219130994,dataset_family,113,equal family weight after within-family median aggregation
regression,secretary|sqrt_n,secretary,sqrt_n,exploratory,effort_saved_pct,percent_gain_evaluations,family_centroid_mean,54.290247560538603,0.94999999999999996,54,10000,percentile_bootstrap,54.210016516118088,54.403345625659014,0.049968512624467741,50.238183843348338,58.101087228751581,1.9748311892624018,50.276368436810621,58.103930040041035,1.9686781047885262,dataset_family,113,equal family weight after within-family median aggregation
regression,secretary|sqrt_n,secretary,sqrt_n,exploratory,effort_saved_pct,percent_gain_evaluations,cross_family_median,55.686628094069178,0.94999999999999996,54,10000,percentile_bootstrap,55.23226383544349,56.498015259691023,0.3322569195768163,50.396096930737301,62.696130464302911,3.1883119449115185,50.316823399299381,62.705251585017869,3.1742655866976728,dataset_family,113,equal family weight after within-family median aggregation
classification_gini,best|,best,,confirmatory,time_saved_pct,percent_training_time,family_centroid_mean,0,0.94999999999999996,122,10000,percentile_bootstrap,0,0,0,0,0,0,0,0,0,dataset_family,122,equal family weight after within-family median aggregation
classification_gini,best|,best,,confirmatory,time_saved_pct,percent_training_time,cross_family_median,0,0.94999999999999996,122,10000,percentile_bootstrap,0,0,0,0,0,0,0,0,0,dataset_family,122,equal family weight after within-family median aggregation
classification_gini,best|,best,,confirmatory,predictive_loss_pct,F1_percentage_points,family_centroid_mean,0,0.94999999999999996,122,10000,percentile_bootstrap,0,0,0,0,0,0,0,0,0,dataset_family,122,equal family weight after within-family median aggregation
classification_gini,best|,best,,confirmatory,predictive_loss_pct,F1_percentage_points,cross_family_median,0,0.94999999999999996,122,10000,percentile_bootstrap,0,0,0,0,0,0,0,0,0,dataset_family,122,equal family weight after within-family median aggregation
classification_gini,best|,best,,confirmatory,effort_saved_pct,percent_gain_evaluations,family_centroid_mean,0,0.94999999999999996,122,10000,percentile_bootstrap,0,0,0,0,0,0,0,0,0,dataset_family,122,equal family weight after within-family median aggregation
classification_gini,best|,best,,confirmatory,effort_saved_pct,percent_gain_evaluations,cross_family_median,0,0.94999999999999996,122,10000,percentile_bootstrap,0,0,0,0,0,0,0,0,0,dataset_family,122,equal family weight after within-family median aggregation
classification_gini,block_rank|,block_rank,,confirmatory,time_saved_pct,percent_training_time,family_centroid_mean,45.890914991279395,0.94999999999999996,122,10000,percentile_bootstrap,45.365036347326878,46.10004529827188,0.18741887183984368,40.418133660916993,51.417864513444279,2.8189626265647765,40.277095562297383,51.304502176377738,2.83472247644259,dataset_family,122,equal family weight after within-family median aggregation
classification_gini,block_rank|,block_rank,,confirmatory,time_saved_pct,percent_training_time,cross_family_median,42.381344117030025,0.94999999999999996,122,10000,percentile_bootstrap,40.946321612234598,43.881683232237798,0.75268690103382685,30.837998823951949,57.598740594495283,6.910492542430088,32.06496924640652,57.609713974246155,6.8968687006903062,dataset_family,122,equal family weight after within-family median aggregation
classification_gini,block_rank|,block_rank,,confirmatory,predictive_loss_pct,F1_percentage_points,family_centroid_mean,5.686078090825462,0.94999999999999996,122,10000,percentile_bootstrap,5.6132900842172369,5.7594248480629258,0.037284048788093389,4.1371827190701005,7.432003967159206,0.85110600895451582,4.1430845003508967,7.4296185035445452,0.85212119056798208,dataset_family,122,equal family weight after within-family median aggregation
classification_gini,block_rank|,block_rank,,confirmatory,predictive_loss_pct,F1_percentage_points,cross_family_median,2.6747724115334326,0.94999999999999996,122,10000,percentile_bootstrap,2.3400960276747758,2.7866851286940943,0.11125285616698659,1.5000503242977636,3.5310015635093062,0.523898570145922,1.544570528349287,3.6468456856363551,0.52454409924902412,dataset_family,122,equal family weight after within-family median aggregation
classification_gini,block_rank|,block_rank,,confirmatory,effort_saved_pct,percent_gain_evaluations,family_centroid_mean,63.093518164715334,0.94999999999999996,122,10000,percentile_bootstrap,62.860438260902129,63.314843521679641,0.11662345344987422,57.200807237404966,68.628189428048586,2.9161873888846981,57.179065393753824,68.623380866322279,2.9164767786470827,dataset_family,122,equal family weight after within-family median aggregation
classification_gini,block_rank|,block_rank,,confirmatory,effort_saved_pct,percent_gain_evaluations,cross_family_median,71.894136008181448,0.94999999999999996,122,10000,percentile_bootstrap,71.291171677850997,72.408625920228289,0.31533705463207951,65.278940371263985,75.689601918158729,2.7977799971695125,65.342621997987891,75.66600974511644,2.7933887461692639,dataset_family,122,equal family weight after within-family median aggregation
classification_gini,double_secretary|0.1n,double_secretary,0.1n,exploratory,time_saved_pct,percent_training_time,family_centroid_mean,29.932906674292354,0.94999999999999996,122,10000,percentile_bootstrap,29.493981578462126,30.297712465662148,0.20462101502132507,26.275880766875694,33.688348005592736,1.8978323532522903,26.215746875594672,33.696980130477705,1.9100848447775085,dataset_family,122,equal family weight after within-family median aggregation
classification_gini,double_secretary|0.1n,double_secretary,0.1n,exploratory,time_saved_pct,percent_training_time,cross_family_median,26.819576622171454,0.94999999999999996,122,10000,percentile_bootstrap,25.469122774456828,28.287914635520465,0.71659336394530748,20.084919671951639,34.080570940411519,3.7907248487580465,20.500097337275232,34.347142199572197,3.7466429246002564,dataset_family,122,equal family weight after within-family median aggregation
classification_gini,double_secretary|0.1n,double_secretary,0.1n,exploratory,predictive_loss_pct,F1_percentage_points,family_centroid_mean,0.65531613668481536,0.94999999999999996,122,10000,percentile_bootstrap,0.59302353576651601,0.71362611377291929,0.031059842372732939,0.30290010590323829,1.0257787655754278,0.18398372582929584,0.29066330439203364,1.0312625849263111,0.18785284859226423,dataset_family,122,equal family weight after within-family median aggregation
classification_gini,double_secretary|0.1n,double_secretary,0.1n,exploratory,predictive_loss_pct,F1_percentage_points,cross_family_median,0.45425325638503988,0.94999999999999996,122,10000,percentile_bootstrap,0.38429868530924316,0.53998643138505442,0.036541155064281468,0.019785373933642325,0.69888760277183892,0.16625835782801343,0.063715316582006701,0.71021151750334033,0.15827646442419493,dataset_family,122,equal family weight after within-family median aggregation
classification_gini,double_secretary|0.1n,double_secretary,0.1n,exploratory,effort_saved_pct,percent_gain_evaluations,family_centroid_mean,27.05055747571701,0.94999999999999996,122,10000,percentile_bootstrap,26.799261192130789,27.251173195184844,0.11448167108094121,21.990636930060678,31.908822906535782,2.5523570517340177,21.936130041135407,31.887583049808157,2.5587937068600577,dataset_family,122,equal family weight after within-family median aggregation
classification_gini,double_secretary|0.1n,double_secretary,0.1n,exploratory,effort_saved_pct,percent_gain_evaluations,cross_family_median,34.313507380393347,0.94999999999999996,122,10000,percentile_bootstrap,33.886630008143051,34.475499265169439,0.15147820766963255,29.318904118954961,38.730459787252364,2.027384249211984,29.528277999693515,38.517317678523241,2.0337353637973874,dataset_family,122,equal family weight after within-family median aggregation
classification_gini,double_secretary|1overe,double_secretary,1overe,confirmatory,time_saved_pct,percent_training_time,family_centroid_mean,6.1320173248617147,0.94999999999999996,122,10000,percentile_bootstrap,5.6202147909444626,6.4369327086738712,0.20943366521686552,5.2004052736132307,7.1088662467902051,0.4885968479933766,5.0191381630813074,7.0935822546474654,0.53078608121944593,dataset_family,122,equal family weight after within-family median aggregation
classification_gini,double_secretary|1overe,double_secretary,1overe,confirmatory,time_saved_pct,percent_training_time,cross_family_median,5.4684043024860909,0.94999999999999996,122,10000,percentile_bootstrap,5.2184963377353428,6.5431586954808481,0.33427699992828419,4.3078165964949457,6.521617426228687,0.50567720012528616,4.7429141322648842,7.054105141246974,0.59739620323059706,dataset_family,122,equal family weight after within-family median aggregation
classification_gini,double_secretary|1overe,double_secretary,1overe,confirmatory,predictive_loss_pct,F1_percentage_points,family_centroid_mean,0.11083941414011982,0.94999999999999996,122,10000,percentile_bootstrap,0.06035494277413396,0.16481310381628234,0.026418453964488067,-0.068776717671686721,0.29485437213719107,0.092500784360045663,-0.074761861213864994,0.30388650749753271,0.096439983423197553,dataset_family,122,equal family weight after within-family median aggregation
classification_gini,double_secretary|1overe,double_secretary,1overe,confirmatory,predictive_loss_pct,F1_percentage_points,cross_family_median,0.045244775004379956,0.94999999999999996,122,10000,percentile_bootstrap,0.011415752309013039,0.10072371040251758,0.022884298041847669,0,0.1584193273894613,0.046313241804341342,0,0.16089719637630387,0.049146154099039753,dataset_family,122,equal family weight after within-family median aggregation
classification_gini,double_secretary|1overe,double_secretary,1overe,confirmatory,effort_saved_pct,percent_gain_evaluations,family_centroid_mean,-6.5126506715989878,0.94999999999999996,122,10000,percentile_bootstrap,-6.6820903846051998,-6.4064411631581892,0.070488458900678605,-9.3513429970482349,-3.7991382011136285,1.4028113112443794,-9.3720099535431078,-3.8344802537513258,1.4052669058450242,dataset_family,122,equal family weight after within-family median aggregation
classification_gini,double_secretary|1overe,double_secretary,1overe,confirmatory,effort_saved_pct,percent_gain_evaluations,cross_family_median,-1.0997406735341331,0.94999999999999996,122,10000,percentile_bootstrap,-1.6140081136802942,-0.94149197289224795,0.1704560518997171,-5.2125780898893357,0.9698627323467407,1.5295043429208204,-5.1712733697223099,0.82450117638826759,1.4890967470406014,dataset_family,122,equal family weight after within-family median aggregation
classification_gini,double_secretary|ln_n,double_secretary,ln_n,exploratory,time_saved_pct,percent_training_time,family_centroid_mean,26.888924317731913,0.94999999999999996,122,10000,percentile_bootstrap,26.458837686814782,27.223130124690858,0.19308644727335267,23.53536269895503,30.356186181432772,1.7477977533414244,23.480800719404105,30.356449852065651,1.7651252300956142,dataset_family,122,equal family weight after within-family median aggregation
classification_gini,double_secretary|ln_n,double_secretary,ln_n,exploratory,time_saved_pct,percent_training_time,cross_family_median,23.240129837855278,0.94999999999999996,122,10000,percentile_bootstrap,22.06271665414554,24.667072080791225,0.68742412518012141,16.343032686328328,31.2289018731827,4.1444173705242111,16.819148538369713,31.421892372812803,3.9718201184980058,dataset_family,122,equal family weight after within-family median aggregation
classification_gini,double_secretary|ln_n,double_secretary,ln_n,exploratory,predictive_loss_pct,F1_percentage_points,family_centroid_mean,0.46427797890966238,0.94999999999999996,122,10000,percentile_bootstrap,0.39340790185763597,0.50576984049165086,0.02869806637293033,0.15553535228906687,0.76617784668946654,0.15610153531875445,0.13932305784484345,0.75848220031328517,0.15926695955099535,dataset_family,122,equal family weight after within-family median aggregation
classification_gini,double_secretary|ln_n,double_secretary,ln_n,exploratory,predictive_loss_pct,F1_percentage_points,cross_family_median,0.42566846039066852,0.94999999999999996,122,10000,percentile_bootstrap,0.35098954768442592,0.46859802867038081,0.030679308587485087,0.020532610332579804,0.66088967191934578,0.12485439699128986,0.073935031323992886,0.64664605378307349,0.12856204709231955,dataset_family,122,equal family weight after within-family median aggregation
classification_gini,double_secretary|ln_n,double_secretary,ln_n,exploratory,effort_saved_pct,percent_gain_evaluations,family_centroid_mean,20.888138857001376,0.94999999999999996,122,10000,percentile_bootstrap,20.652466192010042,21.118216234912456,0.1189557204900903,16.2090877350719,25.417934417661144,2.3527352112226323,16.176867676534282,25.420140751125096,2.3552063768026796,dataset_family,122,equal family weight after within-family median aggregation
classification_gini,double_secretary|ln_n,double_secretary,ln_n,exploratory,effort_saved_pct,percent_gain_evaluations,cross_family_median,26.969143303116077,0.94999999999999996,122,10000,percentile_bootstrap,26.43352768815776,27.37959899453876,0.23851526452903551,20.558517663031502,30.673993973508942,2.3734292290932335,21.18639768892881,30.492211041095789,2.3449495741089339,dataset_family,122,equal family weight after within-family median aggregation
classification_gini,double_secretary|sqrt_n,double_secretary,sqrt_n,exploratory,time_saved_pct,percent_training_time,family_centroid_mean,30.633250841093314,0.94999999999999996,122,10000,percentile_bootstrap,30.248620053488384,31.069792712061293,0.20948004389277561,26.478221177261585,34.993900683822012,2.1847627150065172,26.530758179309647,35.021808549179894,2.1880725310524576,dataset_family,122,equal family weight after within-family median aggregation
classification_gini,double_secretary|sqrt_n,double_secretary,sqrt_n,exploratory,time_saved_pct,percent_training_time,cross_family_median,24.030832651925131,0.94999999999999996,122,10000,percentile_bootstrap,23.112243246930234,25.998260744295141,0.74126652246056923,16.084021934202724,34.039365455282763,4.1953030018063959,17.020128898008789,33.955031945148086,4.0972026623215312,dataset_family,122,equal family weight after within-family median aggregation
classification_gini,double_secretary|sqrt_n,double_secretary,sqrt_n,exploratory,predictive_loss_pct,F1_percentage_points,family_centroid_mean,0.66110563738129879,0.94999999999999996,122,10000,percentile_bootstrap,0.61311596833384607,0.73565232393919189,0.031207825777659862,0.27300414055452343,1.0527622963842072,0.19911917107608459,0.28029946320464982,1.0752985885353676,0.20132707672452851,dataset_family,122,equal family weight after within-family median aggregation
classification_gini,double_secretary|sqrt_n,double_secretary,sqrt_n,exploratory,predictive_loss_pct,F1_percentage_points,cross_family_median,0.5475264881278169,0.94999999999999996,122,10000,percentile_bootstrap,0.42926625227861687,0.60482577355446332,0.046554620984832519,0.14119743269409013,0.80871772339635162,0.15227305777508998,0.17125162523002563,0.81177116756941747,0.15717440113405326,dataset_family,122,equal family weight after within-family median aggregation
classification_gini,double_secretary|sqrt_n,double_secretary,sqrt_n,exploratory,effort_saved_pct,percent_gain_evaluations,family_centroid_mean,18.153323567866558,0.94999999999999996,122,10000,percentile_bootstrap,17.907230231029438,18.374892108578621,0.12061396408374619,12.256299786797925,24.07464887792068,3.0177004154064293,12.23417661955907,24.044142068134757,3.0229347095964654,dataset_family,122,equal family weight after within-family median aggregation
classification_gini,double_secretary|sqrt_n,double_secretary,sqrt_n,exploratory,effort_saved_pct,percent_gain_evaluations,cross_family_median,23.165387041869934,0.94999999999999996,122,10000,percentile_bootstrap,22.687620408703168,24.288618355325642,0.43144959352400714,9.011380822240362,29.825067431403372,4.8400117953282393,9.3603416620067517,30.20853764269334,4.8239325497647236,dataset_family,122,equal family weight after within-family median aggregation
classification_gini,extra_tree|max_features=1,extra_tree,max_features=1,confirmatory,time_saved_pct,percent_training_time,family_centroid_mean,54.190186265826313,0.94999999999999996,122,10000,percentile_bootstrap,53.755687195490353,54.475674656363502,0.18550069191750734,48.061465130157465,60.272854525233392,3.1232530699219652,47.991939312037431,60.163822977574902,3.1346585406146579,dataset_family,122,equal family weight after within-family median aggregation
classification_gini,extra_tree|max_features=1,extra_tree,max_features=1,confirmatory,time_saved_pct,percent_training_time,cross_family_median,55.756625596236042,0.94999999999999996,122,10000,percentile_bootstrap,53.797638398320863,57.222122976137037,0.90610276203071238,40.760487443791177,72.268149313438329,9.6920367069734787,40.704214335627036,71.869837962458945,9.6310116807469495,dataset_family,122,equal family weight after within-family median aggregation
classification_gini,extra_tree|max_features=1,extra_tree,max_features=1,confirmatory,predictive_loss_pct,F1_percentage_points,family_centroid_mean,8.0966127878855438,0.94999999999999996,122,10000,percentile_bootstrap,8.0205077727382168,8.1885278871306113,0.04254652234940088,6.383909234961866,9.9067268788807379,0.89856602631100913,6.3788419496376791,9.9193572000975809,0.89978950640915312,dataset_family,122,equal family weight after within-family median aggregation
classification_gini,extra_tree|max_features=1,extra_tree,max_features=1,confirmatory,predictive_loss_pct,F1_percentage_points,cross_family_median,4.5731456682917866,0.94999999999999996,122,10000,percentile_bootstrap,4.2629052482524514,5.0734453807949507,0.20154129559653947,3.2984898633200226,7.2211022340616937,0.96106486528872104,3.216147101655356,7.199822544582533,0.99013658865374488,dataset_family,122,equal family weight after within-family median aggregation
classification_gini,extra_tree|max_features=1,extra_tree,max_features=1,confirmatory,effort_saved_pct,percent_gain_evaluations,family_centroid_mean,81.648019741119143,0.94999999999999996,122,10000,percentile_bootstrap,81.536689072898696,81.757574566570213,0.056133547659874189,75.143021787642013,87.335758343880329,3.1406723371239678,75.147214070065658,87.326439401856987,3.1407646274856478,dataset_family,122,equal family weight after within-family median aggregation
classification_gini,extra_tree|max_features=1,extra_tree,max_features=1,confirmatory,effort_saved_pct,percent_gain_evaluations,cross_family_median,96.336503657363977,0.94999999999999996,122,10000,percentile_bootstrap,96.260426092247627,96.412450515853763,0.036516383455170782,92.796478273551685,97.707724016251063,1.010677310505018,92.794458153768019,97.69100249021777,1.0076277686483577,dataset_family,122,equal family weight after within-family median aggregation
classification_gini,extra_tree|max_features=1over3,extra_tree,max_features=1over3,confirmatory,time_saved_pct,percent_training_time,family_centroid_mean,49.036692878776499,0.94999999999999996,122,10000,percentile_bootstrap,48.532857334427632,49.296108420972139,0.19545655812839807,43.188929805918377,54.940088488680637,2.9952854298460694,43.019877294312437,54.862142474943354,3.0129948045404777,dataset_family,122,equal family weight after within-family median aggregation
classification_gini,extra_tree|max_features=1over3,extra_tree,max_features=1over3,confirmatory,time_saved_pct,percent_training_time,cross_family_median,46.431201930260698,0.94999999999999996,122,10000,percentile_bootstrap,44.856245505149339,48.515163614938338,0.91590152645765199,32.92927072764833,58.502849502628209,7.480910029418177,32.99846853830271,58.410193673940498,7.3950576160588488,dataset_family,122,equal family weight after within-family median aggregation
classification_gini,extra_tree|max_features=1over3,extra_tree,max_features=1over3,confirmatory,predictive_loss_pct,F1_percentage_points,family_centroid_mean,2.7523096645198306,0.94999999999999996,122,10000,percentile_bootstrap,2.6732890754764758,2.8261500962297266,0.03908331280998157,1.9982068303533045,3.5265687701230837,0.39287003834702006,2.0017421950317669,3.5206023492814569,0.39330260487840496,dataset_family,122,equal family weight after within-family median aggregation
classification_gini,extra_tree|max_features=1over3,extra_tree,max_features=1over3,confirmatory,predictive_loss_pct,F1_percentage_points,cross_family_median,1.7357982984680609,0.94999999999999996,122,10000,percentile_bootstrap,1.6641248178081127,1.9074015021506452,0.061852994704426317,1.2732337271819856,2.5134304027425278,0.33611043884198372,1.2841465966890573,2.5968542699959074,0.32494129782948195,dataset_family,122,equal family weight after within-family median aggregation
classification_gini,extra_tree|max_features=1over3,extra_tree,max_features=1over3,confirmatory,effort_saved_pct,percent_gain_evaluations,family_centroid_mean,69.668355280884853,0.94999999999999996,122,10000,percentile_bootstrap,69.511027167928333,69.824126834037543,0.081031221528575406,61.228005875481635,77.122602020262107,4.0587043262483187,61.242099576596416,77.125514665051,4.0593263085289593,dataset_family,122,equal family weight after within-family median aggregation
classification_gini,extra_tree|max_features=1over3,extra_tree,max_features=1over3,confirmatory,effort_saved_pct,percent_gain_evaluations,cross_family_median,89.251782076345265,0.94999999999999996,122,10000,percentile_bootstrap,89.118685672553923,89.340133983308974,0.055877315349076771,83.722215725195653,93.864935721425795,2.4945399435197446,83.787683322000092,93.929962486265623,2.4896725890827209,dataset_family,122,equal family weight after within-family median aggregation
classification_gini,extra_tree|max_features=2over3,extra_tree,max_features=2over3,confirmatory,time_saved_pct,percent_training_time,family_centroid_mean,43.692607892158421,0.94999999999999996,122,10000,percentile_bootstrap,43.246785015831591,43.9821574084311,0.18746423239328808,37.988433566787492,49.562997740968378,2.9463024139570151,37.892552613227025,49.536799193506312,2.962198806482911,dataset_family,122,equal family weight after within-family median aggregation
classification_gini,extra_tree|max_features=2over3,extra_tree,max_features=2over3,confirmatory,time_saved_pct,percent_training_time,cross_family_median,38.051401595090979,0.94999999999999996,122,10000,percentile_bootstrap,36.349979417982453,39.154998252569897,0.70591209989775516,26.323106634601579,48.037571052698802,5.1799902054112961,26.633317659042131,47.505050854310149,5.0975384844889673,dataset_family,122,equal family weight after within-family median aggregation
classification_gini,extra_tree|max_features=2over3,extra_tree,max_features=2over3,confirmatory,predictive_loss_pct,F1_percentage_points,family_centroid_mean,1.0517812220525822,0.94999999999999996,122,10000,percentile_bootstrap,0.97760619811711758,1.1126331499369955,0.034478396447854352,0.5116126641734382,1.6184843210525777,0.28326303203947267,0.50603575343526186,1.6097586889440656,0.28241921444113333,dataset_family,122,equal family weight after within-family median aggregation
classification_gini,extra_tree|max_features=2over3,extra_tree,max_features=2over3,confirmatory,predictive_loss_pct,F1_percentage_points,cross_family_median,1.0061417593809434,0.94999999999999996,122,10000,percentile_bootstrap,0.85567899420634619,1.0600054414484494,0.052324411033562362,0.31919931919932032,1.4139386128156739,0.25919283399280918,0.40201552021278386,1.3223174763090579,0.23899124318880963,dataset_family,122,equal family weight after within-family median aggregation
classification_gini,extra_tree|max_features=2over3,extra_tree,max_features=2over3,confirmatory,effort_saved_pct,percent_gain_evaluations,family_centroid_mean,66.979670956162707,0.94999999999999996,122,10000,percentile_bootstrap,66.890584727844228,67.079894958765863,0.04760003969968548,60.195421948646391,73.332715926650422,3.3591429722564969,60.202937665551239,73.34452940722052,3.3577374451864852,dataset_family,122,equal family weight after within-family median aggregation
classification_gini,extra_tree|max_features=2over3,extra_tree,max_features=2over3,confirmatory,effort_saved_pct,percent_gain_evaluations,cross_family_median,84.1032924617883,0.94999999999999996,122,10000,percentile_bootstrap,83.946472778776496,84.208922873271902,0.065811085484713816,75.986474234156191,90.675206381729538,3.5985537188606291,76.154095417736272,90.679901098999935,3.5894288001696433,dataset_family,122,equal family weight after within-family median aggregation
classification_gini,extra_tree|max_features=all,extra_tree,max_features=all,confirmatory,time_saved_pct,percent_training_time,family_centroid_mean,38.14239030061713,0.94999999999999996,122,10000,percentile_bootstrap,37.653030075770538,38.399017148118581,0.19062495190070888,32.388666870134138,44.124276529303835,2.9885040673380527,32.232923411691672,44.022319675434083,3.0040027551707307,dataset_family,122,equal family weight after within-family median aggregation
classification_gini,extra_tree|max_features=all,extra_tree,max_features=all,confirmatory,time_saved_pct,percent_training_time,cross_family_median,25.322095774197717,0.94999999999999996,122,10000,percentile_bootstrap,24.255599558807166,28.032259054362406,0.975565415924184,20.905812716062584,39.823135452159278,5.49763108222868,20.444968209754325,39.964310106630599,5.3762154185463684,dataset_family,122,equal family weight after within-family median aggregation
classification_gini,extra_tree|max_features=all,extra_tree,max_features=all,confirmatory,predictive_loss_pct,F1_percentage_points,family_centroid_mean,0.42427543704907622,0.94999999999999996,122,10000,percentile_bootstrap,0.37439355317736023,0.49103402266400331,0.029796515997519729,-0.016453019643723039,0.88610647497861961,0.23052331430105849,-0.010658294454096344,0.89136016972673338,0.23158380247488872,dataset_family,122,equal family weight after within-family median aggregation
classification_gini,extra_tree|max_features=all,extra_tree,max_features=all,confirmatory,predictive_loss_pct,F1_percentage_points,cross_family_median,0.29098091851842978,0.94999999999999996,122,10000,percentile_bootstrap,0.11006952853328533,0.40798776084726612,0.080789299140914331,0,0.54760028446514952,0.18481955588356921,0,0.60347005558185174,0.18890916574345629,dataset_family,122,equal family weight after within-family median aggregation
classification_gini,extra_tree|max_features=all,extra_tree,max_features=all,confirmatory,effort_saved_pct,percent_gain_evaluations,family_centroid_mean,67.348827166674198,0.94999999999999996,122,10000,percentile_bootstrap,67.27736498714934,67.427516341585459,0.040122733585489199,61.185001977262544,73.163783098607254,3.0617876474494414,61.181565018972492,73.179908273656608,3.0624953328244939,dataset_family,122,equal family weight after within-family median aggregation
classification_gini,extra_tree|max_features=all,extra_tree,max_features=all,confirmatory,effort_saved_pct,percent_gain_evaluations,cross_family_median,84.573821111420983,0.94999999999999996,122,10000,percentile_bootstrap,84.428084574794838,84.77580914186872,0.085656623802743623,77.95733568098413,88.679122551033629,3.1431634245046562,77.990576621499301,88.704087107619827,3.1412291777817742,dataset_family,122,equal family weight after within-family median aggregation
classification_gini,prophet_1sample|,prophet_1sample,,confirmatory,time_saved_pct,percent_training_time,family_centroid_mean,16.640562023321365,0.94999999999999996,122,10000,percentile_bootstrap,16.155020998556655,16.98900899585648,0.21229862552965484,10.203511821488235,23.195922475195594,3.3257844097819476,10.131163749103463,23.132894057957902,3.3345982325049119,dataset_family,122,equal family weight after within-family median aggregation
classification_gini,prophet_1sample|,prophet_1sample,,confirmatory,time_saved_pct,percent_training_time,cross_family_median,9.8532428546842077,0.94999999999999996,122,10000,percentile_bootstrap,8.5696235563872971,12.296705871870095,0.96129253692040095,4.0129166404925751,18.587416741323651,3.5338311196621781,4.6032844996185336,18.028671994307846,3.4447775502897078,dataset_family,122,equal family weight after within-family median aggregation
classification_gini,prophet_1sample|,prophet_1sample,,confirmatory,predictive_loss_pct,F1_percentage_points,family_centroid_mean,0.32894452576257927,0.94999999999999996,122,10000,percentile_bootstrap,0.28456734016820873,0.38607977207359878,0.026014578815079736,0.053727500879785929,0.62094035896764699,0.14448999434651585,0.055984358118662904,0.63461020260929657,0.14647535508801898,dataset_family,122,equal family weight after within-family median aggregation
classification_gini,prophet_1sample|,prophet_1sample,,confirmatory,predictive_loss_pct,F1_percentage_points,cross_family_median,0.029716089778455967,0.94999999999999996,122,10000,percentile_bootstrap,0.029151808713630691,0.14686165809309304,0.031156513369887097,0,0.23610615197344753,0.071884312541636686,0,0.26463061036471419,0.071260500960536391,dataset_family,122,equal family weight after within-family median aggregation
classification_gini,prophet_1sample|,prophet_1sample,,confirmatory,effort_saved_pct,percent_gain_evaluations,family_centroid_mean,39.560529814519576,0.94999999999999996,122,10000,percentile_bootstrap,39.358119325816887,39.752923278574151,0.10300885470310422,34.316163823549324,44.950195833278521,2.7302786150808487,34.287751501229721,44.974654671769741,2.7335046301165118,dataset_family,122,equal family weight after within-family median aggregation
classification_gini,prophet_1sample|,prophet_1sample,,confirmatory,effort_saved_pct,percent_gain_evaluations,cross_family_median,41.502298724961911,0.94999999999999996,122,10000,percentile_bootstrap,40.813562199083549,42.516470389841643,0.44541905475267368,31.380314507274516,52.93740789066041,5.3045708798250439,31.439484871499005,52.706555968435843,5.3117217720284442,dataset_family,122,equal family weight after within-family median aggregation
classification_gini,secretary_all|0.1n,secretary_all,0.1n,exploratory,time_saved_pct,percent_training_time,family_centroid_mean,32.515638651206025,0.94999999999999996,122,10000,percentile_bootstrap,32.024232886143537,32.797710836268173,0.19640279117955778,28.77046714442784,36.303777304468923,1.9267898177552418,28.681491798306862,36.250738683545116,1.9421674885804103,dataset_family,122,equal family weight after within-family median aggregation
classification_gini,secretary_all|0.1n,secretary_all,0.1n,exploratory,time_saved_pct,percent_training_time,cross_family_median,30.092474799188082,0.94999999999999996,122,10000,percentile_bootstrap,28.331141782212224,31.898366306197691,0.93845901438190804,22.370332807790604,38.413481379072792,4.5145401403826897,22.283473085151105,38.566140400031273,4.5307375465656401,dataset_family,122,equal family weight after within-family median aggregation
classification_gini,secretary_all|0.1n,secretary_all,0.1n,exploratory,predictive_loss_pct,F1_percentage_points,family_centroid_mean,0.55088583014079984,0.94999999999999996,122,10000,percentile_bootstrap,0.48967579651994142,0.59984850703493175,0.02813981067768289,0.20001702351440076,0.91364443236313064,0.18036067384899038,0.1877792798093019,0.91004367485530613,0.18217115139354806,dataset_family,122,equal family weight after within-family median aggregation
classification_gini,secretary_all|0.1n,secretary_all,0.1n,exploratory,predictive_loss_pct,F1_percentage_points,cross_family_median,0.40234599456092646,0.94999999999999996,122,10000,percentile_bootstrap,0.31054283094102964,0.46208827754464532,0.039410905619614502,0.11542987081301914,0.66160350370877974,0.13324787427954926,0.088212043124236236,0.6568688741905534,0.13427714765472745,dataset_family,122,equal family weight after within-family median aggregation
classification_gini,secretary_all|0.1n,secretary_all,0.1n,exploratory,effort_saved_pct,percent_gain_evaluations,family_centroid_mean,37.976045541858987,0.94999999999999996,122,10000,percentile_bootstrap,37.748070898648727,38.184745234731729,0.11228231017974458,34.194891977057623,41.564582517948111,1.8865856317955587,34.174488116758617,41.572259970358125,1.8915913684375918,dataset_family,122,equal family weight after within-family median aggregation
classification_gini,secretary_all|0.1n,secretary_all,0.1n,exploratory,effort_saved_pct,percent_gain_evaluations,cross_family_median,42.435530608493387,0.94999999999999996,122,10000,percentile_bootstrap,42.254255417499159,43.22616873643549,0.26134795027482005,38.138716520994265,45.613189250790775,1.8779470906206071,38.10084232722896,45.623935433611962,1.8647385813058968,dataset_family,122,equal family weight after within-family median aggregation
classification_gini,secretary_all|1overe,secretary_all,1overe,confirmatory,time_saved_pct,percent_training_time,family_centroid_mean,12.735024693875406,0.94999999999999996,122,10000,percentile_bootstrap,12.267741145097055,13.082079211264896,0.20579758308049689,11.422968154481126,14.068192171841416,0.67953759428520555,11.295134678087033,14.084095386638761,0.71319981749205852,dataset_family,122,equal family weight after within-family median aggregation
classification_gini,secretary_all|1overe,secretary_all,1overe,confirmatory,time_saved_pct,percent_training_time,cross_family_median,12.893805747918581,0.94999999999999996,122,10000,percentile_bootstrap,11.798118910911517,13.589017613243804,0.47710750585466377,9.9636241174173801,14.407469732725648,1.1419342440058233,10.441708439562984,14.766359852491368,1.1504219739397732,dataset_family,122,equal family weight after within-family median aggregation
classification_gini,secretary_all|1overe,secretary_all,1overe,confirmatory,predictive_loss_pct,F1_percentage_points,family_centroid_mean,0.065883659196678601,0.94999999999999996,122,10000,percentile_bootstrap,0.0065291583997511109,0.10716880451648039,0.025665737032019006,-0.11479422011444651,0.25653120946384717,0.093673117611152046,-0.1243715909939153,0.25109204977054161,0.095467717903966659,dataset_family,122,equal family weight after within-family median aggregation
classification_gini,secretary_all|1overe,secretary_all,1overe,confirmatory,predictive_loss_pct,F1_percentage_points,cross_family_median,0.033429616709276799,0.94999999999999996,122,10000,percentile_bootstrap,0,0.065163227596512205,0.017514251993639558,0,0.12019395234101338,0.036330447402332412,0,0.11122015250526052,0.034351064704212259,dataset_family,122,equal family weight after within-family median aggregation
classification_gini,secretary_all|1overe,secretary_all,1overe,confirmatory,effort_saved_pct,percent_gain_evaluations,family_centroid_mean,14.869330816292072,0.94999999999999996,122,10000,percentile_bootstrap,14.749276488225561,14.975868643290593,0.057490366633086348,13.782272470999889,15.935742875252952,0.54752663951151892,13.765742237728855,15.929368132448793,0.55188811798398452,dataset_family,122,equal family weight after within-family median aggregation
classification_gini,secretary_all|1overe,secretary_all,1overe,confirmatory,effort_saved_pct,percent_gain_evaluations,cross_family_median,15.272790190397165,0.94999999999999996,122,10000,percentile_bootstrap,14.885997748123609,15.425243553439422,0.13307156310763196,14.138624960304174,16.314169633947358,0.61238823827603051,14.139008202403401,16.293678481553851,0.57606662451417656,dataset_family,122,equal family weight after within-family median aggregation
classification_gini,secretary_all|ln_n,secretary_all,ln_n,exploratory,time_saved_pct,percent_training_time,family_centroid_mean,29.348337599951712,0.94999999999999996,122,10000,percentile_bootstrap,28.894426919079589,29.691586536765957,0.20674416862558515,25.764470276420141,33.101187907666009,1.8815828116183273,25.653124591088545,33.105361431275107,1.8924486243699954,dataset_family,122,equal family weight after within-family median aggregation
classification_gini,secretary_all|ln_n,secretary_all,ln_n,exploratory,time_saved_pct,percent_training_time,cross_family_median,26.769347074843424,0.94999999999999996,122,10000,percentile_bootstrap,25.816345244152561,28.23137648230778,0.61710786662726613,18.645301875498816,36.093553508848757,4.9860181245046711,19.235010004442092,36.020516940611479,4.7079679663963301,dataset_family,122,equal family weight after within-family median aggregation
classification_gini,secretary_all|ln_n,secretary_all,ln_n,exploratory,predictive_loss_pct,F1_percentage_points,family_centroid_mean,0.39653215137776221,0.94999999999999996,122,10000,percentile_bootstrap,0.35074205943046788,0.4569306031683899,0.027097351032152658,0.097889171543004347,0.69264034383601625,0.15081310555884486,0.10382049374659681,0.69993423009679734,0.15282344035383724,dataset_family,122,equal family weight after within-family median aggregation
classification_gini,secretary_all|ln_n,secretary_all,ln_n,exploratory,predictive_loss_pct,F1_percentage_points,cross_family_median,0.30543725846282344,0.94999999999999996,122,10000,percentile_bootstrap,0.23277263411188193,0.39451263640706191,0.040830756705224576,0.0087310896862369258,0.5633801189063814,0.15297607052796064,0.024587803627483598,0.54285017739249875,0.13224938762695154,dataset_family,122,equal family weight after within-family median aggregation
classification_gini,secretary_all|ln_n,secretary_all,ln_n,exploratory,effort_saved_pct,percent_gain_evaluations,family_centroid_mean,33.271863734462208,0.94999999999999996,122,10000,percentile_bootstrap,32.998405393751462,33.533129069602886,0.13720166713151311,29.939121093311147,36.564247150874422,1.6858058263039357,29.950501106462053,36.567374815209575,1.6941709301846142,dataset_family,122,equal family weight after within-family median aggregation
classification_gini,secretary_all|ln_n,secretary_all,ln_n,exploratory,effort_saved_pct,percent_gain_evaluations,cross_family_median,35.3912460457083,0.94999999999999996,122,10000,percentile_bootstrap,34.830534762556454,35.908542754096239,0.27501238652640475,31.601738455441236,39.696222935006546,1.9930172679544556,31.633627381845919,39.677036451387167,1.9912928856834633,dataset_family,122,equal family weight after within-family median aggregation
classification_gini,secretary_all|sqrt_n,secretary_all,sqrt_n,exploratory,time_saved_pct,percent_training_time,family_centroid_mean,33.688694041576326,0.94999999999999996,122,10000,percentile_bootstrap,33.223836865192162,34.00240085765121,0.19782148499296465,29.4544728018491,38.052568845867896,2.2127983615771551,29.366520870395057,38.067546293583007,2.2250150093023509,dataset_family,122,equal family weight after within-family median aggregation
classification_gini,secretary_all|sqrt_n,secretary_all,sqrt_n,exploratory,time_saved_pct,percent_training_time,cross_family_median,28.674834959488326,0.94999999999999996,122,10000,percentile_bootstrap,27.791721100400455,30.223531134833653,0.59684845974029366,20.870499744794245,39.699242252269059,4.6593683414538578,20.72516011964688,39.437625088419644,4.6034712465201899,dataset_family,122,equal family weight after within-family median aggregation
classification_gini,secretary_all|sqrt_n,secretary_all,sqrt_n,exploratory,predictive_loss_pct,F1_percentage_points,family_centroid_mean,0.64867327135410013,0.94999999999999996,122,10000,percentile_bootstrap,0.58681129683258004,0.69987620695471209,0.029070277898771122,0.27913251936638545,1.0206712853414495,0.18879470230277204,0.27233529783816046,1.0169620351784037,0.19028930399381119,dataset_family,122,equal family weight after within-family median aggregation
classification_gini,secretary_all|sqrt_n,secretary_all,sqrt_n,exploratory,predictive_loss_pct,F1_percentage_points,cross_family_median,0.44702576492955393,0.94999999999999996,122,10000,percentile_bootstrap,0.35491693264713764,0.54904866419530318,0.047682529420495307,0.031455856316334185,0.72355279632810854,0.17761521998223767,0.057870919354331085,0.70144117434203557,0.16281847731145216,dataset_family,122,equal family weight after within-family median aggregation
classification_gini,secretary_all|sqrt_n,secretary_all,sqrt_n,exploratory,effort_saved_pct,percent_gain_evaluations,family_centroid_mean,33.58542115284564,0.94999999999999996,122,10000,percentile_bootstrap,33.299220803443411,33.790470208736338,0.12678489438053894,29.497710862155632,37.696681764962065,2.0846914795208851,29.424887867229799,37.704852559998919,2.0991313043238877,dataset_family,122,equal family weight after within-family median aggregation
classification_gini,secretary_all|sqrt_n,secretary_all,sqrt_n,exploratory,effort_saved_pct,percent_gain_evaluations,cross_family_median,34.515415158014505,0.94999999999999996,122,10000,percentile_bootstrap,33.260789480423199,35.797095393540403,0.631354795536332,28.67989110303667,38.38697351803134,2.902792854037219,28.70551518548363,38.287820943589296,2.88927366597866,dataset_family,122,equal family weight after within-family median aggregation
classification_gini,"secretary_par|samples=0.1n,q=0.5",secretary_par,"samples=0.1n,q=0.5",exploratory,time_saved_pct,percent_training_time,family_centroid_mean,18.651230635456212,0.94999999999999996,122,10000,percentile_bootstrap,18.173135306201605,18.983668645932628,0.21015529759900245,14.094772188869827,23.048899280140635,2.2833752307062758,14.022758662400095,23.02109496007149,2.2891576523974968,dataset_family,122,equal family weight after within-family median aggregation
classification_gini,"secretary_par|samples=0.1n,q=0.5",secretary_par,"samples=0.1n,q=0.5",exploratory,time_saved_pct,percent_training_time,cross_family_median,11.854151851138417,0.94999999999999996,122,10000,percentile_bootstrap,11.013636979099889,12.977796216251987,0.50280367297869,9.1655249317122056,17.582949336869426,1.9039074567863437,9.7453560618605941,16.914829101532693,1.7984562441215131,dataset_family,122,equal family weight after within-family median aggregation
classification_gini,"secretary_par|samples=0.1n,q=0.5",secretary_par,"samples=0.1n,q=0.5",exploratory,predictive_loss_pct,F1_percentage_points,family_centroid_mean,0.66255771186173396,0.94999999999999996,122,10000,percentile_bootstrap,0.60128998285297608,0.71709516492451542,0.029552818447632238,0.2710729596589147,1.0936999114474528,0.2094139464562613,0.26498269762802168,1.0934729359789077,0.21291666975887447,dataset_family,122,equal family weight after within-family median aggregation
classification_gini,"secretary_par|samples=0.1n,q=0.5",secretary_par,"samples=0.1n,q=0.5",exploratory,predictive_loss_pct,F1_percentage_points,cross_family_median,0.33229189049693852,0.94999999999999996,122,10000,percentile_bootstrap,0.26259529508211055,0.41168821044297449,0.038346144563194767,0.08394832825383558,0.65827045085713465,0.12411256383444187,0.053797302098427993,0.65885189623400986,0.13587848293710453,dataset_family,122,equal family weight after within-family median aggregation
classification_gini,"secretary_par|samples=0.1n,q=0.5",secretary_par,"samples=0.1n,q=0.5",exploratory,effort_saved_pct,percent_gain_evaluations,family_centroid_mean,28.289222732931734,0.94999999999999996,122,10000,percentile_bootstrap,28.137745722570177,28.514447601684385,0.096666007274891066,21.241361603115919,35.132034661263631,3.5664087926467336,21.306950140125345,35.184336614718688,3.5632982354705192,dataset_family,122,equal family weight after within-family median aggregation
classification_gini,"secretary_par|samples=0.1n,q=0.5",secretary_par,"samples=0.1n,q=0.5",exploratory,effort_saved_pct,percent_gain_evaluations,cross_family_median,39.56376349283142,0.94999999999999996,122,10000,percentile_bootstrap,38.716811919100081,40.158136164762418,0.40307835294881661,30.050590615702284,44.790238952956848,4.1923272757579486,29.907393812402802,44.943586451869777,4.23479788346389,dataset_family,122,equal family weight after within-family median aggregation
classification_gini,"secretary_par|samples=0.1n,q=0.75",secretary_par,"samples=0.1n,q=0.75",exploratory,time_saved_pct,percent_training_time,family_centroid_mean,19.440538200411616,0.94999999999999996,122,10000,percentile_bootstrap,18.987597684462852,19.830082208064379,0.21570533487042257,14.473161190894679,24.241881876434007,2.4899712378216248,14.443303748663569,24.189771098916413,2.4898939153961495,dataset_family,122,equal family weight after within-family median aggregation
classification_gini,"secretary_par|samples=0.1n,q=0.75",secretary_par,"samples=0.1n,q=0.75",exploratory,time_saved_pct,percent_training_time,cross_family_median,11.665960925695025,0.94999999999999996,122,10000,percentile_bootstrap,11.225467698886083,13.300928259412084,0.54811482234564057,9.4238617114854346,17.75445929151503,1.9670357748084351,9.8843389631494745,17.662390748526697,1.9313966161959102,dataset_family,122,equal family weight after within-family median aggregation
classification_gini,"secretary_par|samples=0.1n,q=0.75",secretary_par,"samples=0.1n,q=0.75",exploratory,predictive_loss_pct,F1_percentage_points,family_centroid_mean,0.96935788650652421,0.94999999999999996,122,10000,percentile_bootstrap,0.92564979711587192,1.0357458141109821,0.027986872212258599,0.48275000178962757,1.5279949872705483,0.26839826851849491,0.49178009535067729,1.5419512822705386,0.26939409975298295,dataset_family,122,equal family weight after within-family median aggregation
classification_gini,"secretary_par|samples=0.1n,q=0.75",secretary_par,"samples=0.1n,q=0.75",exploratory,predictive_loss_pct,F1_percentage_points,cross_family_median,0.33125416667219021,0.94999999999999996,122,10000,percentile_bootstrap,0.29470534183032709,0.4416722147798588,0.035524136391821184,0.15132311481222682,0.83644035303655362,0.17178239261580397,0.12520060281710604,0.81327461363560594,0.17183486228050396,dataset_family,122,equal family weight after within-family median aggregation
classification_gini,"secretary_par|samples=0.1n,q=0.75",secretary_par,"samples=0.1n,q=0.75",exploratory,effort_saved_pct,percent_gain_evaluations,family_centroid_mean,30.518692481622875,0.94999999999999996,122,10000,percentile_bootstrap,30.365015481534861,30.689079612030472,0.082578596893870246,23.126926302875585,37.632299190026593,3.7283951206246599,23.161984204494569,37.661730334841721,3.727064300900345,dataset_family,122,equal family weight after within-family median aggregation
classification_gini,"secretary_par|samples=0.1n,q=0.75",secretary_par,"samples=0.1n,q=0.75",exploratory,effort_saved_pct,percent_gain_evaluations,cross_family_median,41.553903606477071,0.94999999999999996,122,10000,percentile_bootstrap,39.986049804732744,41.924284682097579,0.52093054308254505,30.662457509246298,48.663910366243201,4.9734583391912812,30.29301433127695,48.953227958099156,4.9364225978518652,dataset_family,122,equal family weight after within-family median aggregation
classification_gini,"secretary_par|samples=0.1n,q=0.9",secretary_par,"samples=0.1n,q=0.9",exploratory,time_saved_pct,percent_training_time,family_centroid_mean,20.112402343141156,0.94999999999999996,122,10000,percentile_bootstrap,19.620770143002638,20.449426470610401,0.21254841051573342,15.28406918492329,24.87783374448702,2.4482573351764341,15.159320257575764,24.777296008706063,2.4620642526187311,dataset_family,122,equal family weight after within-family median aggregation
classification_gini,"secretary_par|samples=0.1n,q=0.9",secretary_par,"samples=0.1n,q=0.9",exploratory,time_saved_pct,percent_training_time,cross_family_median,11.883372489373922,0.94999999999999996,122,10000,percentile_bootstrap,11.26657935912146,13.189410766673355,0.4761126375656376,10.026365781849888,19.03307527953168,2.0374288485899239,10.041695519913032,18.354659167432732,2.0100872437301747,dataset_family,122,equal family weight after within-family median aggregation
classification_gini,"secretary_par|samples=0.1n,q=0.9",secretary_par,"samples=0.1n,q=0.9",exploratory,predictive_loss_pct,F1_percentage_points,family_centroid_mean,1.329493684910676,0.94999999999999996,122,10000,percentile_bootstrap,1.273575045449433,1.3892410395510255,0.029562038062066798,0.71530185424580628,2.0429225542092415,0.33941269362333121,0.71561934452680587,2.0455564845379093,0.34112637165010423,dataset_family,122,equal family weight after within-family median aggregation
classification_gini,"secretary_par|samples=0.1n,q=0.9",secretary_par,"samples=0.1n,q=0.9",exploratory,predictive_loss_pct,F1_percentage_points,cross_family_median,0.46975893734721441,0.94999999999999996,122,10000,percentile_bootstrap,0.38781971124477038,0.5656875013502064,0.044949555597421989,0.20022269460472364,0.97555339845942424,0.21046029585646475,0.19913937273368099,0.93197603307935251,0.19301587930400183,dataset_family,122,equal family weight after within-family median aggregation
classification_gini,"secretary_par|samples=0.1n,q=0.9",secretary_par,"samples=0.1n,q=0.9",exploratory,effort_saved_pct,percent_gain_evaluations,family_centroid_mean,32.287136729608513,0.94999999999999996,122,10000,percentile_bootstrap,32.132865532185058,32.468199435213293,0.086041630990931151,24.935081148206294,39.504579542117511,3.7403994795737243,24.954657157727073,39.542935952278135,3.740936268022617,dataset_family,122,equal family weight after within-family median aggregation
classification_gini,"secretary_par|samples=0.1n,q=0.9",secretary_par,"samples=0.1n,q=0.9",exploratory,effort_saved_pct,percent_gain_evaluations,cross_family_median,43.206133096517554,0.94999999999999996,122,10000,percentile_bootstrap,42.539904613747751,43.824036516525574,0.27742911154796468,30.791861339111804,52.03124445417906,5.5502562755716696,30.614205701467345,52.004840167288556,5.4960699131805661,dataset_family,122,equal family weight after within-family median aggregation
classification_gini,"secretary_par|samples=0.1n,q=0.95",secretary_par,"samples=0.1n,q=0.95",exploratory,time_saved_pct,percent_training_time,family_centroid_mean,20.103157129924121,0.94999999999999996,122,10000,percentile_bootstrap,19.64120976828524,20.43347023745514,0.20381719058180542,15.367811379678045,24.848352003745607,2.423539396980229,15.261040959938288,24.849364367905807,2.4435316273586256,dataset_family,122,equal family weight after within-family median aggregation
classification_gini,"secretary_par|samples=0.1n,q=0.95",secretary_par,"samples=0.1n,q=0.95",exploratory,time_saved_pct,percent_training_time,cross_family_median,12.158981633864895,0.94999999999999996,122,10000,percentile_bootstrap,11.205937657198008,13.498157216242278,0.58162166900268253,9.4766009235118407,18.219472314937363,2.2735328523911287,9.8412082873445001,17.992219337893712,2.1190814263620132,dataset_family,122,equal family weight after within-family median aggregation
classification_gini,"secretary_par|samples=0.1n,q=0.95",secretary_par,"samples=0.1n,q=0.95",exploratory,predictive_loss_pct,F1_percentage_points,family_centroid_mean,1.5016163257376161,0.94999999999999996,122,10000,percentile_bootstrap,1.4393535934139237,1.5555355880826698,0.029512446433231303,0.83759792750896478,2.2814414549759481,0.37049830101848413,0.82800569430181681,2.2853203998565119,0.37214583061584389,dataset_family,122,equal family weight after within-family median aggregation
classification_gini,"secretary_par|samples=0.1n,q=0.95",secretary_par,"samples=0.1n,q=0.95",exploratory,predictive_loss_pct,F1_percentage_points,cross_family_median,0.56431402480014303,0.94999999999999996,122,10000,percentile_bootstrap,0.42003063927600615,0.61347618546340499,0.052357239065853753,0.23119319663963411,0.96773467675548841,0.1870572962224567,0.23482532139099321,0.97833962860825352,0.18899212313335226,dataset_family,122,equal family weight after within-family median aggregation
classification_gini,"secretary_par|samples=0.1n,q=0.95",secretary_par,"samples=0.1n,q=0.95",exploratory,effort_saved_pct,percent_gain_evaluations,family_centroid_mean,32.772120809913552,0.94999999999999996,122,10000,percentile_bootstrap,32.608159277238805,32.930644395852255,0.082224427612079279,25.476321940532639,39.961842866786576,3.7295436205510084,25.465143584711477,39.965753440889635,3.7281197150118652,dataset_family,122,equal family weight after within-family median aggregation
classification_gini,"secretary_par|samples=0.1n,q=0.95",secretary_par,"samples=0.1n,q=0.95",exploratory,effort_saved_pct,percent_gain_evaluations,cross_family_median,44.27348287744725,0.94999999999999996,122,10000,percentile_bootstrap,43.722498965028301,44.481042650284301,0.18898333662090006,30.766336465240222,52.775937662889326,5.6926218595993596,30.758356282860248,52.606198257787533,5.6183930908275137,dataset_family,122,equal family weight after within-family median aggregation
classification_gini,"secretary_par|samples=10,q=0.5",secretary_par,"samples=10,q=0.5",exploratory,time_saved_pct,percent_training_time,family_centroid_mean,16.472764898390722,0.94999999999999996,122,10000,percentile_bootstrap,15.914644099919068,16.785340523779396,0.22275894894809331,11.974555094522222,20.910255930893534,2.277467857174186,11.869766392303676,20.819293397229938,2.2935129480205192,dataset_family,122,equal family weight after within-family median aggregation
classification_gini,"secretary_par|samples=10,q=0.5",secretary_par,"samples=10,q=0.5",exploratory,time_saved_pct,percent_training_time,cross_family_median,8.9527373412637274,0.94999999999999996,122,10000,percentile_bootstrap,8.723438273465618,10.410924882001861,0.42391416665765674,7.5608677672855507,12.554167696699999,1.1956022839009492,7.8019141111396637,12.614088210919503,1.2065801095907287,dataset_family,122,equal family weight after within-family median aggregation
classification_gini,"secretary_par|samples=10,q=0.5",secretary_par,"samples=10,q=0.5",exploratory,predictive_loss_pct,F1_percentage_points,family_centroid_mean,0.6560060396683205,0.94999999999999996,122,10000,percentile_bootstrap,0.59887629664477637,0.71264251553463598,0.02905660186753033,0.24624845302085671,1.1127792147436439,0.21963986776195507,0.24311323374808202,1.1105755996409732,0.22143379031743587,dataset_family,122,equal family weight after within-family median aggregation
classification_gini,"secretary_par|samples=10,q=0.5",secretary_par,"samples=10,q=0.5",exploratory,predictive_loss_pct,F1_percentage_points,cross_family_median,0.32246595002099476,0.94999999999999996,122,10000,percentile_bootstrap,0.24165246512723157,0.39120658295927629,0.038568955620544819,0.060698669978898057,0.54666473771709523,0.12136113295136439,0.053751991615791715,0.55220375703480551,0.12302006888475846,dataset_family,122,equal family weight after within-family median aggregation
classification_gini,"secretary_par|samples=10,q=0.5",secretary_par,"samples=10,q=0.5",exploratory,effort_saved_pct,percent_gain_evaluations,family_centroid_mean,16.100214801353744,0.94999999999999996,122,10000,percentile_bootstrap,15.922952394139967,16.341405925432273,0.10809730145290444,8.823941735924496,23.357909875686133,3.7277987778415556,8.8730609800529283,23.373738190875113,3.7201637022242067,dataset_family,122,equal family weight after within-family median aggregation
classification_gini,"secretary_par|samples=10,q=0.5",secretary_par,"samples=10,q=0.5",exploratory,effort_saved_pct,percent_gain_evaluations,cross_family_median,23.927334571910585,0.94999999999999996,122,10000,percentile_bootstrap,23.140169256455131,24.159804944082627,0.25508490100298353,3.3775361444423169,31.325256330656863,6.9007366950421334,3.7116377809705692,31.482087506367598,6.8202218574261266,dataset_family,122,equal family weight after within-family median aggregation
classification_gini,"secretary_par|samples=10,q=0.75",secretary_par,"samples=10,q=0.75",exploratory,time_saved_pct,percent_training_time,family_centroid_mean,17.534215524111623,0.94999999999999996,122,10000,percentile_bootstrap,17.067673215018047,17.918445221793345,0.21856668001521243,12.40242941914954,22.449311215538991,2.5709986769766071,12.311642804189267,22.434195138041147,2.5865193306231316,dataset_family,122,equal family weight after within-family median aggregation
classification_gini,"secretary_par|samples=10,q=0.75",secretary_par,"samples=10,q=0.75",exploratory,time_saved_pct,percent_training_time,cross_family_median,10.384674052826409,0.94999999999999996,122,10000,percentile_bootstrap,9.6981364986148826,11.86579588223306,0.54689582237425449,7.5453391826923237,14.436850124107469,1.7669950483091958,8.2611756360307265,14.382568080902391,1.5668009797321532,dataset_family,122,equal family weight after within-family median aggregation
classification_gini,"secretary_par|samples=10,q=0.75",secretary_par,"samples=10,q=0.75",exploratory,predictive_loss_pct,F1_percentage_points,family_centroid_mean,1.1563422217838486,0.94999999999999996,122,10000,percentile_bootstrap,1.0890681910189088,1.212264323541733,0.031343318357501621,0.62551969964545284,1.7636209360604749,0.28877667636477478,0.61610086915773143,1.7568210524651342,0.28946288709447432,dataset_family,122,equal family weight after within-family median aggregation
classification_gini,"secretary_par|samples=10,q=0.75",secretary_par,"samples=10,q=0.75",exploratory,predictive_loss_pct,F1_percentage_points,cross_family_median,0.39909938150163859,0.94999999999999996,122,10000,percentile_bootstrap,0.37586352270820322,0.50261960217316182,0.033442751290914688,0.19048174185512801,0.92356320448102047,0.16791688531800145,0.20341176817215376,0.91999691785052429,0.17199578184602402,dataset_family,122,equal family weight after within-family median aggregation
classification_gini,"secretary_par|samples=10,q=0.75",secretary_par,"samples=10,q=0.75",exploratory,effort_saved_pct,percent_gain_evaluations,family_centroid_mean,18.716909743684393,0.94999999999999996,122,10000,percentile_bootstrap,18.462265215179894,18.905200058828516,0.11144972815735302,10.887963053426455,26.471485696555739,3.9975554489919349,10.889153624935634,26.443734146908664,4.0027689035312122,dataset_family,122,equal family weight after within-family median aggregation
classification_gini,"secretary_par|samples=10,q=0.75",secretary_par,"samples=10,q=0.75",exploratory,effort_saved_pct,percent_gain_evaluations,cross_family_median,28.297215393699517,0.94999999999999996,122,10000,percentile_bootstrap,27.277318263457634,28.905229093401616,0.43905352390953706,6.8922196326501783,37.923464491556594,7.5366185127369878,6.6374804809075307,37.968574625348978,7.4994029828831232,dataset_family,122,equal family weight after within-family median aggregation
classification_gini,"secretary_par|samples=10,q=0.9",secretary_par,"samples=10,q=0.9",exploratory,time_saved_pct,percent_training_time,family_centroid_mean,18.785750834139609,0.94999999999999996,122,10000,percentile_bootstrap,18.250967735457628,19.109701098088976,0.2186307139628916,13.806315342015377,23.679075378582475,2.521592681493837,13.678027343553023,23.629247945850622,2.5322591460437374,dataset_family,122,equal family weight after within-family median aggregation
classification_gini,"secretary_par|samples=10,q=0.9",secretary_par,"samples=10,q=0.9",exploratory,time_saved_pct,percent_training_time,cross_family_median,10.468986016645971,0.94999999999999996,122,10000,percentile_bootstrap,10.21577609514048,12.250272087153631,0.52702151150430943,9.1083099798011986,15.918887513793649,1.7686717671358174,9.1525622930549275,16.096969177355998,1.7652165558435458,dataset_family,122,equal family weight after within-family median aggregation
classification_gini,"secretary_par|samples=10,q=0.9",secretary_par,"samples=10,q=0.9",exploratory,predictive_loss_pct,F1_percentage_points,family_centroid_mean,1.6222057752135246,0.94999999999999996,122,10000,percentile_bootstrap,1.5697291618175411,1.6929775351130048,0.031653706124865254,0.94306377447936618,2.407169912026331,0.37396286830344122,0.94773505135276737,2.4225197544426478,0.37577567972332104,dataset_family,122,equal family weight after within-family median aggregation
classification_gini,"secretary_par|samples=10,q=0.9",secretary_par,"samples=10,q=0.9",exploratory,predictive_loss_pct,F1_percentage_points,cross_family_median,0.54877922531947343,0.94999999999999996,122,10000,percentile_bootstrap,0.48764839378311886,0.80903495888526877,0.082080890678352683,0.16033966033965341,1.104884202987924,0.25826931348852722,0.2563759020080319,1.1417597231698642,0.25093404972621486,dataset_family,122,equal family weight after within-family median aggregation
classification_gini,"secretary_par|samples=10,q=0.9",secretary_par,"samples=10,q=0.9",exploratory,effort_saved_pct,percent_gain_evaluations,family_centroid_mean,20.498474871441779,0.94999999999999996,122,10000,percentile_bootstrap,20.234852421773244,20.751892854235802,0.13020181037484127,12.569655089882271,28.362913479939365,4.0743849385009403,12.466245584623206,28.35604067303305,4.0823112366592698,dataset_family,122,equal family weight after within-family median aggregation
classification_gini,"secretary_par|samples=10,q=0.9",secretary_par,"samples=10,q=0.9",exploratory,effort_saved_pct,percent_gain_evaluations,cross_family_median,31.199355600423651,0.94999999999999996,122,10000,percentile_bootstrap,29.514515201512751,31.945595612680833,0.66271501782154107,8.5380917166721275,42.209816901326832,7.989721653220939,8.6842829930972272,42.208027867424889,7.9868770873107948,dataset_family,122,equal family weight after within-family median aggregation
classification_gini,"secretary_par|samples=10,q=0.95",secretary_par,"samples=10,q=0.95",exploratory,time_saved_pct,percent_training_time,family_centroid_mean,18.819926642893257,0.94999999999999996,122,10000,percentile_bootstrap,18.319895345359487,19.150603586465252,0.21155537788321324,13.862495804129138,23.733783473066438,2.5101025469882385,13.779510837853667,23.65455647496497,2.5157940329029973,dataset_family,122,equal family weight after within-family median aggregation
classification_gini,"secretary_par|samples=10,q=0.95",secretary_par,"samples=10,q=0.95",exploratory,time_saved_pct,percent_training_time,cross_family_median,10.502512168720818,0.94999999999999996,122,10000,percentile_bootstrap,10.02237070939489,12.095585818886718,0.53283096740089808,8.6058529664522876,16.969599817645896,2.0495550070369397,8.8074302406183858,16.37570471962762,1.8617322790148843,dataset_family,122,equal family weight after within-family median aggregation
classification_gini,"secretary_par|samples=10,q=0.95",secretary_par,"samples=10,q=0.95",exploratory,predictive_loss_pct,F1_percentage_points,family_centroid_mean,1.8381696646268497,0.94999999999999996,122,10000,percentile_bootstrap,1.7737494175030313,1.8961372552597655,0.030961007490933626,1.0994293678604683,2.7001511063940318,0.41172652271422688,1.0953238843401734,2.7019414740720578,0.41256893153079155,dataset_family,122,equal family weight after within-family median aggregation
classification_gini,"secretary_par|samples=10,q=0.95",secretary_par,"samples=10,q=0.95",exploratory,predictive_loss_pct,F1_percentage_points,cross_family_median,0.66220949831643228,0.94999999999999996,122,10000,percentile_bootstrap,0.55084759818640383,0.88216030354401864,0.087421694644917211,0.31080901284994966,1.2561616799413144,0.25809606331976659,0.30545662900790727,1.2493992978044108,0.25999324645904981,dataset_family,122,equal family weight after within-family median aggregation
classification_gini,"secretary_par|samples=10,q=0.95",secretary_par,"samples=10,q=0.95",exploratory,effort_saved_pct,percent_gain_evaluations,family_centroid_mean,20.853526039251452,0.94999999999999996,122,10000,percentile_bootstrap,20.65964140946642,21.20212350116628,0.137948877497415,12.864499251981266,28.719036390838369,4.0938914831590401,12.920216852779049,28.782548658917822,4.0864577764068297,dataset_family,122,equal family weight after within-family median aggregation
classification_gini,"secretary_par|samples=10,q=0.95",secretary_par,"samples=10,q=0.95",exploratory,effort_saved_pct,percent_gain_evaluations,cross_family_median,31.500777726944296,0.94999999999999996,122,10000,percentile_bootstrap,30.066907041292207,32.597318212780017,0.66915130008056767,9.6010731044980702,43.17319485810588,7.9532020447276359,9.722836600238276,42.68118441970902,7.926439479804464,dataset_family,122,equal family weight after within-family median aggregation
classification_gini,"secretary_par|samples=2,q=0.5",secretary_par,"samples=2,q=0.5",exploratory,time_saved_pct,percent_training_time,family_centroid_mean,18.555585122113825,0.94999999999999996,122,10000,percentile_bootstrap,18.021095542335974,18.796633239818426,0.19935460077223505,14.356708682464319,22.876485131707469,2.1793839235146817,14.176897647651071,22.748517578064614,2.1967962397316803,dataset_family,122,equal family weight after within-family median aggregation
classification_gini,"secretary_par|samples=2,q=0.5",secretary_par,"samples=2,q=0.5",exploratory,time_saved_pct,percent_training_time,cross_family_median,10.609744066899923,0.94999999999999996,122,10000,percentile_bootstrap,10.167393011429692,12.232128025139692,0.51537167186278132,8.5663466624595799,15.418667914498819,1.7766070862779422,8.6923879549294512,15.464611377772641,1.689174957038674,dataset_family,122,equal family weight after within-family median aggregation
classification_gini,"secretary_par|samples=2,q=0.5",secretary_par,"samples=2,q=0.5",exploratory,predictive_loss_pct,F1_percentage_points,family_centroid_mean,0.51947487502983747,0.94999999999999996,122,10000,percentile_bootstrap,0.46455147781712763,0.58244364174407448,0.029903732263458004,0.16144460445850672,0.9109836968155276,0.18941424565018014,0.15920244219278773,0.91568856293979517,0.19284252096216542,dataset_family,122,equal family weight after within-family median aggregation
classification_gini,"secretary_par|samples=2,q=0.5",secretary_par,"samples=2,q=0.5",exploratory,predictive_loss_pct,F1_percentage_points,cross_family_median,0.31118963868468491,0.94999999999999996,122,10000,percentile_bootstrap,0.20888925688920323,0.37895449804667586,0.040650271188775261,0.014051130193970529,0.5781670949220552,0.13446888691484737,0.014592929013348273,0.57284366140851439,0.13995360032497772,dataset_family,122,equal family weight after within-family median aggregation
classification_gini,"secretary_par|samples=2,q=0.5",secretary_par,"samples=2,q=0.5",exploratory,effort_saved_pct,percent_gain_evaluations,family_centroid_mean,25.562075433729362,0.94999999999999996,122,10000,percentile_bootstrap,25.366049378978939,25.740269718084267,0.096120259211853701,18.285174193956554,32.680694154145044,3.6972944388584188,18.278763126102302,32.708987030293123,3.6966534266353057,dataset_family,122,equal family weight after within-family median aggregation
classification_gini,"secretary_par|samples=2,q=0.5",secretary_par,"samples=2,q=0.5",exploratory,effort_saved_pct,percent_gain_evaluations,cross_family_median,39.58737316115689,0.94999999999999996,122,10000,percentile_bootstrap,37.190143958135138,39.918855462718177,0.76566758154600567,21.415669711425753,44.64145888763089,5.5894947666821295,21.798176566570298,44.627018970778927,5.6424797682029846,dataset_family,122,equal family weight after within-family median aggregation
classification_gini,"secretary_par|samples=2,q=0.75",secretary_par,"samples=2,q=0.75",exploratory,time_saved_pct,percent_training_time,family_centroid_mean,19.029504383091368,0.94999999999999996,122,10000,percentile_bootstrap,18.546213298015232,19.397489889797328,0.21590812066665258,14.440709039005297,23.658922619198954,2.3585737128238016,14.400559641792505,23.603272753662282,2.3634779561738863,dataset_family,122,equal family weight after within-family median aggregation
classification_gini,"secretary_par|samples=2,q=0.75",secretary_par,"samples=2,q=0.75",exploratory,time_saved_pct,percent_training_time,cross_family_median,10.837642441634493,0.94999999999999996,122,10000,percentile_bootstrap,9.87838224488873,12.667882030356813,0.72217918611346255,7.7834703771282427,16.659423022417435,2.2450387414037247,8.2098428360292868,16.573127767806959,2.1453660987704604,dataset_family,122,equal family weight after within-family median aggregation
classification_gini,"secretary_par|samples=2,q=0.75",secretary_par,"samples=2,q=0.75",exploratory,predictive_loss_pct,F1_percentage_points,family_centroid_mean,0.74505740594520609,0.94999999999999996,122,10000,percentile_bootstrap,0.68583478607030257,0.79572198555702989,0.027861923290742052,0.33049361890882412,1.2002663066754482,0.22225364363435751,0.32407066782376759,1.1981808393861157,0.22317378881891467,dataset_family,122,equal family weight after within-family median aggregation
classification_gini,"secretary_par|samples=2,q=0.75",secretary_par,"samples=2,q=0.75",exploratory,predictive_loss_pct,F1_percentage_points,cross_family_median,0.30693203546726666,0.94999999999999996,122,10000,percentile_bootstrap,0.260482414336557,0.40473315634511331,0.038340517814881368,0.086269190827981124,0.70516398397312274,0.14480947764725804,0.076507525867162127,0.70839321668622091,0.15367969276802104,dataset_family,122,equal family weight after within-family median aggregation
classification_gini,"secretary_par|samples=2,q=0.75",secretary_par,"samples=2,q=0.75",exploratory,effort_saved_pct,percent_gain_evaluations,family_centroid_mean,27.287376323654062,0.94999999999999996,122,10000,percentile_bootstrap,27.103908216958899,27.481058135581367,0.096081543478277215,19.782378077861278,34.681020717073466,3.8219458489189293,19.765293409154527,34.670686702207114,3.8215634908835585,dataset_family,122,equal family weight after within-family median aggregation
classification_gini,"secretary_par|samples=2,q=0.75",secretary_par,"samples=2,q=0.75",exploratory,effort_saved_pct,percent_gain_evaluations,cross_family_median,40.86972454414645,0.94999999999999996,122,10000,percentile_bootstrap,38.951792138149052,41.837377601289866,0.75337436483023335,22.908509029450851,47.726956967750034,5.8769020440365116,23.247967062646843,47.661613070006155,5.9484895184208106,dataset_family,122,equal family weight after within-family median aggregation
classification_gini,"secretary_par|samples=2,q=0.9",secretary_par,"samples=2,q=0.9",exploratory,time_saved_pct,percent_training_time,family_centroid_mean,20.399312113995467,0.94999999999999996,122,10000,percentile_bootstrap,19.906962735141587,20.727479893265446,0.20760455364146402,15.731830500093267,25.094211688274683,2.3980107355803169,15.717184285278343,25.048980223469997,2.404172297914593,dataset_family,122,equal family weight after within-family median aggregation
classification_gini,"secretary_par|samples=2,q=0.9",secretary_par,"samples=2,q=0.9",exploratory,time_saved_pct,percent_training_time,cross_family_median,11.347959387954992,0.94999999999999996,122,10000,percentile_bootstrap,10.888209861950916,12.786735186170565,0.46579374300664639,9.0528824530029972,19.24167808501177,2.474081795890688,9.4269091547994019,18.831085154610111,2.3036108566337039,dataset_family,122,equal family weight after within-family median aggregation
classification_gini,"secretary_par|samples=2,q=0.9",secretary_par,"samples=2,q=0.9",exploratory,predictive_loss_pct,F1_percentage_points,family_centroid_mean,0.97897784053423487,0.94999999999999996,122,10000,percentile_bootstrap,0.92589116576008279,1.0437067154161686,0.029920802263809498,0.50896569378621725,1.4965776464503449,0.25318957711863332,0.50873514927630148,1.5067423753033742,0.2543252968360436,dataset_family,122,equal family weight after within-family median aggregation
classification_gini,"secretary_par|samples=2,q=0.9",secretary_par,"samples=2,q=0.9",exploratory,predictive_loss_pct,F1_percentage_points,cross_family_median,0.41004161426652641,0.94999999999999996,122,10000,percentile_bootstrap,0.34593806385509746,0.52742973270562987,0.044349318288978631,0.14214174331686757,0.81086012733186352,0.16467541356479759,0.16035313605782364,0.86634880646166923,0.18035573034127328,dataset_family,122,equal family weight after within-family median aggregation
classification_gini,"secretary_par|samples=2,q=0.9",secretary_par,"samples=2,q=0.9",exploratory,effort_saved_pct,percent_gain_evaluations,family_centroid_mean,29.523355707378251,0.94999999999999996,122,10000,percentile_bootstrap,29.287608778752812,29.875653298597275,0.14871034955511167,21.809133401008467,37.131451131207072,3.9459330150783227,21.840783441423675,37.195896146032332,3.9446490373780954,dataset_family,122,equal family weight after within-family median aggregation
classification_gini,"secretary_par|samples=2,q=0.9",secretary_par,"samples=2,q=0.9",exploratory,effort_saved_pct,percent_gain_evaluations,cross_family_median,43.081259509513288,0.94999999999999996,122,10000,percentile_bootstrap,42.434459892015553,44.454867433321894,0.51691002892517501,25.677897763473492,52.149432348259559,6.2285645648812551,25.585342206158366,51.995864241266794,6.3068934540206669,dataset_family,122,equal family weight after within-family median aggregation
classification_gini,"secretary_par|samples=2,q=0.95",secretary_par,"samples=2,q=0.95",exploratory,time_saved_pct,percent_training_time,family_centroid_mean,20.497274284156866,0.94999999999999996,122,10000,percentile_bootstrap,20.006492438813034,20.820451092996006,0.20923598961717121,15.816094469737312,25.227442827449121,2.4172928648563969,15.707555578927456,25.189495045744181,2.4239220589884569,dataset_family,122,equal family weight after within-family median aggregation
classification_gini,"secretary_par|samples=2,q=0.95",secretary_par,"samples=2,q=0.95",exploratory,time_saved_pct,percent_training_time,cross_family_median,12.228132480473541,0.94999999999999996,122,10000,percentile_bootstrap,11.435751665262282,13.69213313958214,0.5663743289151667,9.787482358849509,18.843156959957518,2.1067931475715973,9.8448209824954578,18.372360644246079,2.1032855266225732,dataset_family,122,equal family weight after within-family median aggregation
classification_gini,"secretary_par|samples=2,q=0.95",secretary_par,"samples=2,q=0.95",exploratory,predictive_loss_pct,F1_percentage_points,family_centroid_mean,1.0630619007842188,0.94999999999999996,122,10000,percentile_bootstrap,0.99400074508974756,1.1159601008922304,0.031014966203755316,0.57267154933272946,1.6052987449077003,0.26483509611903222,0.56006266274920458,1.601044375807904,0.26650815618113477,dataset_family,122,equal family weight after within-family median aggregation
classification_gini,"secretary_par|samples=2,q=0.95",secretary_par,"samples=2,q=0.95",exploratory,predictive_loss_pct,F1_percentage_points,cross_family_median,0.39226603195645637,0.94999999999999996,122,10000,percentile_bootstrap,0.36396666314540965,0.51562309128576722,0.039281235757915388,0.16915001609829061,0.92445779756322732,0.16545090878130933,0.16169402374996075,0.95311089894853585,0.19208010688729205,dataset_family,122,equal family weight after within-family median aggregation
classification_gini,"secretary_par|samples=2,q=0.95",secretary_par,"samples=2,q=0.95",exploratory,effort_saved_pct,percent_gain_evaluations,family_centroid_mean,29.97304125453023,0.94999999999999996,122,10000,percentile_bootstrap,29.719525770285699,30.309266241326036,0.14979501176103671,22.236451773293798,37.596797630369743,3.9551514807360895,22.255911133141677,37.644209320269724,3.9590210460257853,dataset_family,122,equal family weight after within-family median aggregation
classification_gini,"secretary_par|samples=2,q=0.95",secretary_par,"samples=2,q=0.95",exploratory,effort_saved_pct,percent_gain_evaluations,cross_family_median,43.446955462853012,0.94999999999999996,122,10000,percentile_bootstrap,42.983952545611068,45.108043428907322,0.56861924472084568,26.045789552320819,52.513381845389993,6.3476808230586119,26.125267971568725,52.711957908994791,6.3908463823791211,dataset_family,122,equal family weight after within-family median aggregation
classification_gini,"secretary_par|samples=ln_n,q=0.5",secretary_par,"samples=ln_n,q=0.5",exploratory,time_saved_pct,percent_training_time,family_centroid_mean,16.974954870608162,0.94999999999999996,122,10000,percentile_bootstrap,16.456518868541128,17.342044442146019,0.2235708114498986,12.396137257889675,21.450904590232408,2.3130044218938943,12.348414647433851,21.39847304217405,2.3166412302619972,dataset_family,122,equal family weight after within-family median aggregation
classification_gini,"secretary_par|samples=ln_n,q=0.5",secretary_par,"samples=ln_n,q=0.5",exploratory,time_saved_pct,percent_training_time,cross_family_median,10.251594976025412,0.94999999999999996,122,10000,percentile_bootstrap,9.3595302736527621,11.36250691070013,0.49010815203421709,7.9598843004324511,13.116115491750834,1.3269018696881176,7.9432264354691933,13.572043953614328,1.43571706813111,dataset_family,122,equal family weight after within-family median aggregation
classification_gini,"secretary_par|samples=ln_n,q=0.5",secretary_par,"samples=ln_n,q=0.5",exploratory,predictive_loss_pct,F1_percentage_points,family_centroid_mean,0.63185972207859753,0.94999999999999996,122,10000,percentile_bootstrap,0.56688170043765618,0.67799823744875953,0.028283217148730201,0.23915996572294088,1.0683591263550638,0.20973921546619223,0.22577171692809506,1.0601506115183073,0.21135435157282706,dataset_family,122,equal family weight after within-family median aggregation
classification_gini,"secretary_par|samples=ln_n,q=0.5",secretary_par,"samples=ln_n,q=0.5",exploratory,predictive_loss_pct,F1_percentage_points,cross_family_median,0.29126799350963628,0.94999999999999996,122,10000,percentile_bootstrap,0.21315241739808566,0.37216020198612365,0.038345531484306056,0.021572906021977145,0.59271215814158396,0.14472468974520988,0.011941841670358104,0.56967765847754159,0.14744522228599705,dataset_family,122,equal family weight after within-family median aggregation
classification_gini,"secretary_par|samples=ln_n,q=0.5",secretary_par,"samples=ln_n,q=0.5",exploratory,effort_saved_pct,percent_gain_evaluations,family_centroid_mean,18.85244758106062,0.94999999999999996,122,10000,percentile_bootstrap,18.670049522385817,19.084182623129927,0.10665975045571924,11.503069715009993,26.110840351609351,3.7685692073866202,11.497471865352514,26.139227615281282,3.7704534343467597,dataset_family,122,equal family weight after within-family median aggregation
classification_gini,"secretary_par|samples=ln_n,q=0.5",secretary_par,"samples=ln_n,q=0.5",exploratory,effort_saved_pct,percent_gain_evaluations,cross_family_median,27.807240811819398,0.94999999999999996,122,10000,percentile_bootstrap,26.943467883281048,28.31509765882905,0.33586768160226599,11.360191921003508,36.127921597596966,6.5855019487019613,11.337159154549985,36.020783015778619,6.5902473144772555,dataset_family,122,equal family weight after within-family median aggregation
classification_gini,"secretary_par|samples=ln_n,q=0.75",secretary_par,"samples=ln_n,q=0.75",exploratory,time_saved_pct,percent_training_time,family_centroid_mean,18.158094734615879,0.94999999999999996,122,10000,percentile_bootstrap,17.669360976786841,18.526891422208703,0.21996072021543933,13.190080992446479,22.988170774472394,2.4935347199318176,13.162996490225588,22.956398471250662,2.5072087464648978,dataset_family,122,equal family weight after within-family median aggregation
classification_gini,"secretary_par|samples=ln_n,q=0.75",secretary_par,"samples=ln_n,q=0.75",exploratory,time_saved_pct,percent_training_time,cross_family_median,9.8793510634369817,0.94999999999999996,122,10000,percentile_bootstrap,9.5073488113253166,11.460842548405054,0.5013620657070178,7.8210966221733402,14.807428768333992,1.7279471278749154,8.3634864974242742,14.710480850343661,1.6113371593313397,dataset_family,122,equal family weight after within-family median aggregation
classification_gini,"secretary_par|samples=ln_n,q=0.75",secretary_par,"samples=ln_n,q=0.75",exploratory,predictive_loss_pct,F1_percentage_points,family_centroid_mean,1.0785883106833636,0.94999999999999996,122,10000,percentile_bootstrap,1.0129622880820273,1.1346547184674465,0.031281984488886631,0.56538299312156592,1.6577067959511722,0.27993292421616894,0.55980823933351154,1.6587428078954931,0.28042052753025043,dataset_family,122,equal family weight after within-family median aggregation
classification_gini,"secretary_par|samples=ln_n,q=0.75",secretary_par,"samples=ln_n,q=0.75",exploratory,predictive_loss_pct,F1_percentage_points,cross_family_median,0.41022162933555539,0.94999999999999996,122,10000,percentile_bootstrap,0.35419749916089011,0.49159501007882744,0.034054295630992305,0.16915001609829061,0.92356320448102047,0.18232846710088896,0.17293873581200067,0.90554061614607129,0.17728883490192382,dataset_family,122,equal family weight after within-family median aggregation
classification_gini,"secretary_par|samples=ln_n,q=0.75",secretary_par,"samples=ln_n,q=0.75",exploratory,effort_saved_pct,percent_gain_evaluations,family_centroid_mean,21.681057387744236,0.94999999999999996,122,10000,percentile_bootstrap,21.509589674386099,21.904504261798031,0.10124418083797845,13.841191180453677,29.379528280924699,4.0086541310560522,13.863186235604944,29.444494681215524,4.009515763753055,dataset_family,122,equal family weight after within-family median aggregation
classification_gini,"secretary_par|samples=ln_n,q=0.75",secretary_par,"samples=ln_n,q=0.75",exploratory,effort_saved_pct,percent_gain_evaluations,cross_family_median,31.687668393691531,0.94999999999999996,122,10000,percentile_bootstrap,30.813239767104513,32.097324317614799,0.34680947224537512,12.710278985820525,42.30694952632912,7.5031496432958322,12.565439175012305,42.097737909648501,7.4604425261851608,dataset_family,122,equal family weight after within-family median aggregation
classification_gini,"secretary_par|samples=ln_n,q=0.9",secretary_par,"samples=ln_n,q=0.9",exploratory,time_saved_pct,percent_training_time,family_centroid_mean,19.149005343467167,0.94999999999999996,122,10000,percentile_bootstrap,18.609247377703291,19.406446255405832,0.20259398411910584,14.280351330718576,23.992081628218269,2.4806505754604626,14.107884500285431,23.885856090806854,2.4946712704573533,dataset_family,122,equal family weight after within-family median aggregation
classification_gini,"secretary_par|samples=ln_n,q=0.9",secretary_par,"samples=ln_n,q=0.9",exploratory,time_saved_pct,percent_training_time,cross_family_median,11.507838115813257,0.94999999999999996,122,10000,percentile_bootstrap,10.000335615744245,12.438420688531794,0.61676704526904158,8.3219355637339909,16.398166765175155,2.0144599849580018,8.7816144026500265,16.112933310847581,1.9347720642001929,dataset_family,122,equal family weight after within-family median aggregation
classification_gini,"secretary_par|samples=ln_n,q=0.9",secretary_par,"samples=ln_n,q=0.9",exploratory,predictive_loss_pct,F1_percentage_points,family_centroid_mean,1.5703550157400301,0.94999999999999996,122,10000,percentile_bootstrap,1.5003256013151944,1.6327111652942914,0.033822527800173842,0.92613215736857479,2.3162002140922486,0.35663478543107935,0.92448577399174037,2.3158596832548222,0.35797456308988607,dataset_family,122,equal family weight after within-family median aggregation
classification_gini,"secretary_par|samples=ln_n,q=0.9",secretary_par,"samples=ln_n,q=0.9",exploratory,predictive_loss_pct,F1_percentage_points,cross_family_median,0.53620309161663271,0.94999999999999996,122,10000,percentile_bootstrap,0.49369949477036651,0.81597451344593608,0.086129963902236692,0.29737791555551341,1.1212683679008184,0.23187159210330702,0.31285137882953157,1.1723754624309743,0.23891111430955342,dataset_family,122,equal family weight after within-family median aggregation
classification_gini,"secretary_par|samples=ln_n,q=0.9",secretary_par,"samples=ln_n,q=0.9",exploratory,effort_saved_pct,percent_gain_evaluations,family_centroid_mean,23.769637512056857,0.94999999999999996,122,10000,percentile_bootstrap,23.550739550313047,24.065985721752071,0.13218851883941302,15.773633886332354,31.589828332283538,4.0820356246420735,15.803955705382531,31.659672617241675,4.0824712960627823,dataset_family,122,equal family weight after within-family median aggregation
classification_gini,"secretary_par|samples=ln_n,q=0.9",secretary_par,"samples=ln_n,q=0.9",exploratory,effort_saved_pct,percent_gain_evaluations,cross_family_median,34.410440748003708,0.94999999999999996,122,10000,percentile_bootstrap,33.688747751245984,35.5472151228158,0.48542208556030564,13.793822966158949,46.655886362446097,7.7637845438363602,13.441981686829626,46.447842534486853,7.7346150117213206,dataset_family,122,equal family weight after within-family median aggregation
classification_gini,"secretary_par|samples=ln_n,q=0.95",secretary_par,"samples=ln_n,q=0.95",exploratory,time_saved_pct,percent_training_time,family_centroid_mean,19.124382248247301,0.94999999999999996,122,10000,percentile_bootstrap,18.703439422253076,19.567176432223889,0.22247691111110152,14.265957255069509,24.043302179683774,2.5031489302158265,14.198813575030297,24.049696669776129,2.5132207743914603,dataset_family,122,equal family weight after within-family median aggregation
classification_gini,"secretary_par|samples=ln_n,q=0.95",secretary_par,"samples=ln_n,q=0.95",exploratory,time_saved_pct,percent_training_time,cross_family_median,11.637134642166615,0.94999999999999996,122,10000,percentile_bootstrap,10.441612899134691,12.870957538298587,0.61130438850832203,8.9555737608472352,16.967668709909518,1.8500425557211253,9.1565342288449081,16.579047898579621,1.9211987690041963,dataset_family,122,equal family weight after within-family median aggregation
classification_gini,"secretary_par|samples=ln_n,q=0.95",secretary_par,"samples=ln_n,q=0.95",exploratory,predictive_loss_pct,F1_percentage_points,family_centroid_mean,1.7991864259721935,0.94999999999999996,122,10000,percentile_bootstrap,1.7305270953779262,1.8618294686675134,0.033517051747051121,1.0679388577653384,2.6388468991291751,0.40205313962794276,1.0681906342397134,2.637435328034476,0.40236307167147439,dataset_family,122,equal family weight after within-family median aggregation
classification_gini,"secretary_par|samples=ln_n,q=0.95",secretary_par,"samples=ln_n,q=0.95",exploratory,predictive_loss_pct,F1_percentage_points,cross_family_median,0.73203405525798793,0.94999999999999996,122,10000,percentile_bootstrap,0.53117378267428594,0.89848313818873815,0.10128925778495713,0.31303858980032406,1.1976846462638135,0.2616668932957355,0.30548533549632634,1.245965283993046,0.27299985181407133,dataset_family,122,equal family weight after within-family median aggregation
classification_gini,"secretary_par|samples=ln_n,q=0.95",secretary_par,"samples=ln_n,q=0.95",exploratory,effort_saved_pct,percent_gain_evaluations,family_centroid_mean,24.21643755947192,0.94999999999999996,122,10000,percentile_bootstrap,24.021476043503746,24.490974766941061,0.12153811722897438,16.194265468705922,32.075236269858593,4.1025913296374519,16.197157643402765,32.119815219748496,4.097596279839391,dataset_family,122,equal family weight after within-family median aggregation
classification_gini,"secretary_par|samples=ln_n,q=0.95",secretary_par,"samples=ln_n,q=0.95",exploratory,effort_saved_pct,percent_gain_evaluations,cross_family_median,34.833307078910437,0.94999999999999996,122,10000,percentile_bootstrap,34.274940884015962,35.828489174521181,0.41859044949833973,14.273751481642863,47.96075051208733,7.7420554812489613,14.229647343664199,47.424606658566518,7.7021314117074295,dataset_family,122,equal family weight after within-family median aggregation
classification_gini,"secretary_par|samples=sqrt_n,q=0.5",secretary_par,"samples=sqrt_n,q=0.5",exploratory,time_saved_pct,percent_training_time,family_centroid_mean,19.088884616238222,0.94999999999999996,122,10000,percentile_bootstrap,18.521262008662081,19.381216286244449,0.21935157511601364,14.794961827856476,23.450599233216128,2.2161175622879679,14.597778051433615,23.339994649210052,2.2344452110500175,dataset_family,122,equal family weight after within-family median aggregation
classification_gini,"secretary_par|samples=sqrt_n,q=0.5",secretary_par,"samples=sqrt_n,q=0.5",exploratory,time_saved_pct,percent_training_time,cross_family_median,10.973315254491823,0.94999999999999996,122,10000,percentile_bootstrap,10.713090874006767,12.626441480564038,0.48304132154904084,9.6214716198098067,14.898030943462782,1.6334793400874523,9.4207483195245736,15.863885168036989,1.6183514919372999,dataset_family,122,equal family weight after within-family median aggregation
classification_gini,"secretary_par|samples=sqrt_n,q=0.5",secretary_par,"samples=sqrt_n,q=0.5",exploratory,predictive_loss_pct,F1_percentage_points,family_centroid_mean,0.57863369450517488,0.94999999999999996,122,10000,percentile_bootstrap,0.5164258246264779,0.64226172266012449,0.031898401116794768,0.18021002269685277,1.0188114691454455,0.21288176849820636,0.17805794248619886,1.0164036321760781,0.21352204610728842,dataset_family,122,equal family weight after within-family median aggregation
classification_gini,"secretary_par|samples=sqrt_n,q=0.5",secretary_par,"samples=sqrt_n,q=0.5",exploratory,predictive_loss_pct,F1_percentage_points,cross_family_median,0.26534791399635549,0.94999999999999996,122,10000,percentile_bootstrap,0.19916026019888844,0.3511531807360469,0.038038060950771967,0.011780742810345302,0.59169905529126154,0.13265031648405579,0.017057878846070757,0.59287922831313822,0.13999910692442558,dataset_family,122,equal family weight after within-family median aggregation
classification_gini,"secretary_par|samples=sqrt_n,q=0.5",secretary_par,"samples=sqrt_n,q=0.5",exploratory,effort_saved_pct,percent_gain_evaluations,family_centroid_mean,29.700313534752286,0.94999999999999996,122,10000,percentile_bootstrap,29.495602172233443,29.873044622528528,0.096313899109543105,22.646539337372424,36.59020730515428,3.5604591873200646,22.661667762770225,36.548735150573158,3.5626521323357632,dataset_family,122,equal family weight after within-family median aggregation
classification_gini,"secretary_par|samples=sqrt_n,q=0.5",secretary_par,"samples=sqrt_n,q=0.5",exploratory,effort_saved_pct,percent_gain_evaluations,cross_family_median,41.326280611823343,0.94999999999999996,122,10000,percentile_bootstrap,40.57480194742736,43.409724763792866,0.81689045014516204,29.973777857410532,47.159026871825148,4.8061421769352481,30.076699997099425,47.306031382574133,4.8655514891618354,dataset_family,122,equal family weight after within-family median aggregation
classification_gini,"secretary_par|samples=sqrt_n,q=0.75",secretary_par,"samples=sqrt_n,q=0.75",exploratory,time_saved_pct,percent_training_time,family_centroid_mean,19.742768879908741,0.94999999999999996,122,10000,percentile_bootstrap,19.249279347076079,20.101500130018906,0.2188652982021432,15.13189626157947,24.341892932764928,2.3575083832358192,15.06354641779483,24.277501417151417,2.3619757831558172,dataset_family,122,equal family weight after within-family median aggregation
classification_gini,"secretary_par|samples=sqrt_n,q=0.75",secretary_par,"samples=sqrt_n,q=0.75",exploratory,time_saved_pct,percent_training_time,cross_family_median,11.689919599190208,0.94999999999999996,122,10000,percentile_bootstrap,11.629612738940878,14.169844978175725,0.64702145913339215,10.085758335589334,17.225723151690168,2.1426841240333934,10.062248714777729,17.249623562572431,1.9411691765431542,dataset_family,122,equal family weight after within-family median aggregation
classification_gini,"secretary_par|samples=sqrt_n,q=0.75",secretary_par,"samples=sqrt_n,q=0.75",exploratory,predictive_loss_pct,F1_percentage_points,family_centroid_mean,0.80523179206352624,0.94999999999999996,122,10000,percentile_bootstrap,0.74586526644867557,0.8689984765822576,0.031382746100793522,0.37000055936165799,1.2965632534755287,0.23731181973454524,0.36441511193037834,1.2987714158525649,0.23842261412133611,dataset_family,122,equal family weight after within-family median aggregation
classification_gini,"secretary_par|samples=sqrt_n,q=0.75",secretary_par,"samples=sqrt_n,q=0.75",exploratory,predictive_loss_pct,F1_percentage_points,cross_family_median,0.25023900145300648,0.94999999999999996,122,10000,percentile_bootstrap,0.21407518315721166,0.36727571531016273,0.03949693357899068,0.025248209101035035,0.63299109402114861,0.13942279051569167,0.031287492446767699,0.63870154160475545,0.13967499052907001,dataset_family,122,equal family weight after within-family median aggregation
classification_gini,"secretary_par|samples=sqrt_n,q=0.75",secretary_par,"samples=sqrt_n,q=0.75",exploratory,effort_saved_pct,percent_gain_evaluations,family_centroid_mean,31.026702228478431,0.94999999999999996,122,10000,percentile_bootstrap,30.816727328221173,31.198200250706716,0.098130494095887102,23.791153261553173,38.104763273878355,3.6736230361826712,23.784930470114393,38.069691566604703,3.6767967127301069,dataset_family,122,equal family weight after within-family median aggregation
classification_gini,"secretary_par|samples=sqrt_n,q=0.75",secretary_par,"samples=sqrt_n,q=0.75",exploratory,effort_saved_pct,percent_gain_evaluations,cross_family_median,42.76893048253784,0.94999999999999996,122,10000,percentile_bootstrap,41.087423053505098,43.252179952519626,0.56855505654003158,29.860241282980013,49.695215263633251,5.0836172519936538,30.077660721379893,49.592663539404825,5.0727043770891251,dataset_family,122,equal family weight after within-family median aggregation
classification_gini,"secretary_par|samples=sqrt_n,q=0.9",secretary_par,"samples=sqrt_n,q=0.9",exploratory,time_saved_pct,percent_training_time,family_centroid_mean,20.112773901875521,0.94999999999999996,122,10000,percentile_bootstrap,19.703932018320607,20.489364690493186,0.20166256671113039,15.454214591724398,24.759325650534024,2.3747416538411263,15.459111321779471,24.763561070772521,2.3835786305216184,dataset_family,122,equal family weight after within-family median aggregation
classification_gini,"secretary_par|samples=sqrt_n,q=0.9",secretary_par,"samples=sqrt_n,q=0.9",exploratory,time_saved_pct,percent_training_time,cross_family_median,11.491803769824593,0.94999999999999996,122,10000,percentile_bootstrap,11.386076444296609,13.827117073423356,0.62501590201374235,9.5954592028111314,18.097837291653608,2.1332132254961103,10.026289123023139,17.651658863095246,2.0231150131399867,dataset_family,122,equal family weight after within-family median aggregation
classification_gini,"secretary_par|samples=sqrt_n,q=0.9",secretary_par,"samples=sqrt_n,q=0.9",exploratory,predictive_loss_pct,F1_percentage_points,family_centroid_mean,1.0124323395744563,0.94999999999999996,122,10000,percentile_bootstrap,0.9456748929057831,1.072153614996495,0.032635357379492837,0.5173238034433687,1.5960591861688922,0.27376764142225657,0.5086891166940819,1.5897705793508843,0.27656069936620054,dataset_family,122,equal family weight after within-family median aggregation
classification_gini,"secretary_par|samples=sqrt_n,q=0.9",secretary_par,"samples=sqrt_n,q=0.9",exploratory,predictive_loss_pct,F1_percentage_points,cross_family_median,0.35656536251552351,0.94999999999999996,122,10000,percentile_bootstrap,0.29265341354057428,0.43250934143702358,0.034686292207994088,0.17884182206074073,0.71598138418421664,0.15842096580576101,0.13843453151634116,0.72429490723854606,0.15014975278123596,dataset_family,122,equal family weight after within-family median aggregation
classification_gini,"secretary_par|samples=sqrt_n,q=0.9",secretary_par,"samples=sqrt_n,q=0.9",exploratory,effort_saved_pct,percent_gain_evaluations,family_centroid_mean,32.149574975191413,0.94999999999999996,122,10000,percentile_bootstrap,31.916305137932142,32.30957525315268,0.10171839258184269,24.875272220419578,39.269514605548189,3.6975587092038507,24.861662904145032,39.257137551330572,3.6987704228014566,dataset_family,122,equal family weight after within-family median aggregation
classification_gini,"secretary_par|samples=sqrt_n,q=0.9",secretary_par,"samples=sqrt_n,q=0.9",exploratory,effort_saved_pct,percent_gain_evaluations,cross_family_median,43.060336297530654,0.94999999999999996,122,10000,percentile_bootstrap,42.32030319821218,43.667409157365263,0.35107241835480063,30.383823650817639,51.376097367955467,5.3628193760841238,30.650682924240829,51.402605180938657,5.2932001349197542,dataset_family,122,equal family weight after within-family median aggregation
classification_gini,"secretary_par|samples=sqrt_n,q=0.95",secretary_par,"samples=sqrt_n,q=0.95",exploratory,time_saved_pct,percent_training_time,family_centroid_mean,20.023221366043604,0.94999999999999996,122,10000,percentile_bootstrap,19.538905651202317,20.367286288634329,0.21048598229617599,15.442267239101495,24.658826765554014,2.3583999127476174,15.380933888533798,24.638424363419432,2.3677474980768749,dataset_family,122,equal family weight after within-family median aggregation
classification_gini,"secretary_par|samples=sqrt_n,q=0.95",secretary_par,"samples=sqrt_n,q=0.95",exploratory,time_saved_pct,percent_training_time,cross_family_median,11.723955787605611,0.94999999999999996,122,10000,percentile_bootstrap,10.900537152270781,13.524336350194089,0.67986641497243705,9.2460806183215922,17.583862665066395,2.4990631114127222,9.4439235763112901,18.003205269705855,2.2450766271539866,dataset_family,122,equal family weight after within-family median aggregation
classification_gini,"secretary_par|samples=sqrt_n,q=0.95",secretary_par,"samples=sqrt_n,q=0.95",exploratory,predictive_loss_pct,F1_percentage_points,family_centroid_mean,1.0663222364061529,0.94999999999999996,122,10000,percentile_bootstrap,0.99346896526776896,1.122500928244327,0.032832692468640054,0.54343413070054658,1.6850571841646338,0.29061927276750477,0.52835273821857731,1.6725268427675568,0.29210719421721648,dataset_family,122,equal family weight after within-family median aggregation
classification_gini,"secretary_par|samples=sqrt_n,q=0.95",secretary_par,"samples=sqrt_n,q=0.95",exploratory,predictive_loss_pct,F1_percentage_points,cross_family_median,0.32669866948500936,0.94999999999999996,122,10000,percentile_bootstrap,0.28632747603980491,0.42748438503286001,0.036012651960070065,0.16915001609829061,0.7363635896366183,0.16582642951864274,0.13453678501579211,0.7421965216849451,0.15698361907475181,dataset_family,122,equal family weight after within-family median aggregation
classification_gini,"secretary_par|samples=sqrt_n,q=0.95",secretary_par,"samples=sqrt_n,q=0.95",exploratory,effort_saved_pct,percent_gain_evaluations,family_centroid_mean,32.434868378952423,0.94999999999999996,122,10000,percentile_bootstrap,32.201462151830626,32.612926318183447,0.1066367576582323,25.213987818982179,39.540398870322342,3.6916715819191301,25.157557605112348,39.563532218469959,3.6946267529941532,dataset_family,122,equal family weight after within-family median aggregation
classification_gini,"secretary_par|samples=sqrt_n,q=0.95",secretary_par,"samples=sqrt_n,q=0.95",exploratory,effort_saved_pct,percent_gain_evaluations,cross_family_median,43.07245056190726,0.94999999999999996,122,10000,percentile_bootstrap,42.233985743738124,43.611796548917312,0.37120762859549411,30.445974054795265,51.345700214604591,5.4289204740380894,30.795742961749998,51.538740199601037,5.3368083110910458,dataset_family,122,equal family weight after within-family median aggregation
classification_gini,secretary|0.1n,secretary,0.1n,exploratory,time_saved_pct,percent_training_time,family_centroid_mean,35.801054378306148,0.94999999999999996,122,10000,percentile_bootstrap,35.3400018811016,36.171969057479046,0.21296344294561317,31.193341796065329,40.567629901931141,2.3950224780739622,31.125660001836351,40.534566483360095,2.4086494945481598,dataset_family,122,equal family weight after within-family median aggregation
classification_gini,secretary|0.1n,secretary,0.1n,exploratory,time_saved_pct,percent_training_time,cross_family_median,32.517931687279287,0.94999999999999996,122,10000,percentile_bootstrap,31.091181440768217,33.804600465197346,0.68859253200344717,24.262979422344955,43.660010788917276,4.9596376502601949,24.157389735108843,43.655645527677592,5.0183613666421687,dataset_family,122,equal family weight after within-family median aggregation
classification_gini,secretary|0.1n,secretary,0.1n,exploratory,predictive_loss_pct,F1_percentage_points,family_centroid_mean,1.2304212449334322,0.94999999999999996,122,10000,percentile_bootstrap,1.1742362376238236,1.3029003197354918,0.032657367026173507,0.74505258785840878,1.7600074096803811,0.25982754358355392,0.75124974767481012,1.770944969556796,0.26028507974369491,dataset_family,122,equal family weight after within-family median aggregation
classification_gini,secretary|0.1n,secretary,0.1n,exploratory,predictive_loss_pct,F1_percentage_points,cross_family_median,0.70562356680795302,0.94999999999999996,122,10000,percentile_bootstrap,0.64215341571102347,0.86277264049672198,0.055444992950122327,0.37713327615664927,1.216928377606441,0.21738965455880008,0.38601003191610589,1.2056311816140939,0.21823546252527926,dataset_family,122,equal family weight after within-family median aggregation
classification_gini,secretary|0.1n,secretary,0.1n,exploratory,effort_saved_pct,percent_gain_evaluations,family_centroid_mean,54.795572739920608,0.94999999999999996,122,10000,percentile_bootstrap,54.585649665472452,55.057735191387522,0.11907188862409669,50.355356234557547,59.064216417840186,2.2197775963877571,50.377154085347172,59.103934529912522,2.2218644141636408,dataset_family,122,equal family weight after within-family median aggregation
classification_gini,secretary|0.1n,secretary,0.1n,exploratory,effort_saved_pct,percent_gain_evaluations,cross_family_median,60.170975423080698,0.94999999999999996,122,10000,percentile_bootstrap,59.956829906463788,60.581321089833708,0.15817847744064292,52.113621164677738,65.188804765360103,3.357970002727424,52.225729987778379,65.237822516997952,3.3259434174751186,dataset_family,122,equal family weight after within-family median aggregation
classification_gini,secretary|1overe,secretary,1overe,confirmatory,time_saved_pct,percent_training_time,family_centroid_mean,10.891204911274185,0.94999999999999996,122,10000,percentile_bootstrap,10.513190303070141,11.404067670850889,0.22645331543469258,8.3155861681255381,13.55705776846912,1.3429332700857144,8.3518820720952434,13.657751434583565,1.3528656580070091,dataset_family,122,equal family weight after within-family median aggregation
classification_gini,secretary|1overe,secretary,1overe,confirmatory,time_saved_pct,percent_training_time,cross_family_median,9.9223876613047217,0.94999999999999996,122,10000,percentile_bootstrap,9.1990139709658685,11.298233254430411,0.51132770643011538,5.2303729696189682,14.908295784433079,2.1940951720309498,5.9532544931844411,14.632664350520406,2.1408114345357432,dataset_family,122,equal family weight after within-family median aggregation
classification_gini,secretary|1overe,secretary,1overe,confirmatory,predictive_loss_pct,F1_percentage_points,family_centroid_mean,0.15998585461963719,0.94999999999999996,122,10000,percentile_bootstrap,0.104924288175087,0.22283353804799308,0.030034229584638958,-0.14223715511223547,0.48450774629306209,0.16042687267072489,-0.15016278260513996,0.495198809241435,0.16484971353936401,dataset_family,122,equal family weight after within-family median aggregation
classification_gini,secretary|1overe,secretary,1overe,confirmatory,predictive_loss_pct,F1_percentage_points,cross_family_median,0.10130160740334793,0.94999999999999996,122,10000,percentile_bootstrap,0.040535488341011332,0.12650121028981628,0.020809295901228032,0,0.23517695124783133,0.062727993409017746,0,0.23498720215072452,0.061505581008833313,dataset_family,122,equal family weight after within-family median aggregation
classification_gini,secretary|1overe,secretary,1overe,confirmatory,effort_saved_pct,percent_gain_evaluations,family_centroid_mean,37.370112114153294,0.94999999999999996,122,10000,percentile_bootstrap,37.233337483677076,37.527979667613515,0.076105626355318964,34.705411662109334,39.978207262869148,1.3494943774024333,34.726837302817046,39.994748171043248,1.3493977189903816,dataset_family,122,equal family weight after within-family median aggregation
classification_gini,secretary|1overe,secretary,1overe,confirmatory,effort_saved_pct,percent_gain_evaluations,cross_family_median,42.44613232557672,0.94999999999999996,122,10000,percentile_bootstrap,41.959006883188792,42.925145413320408,0.24726213668693381,38.093396947590023,45.439537238656108,1.802695535974348,38.439840294429011,45.359015886841604,1.7741333454772583,dataset_family,122,equal family weight after within-family median aggregation
classification_gini,secretary|ln_n,secretary,ln_n,exploratory,time_saved_pct,percent_training_time,family_centroid_mean,33.130275971305672,0.94999999999999996,122,10000,percentile_bootstrap,32.717634942356916,33.484228846276487,0.19666691263679975,28.828515615497736,37.635600346248111,2.2496847514022065,28.770502515522303,37.638042520097947,2.2582048563356434,dataset_family,122,equal family weight after within-family median aggregation
classification_gini,secretary|ln_n,secretary,ln_n,exploratory,time_saved_pct,percent_training_time,cross_family_median,30.918831936606736,0.94999999999999996,122,10000,percentile_bootstrap,29.494707039400204,31.829442604700763,0.59680574063853109,19.953570227551879,39.695408059201434,6.0292829034188218,20.159053865143925,39.879761439683747,5.7671085574766794,dataset_family,122,equal family weight after within-family median aggregation
classification_gini,secretary|ln_n,secretary,ln_n,exploratory,predictive_loss_pct,F1_percentage_points,family_centroid_mean,0.8692416707937346,0.94999999999999996,122,10000,percentile_bootstrap,0.79878681593865009,0.9220202162736193,0.031358294071493549,0.43619014763210318,1.3166340753734707,0.22611379597543202,0.42668985443285812,1.3173358588564745,0.22928394951503869,dataset_family,122,equal family weight after within-family median aggregation
classification_gini,secretary|ln_n,secretary,ln_n,exploratory,predictive_loss_pct,F1_percentage_points,cross_family_median,0.6465024618708598,0.94999999999999996,122,10000,percentile_bootstrap,0.56686936659271869,0.74819049929686521,0.048275615777977947,0.33252483316015824,1.1572728448019098,0.19425738619428282,0.3369068451718496,1.0963610352444155,0.18415667617085588,dataset_family,122,equal family weight after within-family median aggregation
classification_gini,secretary|ln_n,secretary,ln_n,exploratory,effort_saved_pct,percent_gain_evaluations,family_centroid_mean,51.388728730846104,0.94999999999999996,122,10000,percentile_bootstrap,51.155035723671965,51.630296322897571,0.12235544880976643,47.270916684012221,55.349591412127687,2.057277340244752,47.272363634806347,55.397018370142071,2.0629087894288842,dataset_family,122,equal family weight after within-family median aggregation
classification_gini,secretary|ln_n,secretary,ln_n,exploratory,effort_saved_pct,percent_gain_evaluations,cross_family_median,57.529292358876063,0.94999999999999996,122,10000,percentile_bootstrap,57.041273155627088,57.915108387129969,0.23506779418745277,48.532777250143603,62.647436467722059,3.5106141673431872,48.568375177702983,62.383932814540458,3.4890775300988564,dataset_family,122,equal family weight after within-family median aggregation
classification_gini,secretary|sqrt_n,secretary,sqrt_n,exploratory,time_saved_pct,percent_training_time,family_centroid_mean,37.049772010941972,0.94999999999999996,122,10000,percentile_bootstrap,36.722635344682402,37.358208910835081,0.16206261487903581,32.247162663704707,42.104997957224562,2.500982781774062,32.2504931276303,42.051820489792206,2.5084282092321781,dataset_family,122,equal family weight after within-family median aggregation
classification_gini,secretary|sqrt_n,secretary,sqrt_n,exploratory,time_saved_pct,percent_training_time,cross_family_median,31.042144693919365,0.94999999999999996,122,10000,percentile_bootstrap,30.27066742238198,33.079865964825011,0.72080899522713315,21.633237229911927,41.951985781628949,5.5222356737345502,22.27450206138051,41.686768916420974,5.408013811608078,dataset_family,122,equal family weight after within-family median aggregation
classification_gini,secretary|sqrt_n,secretary,sqrt_n,exploratory,predictive_loss_pct,F1_percentage_points,family_centroid_mean,1.2309340579539789,0.94999999999999996,122,10000,percentile_bootstrap,1.161548778149867,1.2945260476156926,0.034727632412843074,0.72867995417590825,1.7624844821371313,0.264653112923116,0.71938873775203938,1.7678153070375286,0.26860493188848245,dataset_family,122,equal family weight after within-family median aggregation
classification_gini,secretary|sqrt_n,secretary,sqrt_n,exploratory,predictive_loss_pct,F1_percentage_points,cross_family_median,0.71103589131228107,0.94999999999999996,122,10000,percentile_bootstrap,0.62210070403718798,0.80669288565170072,0.045887009834120585,0.38349020541791068,1.1152819930751068,0.18603916098935128,0.37854679870663965,1.1343039254039315,0.19401521807213315,dataset_family,122,equal family weight after within-family median aggregation
classification_gini,secretary|sqrt_n,secretary,sqrt_n,exploratory,effort_saved_pct,percent_gain_evaluations,family_centroid_mean,50.00764495164627,0.94999999999999996,122,10000,percentile_bootstrap,49.798816066261217,50.258435619475669,0.11640766787502024,45.120170935571281,54.812933423976389,2.4833906625549798,45.121584362799844,54.807729969648811,2.4814188613015604,dataset_family,122,equal family weight after within-family median aggregation
classification_gini,secretary|sqrt_n,secretary,sqrt_n,exploratory,effort_saved_pct,percent_gain_evaluations,cross_family_median,58.360679830699652,0.94999999999999996,122,10000,percentile_bootstrap,57.338851832644792,58.488706909842023,0.29623159906445901,47.231923455801159,61.318726746752439,4.0546876302740085,47.211387023219984,61.262574682905147,3.9819541697784993,dataset_family,122,equal family weight after within-family median aggregation
classification_entropy,best|,best,,confirmatory,time_saved_pct,percent_training_time,family_centroid_mean,0,0.94999999999999996,122,10000,percentile_bootstrap,0,0,0,0,0,0,0,0,0,dataset_family,122,equal family weight after within-family median aggregation
classification_entropy,best|,best,,confirmatory,time_saved_pct,percent_training_time,cross_family_median,0,0.94999999999999996,122,10000,percentile_bootstrap,0,0,0,0,0,0,0,0,0,dataset_family,122,equal family weight after within-family median aggregation
classification_entropy,best|,best,,confirmatory,predictive_loss_pct,F1_percentage_points,family_centroid_mean,0,0.94999999999999996,122,10000,percentile_bootstrap,0,0,0,0,0,0,0,0,0,dataset_family,122,equal family weight after within-family median aggregation
classification_entropy,best|,best,,confirmatory,predictive_loss_pct,F1_percentage_points,cross_family_median,0,0.94999999999999996,122,10000,percentile_bootstrap,0,0,0,0,0,0,0,0,0,dataset_family,122,equal family weight after within-family median aggregation
classification_entropy,best|,best,,confirmatory,effort_saved_pct,percent_gain_evaluations,family_centroid_mean,0,0.94999999999999996,122,10000,percentile_bootstrap,0,0,0,0,0,0,0,0,0,dataset_family,122,equal family weight after within-family median aggregation
classification_entropy,best|,best,,confirmatory,effort_saved_pct,percent_gain_evaluations,cross_family_median,0,0.94999999999999996,122,10000,percentile_bootstrap,0,0,0,0,0,0,0,0,0,dataset_family,122,equal family weight after within-family median aggregation
classification_entropy,block_rank|,block_rank,,confirmatory,time_saved_pct,percent_training_time,family_centroid_mean,45.076776515837011,0.94999999999999996,122,10000,percentile_bootstrap,44.636011553297543,45.399687014202513,0.19647323968746389,39.692883079564368,50.395200912982482,2.7480794967326445,39.618503356461744,50.36934257309516,2.7564679169553319,dataset_family,122,equal family weight after within-family median aggregation
classification_entropy,block_rank|,block_rank,,confirmatory,time_saved_pct,percent_training_time,cross_family_median,40.426747260941603,0.94999999999999996,122,10000,percentile_bootstrap,39.147609495881596,42.335505192136488,0.80067770054345577,31.862959061867326,57.254583050828771,7.4042666410154796,32.032451372782823,57.196889159835116,7.2603868670713556,dataset_family,122,equal family weight after within-family median aggregation
classification_entropy,block_rank|,block_rank,,confirmatory,predictive_loss_pct,F1_percentage_points,family_centroid_mean,5.8077035700820856,0.94999999999999996,122,10000,percentile_bootstrap,5.7404785156476237,5.8890160887612071,0.037638872907983581,4.2116212045332633,7.5891022687826526,0.86761380600074123,4.2011032068412808,7.5995619565107591,0.86795012829440421,dataset_family,122,equal family weight after within-family median aggregation
classification_entropy,block_rank|,block_rank,,confirmatory,predictive_loss_pct,F1_percentage_points,cross_family_median,2.3639334815256428,0.94999999999999996,122,10000,percentile_bootstrap,2.2554962500173663,2.7355905657484412,0.11995104224430587,1.8042692078126421,4.0611362028162237,0.54905787602506728,1.8478872895224765,4.0616410532207476,0.54073038307224386,dataset_family,122,equal family weight after within-family median aggregation
classification_entropy,block_rank|,block_rank,,confirmatory,effort_saved_pct,percent_gain_evaluations,family_centroid_mean,61.962552571769912,0.94999999999999996,122,10000,percentile_bootstrap,61.710423967009433,62.138481077512211,0.11031989489406656,56.129127848001723,67.424091870323153,2.8979323218113713,56.076002232952433,67.397809015188827,2.9032858205330729,dataset_family,122,equal family weight after within-family median aggregation
classification_entropy,block_rank|,block_rank,,confirmatory,effort_saved_pct,percent_gain_evaluations,cross_family_median,70.232498527327067,0.94999999999999996,122,10000,percentile_bootstrap,69.814426577471238,70.920035923494851,0.26847617786869971,64.904022282960341,74.021512532456455,2.2720649104893496,64.995811916834626,73.644720053991421,2.3081737267596436,dataset_family,122,equal family weight after within-family median aggregation
classification_entropy,double_secretary|0.1n,double_secretary,0.1n,exploratory,time_saved_pct,percent_training_time,family_centroid_mean,28.673871797126409,0.94999999999999996,122,10000,percentile_bootstrap,28.165056314231133,28.992431131729933,0.20973567424081871,25.214342322308692,32.060188956565312,1.7521201074834329,25.128405104896618,32.000444334827677,1.7700165610842657,dataset_family,122,equal family weight after within-family median aggregation
classification_entropy,double_secretary|0.1n,double_secretary,0.1n,exploratory,time_saved_pct,percent_training_time,cross_family_median,25.295554121433142,0.94999999999999996,122,10000,percentile_bootstrap,23.542556889333621,27.025494286436487,0.90454057403472343,19.774373736199991,32.833398960722526,3.9248859032594905,19.55021772934839,33.542178878558374,3.8041957059056712,dataset_family,122,equal family weight after within-family median aggregation
classification_entropy,double_secretary|0.1n,double_secretary,0.1n,exploratory,predictive_loss_pct,F1_percentage_points,family_centroid_mean,0.62913269051302523,0.94999999999999996,122,10000,percentile_bootstrap,0.57357066490786179,0.6896913760994261,0.029554975367947829,0.25933386861501118,1.0018382433138497,0.19045719483321222,0.26232915521100025,1.0016198685618427,0.19027317820729509,dataset_family,122,equal family weight after within-family median aggregation
classification_entropy,double_secretary|0.1n,double_secretary,0.1n,exploratory,predictive_loss_pct,F1_percentage_points,cross_family_median,0.51270000520149683,0.94999999999999996,122,10000,percentile_bootstrap,0.42486973347506402,0.59949390201771413,0.04451577383975814,0.25376063866103804,0.71390419220454526,0.1134098387519297,0.23633418077964341,0.74516421556524026,0.12843246511050257,dataset_family,122,equal family weight after within-family median aggregation
classification_entropy,double_secretary|0.1n,double_secretary,0.1n,exploratory,effort_saved_pct,percent_gain_evaluations,family_centroid_mean,25.664363802927408,0.94999999999999996,122,10000,percentile_bootstrap,25.419836071429671,25.843708915928801,0.10813665234039219,20.764679899433418,30.382536805147431,2.4506883967033062,20.737962714871106,30.339970822919529,2.4564919193212438,dataset_family,122,equal family weight after within-family median aggregation
classification_entropy,double_secretary|0.1n,double_secretary,0.1n,exploratory,effort_saved_pct,percent_gain_evaluations,cross_family_median,34.207212052618218,0.94999999999999996,122,10000,percentile_bootstrap,33.594115117533114,34.793382052017378,0.29079684350909663,28.660425926138629,36.27470676748456,2.0279164695106719,28.847960554888232,36.365177387331379,2.0046276827849447,dataset_family,122,equal family weight after within-family median aggregation
classification_entropy,double_secretary|1overe,double_secretary,1overe,confirmatory,time_saved_pct,percent_training_time,family_centroid_mean,4.9500829939525408,0.94999999999999996,122,10000,percentile_bootstrap,4.4347679459631459,5.2636041712891641,0.21197296542755054,4.0772253022059717,5.8289519901427997,0.44772298168072339,3.8932372468154011,5.8331175504450821,0.49603773027109188,dataset_family,122,equal family weight after within-family median aggregation
classification_entropy,double_secretary|1overe,double_secretary,1overe,confirmatory,time_saved_pct,percent_training_time,cross_family_median,4.6143072504207456,0.94999999999999996,122,10000,percentile_bootstrap,4.1655263028080265,5.6883715541988966,0.38797791991499392,3.7503165140031158,5.8832640758102901,0.54323808149524011,3.6963184403545513,6.2907145105112017,0.67210595379979077,dataset_family,122,equal family weight after within-family median aggregation
classification_entropy,double_secretary|1overe,double_secretary,1overe,confirmatory,predictive_loss_pct,F1_percentage_points,family_centroid_mean,0.093197959452189935,0.94999999999999996,122,10000,percentile_bootstrap,0.047879546267811469,0.14714568243203643,0.025163284042274477,-0.08330601224840567,0.26306090322331815,0.089402028173718284,-0.0836769377362971,0.272192652380708,0.092135158838343653,dataset_family,122,equal family weight after within-family median aggregation
classification_entropy,double_secretary|1overe,double_secretary,1overe,confirmatory,predictive_loss_pct,F1_percentage_points,cross_family_median,0.068798367461281318,0.94999999999999996,122,10000,percentile_bootstrap,0.053711201123473613,0.18831610255721754,0.036172233896077439,0,0.26245963986977761,0.078082831442593884,0,0.26448493924081556,0.075334332516374156,dataset_family,122,equal family weight after within-family median aggregation
classification_entropy,double_secretary|1overe,double_secretary,1overe,confirmatory,effort_saved_pct,percent_gain_evaluations,family_centroid_mean,-7.1134793502829021,0.94999999999999996,122,10000,percentile_bootstrap,-7.2681043223488579,-6.9889298123899657,0.071171656649585593,-9.8720636595029614,-4.5340434210737097,1.3771520246788054,-9.902230476143151,-4.5319957363962953,1.3829074392703371,dataset_family,122,equal family weight after within-family median aggregation
classification_entropy,double_secretary|1overe,double_secretary,1overe,confirmatory,effort_saved_pct,percent_gain_evaluations,cross_family_median,-1.9266872792958523,0.94999999999999996,122,10000,percentile_bootstrap,-2.6445074782399933,-1.6561852452706138,0.25157377420812765,-6.65899944524792,-0.54591922519231506,1.7201691091503255,-6.4598127390607054,-0.48515385378652942,1.6718433530394374,dataset_family,122,equal family weight after within-family median aggregation
classification_entropy,double_secretary|ln_n,double_secretary,ln_n,exploratory,time_saved_pct,percent_training_time,family_centroid_mean,25.175072611346241,0.94999999999999996,122,10000,percentile_bootstrap,24.749200563360805,25.519415295499748,0.19760189293245142,21.95162680673976,28.39297544667474,1.6453367406849522,21.86438238750582,28.385523550844344,1.6568413585916237,dataset_family,122,equal family weight after within-family median aggregation
classification_entropy,double_secretary|ln_n,double_secretary,ln_n,exploratory,time_saved_pct,percent_training_time,cross_family_median,20.992691545955452,0.94999999999999996,122,10000,percentile_bootstrap,20.160486906633466,22.85040882046458,0.71564117725431231,15.10855013386232,31.292424083498616,3.7828842144315584,16.192797330015491,30.425561812693083,3.7089250676755077,dataset_family,122,equal family weight after within-family median aggregation
classification_entropy,double_secretary|ln_n,double_secretary,ln_n,exploratory,predictive_loss_pct,F1_percentage_points,family_centroid_mean,0.42305951576886086,0.94999999999999996,122,10000,percentile_bootstrap,0.37017214618378924,0.48124677246936887,0.028488292031765488,0.099767282807652194,0.74394171839689471,0.16569060556911072,0.10409391993202208,0.74226852599237159,0.16568828846068245,dataset_family,122,equal family weight after within-family median aggregation
classification_entropy,double_secretary|ln_n,double_secretary,ln_n,exploratory,predictive_loss_pct,F1_percentage_points,cross_family_median,0.49867576229044863,0.94999999999999996,122,10000,percentile_bootstrap,0.38943103410184282,0.56859079190668538,0.047243657269754206,0.18662851706202632,0.67619205497127521,0.12606972814480671,0.18882554307499883,0.69376910096479294,0.13286552605996443,dataset_family,122,equal family weight after within-family median aggregation
classification_entropy,double_secretary|ln_n,double_secretary,ln_n,exploratory,effort_saved_pct,percent_gain_evaluations,family_centroid_mean,19.658462215876764,0.94999999999999996,122,10000,percentile_bootstrap,19.406012866210524,19.856229299994855,0.11507293358855143,15.183403076251563,24.032673288708068,2.2479187199510142,15.115480620835189,23.99906833125673,2.2547379758572514,dataset_family,122,equal family weight after within-family median aggregation
classification_entropy,double_secretary|ln_n,double_secretary,ln_n,exploratory,effort_saved_pct,percent_gain_evaluations,cross_family_median,25.534336278994047,0.94999999999999996,122,10000,percentile_bootstrap,24.530268252278123,25.735736652524437,0.30945745899194477,21.272613761210167,29.067555864513107,2.1641224190433488,21.034042691238703,28.998639772635578,2.146745328096912,dataset_family,122,equal family weight after within-family median aggregation
classification_entropy,double_secretary|sqrt_n,double_secretary,sqrt_n,exploratory,time_saved_pct,percent_training_time,family_centroid_mean,28.529004624345738,0.94999999999999996,122,10000,percentile_bootstrap,28.030412494002729,28.849351348977653,0.20765209408150345,24.609096558009259,32.447538972576744,2.0107561401242173,24.502862966046806,32.3521045685197,2.0224711176620573,dataset_family,122,equal family weight after within-family median aggregation
classification_entropy,double_secretary|sqrt_n,double_secretary,sqrt_n,exploratory,time_saved_pct,percent_training_time,cross_family_median,22.928799388620199,0.94999999999999996,122,10000,percentile_bootstrap,20.785133213138572,24.38349498203128,0.94358408186332221,15.017353303974357,31.499575617856312,4.0320908894028387,15.648537745318018,31.320028787064196,4.0127775540507571,dataset_family,122,equal family weight after within-family median aggregation
classification_entropy,double_secretary|sqrt_n,double_secretary,sqrt_n,exploratory,predictive_loss_pct,F1_percentage_points,family_centroid_mean,0.67126957559967781,0.94999999999999996,122,10000,percentile_bootstrap,0.6217044450358874,0.73006810202860473,0.027543263140871244,0.29851844477586065,1.0443800263531553,0.19207322944506292,0.29447721010772349,1.0556610659405989,0.19519546354325837,dataset_family,122,equal family weight after within-family median aggregation
classification_entropy,double_secretary|sqrt_n,double_secretary,sqrt_n,exploratory,predictive_loss_pct,F1_percentage_points,cross_family_median,0.54857470849698498,0.94999999999999996,122,10000,percentile_bootstrap,0.48100892612652119,0.60627300217260249,0.033641169814423562,0.39131933743461467,0.75500064233088304,0.096367935778605432,0.34053786503878136,0.75971347140861334,0.1064244200353763,dataset_family,122,equal family weight after within-family median aggregation
classification_entropy,double_secretary|sqrt_n,double_secretary,sqrt_n,exploratory,effort_saved_pct,percent_gain_evaluations,family_centroid_mean,16.400520454087093,0.94999999999999996,122,10000,percentile_bootstrap,16.203268907279263,16.636309404981077,0.10993627270819324,10.606506029312083,21.990729996907618,2.8950868972743704,10.641362674031393,22.014924570361739,2.8931722421934172,dataset_family,122,equal family weight after within-family median aggregation
classification_entropy,double_secretary|sqrt_n,double_secretary,sqrt_n,exploratory,effort_saved_pct,percent_gain_evaluations,cross_family_median,20.753954370012302,0.94999999999999996,122,10000,percentile_bootstrap,20.1202933569636,21.389003759233749,0.31365977577546894,8.0769947071153592,28.809879801888762,4.7486734716378036,7.8916301316296584,28.576647618576136,4.7008182883629939,dataset_family,122,equal family weight after within-family median aggregation
classification_entropy,extra_tree|max_features=1,extra_tree,max_features=1,confirmatory,time_saved_pct,percent_training_time,family_centroid_mean,54.729075520935247,0.94999999999999996,122,10000,percentile_bootstrap,54.240592228970719,54.97452603465851,0.1849184175962407,48.829181979177044,60.518283172284768,3.0005841812800909,48.651143565450155,60.430600790186148,3.0131538402308387,dataset_family,122,equal family weight after within-family median aggregation
classification_entropy,extra_tree|max_features=1,extra_tree,max_features=1,confirmatory,time_saved_pct,percent_training_time,cross_family_median,55.000667168360678,0.94999999999999996,122,10000,percentile_bootstrap,52.873888914779549,56.193777641372797,0.84016731772802078,41.120833686149936,72.485785116105546,9.7891669860920327,40.825497919341167,72.099005164772692,9.715398133069634,dataset_family,122,equal family weight after within-family median aggregation
classification_entropy,extra_tree|max_features=1,extra_tree,max_features=1,confirmatory,predictive_loss_pct,F1_percentage_points,family_centroid_mean,8.2629199780488367,0.94999999999999996,122,10000,percentile_bootstrap,8.174626644938698,8.3320253381920129,0.040305484913835413,6.520035119664696,10.078035761676549,0.91082157323913626,6.5015404433262365,10.073885836779461,0.91165928993657952,dataset_family,122,equal family weight after within-family median aggregation
classification_entropy,extra_tree|max_features=1,extra_tree,max_features=1,confirmatory,predictive_loss_pct,F1_percentage_points,cross_family_median,4.4295193110982627,0.94999999999999996,122,10000,percentile_bootstrap,4.2485914472888808,4.971894860842859,0.18949431705224046,3.2744317814749428,7.7330914996057709,1.0385142931214557,3.1343908186021272,7.4582358774504725,1.0349087645989286,dataset_family,122,equal family weight after within-family median aggregation
classification_entropy,extra_tree|max_features=1,extra_tree,max_features=1,confirmatory,effort_saved_pct,percent_gain_evaluations,family_centroid_mean,81.279312739831596,0.94999999999999996,122,10000,percentile_bootstrap,81.166165932778142,81.39591555419571,0.05880818477202409,74.732154249230405,87.093055426202099,3.1623582509762285,74.730392795548013,87.106813957308361,3.1622789614614897,dataset_family,122,equal family weight after within-family median aggregation
classification_entropy,extra_tree|max_features=1,extra_tree,max_features=1,confirmatory,effort_saved_pct,percent_gain_evaluations,cross_family_median,95.819246206064179,0.94999999999999996,122,10000,percentile_bootstrap,95.793247830212422,95.872144629436107,0.019507283688007339,92.453151237965983,97.256048907242885,1.0181143459117841,92.46468046595831,97.250238612836881,1.0155506798590401,dataset_family,122,equal family weight after within-family median aggregation
classification_entropy,extra_tree|max_features=1over3,extra_tree,max_features=1over3,confirmatory,time_saved_pct,percent_training_time,family_centroid_mean,49.266057772195438,0.94999999999999996,122,10000,percentile_bootstrap,48.825626767559868,49.539375154251573,0.18367167230651077,43.51770720724889,54.932555813336784,2.9129382838146634,43.393466372662509,54.898662039602797,2.9247730102496874,dataset_family,122,equal family weight after within-family median aggregation
classification_entropy,extra_tree|max_features=1over3,extra_tree,max_features=1over3,confirmatory,time_saved_pct,percent_training_time,cross_family_median,48.660432108062238,0.94999999999999996,122,10000,percentile_bootstrap,46.872455305861386,49.849116398339874,0.69361808090784238,35.649060083209747,58.192848279796962,6.8591293235563899,36.062660290500432,58.400125903666812,6.8505916711118546,dataset_family,122,equal family weight after within-family median aggregation
classification_entropy,extra_tree|max_features=1over3,extra_tree,max_features=1over3,confirmatory,predictive_loss_pct,F1_percentage_points,family_centroid_mean,2.7582129599395313,0.94999999999999996,122,10000,percentile_bootstrap,2.6782380692650265,2.8196546779815641,0.036089314528843591,2.0511112278671733,3.4871099573999071,0.36959259871729072,2.0344524302565392,3.4912313495487894,0.37176844980906371,dataset_family,122,equal family weight after within-family median aggregation
classification_entropy,extra_tree|max_features=1over3,extra_tree,max_features=1over3,confirmatory,predictive_loss_pct,F1_percentage_points,cross_family_median,1.8018688557078055,0.94999999999999996,122,10000,percentile_bootstrap,1.6826833626893984,2.017471927680778,0.085359403104389914,1.2455511023248045,2.5928080634843864,0.40967780424308148,1.289706175854767,2.5891509798420476,0.38051551018100321,dataset_family,122,equal family weight after within-family median aggregation
classification_entropy,extra_tree|max_features=1over3,extra_tree,max_features=1over3,confirmatory,effort_saved_pct,percent_gain_evaluations,family_centroid_mean,69.181483031034958,0.94999999999999996,122,10000,percentile_bootstrap,69.021420836635031,69.316517624559708,0.075557961078315264,60.794125977254069,76.631786816443224,4.0564199860505123,60.792494661263859,76.63131617469962,4.0595783585113203,dataset_family,122,equal family weight after within-family median aggregation
classification_entropy,extra_tree|max_features=1over3,extra_tree,max_features=1over3,confirmatory,effort_saved_pct,percent_gain_evaluations,cross_family_median,88.549477091293852,0.94999999999999996,122,10000,percentile_bootstrap,88.502673154130605,88.585730938405476,0.021059063527158993,82.411375035171375,93.41393385925133,2.7826593777072945,82.517834325307945,93.369165682950666,2.7831813853478198,dataset_family,122,equal family weight after within-family median aggregation
classification_entropy,extra_tree|max_features=2over3,extra_tree,max_features=2over3,confirmatory,time_saved_pct,percent_training_time,family_centroid_mean,43.907800274157459,0.94999999999999996,122,10000,percentile_bootstrap,43.484202827971806,44.208110452903618,0.18490414766259175,38.240773193080955,49.564711088256018,2.8769762444143869,38.143143737770892,49.562038836321427,2.8846965262617572,dataset_family,122,equal family weight after within-family median aggregation
classification_entropy,extra_tree|max_features=2over3,extra_tree,max_features=2over3,confirmatory,time_saved_pct,percent_training_time,cross_family_median,38.560252512742537,0.94999999999999996,122,10000,percentile_bootstrap,37.37633947729168,39.381318760446177,0.49424526157627041,27.549516180934109,47.060179230762934,4.403005802030747,28.062531076081367,46.940786339319239,4.4321557371812572,dataset_family,122,equal family weight after within-family median aggregation
classification_entropy,extra_tree|max_features=2over3,extra_tree,max_features=2over3,confirmatory,predictive_loss_pct,F1_percentage_points,family_centroid_mean,1.074633786734583,0.94999999999999996,122,10000,percentile_bootstrap,1.0060619108799351,1.1321004863992932,0.032259841640633398,0.60192054444598042,1.5430735676056568,0.23951265115741133,0.59141078647758794,1.5450848212030464,0.24211474480491957,dataset_family,122,equal family weight after within-family median aggregation
classification_entropy,extra_tree|max_features=2over3,extra_tree,max_features=2over3,confirmatory,predictive_loss_pct,F1_percentage_points,cross_family_median,1.0762681693518545,0.94999999999999996,122,10000,percentile_bootstrap,0.92692283388289354,1.1461983821313051,0.057156319993811926,0.66895727556557927,1.2843927412619471,0.16665192521458133,0.65876123117015495,1.2851510969039828,0.16733726970714102,dataset_family,122,equal family weight after within-family median aggregation
classification_entropy,extra_tree|max_features=2over3,extra_tree,max_features=2over3,confirmatory,effort_saved_pct,percent_gain_evaluations,family_centroid_mean,66.461299232043018,0.94999999999999996,122,10000,percentile_bootstrap,66.36920241368793,66.562272930302598,0.049424829949726148,59.672733828265088,72.744090443832576,3.3460761648353534,59.72032595711002,72.742806857558648,3.3449912761357661,dataset_family,122,equal family weight after within-family median aggregation
classification_entropy,extra_tree|max_features=2over3,extra_tree,max_features=2over3,confirmatory,effort_saved_pct,percent_gain_evaluations,cross_family_median,83.766164970389326,0.94999999999999996,122,10000,percentile_bootstrap,83.624143082218083,83.916137594563224,0.075628648131940451,74.119248820713295,89.816335391887691,3.677648008056551,74.101593928999961,89.829610854134572,3.6733299359675504,dataset_family,122,equal family weight after within-family median aggregation
classification_entropy,extra_tree|max_features=all,extra_tree,max_features=all,confirmatory,time_saved_pct,percent_training_time,family_centroid_mean,38.614447409202924,0.94999999999999996,122,10000,percentile_bootstrap,38.145458685033738,38.859110805678995,0.18257092160736865,32.886585574703616,44.366748380971444,2.9088736618327573,32.779047771913071,44.284601907879932,2.9249332611038215,dataset_family,122,equal family weight after within-family median aggregation
classification_entropy,extra_tree|max_features=all,extra_tree,max_features=all,confirmatory,time_saved_pct,percent_training_time,cross_family_median,29.033154168827672,0.94999999999999996,122,10000,percentile_bootstrap,26.817243620393008,30.706979364334796,0.98507356309012128,21.393643467138396,40.561319911913948,5.3470860186024787,21.356811765699941,40.405047065187858,5.2028815551423087,dataset_family,122,equal family weight after within-family median aggregation
classification_entropy,extra_tree|max_features=all,extra_tree,max_features=all,confirmatory,predictive_loss_pct,F1_percentage_points,family_centroid_mean,0.39820199584374066,0.94999999999999996,122,10000,percentile_bootstrap,0.32681018896560221,0.45411060456886537,0.032414173947093602,0.03039616367603911,0.75569548802099495,0.18509930841254726,0.018039723547915498,0.74736860182721265,0.18783188926221414,dataset_family,122,equal family weight after within-family median aggregation
classification_entropy,extra_tree|max_features=all,extra_tree,max_features=all,confirmatory,predictive_loss_pct,F1_percentage_points,cross_family_median,0.48561746946202133,0.94999999999999996,122,10000,percentile_bootstrap,0.41189953048972167,0.5366437767108565,0.032640940926401144,0.19519411388012053,0.6452912929470922,0.10120835018741607,0.2135748954275957,0.6424512166854367,0.10469078979699092,dataset_family,122,equal family weight after within-family median aggregation
classification_entropy,extra_tree|max_features=all,extra_tree,max_features=all,confirmatory,effort_saved_pct,percent_gain_evaluations,family_centroid_mean,66.950866270145752,0.94999999999999996,122,10000,percentile_bootstrap,66.872900264546999,67.028474398711552,0.039110087504940133,60.803860621421322,72.703424951865557,3.0280383464119121,60.794289137065036,72.685914579474428,3.0275482255151593,dataset_family,122,equal family weight after within-family median aggregation
classification_entropy,extra_tree|max_features=all,extra_tree,max_features=all,confirmatory,effort_saved_pct,percent_gain_evaluations,cross_family_median,83.459272994686486,0.94999999999999996,122,10000,percentile_bootstrap,83.264107187039301,83.67465982082355,0.10141943320861159,77.467205766417123,87.504370395840837,3.0876207774179112,77.526225041762558,87.511148405198966,3.0941820447617259,dataset_family,122,equal family weight after within-family median aggregation
classification_entropy,prophet_1sample|,prophet_1sample,,confirmatory,time_saved_pct,percent_training_time,family_centroid_mean,17.225130512889304,0.94999999999999996,122,10000,percentile_bootstrap,16.732771523852911,17.54929878491906,0.20874654371617021,10.736136633197697,23.468050477840876,3.2154104162815136,10.660565131051074,23.422621924586124,3.2230978806022677,dataset_family,122,equal family weight after within-family median aggregation
classification_entropy,prophet_1sample|,prophet_1sample,,confirmatory,time_saved_pct,percent_training_time,cross_family_median,11.929399801233043,0.94999999999999996,122,10000,percentile_bootstrap,9.3408855704871065,13.315935321602968,1.0110326622840748,4.507672440299892,19.266971670605027,3.8586120945967983,4.6451187739266526,19.300531914294769,3.8489070466686037,dataset_family,122,equal family weight after within-family median aggregation
classification_entropy,prophet_1sample|,prophet_1sample,,confirmatory,predictive_loss_pct,F1_percentage_points,family_centroid_mean,0.18309825007189454,0.94999999999999996,122,10000,percentile_bootstrap,0.13880067478757815,0.2375553063911065,0.025132843332318158,-0.10826505771748698,0.4696433867993412,0.14888379503990806,-0.11277033700716604,0.47512385127202017,0.15146808929059219,dataset_family,122,equal family weight after within-family median aggregation
classification_entropy,prophet_1sample|,prophet_1sample,,confirmatory,predictive_loss_pct,F1_percentage_points,cross_family_median,0.092734843712713455,0.94999999999999996,122,10000,percentile_bootstrap,0.024643090481753439,0.16025135890867007,0.036056083212305773,0,0.33913435841467776,0.09679222878200569,0,0.32716279208631854,0.09239049462916446,dataset_family,122,equal family weight after within-family median aggregation
classification_entropy,prophet_1sample|,prophet_1sample,,confirmatory,effort_saved_pct,percent_gain_evaluations,family_centroid_mean,38.937092654211817,0.94999999999999996,122,10000,percentile_bootstrap,38.722952311205304,39.088193269174631,0.090951338448978028,33.700859502869413,44.032103419604994,2.6312713086819199,33.668081006894802,44.041444028252556,2.6340762452081279,dataset_family,122,equal family weight after within-family median aggregation
classification_entropy,prophet_1sample|,prophet_1sample,,confirmatory,effort_saved_pct,percent_gain_evaluations,cross_family_median,41.997393961711438,0.94999999999999996,122,10000,percentile_bootstrap,40.610473499606421,42.504113991861068,0.50577950707177033,30.480524742863189,51.122911236146585,5.3021179865625196,30.8240540318798,50.969849856388073,5.3346793766454637,dataset_family,122,equal family weight after within-family median aggregation
classification_entropy,secretary_all|0.1n,secretary_all,0.1n,exploratory,time_saved_pct,percent_training_time,family_centroid_mean,31.524811635922585,0.94999999999999996,122,10000,percentile_bootstrap,30.996965840434445,31.826450636913503,0.21146169197978132,27.93812288157698,34.998914408832782,1.8184933848234699,27.773306461108412,34.941095835726586,1.8356825322985213,dataset_family,122,equal family weight after within-family median aggregation
classification_entropy,secretary_all|0.1n,secretary_all,0.1n,exploratory,time_saved_pct,percent_training_time,cross_family_median,27.481939701583471,0.94999999999999996,122,10000,percentile_bootstrap,26.833864827320447,30.437310487358531,0.9300046713156187,23.131342463132061,38.703048525301689,4.2969306748598779,22.769277070061378,38.880079385839529,4.2373842526886198,dataset_family,122,equal family weight after within-family median aggregation
classification_entropy,secretary_all|0.1n,secretary_all,0.1n,exploratory,predictive_loss_pct,F1_percentage_points,family_centroid_mean,0.54428121131980844,0.94999999999999996,122,10000,percentile_bootstrap,0.48163219721296585,0.59445017242216336,0.0286645417332742,0.17531138241962066,0.91874675039531062,0.1904204014421261,0.16613715401982282,0.91240076306464923,0.19271781971814084,dataset_family,122,equal family weight after within-family median aggregation
classification_entropy,secretary_all|0.1n,secretary_all,0.1n,exploratory,predictive_loss_pct,F1_percentage_points,cross_family_median,0.45584718324580553,0.94999999999999996,122,10000,percentile_bootstrap,0.37219020908566647,0.53401343482912456,0.04095016163904356,0.22187775442103208,0.75514004393075762,0.1521525177988273,0.20220089379721987,0.73102517538256939,0.13631668072576075,dataset_family,122,equal family weight after within-family median aggregation
classification_entropy,secretary_all|0.1n,secretary_all,0.1n,exploratory,effort_saved_pct,percent_gain_evaluations,family_centroid_mean,36.820617635083494,0.94999999999999996,122,10000,percentile_bootstrap,36.581585285857429,37.022303865130148,0.11242919714207925,33.322607106359101,40.200010603523147,1.7675018819598103,33.312944657388726,40.197659839553992,1.7718208393112147,dataset_family,122,equal family weight after within-family median aggregation
classification_entropy,secretary_all|0.1n,secretary_all,0.1n,exploratory,effort_saved_pct,percent_gain_evaluations,cross_family_median,41.691464026340874,0.94999999999999996,122,10000,percentile_bootstrap,40.913198305484691,42.070041762948044,0.28323465141117254,37.935148830271366,44.539858185229846,1.7953472033611917,37.470245365617053,44.934133267444267,1.8289187542506986,dataset_family,122,equal family weight after within-family median aggregation
classification_entropy,secretary_all|1overe,secretary_all,1overe,confirmatory,time_saved_pct,percent_training_time,family_centroid_mean,12.590728754327429,0.94999999999999996,122,10000,percentile_bootstrap,12.114980063329428,12.943537032146605,0.21262218643167727,11.30037628671737,13.868785675907425,0.65752812248950754,11.167070733432856,13.87918861191929,0.68986461541850097,dataset_family,122,equal family weight after within-family median aggregation
classification_entropy,secretary_all|1overe,secretary_all,1overe,confirmatory,time_saved_pct,percent_training_time,cross_family_median,12.726159804488635,0.94999999999999996,122,10000,percentile_bootstrap,11.993820316135807,13.718652756097002,0.44342048315086119,10.062784979242689,14.979301199577556,1.3590335404873521,10.568922526438687,14.898422806278223,1.1417086079394245,dataset_family,122,equal family weight after within-family median aggregation
classification_entropy,secretary_all|1overe,secretary_all,1overe,confirmatory,predictive_loss_pct,F1_percentage_points,family_centroid_mean,0.028001626955621507,0.94999999999999996,122,10000,percentile_bootstrap,-0.027882169376933514,0.06783854619871138,0.024449150497814869,-0.15403873838753929,0.20169074087009789,0.09110043649555849,-0.1704881969666627,0.20282743298683376,0.095309982058724554,dataset_family,122,equal family weight after within-family median aggregation
classification_entropy,secretary_all|1overe,secretary_all,1overe,confirmatory,predictive_loss_pct,F1_percentage_points,cross_family_median,0.063826958288762392,0.94999999999999996,122,10000,percentile_bootstrap,0.015486776615280426,0.093217602992518231,0.01951964308759711,0,0.24845439343830766,0.065571169087609835,0,0.19714893795589197,0.05705543247685959,dataset_family,122,equal family weight after within-family median aggregation
classification_entropy,secretary_all|1overe,secretary_all,1overe,confirmatory,effort_saved_pct,percent_gain_evaluations,family_centroid_mean,14.308993702449088,0.94999999999999996,122,10000,percentile_bootstrap,14.206008766792195,14.431065680414701,0.058103113597512718,13.244986497313819,15.364718453245922,0.53836754145989563,13.255845810021194,15.369711580300732,0.53959862344306764,dataset_family,122,equal family weight after within-family median aggregation
classification_entropy,secretary_all|1overe,secretary_all,1overe,confirmatory,effort_saved_pct,percent_gain_evaluations,cross_family_median,15.050981104459662,0.94999999999999996,122,10000,percentile_bootstrap,14.832758894123051,15.291573755900695,0.12173065438742499,13.423203786031829,15.896693824324926,0.6183502237613212,13.597432082105517,15.942389848607533,0.59312702792289518,dataset_family,122,equal family weight after within-family median aggregation
classification_entropy,secretary_all|ln_n,secretary_all,ln_n,exploratory,time_saved_pct,percent_training_time,family_centroid_mean,28.676224392632456,0.94999999999999996,122,10000,percentile_bootstrap,28.178957253096947,29.026749453487245,0.21562051116289949,25.27862975752479,32.044104824614784,1.7257815161302335,25.167109851926362,31.988382323542794,1.74505204712192,dataset_family,122,equal family weight after within-family median aggregation
classification_entropy,secretary_all|ln_n,secretary_all,ln_n,exploratory,time_saved_pct,percent_training_time,cross_family_median,25.516035124587546,0.94999999999999996,122,10000,percentile_bootstrap,24.373408273897752,27.201011070121435,0.72865805906078374,20.097372207829302,35.521610061014982,4.2864820715633405,20.211177923653565,35.291757143222966,4.1257601558421069,dataset_family,122,equal family weight after within-family median aggregation
classification_entropy,secretary_all|ln_n,secretary_all,ln_n,exploratory,predictive_loss_pct,F1_percentage_points,family_centroid_mean,0.4221714963776661,0.94999999999999996,122,10000,percentile_bootstrap,0.34814142548332427,0.46025298152878219,0.028842287868259382,0.12095443003871188,0.72391883408804347,0.15511039023464038,0.094562318280690491,0.71655303469778353,0.16022461567151552,dataset_family,122,equal family weight after within-family median aggregation
classification_entropy,secretary_all|ln_n,secretary_all,ln_n,exploratory,predictive_loss_pct,F1_percentage_points,cross_family_median,0.38271953256107105,0.94999999999999996,122,10000,percentile_bootstrap,0.31640582934475964,0.4641696582252815,0.035874040791346387,0.14784232236322858,0.68156745244241645,0.13416165835978855,0.11558659328564169,0.65124412087055128,0.134732767819574,dataset_family,122,equal family weight after within-family median aggregation
classification_entropy,secretary_all|ln_n,secretary_all,ln_n,exploratory,effort_saved_pct,percent_gain_evaluations,family_centroid_mean,32.222855111122875,0.94999999999999996,122,10000,percentile_bootstrap,32.011940000387575,32.444030509103079,0.11088595111545373,29.115614216227996,35.271290054888787,1.5760514179735194,29.09507474080073,35.279994869747156,1.5791463930091947,dataset_family,122,equal family weight after within-family median aggregation
classification_entropy,secretary_all|ln_n,secretary_all,ln_n,exploratory,effort_saved_pct,percent_gain_evaluations,cross_family_median,33.913761514229677,0.94999999999999996,122,10000,percentile_bootstrap,33.382913011145227,34.606240074931051,0.31778339852861198,30.866338344121313,38.716084874857465,1.868367142896874,30.920548598333497,38.695796711186354,1.8477193019040468,dataset_family,122,equal family weight after within-family median aggregation
classification_entropy,secretary_all|sqrt_n,secretary_all,sqrt_n,exploratory,time_saved_pct,percent_training_time,family_centroid_mean,32.204772149764672,0.94999999999999996,122,10000,percentile_bootstrap,31.784043462022186,32.58392348241744,0.20200725027551311,28.195609204100876,36.205979409663804,2.0553885573790667,28.121095859087905,36.156906550299063,2.0655652195985472,dataset_family,122,equal family weight after within-family median aggregation
classification_entropy,secretary_all|sqrt_n,secretary_all,sqrt_n,exploratory,time_saved_pct,percent_training_time,cross_family_median,26.989381971213135,0.94999999999999996,122,10000,percentile_bootstrap,25.842665628487257,28.875069284221595,0.75728074433094594,21.022276636756487,38.295763270819947,4.5906009651168516,20.872412181453189,37.824062531838969,4.5243400717890534,dataset_family,122,equal family weight after within-family median aggregation
classification_entropy,secretary_all|sqrt_n,secretary_all,sqrt_n,exploratory,predictive_loss_pct,F1_percentage_points,family_centroid_mean,0.60400665676606369,0.94999999999999996,122,10000,percentile_bootstrap,0.53989228540465839,0.65090521557710102,0.028465399995178987,0.22185297474310736,0.98677385038659771,0.1962637960634934,0.21430267136033299,0.98001740313679875,0.19722620760289281,dataset_family,122,equal family weight after within-family median aggregation
classification_entropy,secretary_all|sqrt_n,secretary_all,sqrt_n,exploratory,predictive_loss_pct,F1_percentage_points,cross_family_median,0.46898393468703115,0.94999999999999996,122,10000,percentile_bootstrap,0.38737013842205764,0.57126768737301414,0.046580981083321746,0.3110701812958222,0.71737847193852644,0.12084050060426076,0.24502023025684469,0.71652257065772462,0.12493555205980768,dataset_family,122,equal family weight after within-family median aggregation
classification_entropy,secretary_all|sqrt_n,secretary_all,sqrt_n,exploratory,effort_saved_pct,percent_gain_evaluations,family_centroid_mean,32.062942480440931,0.94999999999999996,122,10000,percentile_bootstrap,31.783487054255243,32.229029152499955,0.11369800026932952,28.184458305098076,35.88216380826691,1.9567788510653383,28.099484866041333,35.842618780660054,1.9697401207302541,dataset_family,122,equal family weight after within-family median aggregation
classification_entropy,secretary_all|sqrt_n,secretary_all,sqrt_n,exploratory,effort_saved_pct,percent_gain_evaluations,cross_family_median,31.256978446534639,0.94999999999999996,122,10000,percentile_bootstrap,30.648759179027191,31.690497768181562,0.26911372824285995,28.913339176641827,36.776719724662158,2.2989415302909655,28.905911708130709,36.773669740641608,2.2404555449074426,dataset_family,122,equal family weight after within-family median aggregation
classification_entropy,"secretary_par|samples=0.1n,q=0.5",secretary_par,"samples=0.1n,q=0.5",exploratory,time_saved_pct,percent_training_time,family_centroid_mean,18.818883622559269,0.94999999999999996,122,10000,percentile_bootstrap,18.330106363807687,19.144667192907168,0.20713646136101763,14.314121227528341,23.173695934420891,2.2249908980078428,14.237131087214465,23.119906026921399,2.2394785221544304,dataset_family,122,equal family weight after within-family median aggregation
classification_entropy,"secretary_par|samples=0.1n,q=0.5",secretary_par,"samples=0.1n,q=0.5",exploratory,time_saved_pct,percent_training_time,cross_family_median,10.597912330916504,0.94999999999999996,122,10000,percentile_bootstrap,9.9315062846096751,12.702701962833432,0.70822467482083618,7.628375633991979,16.820025503122526,2.1824254925450775,8.3585748751600981,16.608803845013263,2.1202476488440931,dataset_family,122,equal family weight after within-family median aggregation
classification_entropy,"secretary_par|samples=0.1n,q=0.5",secretary_par,"samples=0.1n,q=0.5",exploratory,predictive_loss_pct,F1_percentage_points,family_centroid_mean,0.58662206650815618,0.94999999999999996,122,10000,percentile_bootstrap,0.53825295596765965,0.6553596021522472,0.030075525247459899,0.21430986889855475,0.98300548221978001,0.19483538110073137,0.21948074961690636,0.98634594990645019,0.19525945122676075,dataset_family,122,equal family weight after within-family median aggregation
classification_entropy,"secretary_par|samples=0.1n,q=0.5",secretary_par,"samples=0.1n,q=0.5",exploratory,predictive_loss_pct,F1_percentage_points,cross_family_median,0.4582273748456045,0.94999999999999996,122,10000,percentile_bootstrap,0.36784075759754425,0.50892680757595277,0.036481582645748446,0.20022269460472364,0.62495028374418837,0.10659819534248434,0.19913937273368099,0.63835868008565144,0.10825207550243353,dataset_family,122,equal family weight after within-family median aggregation
classification_entropy,"secretary_par|samples=0.1n,q=0.5",secretary_par,"samples=0.1n,q=0.5",exploratory,effort_saved_pct,percent_gain_evaluations,family_centroid_mean,28.324792341554133,0.94999999999999996,122,10000,percentile_bootstrap,28.130943837886939,28.493621394557874,0.0914266604476561,21.45176601970336,34.999222689429132,3.4596461643717968,21.430819844137893,34.957703805495662,3.4630524104290643,dataset_family,122,equal family weight after within-family median aggregation
classification_entropy,"secretary_par|samples=0.1n,q=0.5",secretary_par,"samples=0.1n,q=0.5",exploratory,effort_saved_pct,percent_gain_evaluations,cross_family_median,40.289348787490781,0.94999999999999996,122,10000,percentile_bootstrap,38.501584585426841,40.684637258597249,0.54098138371678572,27.607967360472458,44.428664588954931,4.4680686688644577,28.082154602054572,44.548109100419303,4.4175312503514359,dataset_family,122,equal family weight after within-family median aggregation
classification_entropy,"secretary_par|samples=0.1n,q=0.75",secretary_par,"samples=0.1n,q=0.75",exploratory,time_saved_pct,percent_training_time,family_centroid_mean,19.51530428491267,0.94999999999999996,122,10000,percentile_bootstrap,19.039586721852501,19.866196660097398,0.21315169136020859,14.470208227262567,24.234622584222905,2.4646977615891363,14.413445553528016,24.200102345600431,2.4651443422440344,dataset_family,122,equal family weight after within-family median aggregation
classification_entropy,"secretary_par|samples=0.1n,q=0.75",secretary_par,"samples=0.1n,q=0.75",exploratory,time_saved_pct,percent_training_time,cross_family_median,12.561334101570909,0.94999999999999996,122,10000,percentile_bootstrap,11.20977406467601,13.480037734308816,0.56182690829729798,9.1474615164166444,16.59479223314775,2.1902520104780301,9.0835915214614094,17.180068699136442,2.0186637167943746,dataset_family,122,equal family weight after within-family median aggregation
classification_entropy,"secretary_par|samples=0.1n,q=0.75",secretary_par,"samples=0.1n,q=0.75",exploratory,predictive_loss_pct,F1_percentage_points,family_centroid_mean,1.058255535367538,0.94999999999999996,122,10000,percentile_bootstrap,0.99867213079713479,1.1212093955141234,0.03124124145122149,0.56346440941849585,1.6116422912376485,0.26789223071045387,0.56245173763936607,1.610343705823656,0.26911846789093546,dataset_family,122,equal family weight after within-family median aggregation
classification_entropy,"secretary_par|samples=0.1n,q=0.75",secretary_par,"samples=0.1n,q=0.75",exploratory,predictive_loss_pct,F1_percentage_points,cross_family_median,0.62033436514149776,0.94999999999999996,122,10000,percentile_bootstrap,0.52727637223904533,0.68280165706707463,0.037817069758277415,0.3871647914593962,0.84009230708262383,0.11386714575691981,0.34530925710680926,0.83129520529074996,0.12263490300333697,dataset_family,122,equal family weight after within-family median aggregation
classification_entropy,"secretary_par|samples=0.1n,q=0.75",secretary_par,"samples=0.1n,q=0.75",exploratory,effort_saved_pct,percent_gain_evaluations,family_centroid_mean,30.021255360010827,0.94999999999999996,122,10000,percentile_bootstrap,29.886975160004383,30.189889573880127,0.077651792566480013,22.808363718640607,37.023504066105382,3.64095780272027,22.833729108950944,37.036991102254937,3.6422889424796479,dataset_family,122,equal family weight after within-family median aggregation
classification_entropy,"secretary_par|samples=0.1n,q=0.75",secretary_par,"samples=0.1n,q=0.75",exploratory,effort_saved_pct,percent_gain_evaluations,cross_family_median,41.148118031665462,0.94999999999999996,122,10000,percentile_bootstrap,40.645087138813835,41.743417359448621,0.27641304933273569,27.691389669934853,46.68687985137317,4.8974245999086641,28.284015039874159,47.028904006663282,4.8457682272279783,dataset_family,122,equal family weight after within-family median aggregation
classification_entropy,"secretary_par|samples=0.1n,q=0.9",secretary_par,"samples=0.1n,q=0.9",exploratory,time_saved_pct,percent_training_time,family_centroid_mean,19.536546885379771,0.94999999999999996,122,10000,percentile_bootstrap,18.991787721978323,19.829975202223729,0.21395281894322021,14.565793093287391,24.28306475951387,2.4621468997539919,14.431168342717333,24.206107951029264,2.4756322088143987,dataset_family,122,equal family weight after within-family median aggregation
classification_entropy,"secretary_par|samples=0.1n,q=0.9",secretary_par,"samples=0.1n,q=0.9",exploratory,time_saved_pct,percent_training_time,cross_family_median,12.180974020520397,0.94999999999999996,122,10000,percentile_bootstrap,11.300820523545829,13.814903441665033,0.63438279107070761,8.8901518060567852,17.060921292433907,2.1564223236587283,9.1901723482050759,17.155899585051046,2.0819547287182063,dataset_family,122,equal family weight after within-family median aggregation
classification_entropy,"secretary_par|samples=0.1n,q=0.9",secretary_par,"samples=0.1n,q=0.9",exploratory,predictive_loss_pct,F1_percentage_points,family_centroid_mean,1.4137606591009073,0.94999999999999996,122,10000,percentile_bootstrap,1.3641493283304791,1.4778360491991187,0.028973569222433077,0.77597824582079455,2.1364506311990792,0.35039509405559205,0.77688281443732221,2.1537680133169679,0.35153413532615835,dataset_family,122,equal family weight after within-family median aggregation
classification_entropy,"secretary_par|samples=0.1n,q=0.9",secretary_par,"samples=0.1n,q=0.9",exploratory,predictive_loss_pct,F1_percentage_points,cross_family_median,0.74618253347119301,0.94999999999999996,122,10000,percentile_bootstrap,0.61051666816781081,0.79339718263006331,0.04941164670910847,0.42614353682835504,1.0520254916968703,0.16772723739701531,0.40928471812986655,1.0480241003782991,0.16713444082461948,dataset_family,122,equal family weight after within-family median aggregation
classification_entropy,"secretary_par|samples=0.1n,q=0.9",secretary_par,"samples=0.1n,q=0.9",exploratory,effort_saved_pct,percent_gain_evaluations,family_centroid_mean,31.481804063972646,0.94999999999999996,122,10000,percentile_bootstrap,31.329854189385323,31.623093057832861,0.074655873606328221,24.236273703849214,38.55352860337544,3.6477516370788274,24.210495820441189,38.520975902042821,3.6499156531771479,dataset_family,122,equal family weight after within-family median aggregation
classification_entropy,"secretary_par|samples=0.1n,q=0.9",secretary_par,"samples=0.1n,q=0.9",exploratory,effort_saved_pct,percent_gain_evaluations,cross_family_median,42.773855885830429,0.94999999999999996,122,10000,percentile_bootstrap,42.222664615410977,43.535940004563642,0.33613504996652954,28.764844706299915,50.160692150129762,5.3318269649424321,28.839604109010164,50.15172821042848,5.2757109352789122,dataset_family,122,equal family weight after within-family median aggregation
classification_entropy,"secretary_par|samples=0.1n,q=0.95",secretary_par,"samples=0.1n,q=0.95",exploratory,time_saved_pct,percent_training_time,family_centroid_mean,19.671508058649792,0.94999999999999996,122,10000,percentile_bootstrap,19.208329122676698,19.998662932529189,0.20271485261408925,14.720541753494571,24.398058877741896,2.4278992984384593,14.653786583222649,24.316668433757766,2.4335746805273675,dataset_family,122,equal family weight after within-family median aggregation
classification_entropy,"secretary_par|samples=0.1n,q=0.95",secretary_par,"samples=0.1n,q=0.95",exploratory,time_saved_pct,percent_training_time,cross_family_median,11.511745559600179,0.94999999999999996,122,10000,percentile_bootstrap,10.820606710630047,13.418210464133224,0.65440357487681877,8.5107996195967139,17.117629411151547,2.1895721892171625,8.9014103339151731,17.41866614555089,2.2037981853963133,dataset_family,122,equal family weight after within-family median aggregation
classification_entropy,"secretary_par|samples=0.1n,q=0.95",secretary_par,"samples=0.1n,q=0.95",exploratory,predictive_loss_pct,F1_percentage_points,family_centroid_mean,1.537412882472015,0.94999999999999996,122,10000,percentile_bootstrap,1.4799655113546679,1.5968182775632469,0.029773532159641829,0.85932537744590465,2.3196619465383979,0.37586419738180499,0.84909402739040496,2.3237020391527912,0.37625721463176692,dataset_family,122,equal family weight after within-family median aggregation
classification_entropy,"secretary_par|samples=0.1n,q=0.95",secretary_par,"samples=0.1n,q=0.95",exploratory,predictive_loss_pct,F1_percentage_points,cross_family_median,0.71903556485235776,0.94999999999999996,122,10000,percentile_bootstrap,0.62250987503016475,0.83574165159670077,0.055976265618590246,0.4693381134526331,1.0775449963431993,0.17700871155599887,0.41494476635886668,1.0834064429782286,0.17272896638053706,dataset_family,122,equal family weight after within-family median aggregation
classification_entropy,"secretary_par|samples=0.1n,q=0.95",secretary_par,"samples=0.1n,q=0.95",exploratory,effort_saved_pct,percent_gain_evaluations,family_centroid_mean,31.977979054497464,0.94999999999999996,122,10000,percentile_bootstrap,31.827192410957842,32.127625669396295,0.076274979244551996,24.763658427408718,38.982666867712986,3.6291852759902126,24.768853820038117,38.979713178421974,3.6311632254085624,dataset_family,122,equal family weight after within-family median aggregation
classification_entropy,"secretary_par|samples=0.1n,q=0.95",secretary_par,"samples=0.1n,q=0.95",exploratory,effort_saved_pct,percent_gain_evaluations,cross_family_median,43.1390822819763,0.94999999999999996,122,10000,percentile_bootstrap,42.399120283553586,43.928007595370204,0.38112386084407573,29.103395684097993,50.587877351345711,5.4292316694289484,29.026244482602564,50.604944957339718,5.37246667855573,dataset_family,122,equal family weight after within-family median aggregation
classification_entropy,"secretary_par|samples=10,q=0.5",secretary_par,"samples=10,q=0.5",exploratory,time_saved_pct,percent_training_time,family_centroid_mean,15.441291739315201,0.94999999999999996,122,10000,percentile_bootstrap,14.945387056463236,15.812481485644387,0.21771528907547566,10.939083539686465,19.908880690148539,2.2693000494111546,10.861444633272107,19.866298366724113,2.2799264528721408,dataset_family,122,equal family weight after within-family median aggregation
classification_entropy,"secretary_par|samples=10,q=0.5",secretary_par,"samples=10,q=0.5",exploratory,time_saved_pct,percent_training_time,cross_family_median,7.2998699998552965,0.94999999999999996,122,10000,percentile_bootstrap,7.1108014926403715,8.9473646641104381,0.4825400568242042,5.1322041784711008,9.8380851026662892,1.2929186692030488,5.7957328366115242,11.095738994994212,1.2806726416520828,dataset_family,122,equal family weight after within-family median aggregation
classification_entropy,"secretary_par|samples=10,q=0.5",secretary_par,"samples=10,q=0.5",exploratory,predictive_loss_pct,F1_percentage_points,family_centroid_mean,0.54727574171363547,0.94999999999999996,122,10000,percentile_bootstrap,0.49781123403657257,0.61400123071210566,0.02978981186376399,0.19158692215109144,0.93269550119908051,0.18965466508835302,0.18960230394880859,0.94001367437299699,0.19100880365333703,dataset_family,122,equal family weight after within-family median aggregation
classification_entropy,"secretary_par|samples=10,q=0.5",secretary_par,"samples=10,q=0.5",exploratory,predictive_loss_pct,F1_percentage_points,cross_family_median,0.37556906528462275,0.94999999999999996,122,10000,percentile_bootstrap,0.31592206372732778,0.4520407977408053,0.033917863021372632,0.070409232786228237,0.61546282207134395,0.14700174595818483,0.11627521982988505,0.61880723070381738,0.12921188233432479,dataset_family,122,equal family weight after within-family median aggregation
classification_entropy,"secretary_par|samples=10,q=0.5",secretary_par,"samples=10,q=0.5",exploratory,effort_saved_pct,percent_gain_evaluations,family_centroid_mean,15.693388498231005,0.94999999999999996,122,10000,percentile_bootstrap,15.459521247633402,15.856308361319806,0.101081737640734,8.6195171113809756,22.736583178777671,3.5837002939147924,8.5887073580431981,22.721688118555182,3.5871735198251344,dataset_family,122,equal family weight after within-family median aggregation
classification_entropy,"secretary_par|samples=10,q=0.5",secretary_par,"samples=10,q=0.5",exploratory,effort_saved_pct,percent_gain_evaluations,cross_family_median,23.135477069726036,0.94999999999999996,122,10000,percentile_bootstrap,22.656297575635826,23.779934853802537,0.32274370797612167,2.48379982561561,31.401024471732025,8.0369959811179754,2.6743534669443632,30.908217808348837,7.9583715763490206,dataset_family,122,equal family weight after within-family median aggregation
classification_entropy,"secretary_par|samples=10,q=0.75",secretary_par,"samples=10,q=0.75",exploratory,time_saved_pct,percent_training_time,family_centroid_mean,16.744286865468617,0.94999999999999996,122,10000,percentile_bootstrap,16.19859573504846,17.078731914525701,0.22396136083016557,11.571064345808807,21.544037464278755,2.5220593682018428,11.472185543524766,21.495139801454297,2.5359571391816131,dataset_family,122,equal family weight after within-family median aggregation
classification_entropy,"secretary_par|samples=10,q=0.75",secretary_par,"samples=10,q=0.75",exploratory,time_saved_pct,percent_training_time,cross_family_median,9.5013333981941166,0.94999999999999996,122,10000,percentile_bootstrap,8.571196286564577,10.607870312286988,0.50217656015951673,5.9070045406063816,13.609382025418515,1.6878557988809271,6.9985699009718045,13.584602177556683,1.6379706916666013,dataset_family,122,equal family weight after within-family median aggregation
classification_entropy,"secretary_par|samples=10,q=0.75",secretary_par,"samples=10,q=0.75",exploratory,predictive_loss_pct,F1_percentage_points,family_centroid_mean,1.1762951176455696,0.94999999999999996,122,10000,percentile_bootstrap,1.1125208364813428,1.2314313255124378,0.030355211089375916,0.65300731036720205,1.7643765921630234,0.28491912358118443,0.64533916996856311,1.7604032675615489,0.28564008373775274,dataset_family,122,equal family weight after within-family median aggregation
classification_entropy,"secretary_par|samples=10,q=0.75",secretary_par,"samples=10,q=0.75",exploratory,predictive_loss_pct,F1_percentage_points,cross_family_median,0.64359443627381996,0.94999999999999996,122,10000,percentile_bootstrap,0.53592031520252603,0.7522502946351054,0.056812163528938434,0.33451923463241606,0.95462296128880075,0.14814030807117259,0.35267385036773802,0.94460351997065073,0.15798977312734819,dataset_family,122,equal family weight after within-family median aggregation
classification_entropy,"secretary_par|samples=10,q=0.75",secretary_par,"samples=10,q=0.75",exploratory,effort_saved_pct,percent_gain_evaluations,family_centroid_mean,17.79829004958092,0.94999999999999996,122,10000,percentile_bootstrap,17.57871720019185,18.034669653530891,0.11633366643723513,10.145394949454404,25.342077897295905,3.8524999005488065,10.148607474310381,25.376330719108452,3.8539391473766198,dataset_family,122,equal family weight after within-family median aggregation
classification_entropy,"secretary_par|samples=10,q=0.75",secretary_par,"samples=10,q=0.75",exploratory,effort_saved_pct,percent_gain_evaluations,cross_family_median,27.631932896155277,0.94999999999999996,122,10000,percentile_bootstrap,26.513405930997703,28.053660285241946,0.40512629847475518,4.5683959231612397,35.508303757707594,8.0903042540602357,4.3923871927574121,35.256836555929517,8.0207767914922261,dataset_family,122,equal family weight after within-family median aggregation
classification_entropy,"secretary_par|samples=10,q=0.9",secretary_par,"samples=10,q=0.9",exploratory,time_saved_pct,percent_training_time,family_centroid_mean,17.240612711045799,0.94999999999999996,122,10000,percentile_bootstrap,16.723282567438318,17.591603124387234,0.22252792224066953,12.055699543095001,22.114906870983599,2.5323423215929397,11.913672447345959,22.05683870878093,2.5509294601862611,dataset_family,122,equal family weight after within-family median aggregation
classification_entropy,"secretary_par|samples=10,q=0.9",secretary_par,"samples=10,q=0.9",exploratory,time_saved_pct,percent_training_time,cross_family_median,8.4699284717825165,0.94999999999999996,122,10000,percentile_bootstrap,8.4387786250017047,10.643777503050867,0.54455829837696712,6.8993597117334549,14.271593460589871,1.7821420372393224,7.3072410173187938,14.120330342844447,1.6919122238243773,dataset_family,122,equal family weight after within-family median aggregation
classification_entropy,"secretary_par|samples=10,q=0.9",secretary_par,"samples=10,q=0.9",exploratory,predictive_loss_pct,F1_percentage_points,family_centroid_mean,1.7026674008792448,0.94999999999999996,122,10000,percentile_bootstrap,1.6406918735275113,1.7691482459233314,0.03258285331562262,0.99301614510273994,2.5048785677924754,0.38725020046350855,0.9897416027698217,2.5114243606482893,0.38801961228960358,dataset_family,122,equal family weight after within-family median aggregation
classification_entropy,"secretary_par|samples=10,q=0.9",secretary_par,"samples=10,q=0.9",exploratory,predictive_loss_pct,F1_percentage_points,cross_family_median,0.72209005204718901,0.94999999999999996,122,10000,percentile_bootstrap,0.65036264587984671,0.93603332206568346,0.07031387876300868,0.4050308136953229,1.2142913753132978,0.20944900556436766,0.41509187936914749,1.2061312479401067,0.21332697711195051,dataset_family,122,equal family weight after within-family median aggregation
classification_entropy,"secretary_par|samples=10,q=0.9",secretary_par,"samples=10,q=0.9",exploratory,effort_saved_pct,percent_gain_evaluations,family_centroid_mean,19.258137611980516,0.94999999999999996,122,10000,percentile_bootstrap,19.046010966430419,19.542638971577006,0.12844108952949471,11.52932972263727,26.959711503436949,3.9179096399170747,11.558439119696153,26.986019852375001,3.9170202361335931,dataset_family,122,equal family weight after within-family median aggregation
classification_entropy,"secretary_par|samples=10,q=0.9",secretary_par,"samples=10,q=0.9",exploratory,effort_saved_pct,percent_gain_evaluations,cross_family_median,30.28849489316503,0.94999999999999996,122,10000,percentile_bootstrap,28.505332138701171,30.721260611565768,0.55126474519746338,7.1054343726617173,37.296190022645391,8.0391325976212844,7.2332433483115617,37.364764042850048,8.0358479067105133,dataset_family,122,equal family weight after within-family median aggregation
classification_entropy,"secretary_par|samples=10,q=0.95",secretary_par,"samples=10,q=0.95",exploratory,time_saved_pct,percent_training_time,family_centroid_mean,17.536494227771769,0.94999999999999996,122,10000,percentile_bootstrap,16.939775739021645,17.817682036453519,0.22281232118448524,12.600851354666988,22.311571386611224,2.4568858424300122,12.357126126838754,22.216268161932955,2.4734089217156265,dataset_family,122,equal family weight after within-family median aggregation
classification_entropy,"secretary_par|samples=10,q=0.95",secretary_par,"samples=10,q=0.95",exploratory,time_saved_pct,percent_training_time,cross_family_median,10.147904945136972,0.94999999999999996,122,10000,percentile_bootstrap,8.6112863559281845,11.29181991528689,0.67252469520975355,6.15298712976311,14.747056293164784,2.210056352540323,7.0386586041026371,14.348487416656102,1.8925050128141208,dataset_family,122,equal family weight after within-family median aggregation
classification_entropy,"secretary_par|samples=10,q=0.95",secretary_par,"samples=10,q=0.95",exploratory,predictive_loss_pct,F1_percentage_points,family_centroid_mean,1.907675970785178,0.94999999999999996,122,10000,percentile_bootstrap,1.8484309700507984,1.9714717693193746,0.031145303064872253,1.1124376764530175,2.805093569272501,0.43366979027626451,1.1100713072428772,2.8118317051322492,0.43458934831547574,dataset_family,122,equal family weight after within-family median aggregation
classification_entropy,"secretary_par|samples=10,q=0.95",secretary_par,"samples=10,q=0.95",exploratory,predictive_loss_pct,F1_percentage_points,cross_family_median,0.74531153002882489,0.94999999999999996,122,10000,percentile_bootstrap,0.70063919615367443,0.99916740265347004,0.075880721208956961,0.38609035445481554,1.2392094017093847,0.22813904772465421,0.4266620594430886,1.2539654873353689,0.22695376247357987,dataset_family,122,equal family weight after within-family median aggregation
classification_entropy,"secretary_par|samples=10,q=0.95",secretary_par,"samples=10,q=0.95",exploratory,effort_saved_pct,percent_gain_evaluations,family_centroid_mean,19.662498503176678,0.94999999999999996,122,10000,percentile_bootstrap,19.440217782318456,19.928938386529133,0.12623214556952353,11.978337254535324,27.385986566656804,3.9179834273528207,11.956523860871807,27.3768004087317,3.920143944582263,dataset_family,122,equal family weight after within-family median aggregation
classification_entropy,"secretary_par|samples=10,q=0.95",secretary_par,"samples=10,q=0.95",exploratory,effort_saved_pct,percent_gain_evaluations,cross_family_median,30.450851247727197,0.94999999999999996,122,10000,percentile_bootstrap,28.950443845541301,30.952835302285859,0.52175429028206655,8.6555452235095416,37.982144077416393,7.9020836487783255,8.6841971873657684,37.845965954755933,7.9192155400008906,dataset_family,122,equal family weight after within-family median aggregation
classification_entropy,"secretary_par|samples=2,q=0.5",secretary_par,"samples=2,q=0.5",exploratory,time_saved_pct,percent_training_time,family_centroid_mean,18.538094700786143,0.94999999999999996,122,10000,percentile_bootstrap,18.064224942252149,18.854248790522689,0.20305208097352045,14.194936400663918,22.926120431764179,2.2016551926924404,14.069651306621013,22.83251984694164,2.2204863781090802,dataset_family,122,equal family weight after within-family median aggregation
classification_entropy,"secretary_par|samples=2,q=0.5",secretary_par,"samples=2,q=0.5",exploratory,time_saved_pct,percent_training_time,cross_family_median,10.818390257636722,0.94999999999999996,122,10000,percentile_bootstrap,9.8463888079616897,11.984211474643786,0.53584587037911746,8.1098337299393854,14.798194673734733,1.7201971965026572,8.3974149020168447,14.784728393881242,1.6580353869623441,dataset_family,122,equal family weight after within-family median aggregation
classification_entropy,"secretary_par|samples=2,q=0.5",secretary_par,"samples=2,q=0.5",exploratory,predictive_loss_pct,F1_percentage_points,family_centroid_mean,0.47245927294609852,0.94999999999999996,122,10000,percentile_bootstrap,0.42228295140812427,0.53068405621782322,0.027711897113314923,0.14688592967164776,0.81690638653315883,0.17137115089799351,0.14638254356214403,0.82342673521216803,0.17383850373369872,dataset_family,122,equal family weight after within-family median aggregation
classification_entropy,"secretary_par|samples=2,q=0.5",secretary_par,"samples=2,q=0.5",exploratory,predictive_loss_pct,F1_percentage_points,cross_family_median,0.335142729052465,0.94999999999999996,122,10000,percentile_bootstrap,0.29378766689507585,0.43396395063726245,0.035307850547645458,0.1410906022886016,0.60386040457761914,0.10954647996961808,0.1577895612967542,0.59010643705567178,0.10988251315373612,dataset_family,122,equal family weight after within-family median aggregation
classification_entropy,"secretary_par|samples=2,q=0.5",secretary_par,"samples=2,q=0.5",exploratory,effort_saved_pct,percent_gain_evaluations,family_centroid_mean,25.273696059933002,0.94999999999999996,122,10000,percentile_bootstrap,25.104700861181797,25.472706455151496,0.094504228150969122,18.129130529212151,32.320317829359588,3.6081479816051556,18.09486307871758,32.327623949840131,3.6118412885923181,dataset_family,122,equal family weight after within-family median aggregation
classification_entropy,"secretary_par|samples=2,q=0.5",secretary_par,"samples=2,q=0.5",exploratory,effort_saved_pct,percent_gain_evaluations,cross_family_median,38.675241369248816,0.94999999999999996,122,10000,percentile_bootstrap,37.007369393076999,39.282217133620911,0.58172405785161696,19.277880284940242,42.590137713110124,5.944520922926003,19.702099843986861,42.715896363985841,5.9195704979869852,dataset_family,122,equal family weight after within-family median aggregation
classification_entropy,"secretary_par|samples=2,q=0.75",secretary_par,"samples=2,q=0.75",exploratory,time_saved_pct,percent_training_time,family_centroid_mean,19.040715509793831,0.94999999999999996,122,10000,percentile_bootstrap,18.50415374878078,19.365544744142809,0.21903561590344905,14.325819019640328,23.693683629743727,2.340828227359192,14.225999847083378,23.581296769584821,2.3544982329764772,dataset_family,122,equal family weight after within-family median aggregation
classification_entropy,"secretary_par|samples=2,q=0.75",secretary_par,"samples=2,q=0.75",exploratory,time_saved_pct,percent_training_time,cross_family_median,10.705783955629311,0.94999999999999996,122,10000,percentile_bootstrap,9.8793126517505048,12.125569173141702,0.58345181838497762,7.4803589604477256,15.660295701609655,2.0326677883131636,7.8381988090110051,15.853804779057093,2.0062332815354189,dataset_family,122,equal family weight after within-family median aggregation
classification_entropy,"secretary_par|samples=2,q=0.75",secretary_par,"samples=2,q=0.75",exploratory,predictive_loss_pct,F1_percentage_points,family_centroid_mean,0.72029114746991318,0.94999999999999996,122,10000,percentile_bootstrap,0.66020025985241426,0.77133724341647902,0.028765652631783531,0.33912658873449625,1.1242821224208832,0.20137424454136205,0.33335196349505763,1.1210250452339185,0.20332780064349931,dataset_family,122,equal family weight after within-family median aggregation
classification_entropy,"secretary_par|samples=2,q=0.75",secretary_par,"samples=2,q=0.75",exploratory,predictive_loss_pct,F1_percentage_points,cross_family_median,0.52778246869374101,0.94999999999999996,122,10000,percentile_bootstrap,0.41402252121214689,0.58951206175710502,0.044147927035960911,0.19745819192857894,0.70705976237311341,0.12895529516979476,0.21148171376730673,0.69401599833977257,0.12594174508327341,dataset_family,122,equal family weight after within-family median aggregation
classification_entropy,"secretary_par|samples=2,q=0.75",secretary_par,"samples=2,q=0.75",exploratory,effort_saved_pct,percent_gain_evaluations,family_centroid_mean,26.996993414734192,0.94999999999999996,122,10000,percentile_bootstrap,26.824767625458023,27.178233773774284,0.089897988452153452,19.571443137111984,34.308996533346203,3.7453842478539987,19.557679973095304,34.275673699668573,3.7449447791132027,dataset_family,122,equal family weight after within-family median aggregation
classification_entropy,"secretary_par|samples=2,q=0.75",secretary_par,"samples=2,q=0.75",exploratory,effort_saved_pct,percent_gain_evaluations,cross_family_median,40.558453216882825,0.94999999999999996,122,10000,percentile_bootstrap,39.194144107175823,41.254361792961824,0.54202536946083657,20.470073574397965,45.705854415944344,6.1311931389505689,20.690069384195017,45.67387232526459,6.1110120490049118,dataset_family,122,equal family weight after within-family median aggregation
classification_entropy,"secretary_par|samples=2,q=0.9",secretary_par,"samples=2,q=0.9",exploratory,time_saved_pct,percent_training_time,family_centroid_mean,20.380796497909117,0.94999999999999996,122,10000,percentile_bootstrap,19.866901132625699,20.705525635772322,0.21539916627300967,15.694940585436759,25.042667356725879,2.3536912147642011,15.546191102058945,24.967108835909663,2.3684416788276801,dataset_family,122,equal family weight after within-family median aggregation
classification_entropy,"secretary_par|samples=2,q=0.9",secretary_par,"samples=2,q=0.9",exploratory,time_saved_pct,percent_training_time,cross_family_median,12.619374635108688,0.94999999999999996,122,10000,percentile_bootstrap,11.098310622437603,13.875438764748791,0.68924213748763896,9.1222620786057647,16.593970171000006,2.3064889412714473,9.1943599384300967,17.187222641351635,2.1962569939958523,dataset_family,122,equal family weight after within-family median aggregation
classification_entropy,"secretary_par|samples=2,q=0.9",secretary_par,"samples=2,q=0.9",exploratory,predictive_loss_pct,F1_percentage_points,family_centroid_mean,0.96892465019813634,0.94999999999999996,122,10000,percentile_bootstrap,0.90898534738972725,1.0262810312551547,0.029937443433667964,0.51235229579793229,1.4404881455065699,0.23904111156087357,0.51233320828916651,1.4444785912296882,0.24111132816779446,dataset_family,122,equal family weight after within-family median aggregation
classification_entropy,"secretary_par|samples=2,q=0.9",secretary_par,"samples=2,q=0.9",exploratory,predictive_loss_pct,F1_percentage_points,cross_family_median,0.64814860772784144,0.94999999999999996,122,10000,percentile_bootstrap,0.56486498896123505,0.75149136648483539,0.046940704434095558,0.38626089475457537,0.92249108737909036,0.14948344963816795,0.37315933295681647,0.93708181125479351,0.14663609493183366,dataset_family,122,equal family weight after within-family median aggregation
classification_entropy,"secretary_par|samples=2,q=0.9",secretary_par,"samples=2,q=0.9",exploratory,effort_saved_pct,percent_gain_evaluations,family_centroid_mean,29.088184060994653,0.94999999999999996,122,10000,percentile_bootstrap,28.856972106813689,29.310640607545157,0.11644363239031583,21.419842414274161,36.563995923726715,3.8495238365737028,21.432097712726225,36.613368510170446,3.8504050036706916,dataset_family,122,equal family weight after within-family median aggregation
classification_entropy,"secretary_par|samples=2,q=0.9",secretary_par,"samples=2,q=0.9",exploratory,effort_saved_pct,percent_gain_evaluations,cross_family_median,42.459952190535347,0.94999999999999996,122,10000,percentile_bootstrap,41.677054885837563,44.037118462241132,0.64050593605529793,22.987185979649063,49.595081643194355,6.00484878109474,23.81169679866052,49.577779456097851,5.9961586836784457,dataset_family,122,equal family weight after within-family median aggregation
classification_entropy,"secretary_par|samples=2,q=0.95",secretary_par,"samples=2,q=0.95",exploratory,time_saved_pct,percent_training_time,family_centroid_mean,20.322964811724695,0.94999999999999996,122,10000,percentile_bootstrap,19.81852072771019,20.638391931801785,0.20807653050515915,15.529094206825443,25.091820560126028,2.3960809875346154,15.410611680686657,25.017489345392505,2.4049329726761726,dataset_family,122,equal family weight after within-family median aggregation
classification_entropy,"secretary_par|samples=2,q=0.95",secretary_par,"samples=2,q=0.95",exploratory,time_saved_pct,percent_training_time,cross_family_median,12.161071897485137,0.94999999999999996,122,10000,percentile_bootstrap,10.909396943480136,13.479229970868992,0.6714278085680212,8.3810651248620651,17.600085433558604,2.5173464734823749,8.7264518891159764,17.442241982447847,2.307099717427243,dataset_family,122,equal family weight after within-family median aggregation
classification_entropy,"secretary_par|samples=2,q=0.95",secretary_par,"samples=2,q=0.95",exploratory,predictive_loss_pct,F1_percentage_points,family_centroid_mean,1.04704712978745,0.94999999999999996,122,10000,percentile_bootstrap,0.97673703445190185,1.0952325821635498,0.030112749757072163,0.57680172094201576,1.5392284433116987,0.24779063575555096,0.56545125872200042,1.53614624034377,0.24959162883112349,dataset_family,122,equal family weight after within-family median aggregation
classification_entropy,"secretary_par|samples=2,q=0.95",secretary_par,"samples=2,q=0.95",exploratory,predictive_loss_pct,F1_percentage_points,cross_family_median,0.698283944659156,0.94999999999999996,122,10000,percentile_bootstrap,0.58622615006397105,0.78674627009559939,0.052986453566897636,0.43074095583971739,0.94961964084725459,0.14608178572304684,0.38018775296396745,0.96939041180715291,0.15271244675160267,dataset_family,122,equal family weight after within-family median aggregation
classification_entropy,"secretary_par|samples=2,q=0.95",secretary_par,"samples=2,q=0.95",exploratory,effort_saved_pct,percent_gain_evaluations,family_centroid_mean,29.447726818475154,0.94999999999999996,122,10000,percentile_bootstrap,29.174211023047018,29.651951590773432,0.12172018701448074,21.736317662620273,36.965047106936204,3.8702835855902378,21.73507674065274,37.009237147285468,3.8715997370276001,dataset_family,122,equal family weight after within-family median aggregation
classification_entropy,"secretary_par|samples=2,q=0.95",secretary_par,"samples=2,q=0.95",exploratory,effort_saved_pct,percent_gain_evaluations,cross_family_median,43.049673646609079,0.94999999999999996,122,10000,percentile_bootstrap,42.087206776774948,44.689309264121199,0.71814785814504101,24.02815719732812,50.440681827544637,6.0696455399786187,24.079438680463856,50.40811531521279,6.0832499090695222,dataset_family,122,equal family weight after within-family median aggregation
classification_entropy,"secretary_par|samples=ln_n,q=0.5",secretary_par,"samples=ln_n,q=0.5",exploratory,time_saved_pct,percent_training_time,family_centroid_mean,16.376431097875358,0.94999999999999996,122,10000,percentile_bootstrap,15.945343133818101,16.771511507204035,0.21025450179014338,11.919153104753828,20.794497114741407,2.2328988957870326,11.855197217030442,20.772321048227287,2.2431807713499881,dataset_family,122,equal family weight after within-family median aggregation
classification_entropy,"secretary_par|samples=ln_n,q=0.5",secretary_par,"samples=ln_n,q=0.5",exploratory,time_saved_pct,percent_training_time,cross_family_median,7.9911889573478447,0.94999999999999996,122,10000,percentile_bootstrap,7.7183713729310464,9.8489016192408823,0.54178048502280285,6.2990914932707636,11.303514232172562,1.316331250498892,6.4814305578189506,12.143371076282415,1.4107921620438135,dataset_family,122,equal family weight after within-family median aggregation
classification_entropy,"secretary_par|samples=ln_n,q=0.5",secretary_par,"samples=ln_n,q=0.5",exploratory,predictive_loss_pct,F1_percentage_points,family_centroid_mean,0.50865913518856098,0.94999999999999996,122,10000,percentile_bootstrap,0.47016369776598887,0.5791002863625605,0.028071488789151028,0.14374497573820141,0.89298423150406026,0.19024679001676562,0.15659368150411537,0.91042362861408221,0.19118437701257621,dataset_family,122,equal family weight after within-family median aggregation
classification_entropy,"secretary_par|samples=ln_n,q=0.5",secretary_par,"samples=ln_n,q=0.5",exploratory,predictive_loss_pct,F1_percentage_points,cross_family_median,0.38636407366917924,0.94999999999999996,122,10000,percentile_bootstrap,0.32940483100495294,0.49670871235950542,0.041861348020301406,0.15919038477574809,0.57942229798221834,0.11341501840970684,0.1804851161288242,0.61655452098449581,0.11405820952157018,dataset_family,122,equal family weight after within-family median aggregation
classification_entropy,"secretary_par|samples=ln_n,q=0.5",secretary_par,"samples=ln_n,q=0.5",exploratory,effort_saved_pct,percent_gain_evaluations,family_centroid_mean,18.682370037935613,0.94999999999999996,122,10000,percentile_bootstrap,18.475729043941662,18.893807440766842,0.10777145128021005,11.451647425599948,25.862409377429302,3.649244518885614,11.421144374418867,25.867793219493326,3.6547394691790429,dataset_family,122,equal family weight after within-family median aggregation
classification_entropy,"secretary_par|samples=ln_n,q=0.5",secretary_par,"samples=ln_n,q=0.5",exploratory,effort_saved_pct,percent_gain_evaluations,cross_family_median,27.616542703260794,0.94999999999999996,122,10000,percentile_bootstrap,27.136461566129935,27.974161145865295,0.22018140459946289,8.162679602209014,36.720824529893434,7.797357006367962,8.5006735162827347,36.710676101836043,7.7963890736206283,dataset_family,122,equal family weight after within-family median aggregation
classification_entropy,"secretary_par|samples=ln_n,q=0.75",secretary_par,"samples=ln_n,q=0.75",exploratory,time_saved_pct,percent_training_time,family_centroid_mean,17.467225914017256,0.94999999999999996,122,10000,percentile_bootstrap,16.943518717404366,17.783533660973827,0.21657216600762733,12.365293413732003,22.332259270587937,2.5066427353663494,12.252159974323718,22.207034150440606,2.5099843097192758,dataset_family,122,equal family weight after within-family median aggregation
classification_entropy,"secretary_par|samples=ln_n,q=0.75",secretary_par,"samples=ln_n,q=0.75",exploratory,time_saved_pct,percent_training_time,cross_family_median,10.445885238119207,0.94999999999999996,122,10000,percentile_bootstrap,9.0522710234136063,11.544436855374421,0.66812721760337968,7.7670779282359712,14.21973006176902,1.591627914528372,7.3897979439852399,14.314764360968622,1.7424837053668079,dataset_family,122,equal family weight after within-family median aggregation
classification_entropy,"secretary_par|samples=ln_n,q=0.75",secretary_par,"samples=ln_n,q=0.75",exploratory,predictive_loss_pct,F1_percentage_points,family_centroid_mean,1.1397973933933527,0.94999999999999996,122,10000,percentile_bootstrap,1.0633538130268432,1.1836885321745434,0.030725960696238591,0.63627366323500079,1.694881307911545,0.2727722086370899,0.61754414822817139,1.684710916899719,0.27486454278951689,dataset_family,122,equal family weight after within-family median aggregation
classification_entropy,"secretary_par|samples=ln_n,q=0.75",secretary_par,"samples=ln_n,q=0.75",exploratory,predictive_loss_pct,F1_percentage_points,cross_family_median,0.60749293193030907,0.94999999999999996,122,10000,percentile_bootstrap,0.52130112106546822,0.72340884312003384,0.051080207730140409,0.26188213022296236,0.98641732188639031,0.1699789685411881,0.31208642221949201,0.93695114782271205,0.16639363160055759,dataset_family,122,equal family weight after within-family median aggregation
classification_entropy,"secretary_par|samples=ln_n,q=0.75",secretary_par,"samples=ln_n,q=0.75",exploratory,effort_saved_pct,percent_gain_evaluations,family_centroid_mean,20.919627141628379,0.94999999999999996,122,10000,percentile_bootstrap,20.715875883210799,21.095887916316943,0.096394015748688791,13.174320953584045,28.559033327333196,3.9031916639362088,13.125139824026096,28.537006470275333,3.9020071253027959,dataset_family,122,equal family weight after within-family median aggregation
classification_entropy,"secretary_par|samples=ln_n,q=0.75",secretary_par,"samples=ln_n,q=0.75",exploratory,effort_saved_pct,percent_gain_evaluations,cross_family_median,32.359005791228476,0.94999999999999996,122,10000,percentile_bootstrap,31.065322024758455,32.558654629460676,0.449509607998483,9.0851232097144798,40.6306424456493,8.2800998554036322,9.4905224431235435,40.468496008116276,8.2524053138867366,dataset_family,122,equal family weight after within-family median aggregation
classification_entropy,"secretary_par|samples=ln_n,q=0.9",secretary_par,"samples=ln_n,q=0.9",exploratory,time_saved_pct,percent_training_time,family_centroid_mean,18.065462436469399,0.94999999999999996,122,10000,percentile_bootstrap,17.631456298625494,18.469207375721492,0.21558985088587285,12.913736723806762,22.938615582592952,2.5252313165057445,12.907115625282275,22.963777589018935,2.5279302995077599,dataset_family,122,equal family weight after within-family median aggregation
classification_entropy,"secretary_par|samples=ln_n,q=0.9",secretary_par,"samples=ln_n,q=0.9",exploratory,time_saved_pct,percent_training_time,cross_family_median,10.899910779957123,0.94999999999999996,122,10000,percentile_bootstrap,9.8378733814400459,12.403363923632805,0.63810444899986907,7.4953976862004996,15.05510513470486,1.8274224921263467,7.9790489845906256,14.849409214534109,1.8172184774579148,dataset_family,122,equal family weight after within-family median aggregation
classification_entropy,"secretary_par|samples=ln_n,q=0.9",secretary_par,"samples=ln_n,q=0.9",exploratory,predictive_loss_pct,F1_percentage_points,family_centroid_mean,1.6259975502080313,0.94999999999999996,122,10000,percentile_bootstrap,1.5636706484090208,1.6928719964445869,0.032970889823883735,0.93708316729914742,2.3961452299816712,0.37297582889137776,0.93998275240098572,2.4031578894276366,0.37531988896312773,dataset_family,122,equal family weight after within-family median aggregation
classification_entropy,"secretary_par|samples=ln_n,q=0.9",secretary_par,"samples=ln_n,q=0.9",exploratory,predictive_loss_pct,F1_percentage_points,cross_family_median,0.7870507344659744,0.94999999999999996,122,10000,percentile_bootstrap,0.63352893678253119,0.90958490908286249,0.0679128999371897,0.38739319491287172,1.2142913753132978,0.21530223843905011,0.39267668954307278,1.2082786036810658,0.21398515638860566,dataset_family,122,equal family weight after within-family median aggregation
classification_entropy,"secretary_par|samples=ln_n,q=0.9",secretary_par,"samples=ln_n,q=0.9",exploratory,effort_saved_pct,percent_gain_evaluations,family_centroid_mean,22.828225257946055,0.94999999999999996,122,10000,percentile_bootstrap,22.559624594004614,22.99009337861774,0.1080023984562537,15.068727745707511,30.568487077755638,3.933614086785751,15.038190096986702,30.548425584494865,3.9375001446190008,dataset_family,122,equal family weight after within-family median aggregation
classification_entropy,"secretary_par|samples=ln_n,q=0.9",secretary_par,"samples=ln_n,q=0.9",exploratory,effort_saved_pct,percent_gain_evaluations,cross_family_median,34.286738131152404,0.94999999999999996,122,10000,percentile_bootstrap,32.442363897019227,35.048521600393009,0.65373742438339877,10.769774011299438,43.566647969263812,8.2143735446652801,10.579616608032737,43.546713336190415,8.1950275222320581,dataset_family,122,equal family weight after within-family median aggregation
classification_entropy,"secretary_par|samples=ln_n,q=0.95",secretary_par,"samples=ln_n,q=0.95",exploratory,time_saved_pct,percent_training_time,family_centroid_mean,18.398780791104524,0.94999999999999996,122,10000,percentile_bootstrap,17.977413764459254,18.856082960959071,0.22591000517452986,13.370598505246846,23.229818097328405,2.4779045871037231,13.388631685874302,23.22276421675793,2.4730594357351525,dataset_family,122,equal family weight after within-family median aggregation
classification_entropy,"secretary_par|samples=ln_n,q=0.95",secretary_par,"samples=ln_n,q=0.95",exploratory,time_saved_pct,percent_training_time,cross_family_median,10.561024405336916,0.94999999999999996,122,10000,percentile_bootstrap,9.2382177910212526,11.996281433021396,0.71387018802684488,7.0420975140746691,15.751853688446115,1.9317528577703853,7.5650993311325045,15.728239788821998,2.0688028748970595,dataset_family,122,equal family weight after within-family median aggregation
classification_entropy,"secretary_par|samples=ln_n,q=0.95",secretary_par,"samples=ln_n,q=0.95",exploratory,predictive_loss_pct,F1_percentage_points,family_centroid_mean,1.8569303241785946,0.94999999999999996,122,10000,percentile_bootstrap,1.7880751425591748,1.9084942860411274,0.03048312878527891,1.0828970126023936,2.7217365806213052,0.41796421558931679,1.0769878668583162,2.7149224220632187,0.41874963978567209,dataset_family,122,equal family weight after within-family median aggregation
classification_entropy,"secretary_par|samples=ln_n,q=0.95",secretary_par,"samples=ln_n,q=0.95",exploratory,predictive_loss_pct,F1_percentage_points,cross_family_median,0.8025151261558422,0.94999999999999996,122,10000,percentile_bootstrap,0.71701410982600355,0.95925819318763283,0.059935369805263608,0.46405127752925657,1.3076236967753507,0.2137559053822638,0.45013504845491986,1.2629525929222161,0.20830065181515267,dataset_family,122,equal family weight after within-family median aggregation
classification_entropy,"secretary_par|samples=ln_n,q=0.95",secretary_par,"samples=ln_n,q=0.95",exploratory,effort_saved_pct,percent_gain_evaluations,family_centroid_mean,23.259741345239949,0.94999999999999996,122,10000,percentile_bootstrap,23.016334342924583,23.492472738834458,0.12215668976485539,15.437132657285353,30.993743744733873,3.9510911949115912,15.418158601967441,31.026673085352822,3.9515925993544383,dataset_family,122,equal family weight after within-family median aggregation
classification_entropy,"secretary_par|samples=ln_n,q=0.95",secretary_par,"samples=ln_n,q=0.95",exploratory,effort_saved_pct,percent_gain_evaluations,cross_family_median,34.241847487020763,0.94999999999999996,122,10000,percentile_bootstrap,32.754796760901442,35.882162247813632,0.70654718664748217,12.078244823312907,44.674533480479205,8.1465264717195449,11.930467328387614,44.684990213136984,8.1661562209448473,dataset_family,122,equal family weight after within-family median aggregation
classification_entropy,"secretary_par|samples=sqrt_n,q=0.5",secretary_par,"samples=sqrt_n,q=0.5",exploratory,time_saved_pct,percent_training_time,family_centroid_mean,19.354878150830327,0.94999999999999996,122,10000,percentile_bootstrap,18.869443868179111,19.694512629145002,0.21158495634745297,14.894116714640303,23.737479816043592,2.2259272996755763,14.823734017731837,23.675911862733162,2.2349794515809593,dataset_family,122,equal family weight after within-family median aggregation
classification_entropy,"secretary_par|samples=sqrt_n,q=0.5",secretary_par,"samples=sqrt_n,q=0.5",exploratory,time_saved_pct,percent_training_time,cross_family_median,12.036062170329476,0.94999999999999996,122,10000,percentile_bootstrap,10.731001195265501,12.96359791234863,0.57443171019530426,8.5046804030111698,15.804199731963585,1.8282983678080496,8.83312543609701,16.095223727132289,1.8414309054338067,dataset_family,122,equal family weight after within-family median aggregation
classification_entropy,"secretary_par|samples=sqrt_n,q=0.5",secretary_par,"samples=sqrt_n,q=0.5",exploratory,predictive_loss_pct,F1_percentage_points,family_centroid_mean,0.55056207247174738,0.94999999999999996,122,10000,percentile_bootstrap,0.50168832773015304,0.6123555849684269,0.0284169612365066,0.19457727013627429,0.92510384711324012,0.18611329675931931,0.1976600090815428,0.93129095330505618,0.18677391172314564,dataset_family,122,equal family weight after within-family median aggregation
classification_entropy,"secretary_par|samples=sqrt_n,q=0.5",secretary_par,"samples=sqrt_n,q=0.5",exploratory,predictive_loss_pct,F1_percentage_points,cross_family_median,0.40484969579447638,0.94999999999999996,122,10000,percentile_bootstrap,0.32718653640410628,0.45888819647707185,0.031779865601677892,0.22407059450078592,0.60202729071136551,0.104333052829121,0.18938348502580646,0.60360856921705941,0.10622459385450805,dataset_family,122,equal family weight after within-family median aggregation
classification_entropy,"secretary_par|samples=sqrt_n,q=0.5",secretary_par,"samples=sqrt_n,q=0.5",exploratory,effort_saved_pct,percent_gain_evaluations,family_centroid_mean,29.613827454296793,0.94999999999999996,122,10000,percentile_bootstrap,29.43293808345409,29.758669668471146,0.083096460270153064,22.722764210903851,36.360816647468873,3.4735629549515528,22.708972515392617,36.348298018971185,3.4766645946363024,dataset_family,122,equal family weight after within-family median aggregation
classification_entropy,"secretary_par|samples=sqrt_n,q=0.5",secretary_par,"samples=sqrt_n,q=0.5",exploratory,effort_saved_pct,percent_gain_evaluations,cross_family_median,41.909938827163316,0.94999999999999996,122,10000,percentile_bootstrap,40.970144651235699,42.227735414388214,0.33701582441249001,27.607967360472458,46.49870857335128,4.6772201124521162,28.211466990810116,46.519633663847898,4.6427933772269911,dataset_family,122,equal family weight after within-family median aggregation
classification_entropy,"secretary_par|samples=sqrt_n,q=0.75",secretary_par,"samples=sqrt_n,q=0.75",exploratory,time_saved_pct,percent_training_time,family_centroid_mean,19.469342981214012,0.94999999999999996,122,10000,percentile_bootstrap,18.943085927781965,19.817129015317072,0.2243064138151058,14.713515937300592,24.074147899617572,2.3509278107723386,14.651526027148387,23.98981170674946,2.3613193558791377,dataset_family,122,equal family weight after within-family median aggregation
classification_entropy,"secretary_par|samples=sqrt_n,q=0.75",secretary_par,"samples=sqrt_n,q=0.75",exploratory,time_saved_pct,percent_training_time,cross_family_median,11.630359172710214,0.94999999999999996,122,10000,percentile_bootstrap,10.435739284606045,13.311856821983415,0.72632360769565152,8.2633851146733779,17.876082176755936,2.3211306854745031,8.5238571550044195,17.213399855236144,2.2533013788367828,dataset_family,122,equal family weight after within-family median aggregation
classification_entropy,"secretary_par|samples=sqrt_n,q=0.75",secretary_par,"samples=sqrt_n,q=0.75",exploratory,predictive_loss_pct,F1_percentage_points,family_centroid_mean,0.76544050917441653,0.94999999999999996,122,10000,percentile_bootstrap,0.70748673358604486,0.82730492707242365,0.030778483869730745,0.33748305988094113,1.2272148570331938,0.22741136846311991,0.33642950427668111,1.2297827069251426,0.22976758269587447,dataset_family,122,equal family weight after within-family median aggregation
classification_entropy,"secretary_par|samples=sqrt_n,q=0.75",secretary_par,"samples=sqrt_n,q=0.75",exploratory,predictive_loss_pct,F1_percentage_points,cross_family_median,0.52297409546123719,0.94999999999999996,122,10000,percentile_bootstrap,0.43684884384137257,0.5793794912808653,0.036689818773968479,0.29796479603784176,0.72121079925621667,0.099152471572057158,0.26564034145280041,0.69825882030834541,0.10629693955167678,dataset_family,122,equal family weight after within-family median aggregation
classification_entropy,"secretary_par|samples=sqrt_n,q=0.75",secretary_par,"samples=sqrt_n,q=0.75",exploratory,effort_saved_pct,percent_gain_evaluations,family_centroid_mean,30.820793636394214,0.94999999999999996,122,10000,percentile_bootstrap,30.62548907646104,30.96781850335147,0.086830563369197339,23.712277366193327,37.784216665670158,3.5730992735045275,23.707401358162841,37.779024850935777,3.5764082907040944,dataset_family,122,equal family weight after within-family median aggregation
classification_entropy,"secretary_par|samples=sqrt_n,q=0.75",secretary_par,"samples=sqrt_n,q=0.75",exploratory,effort_saved_pct,percent_gain_evaluations,cross_family_median,42.174263735959556,0.94999999999999996,122,10000,percentile_bootstrap,41.386137654146602,42.845062832657618,0.38959637037230621,27.750640077837502,48.18009999797011,5.0418731565661075,28.525602510249787,48.208467055359343,4.9435265892577114,dataset_family,122,equal family weight after within-family median aggregation
classification_entropy,"secretary_par|samples=sqrt_n,q=0.9",secretary_par,"samples=sqrt_n,q=0.9",exploratory,time_saved_pct,percent_training_time,family_centroid_mean,19.749978338495765,0.94999999999999996,122,10000,percentile_bootstrap,19.284910554206675,20.117441251123715,0.21277178385574072,14.923697664772623,24.464528013310805,2.3893758845717143,14.849600779912349,24.389584936869745,2.3966640347407742,dataset_family,122,equal family weight after within-family median aggregation
classification_entropy,"secretary_par|samples=sqrt_n,q=0.9",secretary_par,"samples=sqrt_n,q=0.9",exploratory,time_saved_pct,percent_training_time,cross_family_median,11.258647184054439,0.94999999999999996,122,10000,percentile_bootstrap,10.636183333273673,13.31181676811528,0.68502240609732468,8.8527549057567647,17.353307750663323,2.1340115756103146,8.9946400136302547,17.267478100053285,2.097372255645253,dataset_family,122,equal family weight after within-family median aggregation
classification_entropy,"secretary_par|samples=sqrt_n,q=0.9",secretary_par,"samples=sqrt_n,q=0.9",exploratory,predictive_loss_pct,F1_percentage_points,family_centroid_mean,0.96331263922785271,0.94999999999999996,122,10000,percentile_bootstrap,0.90847629437790545,1.0318883816370534,0.031343814358651877,0.4582992789605016,1.5169312310788685,0.27157893055332827,0.46243197573457195,1.5296747383524116,0.27306256946492125,dataset_family,122,equal family weight after within-family median aggregation
classification_entropy,"secretary_par|samples=sqrt_n,q=0.9",secretary_par,"samples=sqrt_n,q=0.9",exploratory,predictive_loss_pct,F1_percentage_points,cross_family_median,0.60202729071136551,0.94999999999999996,122,10000,percentile_bootstrap,0.50636876228223349,0.64141077408446534,0.035579069945580528,0.33284909669577534,0.79058859450624741,0.11468893863068574,0.33022583504115549,0.78203946388767476,0.11356695862916204,dataset_family,122,equal family weight after within-family median aggregation
classification_entropy,"secretary_par|samples=sqrt_n,q=0.9",secretary_par,"samples=sqrt_n,q=0.9",exploratory,effort_saved_pct,percent_gain_evaluations,family_centroid_mean,31.609581740315797,0.94999999999999996,122,10000,percentile_bootstrap,31.429083497003528,31.776904976946032,0.088378198154155221,24.430980159834156,38.629286943031644,3.6048515141761972,24.490904563448296,38.604672692807682,3.6033894579891297,dataset_family,122,equal family weight after within-family median aggregation
classification_entropy,"secretary_par|samples=sqrt_n,q=0.9",secretary_par,"samples=sqrt_n,q=0.9",exploratory,effort_saved_pct,percent_gain_evaluations,cross_family_median,42.603673524437042,0.94999999999999996,122,10000,percentile_bootstrap,41.447300978748771,43.30690666631363,0.49773303107371858,27.874227648458973,49.272894526678144,5.1665272065264443,29.053599255773879,49.357796155121683,5.1086823199400415,dataset_family,122,equal family weight after within-family median aggregation
classification_entropy,"secretary_par|samples=sqrt_n,q=0.95",secretary_par,"samples=sqrt_n,q=0.95",exploratory,time_saved_pct,percent_training_time,family_centroid_mean,20.063971257774817,0.94999999999999996,122,10000,percentile_bootstrap,19.564379792250921,20.389062074581265,0.21290124186704809,15.31221194718545,24.736383940369162,2.3664696180655138,15.251686681560281,24.610535168149564,2.3734904979507414,dataset_family,122,equal family weight after within-family median aggregation
classification_entropy,"secretary_par|samples=sqrt_n,q=0.95",secretary_par,"samples=sqrt_n,q=0.95",exploratory,time_saved_pct,percent_training_time,cross_family_median,11.799026175002375,0.94999999999999996,122,10000,percentile_bootstrap,11.104479015352336,13.686480303273724,0.68564218682972722,8.5934753309131029,17.590107112225052,2.5080278368897435,9.1940453506423108,17.88736297893962,2.3097534705740852,dataset_family,122,equal family weight after within-family median aggregation
classification_entropy,"secretary_par|samples=sqrt_n,q=0.95",secretary_par,"samples=sqrt_n,q=0.95",exploratory,predictive_loss_pct,F1_percentage_points,family_centroid_mean,1.0393239557883616,0.94999999999999996,122,10000,percentile_bootstrap,0.97897679430706852,1.1003735147687197,0.031007867685708148,0.51192913971486853,1.623981842336544,0.28574571682555072,0.50649443838006647,1.6309189898382594,0.28794252289398209,dataset_family,122,equal family weight after within-family median aggregation
classification_entropy,"secretary_par|samples=sqrt_n,q=0.95",secretary_par,"samples=sqrt_n,q=0.95",exploratory,predictive_loss_pct,F1_percentage_points,cross_family_median,0.63068990072503162,0.94999999999999996,122,10000,percentile_bootstrap,0.51998982188014919,0.65800332475595669,0.03709390205009299,0.35663554688797339,0.79058859450624741,0.11980669302024795,0.344207759011388,0.81622300583442542,0.118445638303563,dataset_family,122,equal family weight after within-family median aggregation
classification_entropy,"secretary_par|samples=sqrt_n,q=0.95",secretary_par,"samples=sqrt_n,q=0.95",exploratory,effort_saved_pct,percent_gain_evaluations,family_centroid_mean,31.86538614924682,0.94999999999999996,122,10000,percentile_bootstrap,31.680871234099627,32.02509954591013,0.087238993872993872,24.736286692966736,38.865939190980086,3.5979652379937512,24.72164505113134,38.857806941286441,3.6000034465591177,dataset_family,122,equal family weight after within-family median aggregation
classification_entropy,"secretary_par|samples=sqrt_n,q=0.95",secretary_par,"samples=sqrt_n,q=0.95",exploratory,effort_saved_pct,percent_gain_evaluations,cross_family_median,42.38444563904352,0.94999999999999996,122,10000,percentile_bootstrap,41.524549893022055,43.327007720729789,0.48410932553144898,27.89188301569061,50.063637194327782,5.2396010146207184,29.18800252572748,49.922856556404135,5.1640339356456915,dataset_family,122,equal family weight after within-family median aggregation
classification_entropy,secretary|0.1n,secretary,0.1n,exploratory,time_saved_pct,percent_training_time,family_centroid_mean,35.931773251452327,0.94999999999999996,122,10000,percentile_bootstrap,35.460173439078005,36.284240986756899,0.20776528756801207,31.411760085515013,40.372241794188149,2.2848726856573882,31.328346885475433,40.320834406887883,2.2948992080893542,dataset_family,122,equal family weight after within-family median aggregation
classification_entropy,secretary|0.1n,secretary,0.1n,exploratory,time_saved_pct,percent_training_time,cross_family_median,31.138941992010238,0.94999999999999996,122,10000,percentile_bootstrap,30.347583354467645,32.651013368331128,0.5867636986336644,25.361568668062183,43.493621616696409,4.5115167014261859,25.442758640041554,43.349121989553666,4.5269088766862415,dataset_family,122,equal family weight after within-family median aggregation
classification_entropy,secretary|0.1n,secretary,0.1n,exploratory,predictive_loss_pct,F1_percentage_points,family_centroid_mean,1.2694364915194136,0.94999999999999996,122,10000,percentile_bootstrap,1.2010157714474048,1.3316256478770092,0.03313145024604449,0.79634370407835442,1.7672320775433545,0.24759567221459586,0.79420907457360579,1.761649581678046,0.24894494862984853,dataset_family,122,equal family weight after within-family median aggregation
classification_entropy,secretary|0.1n,secretary,0.1n,exploratory,predictive_loss_pct,F1_percentage_points,cross_family_median,0.93714334827319501,0.94999999999999996,122,10000,percentile_bootstrap,0.8267702561947925,1.040043529769799,0.055168722875652075,0.57475442699074364,1.2810878777250374,0.1870555472433309,0.61741624748259727,1.2618918112299959,0.1672229042344093,dataset_family,122,equal family weight after within-family median aggregation
classification_entropy,secretary|0.1n,secretary,0.1n,exploratory,effort_saved_pct,percent_gain_evaluations,family_centroid_mean,53.965355611234742,0.94999999999999996,122,10000,percentile_bootstrap,53.790293279383263,54.238060627988936,0.11298125914586901,49.719606052037832,58.027975404002781,2.1369319509857445,49.745836470762391,58.054051847380073,2.1336334606775562,dataset_family,122,equal family weight after within-family median aggregation
classification_entropy,secretary|0.1n,secretary,0.1n,exploratory,effort_saved_pct,percent_gain_evaluations,cross_family_median,58.804618277946602,0.94999999999999996,122,10000,percentile_bootstrap,58.353107239956387,59.090762892249977,0.19816636162717946,52.239893762302088,64.11274933210133,2.5960436616094915,52.266481436500733,63.754104245512451,2.5086509864174551,dataset_family,122,equal family weight after within-family median aggregation
classification_entropy,secretary|1overe,secretary,1overe,confirmatory,time_saved_pct,percent_training_time,family_centroid_mean,12.58724539881112,0.94999999999999996,122,10000,percentile_bootstrap,12.06052012300832,12.955774409790003,0.22797590543921631,9.8578314305848664,15.299074288620202,1.3943547670933272,9.7315718815450243,15.244666658131914,1.4109169898012885,dataset_family,122,equal family weight after within-family median aggregation
classification_entropy,secretary|1overe,secretary,1overe,confirmatory,time_saved_pct,percent_training_time,cross_family_median,10.957264058739398,0.94999999999999996,122,10000,percentile_bootstrap,10.148535431360276,11.68407006582904,0.38351704194781572,8.4273483862839171,16.493153441605209,1.8640893392442044,7.7065579362160417,16.094242906863453,1.9463548690637646,dataset_family,122,equal family weight after within-family median aggregation
classification_entropy,secretary|1overe,secretary,1overe,confirmatory,predictive_loss_pct,F1_percentage_points,family_centroid_mean,0.076170916841913905,0.94999999999999996,122,10000,percentile_bootstrap,0.023545655451101287,0.13281909102509606,0.028051513296635754,-0.18600606893498961,0.33445779428280126,0.13340029757780328,-0.19427553350288185,0.34120178594959821,0.13763892059040178,dataset_family,122,equal family weight after within-family median aggregation
classification_entropy,secretary|1overe,secretary,1overe,confirmatory,predictive_loss_pct,F1_percentage_points,cross_family_median,0.099620036951833524,0.94999999999999996,122,10000,percentile_bootstrap,0.038981363112586133,0.1827402009173662,0.034663411644096725,0,0.34651309029954391,0.10201072723214179,0,0.34399693212172427,0.097995359575731203,dataset_family,122,equal family weight after within-family median aggregation
classification_entropy,secretary|1overe,secretary,1overe,confirmatory,effort_saved_pct,percent_gain_evaluations,family_centroid_mean,36.792078010675894,0.94999999999999996,122,10000,percentile_bootstrap,36.655354102537345,36.946060198842218,0.07378919990769417,34.174770349852736,39.297864970005968,1.3176305868178164,34.175178357779529,39.312969861148183,1.3209241809391199,dataset_family,122,equal family weight after within-family median aggregation
classification_entropy,secretary|1overe,secretary,1overe,confirmatory,effort_saved_pct,percent_gain_evaluations,cross_family_median,41.948087843485503,0.94999999999999996,122,10000,percentile_bootstrap,41.188163157783009,42.081062518997996,0.23983792396289064,38.304323997379129,43.931334622823989,1.8481602018401295,38.013769178765799,44.008506859923344,1.7433645118845202,dataset_family,122,equal family weight after within-family median aggregation
classification_entropy,secretary|ln_n,secretary,ln_n,exploratory,time_saved_pct,percent_training_time,family_centroid_mean,33.497676202467908,0.94999999999999996,122,10000,percentile_bootstrap,33.032493234993311,33.782148207660462,0.18970487017322185,29.3365184868941,37.722559339661629,2.1335496637541391,29.176990500927555,37.630339973089399,2.1427590768777485,dataset_family,122,equal family weight after within-family median aggregation
classification_entropy,secretary|ln_n,secretary,ln_n,exploratory,time_saved_pct,percent_training_time,cross_family_median,27.822627229437281,0.94999999999999996,122,10000,percentile_bootstrap,27.171807230802735,29.740293882952745,0.65420836991925002,21.47531953078591,41.069026903768602,5.00135987743817,21.284264803692604,40.568272509652509,4.8690334507976401,dataset_family,122,equal family weight after within-family median aggregation
classification_entropy,secretary|ln_n,secretary,ln_n,exploratory,predictive_loss_pct,F1_percentage_points,family_centroid_mean,0.81181763714804445,0.94999999999999996,122,10000,percentile_bootstrap,0.75152163939556749,0.87133451927592487,0.030621186619582644,0.40808781237840053,1.2097960834706982,0.20585492189770932,0.40628291796119576,1.2163506924585727,0.20774176903900679,dataset_family,122,equal family weight after within-family median aggregation
classification_entropy,secretary|ln_n,secretary,ln_n,exploratory,predictive_loss_pct,F1_percentage_points,cross_family_median,0.73058994529650589,0.94999999999999996,122,10000,percentile_bootstrap,0.66831359753470243,0.83418316118159275,0.04300350760658344,0.47187400412652125,1.1676149357114389,0.17067928735777915,0.43728484113234906,1.0714317389754169,0.15894746521072906,dataset_family,122,equal family weight after within-family median aggregation
classification_entropy,secretary|ln_n,secretary,ln_n,exploratory,effort_saved_pct,percent_gain_evaluations,family_centroid_mean,50.417161658000673,0.94999999999999996,122,10000,percentile_bootstrap,50.228893481065391,50.717702359975718,0.12606018181546608,46.427763583619814,54.264516436499527,1.9983300333410412,46.520068612742541,54.296091654401877,1.990261992235669,dataset_family,122,equal family weight after within-family median aggregation
classification_entropy,secretary|ln_n,secretary,ln_n,exploratory,effort_saved_pct,percent_gain_evaluations,cross_family_median,56.02889141819594,0.94999999999999996,122,10000,percentile_bootstrap,55.204686223213628,56.439385087294077,0.31405897977929426,48.466215162365813,59.205986310829374,3.0373556982659839,48.569061762295611,59.235188491918471,2.9796778074435752,dataset_family,122,equal family weight after within-family median aggregation
classification_entropy,secretary|sqrt_n,secretary,sqrt_n,exploratory,time_saved_pct,percent_training_time,family_centroid_mean,36.777654252606268,0.94999999999999996,122,10000,percentile_bootstrap,36.346510795712874,36.988846985906413,0.16428979201000282,32.147412360985342,41.306053071005998,2.3443082524897227,32.010195909703462,41.243773524974742,2.3572609319151367,dataset_family,122,equal family weight after within-family median aggregation
classification_entropy,secretary|sqrt_n,secretary,sqrt_n,exploratory,time_saved_pct,percent_training_time,cross_family_median,31.67145539356347,0.94999999999999996,122,10000,percentile_bootstrap,30.281545948742931,32.492015731904822,0.55745088634103146,22.110342169292142,42.448179329979929,4.667571262119818,22.706444303949173,42.201895714874738,4.6467985519450163,dataset_family,122,equal family weight after within-family median aggregation
classification_entropy,secretary|sqrt_n,secretary,sqrt_n,exploratory,predictive_loss_pct,F1_percentage_points,family_centroid_mean,1.2156379773822559,0.94999999999999996,122,10000,percentile_bootstrap,1.1488092286921077,1.2792138206960719,0.03348747350822192,0.73459314476816806,1.704095671231157,0.24921747711015696,0.72847153095008588,1.7031452890116021,0.25008568538733422,dataset_family,122,equal family weight after within-family median aggregation
classification_entropy,secretary|sqrt_n,secretary,sqrt_n,exploratory,predictive_loss_pct,F1_percentage_points,cross_family_median,0.86450289454524654,0.94999999999999996,122,10000,percentile_bootstrap,0.68513515953864879,0.93384139172840164,0.065835546365663217,0.54465996547569118,1.0891572234762614,0.15553215560372757,0.49772310031371447,1.1144112508854098,0.16414304824051634,dataset_family,122,equal family weight after within-family median aggregation
classification_entropy,secretary|sqrt_n,secretary,sqrt_n,exploratory,effort_saved_pct,percent_gain_evaluations,family_centroid_mean,48.803596306169773,0.94999999999999996,122,10000,percentile_bootstrap,48.612100183540782,49.04926076565588,0.110450233525538,44.008287612628791,53.332885397352115,2.3819118564213531,44.046935610617929,53.359521347414791,2.3791593088584544,dataset_family,122,equal family weight after within-family median aggregation
classification_entropy,secretary|sqrt_n,secretary,sqrt_n,exploratory,effort_saved_pct,percent_gain_evaluations,cross_family_median,55.946147453777733,0.94999999999999996,122,10000,percentile_bootstrap,54.879216716845946,56.29281391867859,0.34059490955424071,45.782541303836958,59.567155886465592,3.8815785978067034,45.887008424987421,59.582914942449825,3.7773951155035665,dataset_family,122,equal family weight after within-family median aggregation
