task,method_key,splitter,variant,analysis_tier,metric,unit,estimand,estimate,confidence,n_datasets,n_bootstrap,interval_method,within_ci_low,within_ci_high,within_se,between_ci_low,between_ci_high,between_se,hierarchical_ci_low,hierarchical_ci_high,hierarchical_se
regression,best|,best,,confirmatory,time_saved_pct,percent_training_time,centroid_mean,0,0.94999999999999996,113,10000,percentile_bootstrap,0,0,0,0,0,0,0,0,0
regression,best|,best,,confirmatory,time_saved_pct,percent_training_time,cross_dataset_median,0,0.94999999999999996,113,10000,percentile_bootstrap,0,0,0,0,0,0,0,0,0
regression,best|,best,,confirmatory,predictive_loss_pct,percent_bounded_relative_RMSE_loss,centroid_mean,0,0.94999999999999996,113,10000,percentile_bootstrap,0,0,0,0,0,0,0,0,0
regression,best|,best,,confirmatory,predictive_loss_pct,percent_bounded_relative_RMSE_loss,cross_dataset_median,0,0.94999999999999996,113,10000,percentile_bootstrap,0,0,0,0,0,0,0,0,0
regression,best|,best,,confirmatory,effort_saved_pct,percent_gain_evaluations,centroid_mean,0,0.94999999999999996,113,10000,percentile_bootstrap,0,0,0,0,0,0,0,0,0
regression,best|,best,,confirmatory,effort_saved_pct,percent_gain_evaluations,cross_dataset_median,0,0.94999999999999996,113,10000,percentile_bootstrap,0,0,0,0,0,0,0,0,0
regression,block_rank|,block_rank,,confirmatory,time_saved_pct,percent_training_time,centroid_mean,60.460765219473004,0.94999999999999996,113,10000,percentile_bootstrap,60.239443556237134,60.56127751103967,0.082351486859249937,55.791804875244964,65.055995018926041,2.3525736751825264,55.739819832239107,65.02919497162884,2.3626375992314732
regression,block_rank|,block_rank,,confirmatory,time_saved_pct,percent_training_time,cross_dataset_median,63.064453901170324,0.94999999999999996,113,10000,percentile_bootstrap,62.39406643934857,64.215232401262298,0.432210237600615,59.041613913493677,74.77265700189875,4.3447359163162291,59.078031583349549,74.824699092212313,4.3145128617467376
regression,block_rank|,block_rank,,confirmatory,predictive_loss_pct,percent_bounded_relative_RMSE_loss,centroid_mean,31.334101261493462,0.94999999999999996,113,10000,percentile_bootstrap,31.144941929413857,31.604922435543706,0.11865544755257089,27.258104339030972,35.320356421815319,2.0541876248166187,27.287277136025555,35.350728491144821,2.0540052325572744
regression,block_rank|,block_rank,,confirmatory,predictive_loss_pct,percent_bounded_relative_RMSE_loss,cross_dataset_median,31.90733657964558,0.94999999999999996,113,10000,percentile_bootstrap,31.524316218174555,33.282079108965313,0.52488551622423785,24.761476543515627,39.231020623225241,3.7195512294628346,24.86876253730096,39.282829298858971,3.6930805074987973
regression,block_rank|,block_rank,,confirmatory,effort_saved_pct,percent_gain_evaluations,centroid_mean,83.794325306380856,0.94999999999999996,113,10000,percentile_bootstrap,83.725416619253394,83.829887904160756,0.026468626478129385,80.364920659580008,86.828232872758363,1.6417225024290627,80.347265321685811,86.811890662153672,1.6448075735631411
regression,block_rank|,block_rank,,confirmatory,effort_saved_pct,percent_gain_evaluations,cross_dataset_median,90.761378938863444,0.94999999999999996,113,10000,percentile_bootstrap,90.57354713619452,90.973067600323191,0.10686393086725127,88.118555464910813,92.106860494771752,0.98123715626240071,88.183807439824946,92.078806426931905,0.97245387324705246
regression,double_secretary|0.1n,double_secretary,0.1n,exploratory,time_saved_pct,percent_training_time,centroid_mean,34.665757990267267,0.94999999999999996,113,10000,percentile_bootstrap,34.363041642803282,34.844581016145185,0.12259976299521337,31.860934317905677,37.464525850262035,1.4273548287021049,31.782899106252145,37.435202105591259,1.4408333473488775
regression,double_secretary|0.1n,double_secretary,0.1n,exploratory,time_saved_pct,percent_training_time,cross_dataset_median,39.065201326184798,0.94999999999999996,113,10000,percentile_bootstrap,37.543140726642015,40.164228565797821,0.68891715988368385,29.833893192342455,43.148195460288555,3.4140181005466701,29.662844715070158,43.032327473238489,3.4404490856078502
regression,double_secretary|0.1n,double_secretary,0.1n,exploratory,predictive_loss_pct,percent_bounded_relative_RMSE_loss,centroid_mean,12.556470113904167,0.94999999999999996,113,10000,percentile_bootstrap,12.360209619448462,12.691557311936066,0.083591687446834845,10.24646726479534,15.039395674718808,1.2059010850647727,10.208471213885007,15.00128485322317,1.2082170215415522
regression,double_secretary|0.1n,double_secretary,0.1n,exploratory,predictive_loss_pct,percent_bounded_relative_RMSE_loss,cross_dataset_median,8.658591337044486,0.94999999999999996,113,10000,percentile_bootstrap,8.0831395778713784,9.6773104778521031,0.42191965276054849,5.9304084790106018,13.318528195775864,2.2371360152942796,5.8553429952785567,13.690046850295746,2.2180719254487182
regression,double_secretary|0.1n,double_secretary,0.1n,exploratory,effort_saved_pct,percent_gain_evaluations,centroid_mean,34.787306655265233,0.94999999999999996,113,10000,percentile_bootstrap,34.706538097158742,34.862958456240847,0.039952843283901855,30.086564083512755,39.124047732586703,2.3278652976428349,30.069271629943493,39.140014975137831,2.3273450521220678
regression,double_secretary|0.1n,double_secretary,0.1n,exploratory,effort_saved_pct,percent_gain_evaluations,cross_dataset_median,46.31881680506379,0.94999999999999996,113,10000,percentile_bootstrap,45.845612696719947,46.54559504661232,0.18267755924416609,42.89488298294328,47.767480351518302,1.6250292592391411,42.442364141213822,47.78598133397746,1.6183115379269382
regression,double_secretary|1overe,double_secretary,1overe,confirmatory,time_saved_pct,percent_training_time,centroid_mean,5.4588532841984403,0.94999999999999996,113,10000,percentile_bootstrap,5.0719401642566986,5.628474328587286,0.14199650794638638,4.5877882699356798,6.3399495605405063,0.44787462590958244,4.45107168422419,6.2699391230632324,0.46624717958688394
regression,double_secretary|1overe,double_secretary,1overe,confirmatory,time_saved_pct,percent_training_time,cross_dataset_median,5.5142159971359632,0.94999999999999996,113,10000,percentile_bootstrap,5.0453044078542231,6.1793673196489323,0.29936637414276379,4.8767723700800065,6.8613254638164474,0.51102169478661441,4.3435809878047387,6.6521329878338671,0.58749653516568645
regression,double_secretary|1overe,double_secretary,1overe,confirmatory,predictive_loss_pct,percent_bounded_relative_RMSE_loss,centroid_mean,2.6666780571525286,0.94999999999999996,113,10000,percentile_bootstrap,2.5157504113848024,2.7908535180044822,0.070330791126037309,1.9461065698779316,3.4856067680644185,0.39288324064327157,1.9206176677579263,3.490936810400969,0.39870269635205458
regression,double_secretary|1overe,double_secretary,1overe,confirmatory,predictive_loss_pct,percent_bounded_relative_RMSE_loss,cross_dataset_median,1.7515423007052222,0.94999999999999996,113,10000,percentile_bootstrap,1.5898071318199369,2.0810631095382548,0.12443347178240144,1.333196887651189,2.7151898357518189,0.36981992034926564,1.3256741566183505,2.5622306303752294,0.3160754614590422
regression,double_secretary|1overe,double_secretary,1overe,confirmatory,effort_saved_pct,percent_gain_evaluations,centroid_mean,-0.51268247555004587,0.94999999999999996,113,10000,percentile_bootstrap,-0.57308818604082457,-0.4320855982218661,0.036213988515713148,-2.639681468089528,1.4229688998759877,1.0630516629969131,-2.6356168192943299,1.4399790133968879,1.0629414714922041
regression,double_secretary|1overe,double_secretary,1overe,confirmatory,effort_saved_pct,percent_gain_evaluations,cross_dataset_median,1.8829788196044972,0.94999999999999996,113,10000,percentile_bootstrap,1.5949298813376533,2.1825230126344852,0.15977104895625488,0.21563695435729002,3.5075738763347406,0.76455195353113636,0.35003548993834005,3.5589051963506591,0.7599057396486788
regression,double_secretary|ln_n,double_secretary,ln_n,exploratory,time_saved_pct,percent_training_time,centroid_mean,28.835029556058487,0.94999999999999996,113,10000,percentile_bootstrap,28.556361055782695,29.047701594397278,0.12437101268200967,26.32903389837384,31.37345250019343,1.2915460774842897,26.277373673546617,31.362871965097725,1.2989754601034786
regression,double_secretary|ln_n,double_secretary,ln_n,exploratory,time_saved_pct,percent_training_time,cross_dataset_median,25.775616384152556,0.94999999999999996,113,10000,percentile_bootstrap,24.943496504715952,26.426533006098648,0.36216701510819344,23.618823264848686,28.964834684133013,1.5626244279140187,23.329871928003254,29.979382680908074,1.6148573634174122
regression,double_secretary|ln_n,double_secretary,ln_n,exploratory,predictive_loss_pct,percent_bounded_relative_RMSE_loss,centroid_mean,9.3172516032099733,0.94999999999999996,113,10000,percentile_bootstrap,9.1297961690356111,9.4437441756667901,0.081100320455663955,7.5266025164038624,11.382334909029952,0.96581063285504876,7.4938939305496497,11.34660448932922,0.96710160586376592
regression,double_secretary|ln_n,double_secretary,ln_n,exploratory,predictive_loss_pct,percent_bounded_relative_RMSE_loss,cross_dataset_median,6.3282937574210383,0.94999999999999996,113,10000,percentile_bootstrap,6.2635717153189496,7.2897546477854069,0.25938272115487099,5.5365416626688146,8.658591337044486,0.91847245509693798,5.4455681773499007,8.7833637361901307,0.88267286651704646
regression,double_secretary|ln_n,double_secretary,ln_n,exploratory,effort_saved_pct,percent_gain_evaluations,centroid_mean,27.156898179955238,0.94999999999999996,113,10000,percentile_bootstrap,27.078074636579895,27.243476355538977,0.042362128183451066,23.00907503082983,31.054067457162759,2.0653067247499584,23.018212255008134,31.062452522011903,2.065351916650092
regression,double_secretary|ln_n,double_secretary,ln_n,exploratory,effort_saved_pct,percent_gain_evaluations,cross_dataset_median,29.757347915242654,0.94999999999999996,113,10000,percentile_bootstrap,29.372946183267789,30.159406584845584,0.19639420060365695,28.718468669221853,32.031478944987427,1.2200548762518413,28.530266620894839,32.20452394139069,1.1881661996351969
regression,double_secretary|sqrt_n,double_secretary,sqrt_n,exploratory,time_saved_pct,percent_training_time,centroid_mean,27.595181813241496,0.94999999999999996,113,10000,percentile_bootstrap,27.270425191806464,27.778181539615307,0.13040242359517101,24.954232917994979,30.347870577838176,1.3745901763448169,24.868490802049241,30.296764774951143,1.3845278868671214
regression,double_secretary|sqrt_n,double_secretary,sqrt_n,exploratory,time_saved_pct,percent_training_time,cross_dataset_median,25.828175029899793,0.94999999999999996,113,10000,percentile_bootstrap,25.060064288066329,26.860349158658448,0.45661533126263898,21.900229681212668,29.000040490910951,1.8066040108777044,21.603548165741739,30.133659142164106,1.9810837324158359
regression,double_secretary|sqrt_n,double_secretary,sqrt_n,exploratory,predictive_loss_pct,percent_bounded_relative_RMSE_loss,centroid_mean,12.184368934092836,0.94999999999999996,113,10000,percentile_bootstrap,12.011240552784923,12.356759806651475,0.087493813863737724,9.9237718347565966,14.597193186111449,1.1842532197359761,9.923447479009905,14.60690190285567,1.1880742660042587
regression,double_secretary|sqrt_n,double_secretary,sqrt_n,exploratory,predictive_loss_pct,percent_bounded_relative_RMSE_loss,cross_dataset_median,8.1127949604491327,0.94999999999999996,113,10000,percentile_bootstrap,6.9110296962370477,8.7582662613463764,0.46642382918453074,4.8879191886983362,13.004693229380827,2.0192970451784151,4.9212150200574456,12.958434057731782,2.0546635034647038
regression,double_secretary|sqrt_n,double_secretary,sqrt_n,exploratory,effort_saved_pct,percent_gain_evaluations,centroid_mean,22.251071007329465,0.94999999999999996,113,10000,percentile_bootstrap,22.174514633469187,22.321418845816019,0.037456817472055516,18.179622271717509,26.133408399887553,2.0409308732665181,18.170116910807888,26.12635931769,2.0416614616139892
regression,double_secretary|sqrt_n,double_secretary,sqrt_n,exploratory,effort_saved_pct,percent_gain_evaluations,cross_dataset_median,29.185666921703646,0.94999999999999996,113,10000,percentile_bootstrap,28.862044817927174,29.629351307366232,0.19864908290484498,21.472021970477162,31.751952598976569,2.6559742384119271,21.105521722892174,31.935782499423556,2.6575831875370457
regression,extra_tree|max_features=1,extra_tree,max_features=1,confirmatory,time_saved_pct,percent_training_time,centroid_mean,71.047654256661033,0.94999999999999996,113,10000,percentile_bootstrap,70.798675597682333,71.102997091677324,0.077708947190583355,66.12853321871917,75.758753664990735,2.4862595404822221,66.016714429841315,75.708041741637714,2.4981062177053381
regression,extra_tree|max_features=1,extra_tree,max_features=1,confirmatory,time_saved_pct,percent_training_time,cross_dataset_median,81.510653953313422,0.94999999999999996,113,10000,percentile_bootstrap,81.152218979634725,82.221209282094804,0.32035434141815433,72.286574920461888,85.961228515146672,3.8105175657132566,72.305927125107615,86.289087201377953,3.8117673964286425
regression,extra_tree|max_features=1,extra_tree,max_features=1,confirmatory,predictive_loss_pct,percent_bounded_relative_RMSE_loss,centroid_mean,36.021605147457223,0.94999999999999996,113,10000,percentile_bootstrap,35.812548311107093,36.195197585861102,0.096052820927494953,31.89727613237628,40.008237835129307,2.0822234494703622,31.877921007232697,40.018514584939929,2.0896505227925726
regression,extra_tree|max_features=1,extra_tree,max_features=1,confirmatory,predictive_loss_pct,percent_bounded_relative_RMSE_loss,cross_dataset_median,36.674626652088087,0.94999999999999996,113,10000,percentile_bootstrap,36.231882557864537,38.041809255914082,0.44333106362684066,31.244334810760222,44.082827907823074,3.4485229734353808,30.651245598600994,44.013455921754314,3.4867666390961767
regression,extra_tree|max_features=1,extra_tree,max_features=1,confirmatory,effort_saved_pct,percent_gain_evaluations,centroid_mean,95.60513765741463,0.94999999999999996,113,10000,percentile_bootstrap,95.602627077312079,95.607372554900152,0.0011842164803595268,93.841061448673685,97.112131289784799,0.83639979219142813,93.839860050782988,97.112197167722513,0.83649926317800827
regression,extra_tree|max_features=1,extra_tree,max_features=1,confirmatory,effort_saved_pct,percent_gain_evaluations,cross_dataset_median,98.925281473899702,0.94999999999999996,113,10000,percentile_bootstrap,98.925281473899702,98.925820179927811,0.00015851642217559308,98.509433962264154,99.084035955682523,0.1495900190005571,98.509433962264154,99.084152091608019,0.14918623830896544
regression,extra_tree|max_features=1over3,extra_tree,max_features=1over3,confirmatory,time_saved_pct,percent_training_time,centroid_mean,66.591070889566041,0.94999999999999996,113,10000,percentile_bootstrap,66.340202334735835,66.667952321362733,0.083678715590775249,61.95203737816454,71.084300833615941,2.3572479412681053,61.86206588728664,71.003435075786172,2.3670118435641281
regression,extra_tree|max_features=1over3,extra_tree,max_features=1over3,confirmatory,time_saved_pct,percent_training_time,cross_dataset_median,77.350139484851283,0.94999999999999996,113,10000,percentile_bootstrap,77.119518740231825,77.718447860234747,0.14530075137473444,70.325117732203026,81.663458949721118,3.2707275425119304,69.736092832348504,81.810566672733231,3.2584836506379862
regression,extra_tree|max_features=1over3,extra_tree,max_features=1over3,confirmatory,predictive_loss_pct,percent_bounded_relative_RMSE_loss,centroid_mean,26.151782050676029,0.94999999999999996,113,10000,percentile_bootstrap,25.904382173761949,26.357301567428337,0.11569299708771447,22.87401961067863,29.353958568183316,1.6513628401085387,22.852298626793335,29.335626631182574,1.6596453724911928
regression,extra_tree|max_features=1over3,extra_tree,max_features=1over3,confirmatory,predictive_loss_pct,percent_bounded_relative_RMSE_loss,cross_dataset_median,28.365726536235247,0.94999999999999996,113,10000,percentile_bootstrap,27.547029259265198,28.994374141461449,0.37306674187352523,23.848304592326674,33.361483530302728,2.0873298348741938,23.89221785465358,33.246622102553417,2.1168949942885416
regression,extra_tree|max_features=1over3,extra_tree,max_features=1over3,confirmatory,effort_saved_pct,percent_gain_evaluations,centroid_mean,92.885441792847232,0.94999999999999996,113,10000,percentile_bootstrap,92.880959600151101,92.890330869250008,0.0023394001089711795,90.78497898623435,94.640042607654266,0.99519092997743663,90.78698821029451,94.640761518006485,0.9952737339162806
regression,extra_tree|max_features=1over3,extra_tree,max_features=1over3,confirmatory,effort_saved_pct,percent_gain_evaluations,cross_dataset_median,96.701882024243687,0.94999999999999996,113,10000,percentile_bootstrap,96.69940037038684,96.702709242195965,0.0013096448784903662,96.472733300182341,96.96912860546459,0.13386276547526108,96.472733300182341,96.96912860546459,0.13378055771335259
regression,extra_tree|max_features=2over3,extra_tree,max_features=2over3,confirmatory,time_saved_pct,percent_training_time,centroid_mean,60.50315030317195,0.94999999999999996,113,10000,percentile_bootstrap,60.268009052365954,60.602346949182348,0.085809649365912108,56.062159531949469,64.801044447128263,2.2619970932277789,55.994757672837515,64.778424341701935,2.2682655874116042
regression,extra_tree|max_features=2over3,extra_tree,max_features=2over3,confirmatory,time_saved_pct,percent_training_time,cross_dataset_median,70.316889681981422,0.94999999999999996,113,10000,percentile_bootstrap,69.626740818841,70.534475083145381,0.24976311805192603,61.620610096500798,73.32473407440159,3.3052614059970056,61.441649543921109,73.74871872551671,3.273358446427816
regression,extra_tree|max_features=2over3,extra_tree,max_features=2over3,confirmatory,predictive_loss_pct,percent_bounded_relative_RMSE_loss,centroid_mean,15.078447850481968,0.94999999999999996,113,10000,percentile_bootstrap,14.851367479532259,15.314134513524223,0.11873988137415468,12.840791437207665,17.354088268921842,1.1529750721469394,12.850810574909435,17.35676069648682,1.1563952492705558
regression,extra_tree|max_features=2over3,extra_tree,max_features=2over3,confirmatory,predictive_loss_pct,percent_bounded_relative_RMSE_loss,cross_dataset_median,15.231748553074704,0.94999999999999996,113,10000,percentile_bootstrap,14.680304197255822,15.646112081210809,0.25392295871465731,12.187771929219915,18.218691893854878,1.3196271908454373,12.049153804923185,17.85131076448376,1.3369725830293637
regression,extra_tree|max_features=2over3,extra_tree,max_features=2over3,confirmatory,effort_saved_pct,percent_gain_evaluations,centroid_mean,88.347912267397376,0.94999999999999996,113,10000,percentile_bootstrap,88.339382553710109,88.35607122451799,0.0042934107900949288,85.857533907707577,90.45984938134265,1.1903018354924177,85.856546893694627,90.460825856990766,1.1902563792667753
regression,extra_tree|max_features=2over3,extra_tree,max_features=2over3,confirmatory,effort_saved_pct,percent_gain_evaluations,cross_dataset_median,92.945466600364654,0.94999999999999996,113,10000,percentile_bootstrap,92.945466600364654,92.945466600364654,1.4211565311232908e-14,92.326786359802384,93.531128404669261,0.30081404900639958,92.326786359802384,93.531128404669261,0.30049470020234109
regression,extra_tree|max_features=all,extra_tree,max_features=all,confirmatory,time_saved_pct,percent_training_time,centroid_mean,54.043074671597438,0.94999999999999996,113,10000,percentile_bootstrap,53.744828558939361,54.143952171484678,0.10248613773666254,49.7841402572937,58.2229572504163,2.1825588374439504,49.61665559703254,58.158234947125507,2.1976690425102019
regression,extra_tree|max_features=all,extra_tree,max_features=all,confirmatory,time_saved_pct,percent_training_time,cross_dataset_median,61.895879923296462,0.94999999999999996,113,10000,percentile_bootstrap,61.322855160409532,62.262220814964323,0.24605800337846181,53.570572212994648,65.977200841157952,3.3929439193246824,53.892985662917013,66.000041072040318,3.3503834866527034
regression,extra_tree|max_features=all,extra_tree,max_features=all,confirmatory,predictive_loss_pct,percent_bounded_relative_RMSE_loss,centroid_mean,7.8595447728044459,0.94999999999999996,113,10000,percentile_bootstrap,7.4533730233639295,8.0490828589406256,0.15963482022853601,6.3793252263479383,9.2804033615288475,0.74625480428446167,6.1989321998605984,9.2548410473301441,0.77893898601920586
regression,extra_tree|max_features=all,extra_tree,max_features=all,confirmatory,predictive_loss_pct,percent_bounded_relative_RMSE_loss,cross_dataset_median,8.4615436365597319,0.94999999999999996,113,10000,percentile_bootstrap,7.9447271348646042,8.9566326952756015,0.23485246858986122,6.7343173929216853,10.275707194409838,1.017343183177734,6.5881963609696568,10.225382544741723,0.98242240406557901
regression,extra_tree|max_features=all,extra_tree,max_features=all,confirmatory,effort_saved_pct,percent_gain_evaluations,centroid_mean,83.818242149084512,0.94999999999999996,113,10000,percentile_bootstrap,83.793271676069651,83.824005554929172,0.0091769049957570806,81.048539496372811,86.165126927263401,1.3222757831923697,81.04122280733894,86.162897651080627,1.3245389957623792
regression,extra_tree|max_features=all,extra_tree,max_features=all,confirmatory,effort_saved_pct,percent_gain_evaluations,cross_dataset_median,88.802610848525759,0.94999999999999996,113,10000,percentile_bootstrap,88.802610848525759,88.802610848525759,0.00096318468326744833,87.665798933928357,89.544025157232696,0.56464375405428535,87.665798933928357,89.544025157232696,0.56449935305515575
regression,prophet_1sample|,prophet_1sample,,confirmatory,time_saved_pct,percent_training_time,centroid_mean,30.127447608756331,0.94999999999999996,113,10000,percentile_bootstrap,29.843309044087601,30.31261995602873,0.11964153671469811,26.839291726623475,33.306147259266098,1.6614678214869014,26.744811936625265,33.27290429043741,1.6708022605700064
regression,prophet_1sample|,prophet_1sample,,confirmatory,time_saved_pct,percent_training_time,cross_dataset_median,32.591021783376263,0.94999999999999996,113,10000,percentile_bootstrap,31.846677869212094,33.848616510402671,0.49503193381481597,27.965246998144078,35.975466732336216,2.2147095816205247,28.068589822954227,36.213703515028762,2.2050286259530996
regression,prophet_1sample|,prophet_1sample,,confirmatory,predictive_loss_pct,percent_bounded_relative_RMSE_loss,centroid_mean,7.1201686283961028,0.94999999999999996,113,10000,percentile_bootstrap,6.7263733929454972,7.2511190962506102,0.14623726018148347,5.9931716705692439,8.2328556956952266,0.57294712959186955,5.8274302060593923,8.1709752023765905,0.60156141926095441
regression,prophet_1sample|,prophet_1sample,,confirmatory,predictive_loss_pct,percent_bounded_relative_RMSE_loss,cross_dataset_median,6.4317575141623724,0.94999999999999996,113,10000,percentile_bootstrap,5.6144704817686186,6.8347646011298213,0.31235979241161854,4.2218393011030475,8.4990170574514075,1.0391324781308646,4.2820505096110741,8.1725097710391665,0.98820590014879228
regression,prophet_1sample|,prophet_1sample,,confirmatory,effort_saved_pct,percent_gain_evaluations,centroid_mean,51.518707014151289,0.94999999999999996,113,10000,percentile_bootstrap,51.448563311186795,51.584740819802718,0.034615861589106039,47.869517627517858,54.873550196278167,1.7820481485237967,47.864593135137049,54.863638632443497,1.7817339340348435
regression,prophet_1sample|,prophet_1sample,,confirmatory,effort_saved_pct,percent_gain_evaluations,cross_dataset_median,58.380493033226152,0.94999999999999996,113,10000,percentile_bootstrap,57.580804136339545,58.790546559765232,0.32898557966183434,56.187359378195943,60.57079130126224,1.4503725890466872,55.992512701666818,60.486946861692282,1.4209657277716634
regression,secretary_all|0.1n,secretary_all,0.1n,exploratory,time_saved_pct,percent_training_time,centroid_mean,37.530336536538307,0.94999999999999996,113,10000,percentile_bootstrap,37.163133645202763,37.646517748885216,0.12225959691109924,34.483232432841071,40.530244990707587,1.5431134249074334,34.350218343746278,40.398092845762449,1.5575237218707751
regression,secretary_all|0.1n,secretary_all,0.1n,exploratory,time_saved_pct,percent_training_time,cross_dataset_median,42.551969629766894,0.94999999999999996,113,10000,percentile_bootstrap,41.324519016989093,43.256534260719157,0.51427945033270206,33.326793877050385,46.786714215043624,3.4430046292005261,33.089471347325457,46.786840575169158,3.3650740795254759
regression,secretary_all|0.1n,secretary_all,0.1n,exploratory,predictive_loss_pct,percent_bounded_relative_RMSE_loss,centroid_mean,12.243677490786453,0.94999999999999996,113,10000,percentile_bootstrap,12.086456971140784,12.39421364696755,0.078725134103769162,9.9792408092121079,14.661823220800931,1.1782746342341772,9.955880289555628,14.667775594353728,1.1832623459447911
regression,secretary_all|0.1n,secretary_all,0.1n,exploratory,predictive_loss_pct,percent_bounded_relative_RMSE_loss,cross_dataset_median,9.3822383923809323,0.94999999999999996,113,10000,percentile_bootstrap,8.171374991565262,9.8177687276045038,0.40992013616310335,5.6884435252856687,13.248578381285053,2.1848036920064198,5.2647197614342112,13.426149619653382,2.175230744494852
regression,secretary_all|0.1n,secretary_all,0.1n,exploratory,effort_saved_pct,percent_gain_evaluations,centroid_mean,43.180449034945958,0.94999999999999996,113,10000,percentile_bootstrap,43.084725295014493,43.246845814416154,0.041484624240495045,40.005014916776773,46.173827485302375,1.5751176287844364,39.991082855409765,46.164182196890117,1.5757209638111516
regression,secretary_all|0.1n,secretary_all,0.1n,exploratory,effort_saved_pct,percent_gain_evaluations,cross_dataset_median,50.931493145231265,0.94999999999999996,113,10000,percentile_bootstrap,50.4209960026282,51.242444529527972,0.21104361785050155,47.287584291947638,52.392093795799177,1.3523402565386327,46.789210630702108,52.384522096732852,1.3511927604627458
regression,secretary_all|1overe,secretary_all,1overe,confirmatory,time_saved_pct,percent_training_time,centroid_mean,16.437828923734251,0.94999999999999996,113,10000,percentile_bootstrap,16.047871492230833,16.588142832608074,0.13826908059957144,15.625130518531666,17.25059125762191,0.41825021495418369,15.453494344577207,17.201333898545737,0.44855941715078157
regression,secretary_all|1overe,secretary_all,1overe,confirmatory,time_saved_pct,percent_training_time,cross_dataset_median,15.510074515256999,0.94999999999999996,113,10000,percentile_bootstrap,15.10781446872242,16.030869773284419,0.23559972855170844,14.60557505087996,16.965379240382617,0.62717503250639717,14.633383761769583,17.007115323447429,0.58547762096965783
regression,secretary_all|1overe,secretary_all,1overe,confirmatory,predictive_loss_pct,percent_bounded_relative_RMSE_loss,centroid_mean,2.6747196128035782,0.94999999999999996,113,10000,percentile_bootstrap,2.5314019290582328,2.7926568989756237,0.066367995222829768,1.9932976870278807,3.4620791849055768,0.37422098650234786,1.9709129345236138,3.4599790309950857,0.38106252583380579
regression,secretary_all|1overe,secretary_all,1overe,confirmatory,predictive_loss_pct,percent_bounded_relative_RMSE_loss,cross_dataset_median,1.8119816778365327,0.94999999999999996,113,10000,percentile_bootstrap,1.6091390744360947,2.0148038474859544,0.10482709274326149,1.4273978079656913,2.5180539469441432,0.26885295586978014,1.3939436615401652,2.377065400514379,0.24862166445172526
regression,secretary_all|1overe,secretary_all,1overe,confirmatory,effort_saved_pct,percent_gain_evaluations,centroid_mean,16.549083465094071,0.94999999999999996,113,10000,percentile_bootstrap,16.489999640523706,16.632725495211481,0.036322487114146297,15.50839593833029,17.549136812576887,0.52802740144820481,15.515232235775246,17.552328591497421,0.5295090113423967
regression,secretary_all|1overe,secretary_all,1overe,confirmatory,effort_saved_pct,percent_gain_evaluations,cross_dataset_median,17.419278064260212,0.94999999999999996,113,10000,percentile_bootstrap,17.217680285920757,17.754859182863946,0.14286082712627884,16.356870013224317,18.458491913107306,0.5339460312075277,16.466534540602851,18.566700013270594,0.50653442514189118
regression,secretary_all|ln_n,secretary_all,ln_n,exploratory,time_saved_pct,percent_training_time,centroid_mean,33.861462521203137,0.94999999999999996,113,10000,percentile_bootstrap,33.517837593956273,34.030716830898506,0.13048163611582492,31.253663958588906,36.43892103037274,1.3417541200189578,31.17699777176394,36.37242841714081,1.3529432452194352
regression,secretary_all|ln_n,secretary_all,ln_n,exploratory,time_saved_pct,percent_training_time,cross_dataset_median,32.479877697313817,0.94999999999999996,113,10000,percentile_bootstrap,31.753767908715446,33.35309461703033,0.39207413561607368,29.310962989068969,36.08353881740306,1.8048652985185463,29.260699810486571,36.503675494032272,1.7906646756178302
regression,secretary_all|ln_n,secretary_all,ln_n,exploratory,predictive_loss_pct,percent_bounded_relative_RMSE_loss,centroid_mean,9.0940701137762687,0.94999999999999996,113,10000,percentile_bootstrap,8.9417037447147347,9.2224728132794738,0.071122810959550753,7.3279554557954008,11.147798355008403,0.95436905087485313,7.2854974878306491,11.145234616640588,0.95898398959207409
regression,secretary_all|ln_n,secretary_all,ln_n,exploratory,predictive_loss_pct,percent_bounded_relative_RMSE_loss,cross_dataset_median,6.3206123477714984,0.94999999999999996,113,10000,percentile_bootstrap,5.8851292040217915,6.9489087136076213,0.26159605066732894,5.1913999604685124,8.8357278676338531,0.99751386241896522,4.9590383040379216,9.0167435499198447,1.0718732057975913
regression,secretary_all|ln_n,secretary_all,ln_n,exploratory,effort_saved_pct,percent_gain_evaluations,centroid_mean,37.081935785192698,0.94999999999999996,113,10000,percentile_bootstrap,36.989916697875934,37.152311372768672,0.041577746784320226,34.359427998631766,39.669765672156231,1.3653967205963597,34.344649768594238,39.645576215591575,1.3659390326295922
regression,secretary_all|ln_n,secretary_all,ln_n,exploratory,effort_saved_pct,percent_gain_evaluations,cross_dataset_median,37.691543804968212,0.94999999999999996,113,10000,percentile_bootstrap,37.592515629745549,38.321930722404787,0.18212240519019862,36.421325601153619,40.206580366774539,1.1192109380002848,36.535705746133878,40.846000498380263,1.1099153473029377
regression,secretary_all|sqrt_n,secretary_all,sqrt_n,exploratory,time_saved_pct,percent_training_time,centroid_mean,34.517436776365429,0.94999999999999996,113,10000,percentile_bootstrap,34.154624370884839,34.639238095482746,0.1247772345905358,31.741052578754573,37.35827035227139,1.4410493863961484,31.606471879832725,37.258614162130783,1.44990679822895
regression,secretary_all|sqrt_n,secretary_all,sqrt_n,exploratory,time_saved_pct,percent_training_time,cross_dataset_median,35.178617917668298,0.94999999999999996,113,10000,percentile_bootstrap,33.599080638408786,36.158243768581968,0.67040732792960955,30.020191817714704,39.025529406885454,2.8684336574232865,29.653565583507131,39.434956966682364,2.8027617405273082
regression,secretary_all|sqrt_n,secretary_all,sqrt_n,exploratory,predictive_loss_pct,percent_bounded_relative_RMSE_loss,centroid_mean,11.807694682398107,0.94999999999999996,113,10000,percentile_bootstrap,11.669204169667895,11.979375538853997,0.079763922301648457,9.5451859882603767,14.2342306469838,1.1917293159016789,9.5414931725551533,14.259154818206374,1.1933509966302565
regression,secretary_all|sqrt_n,secretary_all,sqrt_n,exploratory,predictive_loss_pct,percent_bounded_relative_RMSE_loss,cross_dataset_median,8.4822049292144985,0.94999999999999996,113,10000,percentile_bootstrap,7.5592639119766609,8.9336418223516443,0.33791537858458415,4.1139253377001692,12.02412528101009,1.9100002157827281,4.2201854108570744,12.397181903552834,1.9669438627828522
regression,secretary_all|sqrt_n,secretary_all,sqrt_n,exploratory,effort_saved_pct,percent_gain_evaluations,centroid_mean,35.799679592739736,0.94999999999999996,113,10000,percentile_bootstrap,35.72845859177577,35.87443983421673,0.037256696606825464,33.10725635880312,38.417168994971895,1.3603373288163505,33.114207412082301,38.415032829601778,1.3611080739767574
regression,secretary_all|sqrt_n,secretary_all,sqrt_n,exploratory,effort_saved_pct,percent_gain_evaluations,cross_dataset_median,40.286440522248654,0.94999999999999996,113,10000,percentile_bootstrap,39.922969187675072,40.650093370681603,0.18365722965226836,33.797106966121049,42.546100174433086,2.0513172477178148,34.004751903550513,42.678399745896733,2.0348183625366199
regression,secretary|0.1n,secretary,0.1n,exploratory,time_saved_pct,percent_training_time,centroid_mean,45.211995492869761,0.94999999999999996,113,10000,percentile_bootstrap,44.896453583500744,45.309655766380551,0.10611141806032517,41.770642743692633,48.599035929644138,1.7460250896957759,41.65901447302592,48.533826428294539,1.7536130952157716
regression,secretary|0.1n,secretary,0.1n,exploratory,time_saved_pct,percent_training_time,cross_dataset_median,51.965609632486739,0.94999999999999996,113,10000,percentile_bootstrap,49.721813123877659,52.534053452545429,0.77938853561447885,40.639643290016757,56.159051622688281,4.1029301558863978,40.526396501357816,56.146037094680509,4.0618805506018623
regression,secretary|0.1n,secretary,0.1n,exploratory,predictive_loss_pct,percent_bounded_relative_RMSE_loss,centroid_mean,17.677972897190141,0.94999999999999996,113,10000,percentile_bootstrap,17.496174793741524,17.848123997359775,0.08891706248111006,14.865174900303213,20.572672741818909,1.4401571477581667,14.842441230682423,20.578719780430152,1.4445238094442947
regression,secretary|0.1n,secretary,0.1n,exploratory,predictive_loss_pct,percent_bounded_relative_RMSE_loss,cross_dataset_median,15.529096155608634,0.94999999999999996,113,10000,percentile_bootstrap,14.11476301641601,15.965322381616453,0.47057895903175662,11.353629678607618,20.371557428335901,2.4282824637475988,11.362192766104929,20.258674478266006,2.363284808191719
regression,secretary|0.1n,secretary,0.1n,exploratory,effort_saved_pct,percent_gain_evaluations,centroid_mean,66.034732480469671,0.94999999999999996,113,10000,percentile_bootstrap,65.967967887746155,66.104837134731014,0.035315081591117695,63.569931852820531,68.3039765242725,1.2111008475115912,63.559911883846219,68.300620091858022,1.2098860179529176
regression,secretary|0.1n,secretary,0.1n,exploratory,effort_saved_pct,percent_gain_evaluations,cross_dataset_median,72.484557157854027,0.94999999999999996,113,10000,percentile_bootstrap,72.287483625104201,72.780519534942499,0.12532050062086317,69.884817148867739,73.418005610813566,0.95551800235793904,69.656709287486635,73.37908910087387,0.96723873425111706
regression,secretary|1overe,secretary,1overe,confirmatory,time_saved_pct,percent_training_time,centroid_mean,15.672231163751228,0.94999999999999996,113,10000,percentile_bootstrap,15.248817391508664,15.81219959655777,0.14349389435524323,14.286613396841476,17.041190584147138,0.70855907296088749,14.104605933525523,16.962862720881514,0.7375889969117001
regression,secretary|1overe,secretary,1overe,confirmatory,time_saved_pct,percent_training_time,cross_dataset_median,15.410967452849455,0.94999999999999996,113,10000,percentile_bootstrap,14.831773007951654,16.198234225607688,0.35267704390734222,13.264023436142836,17.257915079627161,1.1992981746471636,13.003901170354625,17.608771245387874,1.1958483528591082
regression,secretary|1overe,secretary,1overe,confirmatory,predictive_loss_pct,percent_bounded_relative_RMSE_loss,centroid_mean,4.662314649756417,0.94999999999999996,113,10000,percentile_bootstrap,4.5011114785778226,4.7986895687484452,0.075856881217276503,3.5872704800798068,5.8514604705972424,0.57798459188489604,3.5579887472446723,5.8447969915715454,0.58296777027079472
regression,secretary|1overe,secretary,1overe,confirmatory,predictive_loss_pct,percent_bounded_relative_RMSE_loss,cross_dataset_median,3.8809116397315266,0.94999999999999996,113,10000,percentile_bootstrap,3.395615110122324,4.1323697405153297,0.18558305206095735,2.9944213001407483,4.9514066359274747,0.50886013440966671,2.8848238968639111,4.9017542936348431,0.51455109153810408
regression,secretary|1overe,secretary,1overe,confirmatory,effort_saved_pct,percent_gain_evaluations,centroid_mean,44.966772622045738,0.94999999999999996,113,10000,percentile_bootstrap,44.892867031098056,45.038498811925301,0.037039461698068057,43.76605244793565,46.064813863138646,0.59269596732416818,43.762610274882945,46.053693834095917,0.5909138244537937
regression,secretary|1overe,secretary,1overe,confirmatory,effort_saved_pct,percent_gain_evaluations,cross_dataset_median,46.849323062558355,0.94999999999999996,113,10000,percentile_bootstrap,46.607335490830636,47.051442910915931,0.11158044819859669,45.880755466555279,47.457279562542723,0.41172620243556862,45.86632534090333,47.465408812848082,0.4141015914364517
regression,secretary|ln_n,secretary,ln_n,exploratory,time_saved_pct,percent_training_time,centroid_mean,40.024672114762424,0.94999999999999996,113,10000,percentile_bootstrap,39.699890162718368,40.145415021121977,0.11278441101693967,36.956633296389427,43.082097686640836,1.5810093158750986,36.820589379903303,43.03503742773615,1.5923781602131868
regression,secretary|ln_n,secretary,ln_n,exploratory,time_saved_pct,percent_training_time,cross_dataset_median,40.43263801149417,0.94999999999999996,113,10000,percentile_bootstrap,39.469256462295242,41.699866170990809,0.53644610325897712,36.454889233016416,44.981665767305898,2.4690815187551376,36.373621512514113,45.264478271639327,2.4796325600913267
regression,secretary|ln_n,secretary,ln_n,exploratory,predictive_loss_pct,percent_bounded_relative_RMSE_loss,centroid_mean,13.820899478762493,0.94999999999999996,113,10000,percentile_bootstrap,13.64826732710225,13.982315429502179,0.086150915645672815,11.591477164511254,16.236768845277457,1.1754879147892054,11.565712922457173,16.24813878522243,1.1822592659150444
regression,secretary|ln_n,secretary,ln_n,exploratory,predictive_loss_pct,percent_bounded_relative_RMSE_loss,cross_dataset_median,11.908884946443587,0.94999999999999996,113,10000,percentile_bootstrap,11.159571131594475,12.581041359160549,0.36563392205249406,9.6138355477434434,14.432974878333587,1.4281168120423846,9.1691123217414621,14.52352225291701,1.4341237713630208
regression,secretary|ln_n,secretary,ln_n,exploratory,effort_saved_pct,percent_gain_evaluations,centroid_mean,61.196595072932602,0.94999999999999996,113,10000,percentile_bootstrap,61.125434475534497,61.277507562823367,0.038684673100647493,59.012503818449943,63.259961886588897,1.09204381235918,59.021406496626014,63.240961197291661,1.0891657196445117
regression,secretary|ln_n,secretary,ln_n,exploratory,effort_saved_pct,percent_gain_evaluations,cross_dataset_median,63.683018867924531,0.94999999999999996,113,10000,percentile_bootstrap,63.155443061185494,64.171067311268132,0.25179031578888705,61.269826614365364,65.531823085221134,1.1292483040874781,61.155871760424361,65.636461704422871,1.1567137901438409
regression,secretary|sqrt_n,secretary,sqrt_n,exploratory,time_saved_pct,percent_training_time,centroid_mean,39.201957360637692,0.94999999999999996,113,10000,percentile_bootstrap,38.872595010663218,39.340554829559188,0.1189174608335276,35.894220550715225,42.517953539674473,1.7022541151085688,35.778200225320376,42.452686244121708,1.7169949236563309
regression,secretary|sqrt_n,secretary,sqrt_n,exploratory,time_saved_pct,percent_training_time,cross_dataset_median,39.950902518468588,0.94999999999999996,113,10000,percentile_bootstrap,39.063320683725678,41.292552942368452,0.53818287670443965,34.831778620994882,46.74813396301645,3.3773095539399454,34.148029288482903,46.905815941408051,3.3744145208122136
regression,secretary|sqrt_n,secretary,sqrt_n,exploratory,predictive_loss_pct,percent_bounded_relative_RMSE_loss,centroid_mean,16.588580377142971,0.94999999999999996,113,10000,percentile_bootstrap,16.414549561674431,16.758510141017709,0.087412814349186324,13.777498182244688,19.559080248244292,1.4687281471029003,13.7695617289527,19.545138622864311,1.4721580656140236
regression,secretary|sqrt_n,secretary,sqrt_n,exploratory,predictive_loss_pct,percent_bounded_relative_RMSE_loss,cross_dataset_median,12.507117111897209,0.94999999999999996,113,10000,percentile_bootstrap,11.42468381254961,13.407589781773737,0.5068895358887755,8.3119666631986728,19.042283231023958,2.7036763313191137,8.2807625493695802,18.946969289111127,2.6948984211908047
regression,secretary|sqrt_n,secretary,sqrt_n,exploratory,effort_saved_pct,percent_gain_evaluations,centroid_mean,59.074534384883634,0.94999999999999996,113,10000,percentile_bootstrap,59.018579234516359,59.155371967841909,0.034906532594757608,56.801644034920706,61.187820228622215,1.1282179578360685,56.820525171003808,61.202277326174453,1.1261129836262687
regression,secretary|sqrt_n,secretary,sqrt_n,exploratory,effort_saved_pct,percent_gain_evaluations,cross_dataset_median,62.805408015451469,0.94999999999999996,113,10000,percentile_bootstrap,62.513448646859217,63.122724263488919,0.15388031739858701,57.731513265956671,64.902794230367221,1.6542297703532696,57.641730729697784,64.871479466318235,1.634307536336719
classification_gini,best|,best,,confirmatory,time_saved_pct,percent_training_time,centroid_mean,0,0.94999999999999996,122,10000,percentile_bootstrap,0,0,0,0,0,0,0,0,0
classification_gini,best|,best,,confirmatory,time_saved_pct,percent_training_time,cross_dataset_median,0,0.94999999999999996,122,10000,percentile_bootstrap,0,0,0,0,0,0,0,0,0
classification_gini,best|,best,,confirmatory,predictive_loss_pct,F1_percentage_points,centroid_mean,0,0.94999999999999996,122,10000,percentile_bootstrap,0,0,0,0,0,0,0,0,0
classification_gini,best|,best,,confirmatory,predictive_loss_pct,F1_percentage_points,cross_dataset_median,0,0.94999999999999996,122,10000,percentile_bootstrap,0,0,0,0,0,0,0,0,0
classification_gini,best|,best,,confirmatory,effort_saved_pct,percent_gain_evaluations,centroid_mean,0,0.94999999999999996,122,10000,percentile_bootstrap,0,0,0,0,0,0,0,0,0
classification_gini,best|,best,,confirmatory,effort_saved_pct,percent_gain_evaluations,cross_dataset_median,0,0.94999999999999996,122,10000,percentile_bootstrap,0,0,0,0,0,0,0,0,0
classification_gini,block_rank|,block_rank,,confirmatory,time_saved_pct,percent_training_time,centroid_mean,45.890914991279395,0.94999999999999996,122,10000,percentile_bootstrap,45.365036347326878,46.10004529827188,0.18741887183984368,40.495173845973248,51.350023046709481,2.7719386947772748,40.305191153158241,51.199281097737867,2.7878879230032503
classification_gini,block_rank|,block_rank,,confirmatory,time_saved_pct,percent_training_time,cross_dataset_median,42.381344117030025,0.94999999999999996,122,10000,percentile_bootstrap,40.946321612234598,43.881683232237798,0.75268690103382685,30.837998823951949,57.544736446344118,6.8787856237902059,32.353988799466784,57.556014184320276,6.8679028360945713
classification_gini,block_rank|,block_rank,,confirmatory,predictive_loss_pct,F1_percentage_points,centroid_mean,5.686078090825462,0.94999999999999996,122,10000,percentile_bootstrap,5.6132900842172369,5.7594248480629258,0.037284048788093389,4.1129688994338993,7.438660179504037,0.85056808466602218,4.1136111785389042,7.4510989038986057,0.851889389255297
classification_gini,block_rank|,block_rank,,confirmatory,predictive_loss_pct,F1_percentage_points,cross_dataset_median,2.6747724115334326,0.94999999999999996,122,10000,percentile_bootstrap,2.3400960276747758,2.7866851286940943,0.11125285616698659,1.5000503242977636,3.4899345089003555,0.51823516634357059,1.5666109893978977,3.6144680539678267,0.5166763801516322
classification_gini,block_rank|,block_rank,,confirmatory,effort_saved_pct,percent_gain_evaluations,centroid_mean,63.093518164715334,0.94999999999999996,122,10000,percentile_bootstrap,62.860438260902129,63.314843521679641,0.11662345344987422,57.20292465714472,68.516323622372852,2.8595951248860736,57.226675199962443,68.507329847554089,2.861915356854031
classification_gini,block_rank|,block_rank,,confirmatory,effort_saved_pct,percent_gain_evaluations,cross_dataset_median,71.894136008181448,0.94999999999999996,122,10000,percentile_bootstrap,71.291171677850997,72.408625920228289,0.31533705463207951,65.278940371263985,75.441076894912229,2.7903587273326758,65.365499851976338,75.592869941113477,2.7822271041973212
classification_gini,double_secretary|0.1n,double_secretary,0.1n,exploratory,time_saved_pct,percent_training_time,centroid_mean,29.932906674292354,0.94999999999999996,122,10000,percentile_bootstrap,29.493981578462126,30.297712465662148,0.20462101502132507,26.262730770960772,33.604027414532965,1.8791428665625729,26.225119439718494,33.609444027053293,1.8922265772568696
classification_gini,double_secretary|0.1n,double_secretary,0.1n,exploratory,time_saved_pct,percent_training_time,cross_dataset_median,26.819576622171454,0.94999999999999996,122,10000,percentile_bootstrap,25.469122774456828,28.287914635520465,0.71659336394530748,20.278061694966965,33.723733551925925,3.7116547579237764,20.601352897159376,34.214705687267688,3.6735846764427449
classification_gini,double_secretary|0.1n,double_secretary,0.1n,exploratory,predictive_loss_pct,F1_percentage_points,centroid_mean,0.65531613668481536,0.94999999999999996,122,10000,percentile_bootstrap,0.59302353576651601,0.71362611377291929,0.031059842372732939,0.28908965704791273,1.023736991481524,0.18654315097150903,0.28548253703179277,1.0324653122983247,0.18986563889891211
classification_gini,double_secretary|0.1n,double_secretary,0.1n,exploratory,predictive_loss_pct,F1_percentage_points,cross_dataset_median,0.45425325638503988,0.94999999999999996,122,10000,percentile_bootstrap,0.38429868530924316,0.53998643138505442,0.036541155064281468,0.019785373933642325,0.70842589369314868,0.1657648043515545,0.052323786037711172,0.71208990510282399,0.16009956861080116
classification_gini,double_secretary|0.1n,double_secretary,0.1n,exploratory,effort_saved_pct,percent_gain_evaluations,centroid_mean,27.05055747571701,0.94999999999999996,122,10000,percentile_bootstrap,26.799261192130789,27.251173195184844,0.11448167108094121,22.043479794653422,31.920495606342374,2.5258861947563442,22.035944676518781,31.934081383610554,2.5292897653589383
classification_gini,double_secretary|0.1n,double_secretary,0.1n,exploratory,effort_saved_pct,percent_gain_evaluations,cross_dataset_median,34.313507380393347,0.94999999999999996,122,10000,percentile_bootstrap,33.886630008143051,34.475499265169439,0.15147820766963255,29.418429003021156,38.36362739075043,1.9974961712253785,29.776494100683351,38.48143553534549,2.008919675486371
classification_gini,double_secretary|1overe,double_secretary,1overe,confirmatory,time_saved_pct,percent_training_time,centroid_mean,6.1320173248617147,0.94999999999999996,122,10000,percentile_bootstrap,5.6202147909444626,6.4369327086738712,0.20943366521686552,5.185383247813399,7.0972943548447081,0.48661023873110681,4.973778000671552,7.0801784434428328,0.5319826354486823
classification_gini,double_secretary|1overe,double_secretary,1overe,confirmatory,time_saved_pct,percent_training_time,cross_dataset_median,5.4684043024860909,0.94999999999999996,122,10000,percentile_bootstrap,5.2184963377353428,6.5431586954808481,0.33427699992828419,4.3078165964949457,6.518064008882007,0.50065753864296525,4.72578853719852,7.0681621569472908,0.60122634219745452
classification_gini,double_secretary|1overe,double_secretary,1overe,confirmatory,predictive_loss_pct,F1_percentage_points,centroid_mean,0.11083941414011982,0.94999999999999996,122,10000,percentile_bootstrap,0.06035494277413396,0.16481310381628234,0.026418453964488067,-0.068937771430174544,0.2948852897536135,0.093174574936549168,-0.071893203321928875,0.30280502199834503,0.096135366785183779
classification_gini,double_secretary|1overe,double_secretary,1overe,confirmatory,predictive_loss_pct,F1_percentage_points,cross_dataset_median,0.045244775004379956,0.94999999999999996,122,10000,percentile_bootstrap,0.011415752309013039,0.10072371040251758,0.022884298041847669,0,0.16459254358155151,0.04712799685467603,0,0.16461962432267127,0.049789168893733207
classification_gini,double_secretary|1overe,double_secretary,1overe,confirmatory,effort_saved_pct,percent_gain_evaluations,centroid_mean,-6.5126506715989878,0.94999999999999996,122,10000,percentile_bootstrap,-6.6820903846051998,-6.4064411631581892,0.070488458900678605,-9.3107787203455317,-3.8250905753631872,1.3904749493632875,-9.3624225571094595,-3.8577498701549358,1.3923998479210289
classification_gini,double_secretary|1overe,double_secretary,1overe,confirmatory,effort_saved_pct,percent_gain_evaluations,cross_dataset_median,-1.0997406735341331,0.94999999999999996,122,10000,percentile_bootstrap,-1.6140081136802942,-0.94149197289224795,0.1704560518997171,-5.1641560057098967,0.90174129353234322,1.5101327063959673,-5.0160292520846124,0.74355613792623487,1.4672704146341544
classification_gini,double_secretary|ln_n,double_secretary,ln_n,exploratory,time_saved_pct,percent_training_time,centroid_mean,26.888924317731913,0.94999999999999996,122,10000,percentile_bootstrap,26.458837686814782,27.223130124690858,0.19308644727335267,23.515616041310359,30.277595696012064,1.7341547912232473,23.403910964080683,30.248157838301083,1.7556424227926708
classification_gini,double_secretary|ln_n,double_secretary,ln_n,exploratory,time_saved_pct,percent_training_time,cross_dataset_median,23.240129837855278,0.94999999999999996,122,10000,percentile_bootstrap,22.06271665414554,24.667072080791225,0.68742412518012141,16.343032686328328,31.226377303050064,4.1151866147435578,16.923372368301333,31.405771404532764,3.9435009729375436
classification_gini,double_secretary|ln_n,double_secretary,ln_n,exploratory,predictive_loss_pct,F1_percentage_points,centroid_mean,0.46427797890966238,0.94999999999999996,122,10000,percentile_bootstrap,0.39340790185763597,0.50576984049165086,0.02869806637293033,0.14975529486216793,0.76812399500873385,0.15799987880731931,0.12913473845210283,0.75907070775139951,0.16104983664259034
classification_gini,double_secretary|ln_n,double_secretary,ln_n,exploratory,predictive_loss_pct,F1_percentage_points,cross_dataset_median,0.42566846039066852,0.94999999999999996,122,10000,percentile_bootstrap,0.35098954768442592,0.46859802867038081,0.030679308587485087,0.011762417352589871,0.66419588023703402,0.12669373080503435,0.05597694315564504,0.64546840592036636,0.13107826154358521
classification_gini,double_secretary|ln_n,double_secretary,ln_n,exploratory,effort_saved_pct,percent_gain_evaluations,centroid_mean,20.888138857001376,0.94999999999999996,122,10000,percentile_bootstrap,20.652466192010042,21.118216234912456,0.1189557204900903,16.296778364413591,25.402941762767991,2.326987181133394,16.305200864088743,25.433214066958445,2.3279300307815869
classification_gini,double_secretary|ln_n,double_secretary,ln_n,exploratory,effort_saved_pct,percent_gain_evaluations,cross_dataset_median,26.969143303116077,0.94999999999999996,122,10000,percentile_bootstrap,26.43352768815776,27.37959899453876,0.23851526452903551,20.558517663031502,30.449083558151994,2.3691067608775804,21.118584395474205,30.493795404948759,2.337226744254461
classification_gini,double_secretary|sqrt_n,double_secretary,sqrt_n,exploratory,time_saved_pct,percent_training_time,centroid_mean,30.633250841093314,0.94999999999999996,122,10000,percentile_bootstrap,30.248620053488384,31.069792712061293,0.20948004389277561,26.449724226692744,34.840505881305447,2.1583470321800799,26.482325733744318,34.877304234401734,2.1628122309109279
classification_gini,double_secretary|sqrt_n,double_secretary,sqrt_n,exploratory,time_saved_pct,percent_training_time,cross_dataset_median,24.030832651925131,0.94999999999999996,122,10000,percentile_bootstrap,23.112243246930234,25.998260744295141,0.74126652246056923,17.026009423390498,33.668185592904585,4.1065504229510283,17.451419502724629,33.651483762619286,3.9872054785436055
classification_gini,double_secretary|sqrt_n,double_secretary,sqrt_n,exploratory,predictive_loss_pct,F1_percentage_points,centroid_mean,0.66110563738129879,0.94999999999999996,122,10000,percentile_bootstrap,0.61311596833384607,0.73565232393919189,0.031207825777659862,0.26193596346219034,1.0647041566562372,0.20169481845856668,0.2739139305427773,1.0794679875170246,0.20408459849738997
classification_gini,double_secretary|sqrt_n,double_secretary,sqrt_n,exploratory,predictive_loss_pct,F1_percentage_points,cross_dataset_median,0.5475264881278169,0.94999999999999996,122,10000,percentile_bootstrap,0.42926625227861687,0.60482577355446332,0.046554620984832519,0.14119743269409013,0.83396877437331429,0.15354954372037349,0.16697305448704911,0.81944200875912898,0.15941216676503511
classification_gini,double_secretary|sqrt_n,double_secretary,sqrt_n,exploratory,effort_saved_pct,percent_gain_evaluations,centroid_mean,18.153323567866558,0.94999999999999996,122,10000,percentile_bootstrap,17.907230231029438,18.374892108578621,0.12061396408374619,12.268683040127792,23.897361591680529,2.9656224445757786,12.281017610890897,23.884811279853682,2.9685231968347106
classification_gini,double_secretary|sqrt_n,double_secretary,sqrt_n,exploratory,effort_saved_pct,percent_gain_evaluations,cross_dataset_median,23.165387041869934,0.94999999999999996,122,10000,percentile_bootstrap,22.687620408703168,24.288618355325642,0.43144959352400714,9.2412389679084335,29.825067431403372,4.73457922277459,9.3601560438935767,30.217394846427055,4.7330758656497611
classification_gini,extra_tree|max_features=1,extra_tree,max_features=1,confirmatory,time_saved_pct,percent_training_time,centroid_mean,54.190186265826313,0.94999999999999996,122,10000,percentile_bootstrap,53.755687195490353,54.475674656363502,0.18550069191750734,48.131711315158242,60.246057868872406,3.0839068629279454,48.07500287981626,60.211446569633871,3.0924045872047556
classification_gini,extra_tree|max_features=1,extra_tree,max_features=1,confirmatory,time_saved_pct,percent_training_time,cross_dataset_median,55.756625596236042,0.94999999999999996,122,10000,percentile_bootstrap,53.797638398320863,57.222122976137037,0.90610276203071238,40.760487443791177,72.231275455869138,9.6078511575325489,40.702001579919816,71.701213694566931,9.559103367693714
classification_gini,extra_tree|max_features=1,extra_tree,max_features=1,confirmatory,predictive_loss_pct,F1_percentage_points,centroid_mean,8.0966127878855438,0.94999999999999996,122,10000,percentile_bootstrap,8.0205077727382168,8.1885278871306113,0.04254652234940088,6.3848824377044879,9.8782918147922363,0.89547389020412493,6.3945029679744803,9.8954224947969944,0.89606134376893631
classification_gini,extra_tree|max_features=1,extra_tree,max_features=1,confirmatory,predictive_loss_pct,F1_percentage_points,cross_dataset_median,4.5731456682917866,0.94999999999999996,122,10000,percentile_bootstrap,4.2629052482524514,5.0734453807949507,0.20154129559653947,3.3430014502614096,7.2211022340616937,0.93164746517189201,3.2155465354615758,7.1100466264494955,0.96506155701072094
classification_gini,extra_tree|max_features=1,extra_tree,max_features=1,confirmatory,effort_saved_pct,percent_gain_evaluations,centroid_mean,81.648019741119143,0.94999999999999996,122,10000,percentile_bootstrap,81.536689072898696,81.757574566570213,0.056133547659874189,75.140255276938916,87.288342966616554,3.0853380871919351,75.163358278064123,87.284423749304963,3.0854653078056882
classification_gini,extra_tree|max_features=1,extra_tree,max_features=1,confirmatory,effort_saved_pct,percent_gain_evaluations,cross_dataset_median,96.336503657363977,0.94999999999999996,122,10000,percentile_bootstrap,96.260426092247627,96.412450515853763,0.036516383455170782,92.796478273551685,97.707724016251063,0.99773545583114864,92.802626216109601,97.691403217500252,0.99373268395957415
classification_gini,extra_tree|max_features=1over3,extra_tree,max_features=1over3,confirmatory,time_saved_pct,percent_training_time,centroid_mean,49.036692878776499,0.94999999999999996,122,10000,percentile_bootstrap,48.532857334427632,49.296108420972139,0.19545655812839807,43.327485606396422,54.849211374887155,2.9533442271852022,43.168442311223558,54.746621043563472,2.9687449520608116
classification_gini,extra_tree|max_features=1over3,extra_tree,max_features=1over3,confirmatory,time_saved_pct,percent_training_time,cross_dataset_median,46.431201930260698,0.94999999999999996,122,10000,percentile_bootstrap,44.856245505149339,48.515163614938338,0.91590152645765199,33.563123873752964,58.460990864629991,7.3759483944324051,33.327252122186053,58.162930593362283,7.2821750395683464
classification_gini,extra_tree|max_features=1over3,extra_tree,max_features=1over3,confirmatory,predictive_loss_pct,F1_percentage_points,centroid_mean,2.7523096645198306,0.94999999999999996,122,10000,percentile_bootstrap,2.6732890754764758,2.8261500962297266,0.03908331280998157,1.9996252673975259,3.5557211088120835,0.39565756036733002,1.991276015249698,3.5531104011904011,0.39614432010084072
classification_gini,extra_tree|max_features=1over3,extra_tree,max_features=1over3,confirmatory,predictive_loss_pct,F1_percentage_points,cross_dataset_median,1.7357982984680609,0.94999999999999996,122,10000,percentile_bootstrap,1.6641248178081127,1.9074015021506452,0.061852994704426317,1.2825612097270567,2.5121958791890666,0.32731901303514327,1.2820864019671239,2.5969166541582904,0.32148739704401941
classification_gini,extra_tree|max_features=1over3,extra_tree,max_features=1over3,confirmatory,effort_saved_pct,percent_gain_evaluations,centroid_mean,69.668355280884853,0.94999999999999996,122,10000,percentile_bootstrap,69.511027167928333,69.824126834037543,0.081031221528575406,61.378472850285398,77.082440013306581,3.991692458349831,61.3933280772955,77.119159975529811,3.9919890762021413
classification_gini,extra_tree|max_features=1over3,extra_tree,max_features=1over3,confirmatory,effort_saved_pct,percent_gain_evaluations,cross_dataset_median,89.251782076345265,0.94999999999999996,122,10000,percentile_bootstrap,89.118685672553923,89.340133983308974,0.055877315349076771,83.696622784988989,93.822159164046582,2.5245950331435645,83.748767352713344,93.859757386930582,2.5214059847920249
classification_gini,extra_tree|max_features=2over3,extra_tree,max_features=2over3,confirmatory,time_saved_pct,percent_training_time,centroid_mean,43.692607892158421,0.94999999999999996,122,10000,percentile_bootstrap,43.246785015831591,43.9821574084311,0.18746423239328808,38.14743231837258,49.308787750316853,2.8928749112997925,38.043872494623415,49.265360181157355,2.904280090140674
classification_gini,extra_tree|max_features=2over3,extra_tree,max_features=2over3,confirmatory,time_saved_pct,percent_training_time,cross_dataset_median,38.051401595090979,0.94999999999999996,122,10000,percentile_bootstrap,36.349979417982453,39.154998252569897,0.70591209989775516,26.460874263300248,47.019025127556134,5.0448031513655147,26.837642016306766,46.992635183499594,4.9467480406092381
classification_gini,extra_tree|max_features=2over3,extra_tree,max_features=2over3,confirmatory,predictive_loss_pct,F1_percentage_points,centroid_mean,1.0517812220525822,0.94999999999999996,122,10000,percentile_bootstrap,0.97760619811711758,1.1126331499369955,0.034478396447854352,0.50587630918252469,1.6390278508983456,0.28853374129409676,0.50363480613514677,1.6276622855766079,0.28752149201598831
classification_gini,extra_tree|max_features=2over3,extra_tree,max_features=2over3,confirmatory,predictive_loss_pct,F1_percentage_points,cross_dataset_median,1.0061417593809434,0.94999999999999996,122,10000,percentile_bootstrap,0.85567899420634619,1.0600054414484494,0.052324411033562362,0.31919931919932032,1.4159085027933116,0.26443751050864561,0.39928345372988455,1.3273634838826316,0.24164812199248431
classification_gini,extra_tree|max_features=2over3,extra_tree,max_features=2over3,confirmatory,effort_saved_pct,percent_gain_evaluations,centroid_mean,66.979670956162707,0.94999999999999996,122,10000,percentile_bootstrap,66.890584727844228,67.079894958765863,0.04760003969968548,60.231811840368223,73.31174644781332,3.3228035446841284,60.225629967606693,73.329129854211473,3.32276297603272
classification_gini,extra_tree|max_features=2over3,extra_tree,max_features=2over3,confirmatory,effort_saved_pct,percent_gain_evaluations,cross_dataset_median,84.1032924617883,0.94999999999999996,122,10000,percentile_bootstrap,83.946472778776496,84.208922873271902,0.065811085484713816,75.986474234156191,90.675206381729538,3.6298330139469406,76.0343742496743,90.520999474686292,3.6184153642958279
classification_gini,extra_tree|max_features=all,extra_tree,max_features=all,confirmatory,time_saved_pct,percent_training_time,centroid_mean,38.14239030061713,0.94999999999999996,122,10000,percentile_bootstrap,37.653030075770538,38.399017148118581,0.19062495190070888,32.494849791050072,43.808896709804287,2.9260648634124133,32.370397901468564,43.73700102363393,2.9384653402532441
classification_gini,extra_tree|max_features=all,extra_tree,max_features=all,confirmatory,time_saved_pct,percent_training_time,cross_dataset_median,25.322095774197717,0.94999999999999996,122,10000,percentile_bootstrap,24.255599558807166,28.032259054362406,0.975565415924184,21.230221250319413,39.71719429997551,5.4074138283988802,20.672136689590985,39.72410235129226,5.2952004384554829
classification_gini,extra_tree|max_features=all,extra_tree,max_features=all,confirmatory,predictive_loss_pct,F1_percentage_points,centroid_mean,0.42427543704907622,0.94999999999999996,122,10000,percentile_bootstrap,0.37439355317736023,0.49103402266400331,0.029796515997519729,-0.030990089598302968,0.89478884922909974,0.23608414298453176,-0.02530373754698044,0.90771319580815624,0.23759838686500243
classification_gini,extra_tree|max_features=all,extra_tree,max_features=all,confirmatory,predictive_loss_pct,F1_percentage_points,cross_dataset_median,0.29098091851842978,0.94999999999999996,122,10000,percentile_bootstrap,0.11006952853328533,0.40798776084726612,0.080789299140914331,0,0.54790845819862044,0.18567421265500222,0,0.61229446973920254,0.19114647186845501
classification_gini,extra_tree|max_features=all,extra_tree,max_features=all,confirmatory,effort_saved_pct,percent_gain_evaluations,centroid_mean,67.348827166674198,0.94999999999999996,122,10000,percentile_bootstrap,67.27736498714934,67.427516341585459,0.040122733585489199,61.134439685517442,73.126330816085726,3.0315057990495937,61.135122373699858,73.122260910359003,3.0310564261420376
classification_gini,extra_tree|max_features=all,extra_tree,max_features=all,confirmatory,effort_saved_pct,percent_gain_evaluations,cross_dataset_median,84.573821111420983,0.94999999999999996,122,10000,percentile_bootstrap,84.428084574794838,84.77580914186872,0.085656623802743623,77.846066586117246,88.679122551033629,3.1897455823064402,77.921288411680507,88.69743812058195,3.1897427350565644
classification_gini,prophet_1sample|,prophet_1sample,,confirmatory,time_saved_pct,percent_training_time,centroid_mean,16.640562023321365,0.94999999999999996,122,10000,percentile_bootstrap,16.155020998556655,16.98900899585648,0.21229862552965484,10.199069116347482,22.939944435059001,3.2352973030471404,10.113759345282253,22.802583092648039,3.2354902799609047
classification_gini,prophet_1sample|,prophet_1sample,,confirmatory,time_saved_pct,percent_training_time,cross_dataset_median,9.8532428546842077,0.94999999999999996,122,10000,percentile_bootstrap,8.5696235563872971,12.296705871870095,0.96129253692040095,4.4241956258108948,18.005890001759933,3.4600304296681679,4.5919858174228176,17.785420123714637,3.3629129790656718
classification_gini,prophet_1sample|,prophet_1sample,,confirmatory,predictive_loss_pct,F1_percentage_points,centroid_mean,0.32894452576257927,0.94999999999999996,122,10000,percentile_bootstrap,0.28456734016820873,0.38607977207359878,0.026014578815079736,0.052772721975239523,0.61479981691036512,0.1441266998994486,0.054012606509973408,0.62215720252756668,0.14600416285449566
classification_gini,prophet_1sample|,prophet_1sample,,confirmatory,predictive_loss_pct,F1_percentage_points,cross_dataset_median,0.029716089778455967,0.94999999999999996,122,10000,percentile_bootstrap,0.029151808713630691,0.14686165809309304,0.031156513369887097,0,0.23610615197344753,0.07221653871138875,0,0.26445725109471979,0.072718461710050683
classification_gini,prophet_1sample|,prophet_1sample,,confirmatory,effort_saved_pct,percent_gain_evaluations,centroid_mean,39.560529814519576,0.94999999999999996,122,10000,percentile_bootstrap,39.358119325816887,39.752923278574151,0.10300885470310422,34.306205076102458,44.790716306643198,2.6579556638997643,34.33565535989122,44.769556968485226,2.659884017412669
classification_gini,prophet_1sample|,prophet_1sample,,confirmatory,effort_saved_pct,percent_gain_evaluations,cross_dataset_median,41.502298724961911,0.94999999999999996,122,10000,percentile_bootstrap,40.813562199083549,42.516470389841643,0.44541905475267368,31.401178137532266,52.786220871327252,5.1597540066990453,31.739778325678625,51.889689052227631,5.1835586327117129
classification_gini,secretary_all|0.1n,secretary_all,0.1n,exploratory,time_saved_pct,percent_training_time,centroid_mean,32.515638651206025,0.94999999999999996,122,10000,percentile_bootstrap,32.024232886143537,32.797710836268173,0.19640279117955778,28.78090132477978,36.236625410588964,1.9099560204410448,28.625009405144151,36.206209252007476,1.9281137497813681
classification_gini,secretary_all|0.1n,secretary_all,0.1n,exploratory,time_saved_pct,percent_training_time,cross_dataset_median,30.092474799188082,0.94999999999999996,122,10000,percentile_bootstrap,28.331141782212224,31.898366306197691,0.93845901438190804,22.438803050695121,38.136078437227916,4.4505927701898171,22.369899627216501,38.509968905360161,4.4756158259222376
classification_gini,secretary_all|0.1n,secretary_all,0.1n,exploratory,predictive_loss_pct,F1_percentage_points,centroid_mean,0.55088583014079984,0.94999999999999996,122,10000,percentile_bootstrap,0.48967579651994142,0.59984850703493175,0.02813981067768289,0.19735947831017567,0.90945146978446656,0.18287669549855989,0.18615393896376403,0.906776953364823,0.18429418751373397
classification_gini,secretary_all|0.1n,secretary_all,0.1n,exploratory,predictive_loss_pct,F1_percentage_points,cross_dataset_median,0.40234599456092646,0.94999999999999996,122,10000,percentile_bootstrap,0.31054283094102964,0.46208827754464532,0.039410905619614502,0.10689983925112889,0.67238572112434114,0.1353520358597573,0.083418099728610182,0.6582365003417745,0.13569427486311852
classification_gini,secretary_all|0.1n,secretary_all,0.1n,exploratory,effort_saved_pct,percent_gain_evaluations,centroid_mean,37.976045541858987,0.94999999999999996,122,10000,percentile_bootstrap,37.748070898648727,38.184745234731729,0.11228231017974458,34.299381232250703,41.565536334948646,1.8614123777728955,34.271518678854498,41.561765607698085,1.8645282977898001
classification_gini,secretary_all|0.1n,secretary_all,0.1n,exploratory,effort_saved_pct,percent_gain_evaluations,cross_dataset_median,42.435530608493387,0.94999999999999996,122,10000,percentile_bootstrap,42.254255417499159,43.22616873643549,0.26134795027482005,38.570709620841448,45.613189250790775,1.8369182780647042,38.378208617500206,45.628888623405359,1.8265940568277717
classification_gini,secretary_all|1overe,secretary_all,1overe,confirmatory,time_saved_pct,percent_training_time,centroid_mean,12.735024693875406,0.94999999999999996,122,10000,percentile_bootstrap,12.267741145097055,13.082079211264896,0.20579758308049689,11.434146297744984,14.043936607776656,0.67478723154649778,11.307303245131903,14.073830336152744,0.7142908027128605
classification_gini,secretary_all|1overe,secretary_all,1overe,confirmatory,time_saved_pct,percent_training_time,cross_dataset_median,12.893805747918581,0.94999999999999996,122,10000,percentile_bootstrap,11.798118910911517,13.589017613243804,0.47710750585466377,10.049812689938797,14.424305686326583,1.129165650394143,10.433395205607216,14.728003337597764,1.1372756831558606
classification_gini,secretary_all|1overe,secretary_all,1overe,confirmatory,predictive_loss_pct,F1_percentage_points,centroid_mean,0.065883659196678601,0.94999999999999996,122,10000,percentile_bootstrap,0.0065291583997511109,0.10716880451648039,0.025665737032019006,-0.11164998823262018,0.25633713974850869,0.094168979596760877,-0.12308964224403762,0.25179242915717709,0.095685416741982152
classification_gini,secretary_all|1overe,secretary_all,1overe,confirmatory,predictive_loss_pct,F1_percentage_points,cross_dataset_median,0.033429616709276799,0.94999999999999996,122,10000,percentile_bootstrap,0,0.065163227596512205,0.017514251993639558,0,0.12019395234101338,0.036586581636686974,0,0.11436283090997332,0.03478012320224165
classification_gini,secretary_all|1overe,secretary_all,1overe,confirmatory,effort_saved_pct,percent_gain_evaluations,centroid_mean,14.869330816292072,0.94999999999999996,122,10000,percentile_bootstrap,14.749276488225561,14.975868643290593,0.057490366633086348,13.816784304951378,15.91073508492422,0.54052815017443023,13.820410667623976,15.910321271474189,0.54473748194036431
classification_gini,secretary_all|1overe,secretary_all,1overe,confirmatory,effort_saved_pct,percent_gain_evaluations,cross_dataset_median,15.272790190397165,0.94999999999999996,122,10000,percentile_bootstrap,14.885997748123609,15.425243553439422,0.13307156310763196,14.138624960304174,16.26868755770472,0.61106180965920898,14.142195238908025,16.272247721819035,0.56930891958245622
classification_gini,secretary_all|ln_n,secretary_all,ln_n,exploratory,time_saved_pct,percent_training_time,centroid_mean,29.348337599951712,0.94999999999999996,122,10000,percentile_bootstrap,28.894426919079589,29.691586536765957,0.20674416862558515,25.726026717164011,32.984383246047379,1.867871590985118,25.631196699230689,32.952611114289148,1.8793167897025689
classification_gini,secretary_all|ln_n,secretary_all,ln_n,exploratory,time_saved_pct,percent_training_time,cross_dataset_median,26.769347074843424,0.94999999999999996,122,10000,percentile_bootstrap,25.816345244152561,28.23137648230778,0.61710786662726613,18.95326226776519,36.008248692088301,4.9288691577753978,19.339410021229906,35.972353784779457,4.6539306062194248
classification_gini,secretary_all|ln_n,secretary_all,ln_n,exploratory,predictive_loss_pct,F1_percentage_points,centroid_mean,0.39653215137776221,0.94999999999999996,122,10000,percentile_bootstrap,0.35074205943046788,0.4569306031683899,0.027097351032152658,0.095709767834109505,0.69077772926437286,0.15311653311181023,0.096398384850653412,0.70495104342977866,0.15502849081658218
classification_gini,secretary_all|ln_n,secretary_all,ln_n,exploratory,predictive_loss_pct,F1_percentage_points,cross_dataset_median,0.30543725846282344,0.94999999999999996,122,10000,percentile_bootstrap,0.23277263411188193,0.39451263640706191,0.040830756705224576,0.0087310896862369258,0.56716772490242318,0.1538157711843415,0.022358691384732694,0.54769280429057232,0.13388041123546812
classification_gini,secretary_all|ln_n,secretary_all,ln_n,exploratory,effort_saved_pct,percent_gain_evaluations,centroid_mean,33.271863734462208,0.94999999999999996,122,10000,percentile_bootstrap,32.998405393751462,33.533129069602886,0.13720166713151311,30.040402800492696,36.49448094458608,1.663319962409751,30.007605946062945,36.493600264729665,1.6691635747959219
classification_gini,secretary_all|ln_n,secretary_all,ln_n,exploratory,effort_saved_pct,percent_gain_evaluations,cross_dataset_median,35.3912460457083,0.94999999999999996,122,10000,percentile_bootstrap,34.830534762556454,35.908542754096239,0.27501238652640475,31.601738455441236,39.551741358987634,1.978226356429476,31.679733741259817,39.600301785428179,1.9706893554454121
classification_gini,secretary_all|sqrt_n,secretary_all,sqrt_n,exploratory,time_saved_pct,percent_training_time,centroid_mean,33.688694041576326,0.94999999999999996,122,10000,percentile_bootstrap,33.223836865192162,34.00240085765121,0.19782148499296465,29.456805118968685,37.962164597923618,2.1882775473506135,29.374873651086261,37.924461428689817,2.2025006335593615
classification_gini,secretary_all|sqrt_n,secretary_all,sqrt_n,exploratory,time_saved_pct,percent_training_time,cross_dataset_median,28.674834959488326,0.94999999999999996,122,10000,percentile_bootstrap,27.791721100400455,30.223531134833653,0.59684845974029366,21.031358632078046,39.43084655297362,4.5974760874482605,21.07782651870518,39.34073473182314,4.535040070119372
classification_gini,secretary_all|sqrt_n,secretary_all,sqrt_n,exploratory,predictive_loss_pct,F1_percentage_points,centroid_mean,0.64867327135410013,0.94999999999999996,122,10000,percentile_bootstrap,0.58681129683258004,0.69987620695471209,0.029070277898771122,0.27613803448194496,1.0278579520916655,0.19125446328296206,0.26736820745080819,1.0248216972899755,0.19280199450516528
classification_gini,secretary_all|sqrt_n,secretary_all,sqrt_n,exploratory,predictive_loss_pct,F1_percentage_points,cross_dataset_median,0.44702576492955393,0.94999999999999996,122,10000,percentile_bootstrap,0.35491693264713764,0.54904866419530318,0.047682529420495307,0.027603404482433314,0.72355279632810854,0.17810928531720957,0.063159472574411929,0.69954494456106453,0.16356409077123366
classification_gini,secretary_all|sqrt_n,secretary_all,sqrt_n,exploratory,effort_saved_pct,percent_gain_evaluations,centroid_mean,33.58542115284564,0.94999999999999996,122,10000,percentile_bootstrap,33.299220803443411,33.790470208736338,0.12678489438053894,29.548807279163459,37.561093040958752,2.0424293743544402,29.498397229427994,37.543517685505144,2.0534544123378424
classification_gini,secretary_all|sqrt_n,secretary_all,sqrt_n,exploratory,effort_saved_pct,percent_gain_evaluations,cross_dataset_median,34.515415158014505,0.94999999999999996,122,10000,percentile_bootstrap,33.260789480423199,35.797095393540403,0.631354795536332,28.67989110303667,38.299324382349603,2.8592960086652797,28.715397843013182,38.114256001987926,2.8381333025988842
classification_gini,secretary|0.1n,secretary,0.1n,exploratory,time_saved_pct,percent_training_time,centroid_mean,35.801054378306148,0.94999999999999996,122,10000,percentile_bootstrap,35.3400018811016,36.171969057479046,0.21296344294561317,31.194145798852325,40.463231871092326,2.3577271033086178,31.136462683576134,40.433761915757309,2.3712366172211676
classification_gini,secretary|0.1n,secretary,0.1n,exploratory,time_saved_pct,percent_training_time,cross_dataset_median,32.517931687279287,0.94999999999999996,122,10000,percentile_bootstrap,31.091181440768217,33.804600465197346,0.68859253200344717,24.262979422344955,43.648504638007282,4.9115011007484748,24.339722849194924,43.465585771240249,4.9686836938583943
classification_gini,secretary|0.1n,secretary,0.1n,exploratory,predictive_loss_pct,F1_percentage_points,centroid_mean,1.2304212449334322,0.94999999999999996,122,10000,percentile_bootstrap,1.1742362376238236,1.3029003197354918,0.032657367026173507,0.73400047757890563,1.7663421575063292,0.26170825291524641,0.73977946768466674,1.7665460086465055,0.26164822016994133
classification_gini,secretary|0.1n,secretary,0.1n,exploratory,predictive_loss_pct,F1_percentage_points,cross_dataset_median,0.70562356680795302,0.94999999999999996,122,10000,percentile_bootstrap,0.64215341571102347,0.86277264049672198,0.055444992950122327,0.37279527488236208,1.216928377606441,0.21702408249889218,0.3791382260282754,1.2053374264232837,0.21825600747900459
classification_gini,secretary|0.1n,secretary,0.1n,exploratory,effort_saved_pct,percent_gain_evaluations,centroid_mean,54.795572739920608,0.94999999999999996,122,10000,percentile_bootstrap,54.585649665472452,55.057735191387522,0.11907188862409669,50.372728178384087,58.987537332310104,2.1840052890211061,50.452526881357088,58.99515598195913,2.1865745681007067
classification_gini,secretary|0.1n,secretary,0.1n,exploratory,effort_saved_pct,percent_gain_evaluations,cross_dataset_median,60.170975423080698,0.94999999999999996,122,10000,percentile_bootstrap,59.956829906463788,60.581321089833708,0.15817847744064292,52.113621164677738,65.11906351962449,3.2918228043721296,52.26185228887897,65.194859278384968,3.2639468523774751
classification_gini,secretary|1overe,secretary,1overe,confirmatory,time_saved_pct,percent_training_time,centroid_mean,10.891204911274185,0.94999999999999996,122,10000,percentile_bootstrap,10.513190303070141,11.404067670850889,0.22645331543469258,8.3328748143305216,13.454845986034208,1.3240625288000876,8.3777893803140238,13.537138546650962,1.3338083494160196
classification_gini,secretary|1overe,secretary,1overe,confirmatory,time_saved_pct,percent_training_time,cross_dataset_median,9.9223876613047217,0.94999999999999996,122,10000,percentile_bootstrap,9.1990139709658685,11.298233254430411,0.51132770643011538,5.2452607922047534,14.828765161999691,2.1732686528143845,6.0836960598826453,14.586547983696683,2.1171567394383839
classification_gini,secretary|1overe,secretary,1overe,confirmatory,predictive_loss_pct,F1_percentage_points,centroid_mean,0.15998585461963719,0.94999999999999996,122,10000,percentile_bootstrap,0.104924288175087,0.22283353804799308,0.030034229584638958,-0.15381756646385408,0.48863198608789254,0.16277308898045942,-0.15385834391958847,0.49617400087582597,0.16613359988856419
classification_gini,secretary|1overe,secretary,1overe,confirmatory,predictive_loss_pct,F1_percentage_points,cross_dataset_median,0.10130160740334793,0.94999999999999996,122,10000,percentile_bootstrap,0.040535488341011332,0.12650121028981628,0.020809295901228032,0,0.23517695124783133,0.063070507461145814,0,0.23597880015500508,0.061938095590728534
classification_gini,secretary|1overe,secretary,1overe,confirmatory,effort_saved_pct,percent_gain_evaluations,centroid_mean,37.370112114153294,0.94999999999999996,122,10000,percentile_bootstrap,37.233337483677076,37.527979667613515,0.076105626355318964,34.660775845701416,39.904687250815343,1.3348888337336429,34.694572223996282,39.919206903647996,1.3355250203001416
classification_gini,secretary|1overe,secretary,1overe,confirmatory,effort_saved_pct,percent_gain_evaluations,cross_dataset_median,42.44613232557672,0.94999999999999996,122,10000,percentile_bootstrap,41.959006883188792,42.925145413320408,0.24726213668693381,38.383226389460646,45.439537238656108,1.8018856337730111,38.451309266837541,45.315471426444709,1.7696111266534618
classification_gini,secretary|ln_n,secretary,ln_n,exploratory,time_saved_pct,percent_training_time,centroid_mean,33.130275971305672,0.94999999999999996,122,10000,percentile_bootstrap,32.717634942356916,33.484228846276487,0.19666691263679975,28.819806847392144,37.467372946097086,2.2168145155466497,28.769253513899894,37.427289625244114,2.228062327647319
classification_gini,secretary|ln_n,secretary,ln_n,exploratory,time_saved_pct,percent_training_time,cross_dataset_median,30.918831936606736,0.94999999999999996,122,10000,percentile_bootstrap,29.494707039400204,31.829442604700763,0.59680574063853109,19.962283405845682,39.696819154381373,5.9709181241104536,20.059670147199999,39.853603337630219,5.7236616184963509
classification_gini,secretary|ln_n,secretary,ln_n,exploratory,predictive_loss_pct,F1_percentage_points,centroid_mean,0.8692416707937346,0.94999999999999996,122,10000,percentile_bootstrap,0.79878681593865009,0.9220202162736193,0.031358294071493549,0.42645875458815724,1.3226497272323956,0.22891263227051145,0.41299956754488681,1.3189941128267781,0.23160893933114099
classification_gini,secretary|ln_n,secretary,ln_n,exploratory,predictive_loss_pct,F1_percentage_points,cross_dataset_median,0.6465024618708598,0.94999999999999996,122,10000,percentile_bootstrap,0.56686936659271869,0.74819049929686521,0.048275615777977947,0.33252483316015824,1.1572728448019098,0.1950100199682912,0.33153259133115254,1.0836035138961007,0.1835017203805831
classification_gini,secretary|ln_n,secretary,ln_n,exploratory,effort_saved_pct,percent_gain_evaluations,centroid_mean,51.388728730846104,0.94999999999999996,122,10000,percentile_bootstrap,51.155035723671965,51.630296322897571,0.12235544880976643,47.333372255349992,55.300586018972965,2.0237718770064452,47.327829226347241,55.284882780922963,2.0294485525904351
classification_gini,secretary|ln_n,secretary,ln_n,exploratory,effort_saved_pct,percent_gain_evaluations,cross_dataset_median,57.529292358876063,0.94999999999999996,122,10000,percentile_bootstrap,57.041273155627088,57.915108387129969,0.23506779418745277,48.532777250143603,62.642811266033149,3.438223959122356,48.601581717925342,62.30627249766512,3.4131291158230761
classification_gini,secretary|sqrt_n,secretary,sqrt_n,exploratory,time_saved_pct,percent_training_time,centroid_mean,37.049772010941972,0.94999999999999996,122,10000,percentile_bootstrap,36.722635344682402,37.358208910835081,0.16206261487903581,32.287421283972193,41.871507017877036,2.465332069685823,32.252711518778703,41.861067156254734,2.4717417175537761
classification_gini,secretary|sqrt_n,secretary,sqrt_n,exploratory,time_saved_pct,percent_training_time,cross_dataset_median,31.042144693919365,0.94999999999999996,122,10000,percentile_bootstrap,30.27066742238198,33.079865964825011,0.72080899522713315,21.633237229911927,41.945223189656453,5.4628348577236778,22.411113129724903,41.559375996026105,5.35144940716168
classification_gini,secretary|sqrt_n,secretary,sqrt_n,exploratory,predictive_loss_pct,F1_percentage_points,centroid_mean,1.2309340579539789,0.94999999999999996,122,10000,percentile_bootstrap,1.161548778149867,1.2945260476156926,0.034727632412843074,0.71626896775197568,1.7564221188032754,0.26734156668135955,0.70699363157500517,1.7629291662928761,0.27083199384450679
classification_gini,secretary|sqrt_n,secretary,sqrt_n,exploratory,predictive_loss_pct,F1_percentage_points,cross_dataset_median,0.71103589131228107,0.94999999999999996,122,10000,percentile_bootstrap,0.62210070403718798,0.80669288565170072,0.045887009834120585,0.3678651199474775,1.1152819930751068,0.18707666309450011,0.37221479701019633,1.1359206067077698,0.19716933495300779
classification_gini,secretary|sqrt_n,secretary,sqrt_n,exploratory,effort_saved_pct,percent_gain_evaluations,centroid_mean,50.00764495164627,0.94999999999999996,122,10000,percentile_bootstrap,49.798816066261217,50.258435619475669,0.11640766787502024,45.134895461789561,54.672946935751696,2.4303581840794055,45.182863607242588,54.671399851963969,2.4306653614933453
classification_gini,secretary|sqrt_n,secretary,sqrt_n,exploratory,effort_saved_pct,percent_gain_evaluations,cross_dataset_median,58.360679830699652,0.94999999999999996,122,10000,percentile_bootstrap,57.338851832644792,58.488706909842023,0.29623159906445901,47.231923455801159,61.276884006856214,4.0161313264154783,47.231598923606448,61.185994399515188,3.9326668887900738
classification_entropy,best|,best,,confirmatory,time_saved_pct,percent_training_time,centroid_mean,0,0.94999999999999996,122,10000,percentile_bootstrap,0,0,0,0,0,0,0,0,0
classification_entropy,best|,best,,confirmatory,time_saved_pct,percent_training_time,cross_dataset_median,0,0.94999999999999996,122,10000,percentile_bootstrap,0,0,0,0,0,0,0,0,0
classification_entropy,best|,best,,confirmatory,predictive_loss_pct,F1_percentage_points,centroid_mean,0,0.94999999999999996,122,10000,percentile_bootstrap,0,0,0,0,0,0,0,0,0
classification_entropy,best|,best,,confirmatory,predictive_loss_pct,F1_percentage_points,cross_dataset_median,0,0.94999999999999996,122,10000,percentile_bootstrap,0,0,0,0,0,0,0,0,0
classification_entropy,best|,best,,confirmatory,effort_saved_pct,percent_gain_evaluations,centroid_mean,0,0.94999999999999996,122,10000,percentile_bootstrap,0,0,0,0,0,0,0,0,0
classification_entropy,best|,best,,confirmatory,effort_saved_pct,percent_gain_evaluations,cross_dataset_median,0,0.94999999999999996,122,10000,percentile_bootstrap,0,0,0,0,0,0,0,0,0
classification_entropy,block_rank|,block_rank,,confirmatory,time_saved_pct,percent_training_time,centroid_mean,45.076776515837011,0.94999999999999996,122,10000,percentile_bootstrap,44.636011553297543,45.399687014202513,0.19647323968746389,39.704513128851012,50.463082488716125,2.7297486196348988,39.634973762229123,50.432500808681091,2.7411318278073886
classification_entropy,block_rank|,block_rank,,confirmatory,time_saved_pct,percent_training_time,cross_dataset_median,40.426747260941603,0.94999999999999996,122,10000,percentile_bootstrap,39.147609495881596,42.335505192136488,0.80067770054345577,31.862959061867326,56.969690222653988,7.3796340942941212,32.17269271152076,57.142880938207426,7.251501144565089
classification_entropy,block_rank|,block_rank,,confirmatory,predictive_loss_pct,F1_percentage_points,centroid_mean,5.8077035700820856,0.94999999999999996,122,10000,percentile_bootstrap,5.7404785156476237,5.8890160887612071,0.037638872907983581,4.2331721834218712,7.5812038757392255,0.8647876952545086,4.2468977410945987,7.5887019092151879,0.86575777273459309
classification_entropy,block_rank|,block_rank,,confirmatory,predictive_loss_pct,F1_percentage_points,cross_dataset_median,2.3639334815256428,0.94999999999999996,122,10000,percentile_bootstrap,2.2554962500173663,2.7355905657484412,0.11995104224430587,1.7870932558586961,3.7264272872862159,0.52821116126558632,1.8523803572426707,3.9483549501353976,0.52746690028840881
classification_entropy,block_rank|,block_rank,,confirmatory,effort_saved_pct,percent_gain_evaluations,centroid_mean,61.962552571769912,0.94999999999999996,122,10000,percentile_bootstrap,61.710423967009433,62.138481077512211,0.11031989489406656,56.190871388778959,67.310039747383257,2.8550040355787552,56.140869537199507,67.288783369425644,2.8597153423351154
classification_entropy,block_rank|,block_rank,,confirmatory,effort_saved_pct,percent_gain_evaluations,cross_dataset_median,70.232498527327067,0.94999999999999996,122,10000,percentile_bootstrap,69.814426577471238,70.920035923494851,0.26847617786869971,64.92443656489769,74.021512532456455,2.2261794625348723,65.068229462422138,73.616387443380376,2.2707227121761115
classification_entropy,double_secretary|0.1n,double_secretary,0.1n,exploratory,time_saved_pct,percent_training_time,centroid_mean,28.673871797126409,0.94999999999999996,122,10000,percentile_bootstrap,28.165056314231133,28.992431131729933,0.20973567424081871,25.272931089923286,32.035128959004247,1.7364846305384507,25.142957758619996,32.027276408777198,1.7542188297646288
classification_entropy,double_secretary|0.1n,double_secretary,0.1n,exploratory,time_saved_pct,percent_training_time,cross_dataset_median,25.295554121433142,0.94999999999999996,122,10000,percentile_bootstrap,23.542556889333621,27.025494286436487,0.90454057403472343,19.871992145771578,32.840756161876328,3.9245406465904691,19.612159765040126,33.623668126666495,3.8164594067647482
classification_entropy,double_secretary|0.1n,double_secretary,0.1n,exploratory,predictive_loss_pct,F1_percentage_points,centroid_mean,0.62913269051302523,0.94999999999999996,122,10000,percentile_bootstrap,0.57357066490786179,0.6896913760994261,0.029554975367947829,0.26277384581407204,0.99342269806985128,0.18706386727805457,0.26323467031153874,0.99499535207803591,0.18759823629125488
classification_entropy,double_secretary|0.1n,double_secretary,0.1n,exploratory,predictive_loss_pct,F1_percentage_points,cross_dataset_median,0.51270000520149683,0.94999999999999996,122,10000,percentile_bootstrap,0.42486973347506402,0.59949390201771413,0.04451577383975814,0.24712420956302383,0.70893206937668873,0.11404104768359494,0.23790327535773495,0.73683023197848352,0.12675844891662644
classification_entropy,double_secretary|0.1n,double_secretary,0.1n,exploratory,effort_saved_pct,percent_gain_evaluations,centroid_mean,25.664363802927408,0.94999999999999996,122,10000,percentile_bootstrap,25.419836071429671,25.843708915928801,0.10813665234039219,20.919792355896163,30.365908822730571,2.4352362536560892,20.850129595452383,30.361839979217329,2.4392161335223026
classification_entropy,double_secretary|0.1n,double_secretary,0.1n,exploratory,effort_saved_pct,percent_gain_evaluations,cross_dataset_median,34.207212052618218,0.94999999999999996,122,10000,percentile_bootstrap,33.594115117533114,34.793382052017378,0.29079684350909663,28.660425926138629,36.27470676748456,2.0249997960480255,28.809419372806964,36.398494340855336,1.9982952474444333
classification_entropy,double_secretary|1overe,double_secretary,1overe,confirmatory,time_saved_pct,percent_training_time,centroid_mean,4.9500829939525408,0.94999999999999996,122,10000,percentile_bootstrap,4.4347679459631459,5.2636041712891641,0.21197296542755054,4.0948779837374927,5.8265257475031556,0.44008116501610761,3.9078633099716851,5.8052370886074538,0.48705902527902284
classification_entropy,double_secretary|1overe,double_secretary,1overe,confirmatory,time_saved_pct,percent_training_time,cross_dataset_median,4.6143072504207456,0.94999999999999996,122,10000,percentile_bootstrap,4.1655263028080265,5.6883715541988966,0.38797791991499392,3.7503165140031158,5.8832640758102901,0.5397433201672166,3.6846722224143305,6.290568344019472,0.66492043465033623
classification_entropy,double_secretary|1overe,double_secretary,1overe,confirmatory,predictive_loss_pct,F1_percentage_points,centroid_mean,0.093197959452189935,0.94999999999999996,122,10000,percentile_bootstrap,0.047879546267811469,0.14714568243203643,0.025163284042274477,-0.083581776038482672,0.25924209066493947,0.087388876235395208,-0.083515176523179344,0.26713937123186565,0.090601042177891389
classification_entropy,double_secretary|1overe,double_secretary,1overe,confirmatory,predictive_loss_pct,F1_percentage_points,cross_dataset_median,0.068798367461281318,0.94999999999999996,122,10000,percentile_bootstrap,0.053711201123473613,0.18831610255721754,0.036172233896077439,0,0.26188213022296236,0.07826107032910061,0,0.26492936759097724,0.075728111914994289
classification_entropy,double_secretary|1overe,double_secretary,1overe,confirmatory,effort_saved_pct,percent_gain_evaluations,centroid_mean,-7.1134793502829021,0.94999999999999996,122,10000,percentile_bootstrap,-7.2681043223488579,-6.9889298123899657,0.071171656649585593,-9.8443481345104402,-4.521812755302153,1.3596268579784161,-9.8712134394238333,-4.5401868750874783,1.3617297044886023
classification_entropy,double_secretary|1overe,double_secretary,1overe,confirmatory,effort_saved_pct,percent_gain_evaluations,cross_dataset_median,-1.9266872792958523,0.94999999999999996,122,10000,percentile_bootstrap,-2.6445074782399933,-1.6561852452706138,0.25157377420812765,-6.6003442694404608,-0.54591922519231506,1.7016983402700896,-6.3118896012443324,-0.4810372885312918,1.649703880627468
classification_entropy,double_secretary|ln_n,double_secretary,ln_n,exploratory,time_saved_pct,percent_training_time,centroid_mean,25.175072611346241,0.94999999999999996,122,10000,percentile_bootstrap,24.749200563360805,25.519415295499748,0.19760189293245142,21.99169689244086,28.376860752810774,1.636299738723249,21.923233417716549,28.376829119898684,1.6522448300857426
classification_entropy,double_secretary|ln_n,double_secretary,ln_n,exploratory,time_saved_pct,percent_training_time,cross_dataset_median,20.992691545955452,0.94999999999999996,122,10000,percentile_bootstrap,20.160486906633466,22.85040882046458,0.71564117725431231,15.10855013386232,31.292424083498616,3.7636882398615099,16.131938546789719,30.563788354100055,3.7040365827372739
classification_entropy,double_secretary|ln_n,double_secretary,ln_n,exploratory,predictive_loss_pct,F1_percentage_points,centroid_mean,0.42305951576886086,0.94999999999999996,122,10000,percentile_bootstrap,0.37017214618378924,0.48124677246936887,0.028488292031765488,0.1011269136118691,0.74147391445997379,0.16311197785224552,0.10550146335749355,0.74296713346115428,0.16318248389522777
classification_entropy,double_secretary|ln_n,double_secretary,ln_n,exploratory,predictive_loss_pct,F1_percentage_points,cross_dataset_median,0.49867576229044863,0.94999999999999996,122,10000,percentile_bootstrap,0.38943103410184282,0.56859079190668538,0.047243657269754206,0.18662851706202632,0.67503416943473504,0.12681717194030806,0.18901396406843154,0.6916229628883882,0.13315342152014703
classification_entropy,double_secretary|ln_n,double_secretary,ln_n,exploratory,effort_saved_pct,percent_gain_evaluations,centroid_mean,19.658462215876764,0.94999999999999996,122,10000,percentile_bootstrap,19.406012866210524,19.856229299994855,0.11507293358855143,15.2683557150045,24.019585411025631,2.2283489127668243,15.249597999173606,24.012228381494928,2.2326577890843313
classification_entropy,double_secretary|ln_n,double_secretary,ln_n,exploratory,effort_saved_pct,percent_gain_evaluations,cross_dataset_median,25.534336278994047,0.94999999999999996,122,10000,percentile_bootstrap,24.530268252278123,25.735736652524437,0.30945745899194477,21.27551215747021,29.067555864513107,2.1269074007110009,21.078515967038491,29.056433904795337,2.1254842609639852
classification_entropy,double_secretary|sqrt_n,double_secretary,sqrt_n,exploratory,time_saved_pct,percent_training_time,centroid_mean,28.529004624345738,0.94999999999999996,122,10000,percentile_bootstrap,28.030412494002729,28.849351348977653,0.20765209408150345,24.654497078968177,32.458427550550269,1.9968022298804518,24.553277119621736,32.412808026548554,2.0130913415392402
classification_entropy,double_secretary|sqrt_n,double_secretary,sqrt_n,exploratory,time_saved_pct,percent_training_time,cross_dataset_median,22.928799388620199,0.94999999999999996,122,10000,percentile_bootstrap,20.785133213138572,24.38349498203128,0.94358408186332221,15.017353303974357,31.499575617856312,4.0218661381184617,15.780352091457752,31.425729192273124,4.0166004332508543
classification_entropy,double_secretary|sqrt_n,double_secretary,sqrt_n,exploratory,predictive_loss_pct,F1_percentage_points,centroid_mean,0.67126957559967781,0.94999999999999996,122,10000,percentile_bootstrap,0.6217044450358874,0.73006810202860473,0.027543263140871244,0.30394210745410893,1.0447306810650896,0.18989622584761681,0.29660418212953726,1.0535577345414944,0.19367672972138128
classification_entropy,double_secretary|sqrt_n,double_secretary,sqrt_n,exploratory,predictive_loss_pct,F1_percentage_points,cross_dataset_median,0.54857470849698498,0.94999999999999996,122,10000,percentile_bootstrap,0.48100892612652119,0.60627300217260249,0.033641169814423562,0.39131933743461467,0.75500064233088304,0.096353537654902982,0.33741359352363332,0.75563123476844474,0.10594733407904985
classification_entropy,double_secretary|sqrt_n,double_secretary,sqrt_n,exploratory,effort_saved_pct,percent_gain_evaluations,centroid_mean,16.400520454087093,0.94999999999999996,122,10000,percentile_bootstrap,16.203268907279263,16.636309404981077,0.10993627270819324,10.675733450555862,21.967595413440417,2.8536351563396738,10.688754738855177,21.965070229128543,2.8516687516806249
classification_entropy,double_secretary|sqrt_n,double_secretary,sqrt_n,exploratory,effort_saved_pct,percent_gain_evaluations,cross_dataset_median,20.753954370012302,0.94999999999999996,122,10000,percentile_bootstrap,20.1202933569636,21.389003759233749,0.31365977577546894,8.1276961171426834,28.780946386040064,4.6715769714520743,8.0661351145359603,28.573053988289875,4.6277562934579475
classification_entropy,extra_tree|max_features=1,extra_tree,max_features=1,confirmatory,time_saved_pct,percent_training_time,centroid_mean,54.729075520935247,0.94999999999999996,122,10000,percentile_bootstrap,54.240592228970719,54.97452603465851,0.1849184175962407,48.851090993675413,60.592211401919215,2.9877868486037311,48.682662874025745,60.477413703644928,3.0034239110434648
classification_entropy,extra_tree|max_features=1,extra_tree,max_features=1,confirmatory,time_saved_pct,percent_training_time,cross_dataset_median,55.000667168360678,0.94999999999999996,122,10000,percentile_bootstrap,52.873888914779549,56.193777641372797,0.84016731772802078,41.120833686149936,72.485785116105546,9.8213166914889047,40.924551048922723,72.136664733011258,9.7222944826037256
classification_entropy,extra_tree|max_features=1,extra_tree,max_features=1,confirmatory,predictive_loss_pct,F1_percentage_points,centroid_mean,8.2629199780488367,0.94999999999999996,122,10000,percentile_bootstrap,8.174626644938698,8.3320253381920129,0.040305484913835413,6.5660097330195004,10.105788569123844,0.90595655244214679,6.5546066973586843,10.1069656216344,0.90733133116505071
classification_entropy,extra_tree|max_features=1,extra_tree,max_features=1,confirmatory,predictive_loss_pct,F1_percentage_points,cross_dataset_median,4.4295193110982627,0.94999999999999996,122,10000,percentile_bootstrap,4.2485914472888808,4.971894860842859,0.18949431705224046,3.2836734693877601,7.7330914996057709,1.0419791516260912,3.1923089662467032,7.5120466557617274,1.0382419967970729
classification_entropy,extra_tree|max_features=1,extra_tree,max_features=1,confirmatory,effort_saved_pct,percent_gain_evaluations,centroid_mean,81.279312739831596,0.94999999999999996,122,10000,percentile_bootstrap,81.166165932778142,81.39591555419571,0.05880818477202409,74.8355014125043,87.049808028434441,3.1237608782867725,74.819775152343027,87.055893084949759,3.1220049659730078
classification_entropy,extra_tree|max_features=1,extra_tree,max_features=1,confirmatory,effort_saved_pct,percent_gain_evaluations,cross_dataset_median,95.819246206064179,0.94999999999999996,122,10000,percentile_bootstrap,95.793247830212422,95.872144629436107,0.019507283688007339,92.590363500331236,97.256048907242885,0.98107461268008889,92.592333502409872,97.239285641240429,0.97878525796321392
classification_entropy,extra_tree|max_features=1over3,extra_tree,max_features=1over3,confirmatory,time_saved_pct,percent_training_time,centroid_mean,49.266057772195438,0.94999999999999996,122,10000,percentile_bootstrap,48.825626767559868,49.539375154251573,0.18367167230651077,43.524272203636102,54.966191786174591,2.886791575946047,43.402149307551099,54.901886757929944,2.8989259921617005
classification_entropy,extra_tree|max_features=1over3,extra_tree,max_features=1over3,confirmatory,time_saved_pct,percent_training_time,cross_dataset_median,48.660432108062238,0.94999999999999996,122,10000,percentile_bootstrap,46.872455305861386,49.849116398339874,0.69361808090784238,35.649060083209747,58.192848279796962,6.8648950591742972,35.824718042537157,58.294068637200702,6.8579258591491508
classification_entropy,extra_tree|max_features=1over3,extra_tree,max_features=1over3,confirmatory,predictive_loss_pct,F1_percentage_points,centroid_mean,2.7582129599395313,0.94999999999999996,122,10000,percentile_bootstrap,2.6782380692650265,2.8196546779815641,0.036089314528843591,2.0554581568031813,3.499137060296365,0.36934046233811968,2.0352989899674414,3.4917527972586528,0.37199994658821822
classification_entropy,extra_tree|max_features=1over3,extra_tree,max_features=1over3,confirmatory,predictive_loss_pct,F1_percentage_points,cross_dataset_median,1.8018688557078055,0.94999999999999996,122,10000,percentile_bootstrap,1.6826833626893984,2.017471927680778,0.085359403104389914,1.2455511023248045,2.5928080634843864,0.40732414934215144,1.2753179431011528,2.5955876595996297,0.38029805611249706
classification_entropy,extra_tree|max_features=1over3,extra_tree,max_features=1over3,confirmatory,effort_saved_pct,percent_gain_evaluations,centroid_mean,69.181483031034958,0.94999999999999996,122,10000,percentile_bootstrap,69.021420836635031,69.316517624559708,0.075557961078315264,60.922415804676412,76.526040537581224,3.9941842619219554,60.884842056342926,76.532225200440394,3.9960041333189951
classification_entropy,extra_tree|max_features=1over3,extra_tree,max_features=1over3,confirmatory,effort_saved_pct,percent_gain_evaluations,cross_dataset_median,88.549477091293852,0.94999999999999996,122,10000,percentile_bootstrap,88.502673154130605,88.585730938405476,0.021059063527158993,82.411375035171375,93.263125128799061,2.7685421869702558,82.452925940014211,93.257827184280174,2.7726200587319099
classification_entropy,extra_tree|max_features=2over3,extra_tree,max_features=2over3,confirmatory,time_saved_pct,percent_training_time,centroid_mean,43.907800274157459,0.94999999999999996,122,10000,percentile_bootstrap,43.484202827971806,44.208110452903618,0.18490414766259175,38.351241604928937,49.621285975173045,2.8422094059595624,38.27060425210648,49.539532351643317,2.8501321797924977
classification_entropy,extra_tree|max_features=2over3,extra_tree,max_features=2over3,confirmatory,time_saved_pct,percent_training_time,cross_dataset_median,38.560252512742537,0.94999999999999996,122,10000,percentile_bootstrap,37.37633947729168,39.381318760446177,0.49424526157627041,27.549516180934109,47.060179230762934,4.3660188287511783,28.271425734667929,46.91640426633888,4.407669495969925
classification_entropy,extra_tree|max_features=2over3,extra_tree,max_features=2over3,confirmatory,predictive_loss_pct,F1_percentage_points,centroid_mean,1.074633786734583,0.94999999999999996,122,10000,percentile_bootstrap,1.0060619108799351,1.1321004863992932,0.032259841640633398,0.60380758669637957,1.5428748710158973,0.2396679587919735,0.59382249966518175,1.5425763319224972,0.24181247941176484
classification_entropy,extra_tree|max_features=2over3,extra_tree,max_features=2over3,confirmatory,predictive_loss_pct,F1_percentage_points,cross_dataset_median,1.0762681693518545,0.94999999999999996,122,10000,percentile_bootstrap,0.92692283388289354,1.1461983821313051,0.057156319993811926,0.67465367425237344,1.2843927412619471,0.16442819416755494,0.66769256447297909,1.2837965725458467,0.1639132981204795
classification_entropy,extra_tree|max_features=2over3,extra_tree,max_features=2over3,confirmatory,effort_saved_pct,percent_gain_evaluations,centroid_mean,66.461299232043018,0.94999999999999996,122,10000,percentile_bootstrap,66.36920241368793,66.562272930302598,0.049424829949726148,59.761507580691195,72.619111287043694,3.3001452281847525,59.776472824387412,72.623109227118562,3.2993851967714187
classification_entropy,extra_tree|max_features=2over3,extra_tree,max_features=2over3,confirmatory,effort_saved_pct,percent_gain_evaluations,cross_dataset_median,83.766164970389326,0.94999999999999996,122,10000,percentile_bootstrap,83.624143082218083,83.916137594563224,0.075628648131940451,74.119248820713295,89.802162309199133,3.6296801819934568,74.122080558480903,89.771543074523876,3.623751998223022
classification_entropy,extra_tree|max_features=all,extra_tree,max_features=all,confirmatory,time_saved_pct,percent_training_time,centroid_mean,38.614447409202924,0.94999999999999996,122,10000,percentile_bootstrap,38.145458685033738,38.859110805678995,0.18257092160736865,33.039346242949016,44.428134765931048,2.8699789133749416,32.884314893764049,44.360957477728249,2.8864730025565781
classification_entropy,extra_tree|max_features=all,extra_tree,max_features=all,confirmatory,time_saved_pct,percent_training_time,cross_dataset_median,29.033154168827672,0.94999999999999996,122,10000,percentile_bootstrap,26.817243620393008,30.706979364334796,0.98507356309012128,21.422927893917304,40.561319911913948,5.3126414888434388,21.484160395308649,40.392531360041076,5.1643495696547426
classification_entropy,extra_tree|max_features=all,extra_tree,max_features=all,confirmatory,predictive_loss_pct,F1_percentage_points,centroid_mean,0.39820199584374066,0.94999999999999996,122,10000,percentile_bootstrap,0.32681018896560221,0.45411060456886537,0.032414173947093602,0.030018362494675564,0.75202271901700835,0.18472845524817114,0.01921376735496623,0.75192306392454067,0.18737041217095529
classification_entropy,extra_tree|max_features=all,extra_tree,max_features=all,confirmatory,predictive_loss_pct,F1_percentage_points,cross_dataset_median,0.48561746946202133,0.94999999999999996,122,10000,percentile_bootstrap,0.41189953048972167,0.5366437767108565,0.032640940926401144,0.19263430880091248,0.65100402790546907,0.10186585836026792,0.21260729656112157,0.64236668006292175,0.10404813728642313
classification_entropy,extra_tree|max_features=all,extra_tree,max_features=all,confirmatory,effort_saved_pct,percent_gain_evaluations,centroid_mean,66.950866270145752,0.94999999999999996,122,10000,percentile_bootstrap,66.872900264546999,67.028474398711552,0.039110087504940133,60.898629371193245,72.604020829916124,2.997782001527308,60.871956032037588,72.596317997642856,2.9982088167375953
classification_entropy,extra_tree|max_features=all,extra_tree,max_features=all,confirmatory,effort_saved_pct,percent_gain_evaluations,cross_dataset_median,83.459272994686486,0.94999999999999996,122,10000,percentile_bootstrap,83.264107187039301,83.67465982082355,0.10141943320861159,77.770564251167656,87.49461363796334,2.9734810960695333,77.842972535184572,87.495309184482167,2.986988227008549
classification_entropy,prophet_1sample|,prophet_1sample,,confirmatory,time_saved_pct,percent_training_time,centroid_mean,17.225130512889304,0.94999999999999996,122,10000,percentile_bootstrap,16.732771523852911,17.54929878491906,0.20874654371617021,11.094729169524237,23.445413889527359,3.1461865846903585,11.007117684935825,23.362886411465954,3.1536912059381588
classification_entropy,prophet_1sample|,prophet_1sample,,confirmatory,time_saved_pct,percent_training_time,cross_dataset_median,11.929399801233043,0.94999999999999996,122,10000,percentile_bootstrap,9.3408855704871065,13.315935321602968,1.0110326622840748,4.6952345010573211,19.240597761456101,3.823010858937594,4.8383989042871232,19.318503999587858,3.8155704127926553
classification_entropy,prophet_1sample|,prophet_1sample,,confirmatory,predictive_loss_pct,F1_percentage_points,centroid_mean,0.18309825007189454,0.94999999999999996,122,10000,percentile_bootstrap,0.13880067478757815,0.2375553063911065,0.025132843332318158,-0.12010665636585961,0.47146648516501583,0.14920953529067718,-0.12125365963744274,0.47997400418469194,0.15167551028742679
classification_entropy,prophet_1sample|,prophet_1sample,,confirmatory,predictive_loss_pct,F1_percentage_points,cross_dataset_median,0.092734843712713455,0.94999999999999996,122,10000,percentile_bootstrap,0.024643090481753439,0.16025135890867007,0.036056083212305773,0,0.34584736616370265,0.098658478719467077,0,0.33221251331150953,0.093959341813375466
classification_entropy,prophet_1sample|,prophet_1sample,,confirmatory,effort_saved_pct,percent_gain_evaluations,centroid_mean,38.937092654211817,0.94999999999999996,122,10000,percentile_bootstrap,38.722952311205304,39.088193269174631,0.090951338448978028,33.814699518330215,43.942138339662598,2.5839629510044562,33.835694640673935,43.943763542280479,2.5829126085841798
classification_entropy,prophet_1sample|,prophet_1sample,,confirmatory,effort_saved_pct,percent_gain_evaluations,cross_dataset_median,41.997393961711438,0.94999999999999996,122,10000,percentile_bootstrap,40.610473499606421,42.504113991861068,0.50577950707177033,30.480524742863189,51.122911236146585,5.2573218270485551,30.918768645375486,50.873256268603072,5.2846082899990057
classification_entropy,secretary_all|0.1n,secretary_all,0.1n,exploratory,time_saved_pct,percent_training_time,centroid_mean,31.524811635922585,0.94999999999999996,122,10000,percentile_bootstrap,30.996965840434445,31.826450636913503,0.21146169197978132,27.984278676669074,35.050693328300632,1.8050306904238114,27.85391639269119,34.972694248645283,1.8233718896433522
classification_entropy,secretary_all|0.1n,secretary_all,0.1n,exploratory,time_saved_pct,percent_training_time,cross_dataset_median,27.481939701583471,0.94999999999999996,122,10000,percentile_bootstrap,26.833864827320447,30.437310487358531,0.9300046713156187,23.133475190355171,38.703048525301689,4.285473346691604,22.847584548491533,38.992060583919852,4.2314033864567069
classification_entropy,secretary_all|0.1n,secretary_all,0.1n,exploratory,predictive_loss_pct,F1_percentage_points,centroid_mean,0.54428121131980844,0.94999999999999996,122,10000,percentile_bootstrap,0.48163219721296585,0.59445017242216336,0.0286645417332742,0.17934230375901208,0.90743565298509166,0.18672371021170497,0.16457152657955845,0.90774373825716659,0.18947165773427743
classification_entropy,secretary_all|0.1n,secretary_all,0.1n,exploratory,predictive_loss_pct,F1_percentage_points,cross_dataset_median,0.45584718324580553,0.94999999999999996,122,10000,percentile_bootstrap,0.37219020908566647,0.53401343482912456,0.04095016163904356,0.22187775442103208,0.75100816195430853,0.15171340614330239,0.19763684343897461,0.73321354605661226,0.13671070539487012
classification_entropy,secretary_all|0.1n,secretary_all,0.1n,exploratory,effort_saved_pct,percent_gain_evaluations,centroid_mean,36.820617635083494,0.94999999999999996,122,10000,percentile_bootstrap,36.581585285857429,37.022303865130148,0.11242919714207925,33.344835386311004,40.20252878023566,1.7541316269535783,33.33786969776488,40.180451668703569,1.7595370459436557
classification_entropy,secretary_all|0.1n,secretary_all,0.1n,exploratory,effort_saved_pct,percent_gain_evaluations,cross_dataset_median,41.691464026340874,0.94999999999999996,122,10000,percentile_bootstrap,40.913198305484691,42.070041762948044,0.28323465141117254,37.714711886503629,44.919556599994252,1.7941117367552577,37.455957065828024,45.031195024510957,1.8232092677227167
classification_entropy,secretary_all|1overe,secretary_all,1overe,confirmatory,time_saved_pct,percent_training_time,centroid_mean,12.590728754327429,0.94999999999999996,122,10000,percentile_bootstrap,12.114980063329428,12.943537032146605,0.21262218643167727,11.33598482099746,13.850040953980375,0.64430374323997697,11.201379775361199,13.853845096534242,0.68059752130246176
classification_entropy,secretary_all|1overe,secretary_all,1overe,confirmatory,time_saved_pct,percent_training_time,cross_dataset_median,12.726159804488635,0.94999999999999996,122,10000,percentile_bootstrap,11.993820316135807,13.718652756097002,0.44342048315086119,10.062784979242689,14.980247506714031,1.3457723298965301,10.588999160038298,14.923072544345159,1.1365048777923121
classification_entropy,secretary_all|1overe,secretary_all,1overe,confirmatory,predictive_loss_pct,F1_percentage_points,centroid_mean,0.028001626955621507,0.94999999999999996,122,10000,percentile_bootstrap,-0.027882169376933514,0.06783854619871138,0.024449150497814869,-0.14941115221938289,0.19728542665016149,0.089136543531585941,-0.16835027087362495,0.19561994156913118,0.093543848248962322
classification_entropy,secretary_all|1overe,secretary_all,1overe,confirmatory,predictive_loss_pct,F1_percentage_points,cross_dataset_median,0.063826958288762392,0.94999999999999996,122,10000,percentile_bootstrap,0.015486776615280426,0.093217602992518231,0.01951964308759711,0,0.24845439343830766,0.065268892274236046,0,0.19656348760022946,0.057059100195459594
classification_entropy,secretary_all|1overe,secretary_all,1overe,confirmatory,effort_saved_pct,percent_gain_evaluations,centroid_mean,14.308993702449088,0.94999999999999996,122,10000,percentile_bootstrap,14.206008766792195,14.431065680414701,0.058103113597512718,13.276186994075847,15.343862277749105,0.52926658275545269,13.275426491111103,15.35980702877378,0.53107815794062219
classification_entropy,secretary_all|1overe,secretary_all,1overe,confirmatory,effort_saved_pct,percent_gain_evaluations,cross_dataset_median,15.050981104459662,0.94999999999999996,122,10000,percentile_bootstrap,14.832758894123051,15.291573755900695,0.12173065438742499,13.423203786031829,15.892919673704331,0.61010981231940764,13.634869201007159,15.941251003958117,0.58493125233925536
classification_entropy,secretary_all|ln_n,secretary_all,ln_n,exploratory,time_saved_pct,percent_training_time,centroid_mean,28.676224392632456,0.94999999999999996,122,10000,percentile_bootstrap,28.178957253096947,29.026749453487245,0.21562051116289949,25.353956636469544,32.037999626445171,1.7122089221522239,25.233337787620329,32.014135327959707,1.7386304253205369
classification_entropy,secretary_all|ln_n,secretary_all,ln_n,exploratory,time_saved_pct,percent_training_time,cross_dataset_median,25.516035124587546,0.94999999999999996,122,10000,percentile_bootstrap,24.373408273897752,27.201011070121435,0.72865805906078374,20.097372207829302,35.575836239376578,4.2783411790848485,20.152559005536254,35.404238470107771,4.1169103813625858
classification_entropy,secretary_all|ln_n,secretary_all,ln_n,exploratory,predictive_loss_pct,F1_percentage_points,centroid_mean,0.4221714963776661,0.94999999999999996,122,10000,percentile_bootstrap,0.34814142548332427,0.46025298152878219,0.028842287868259382,0.12493029852012175,0.72451140154972171,0.15288712701601215,0.095323647017140245,0.71939417420488971,0.15811506448217297
classification_entropy,secretary_all|ln_n,secretary_all,ln_n,exploratory,predictive_loss_pct,F1_percentage_points,cross_dataset_median,0.38271953256107105,0.94999999999999996,122,10000,percentile_bootstrap,0.31640582934475964,0.4641696582252815,0.035874040791346387,0.14388285801086032,0.68117959803909722,0.13459355742920942,0.1162324036217323,0.64577454240750642,0.13451712207397273
classification_entropy,secretary_all|ln_n,secretary_all,ln_n,exploratory,effort_saved_pct,percent_gain_evaluations,centroid_mean,32.222855111122875,0.94999999999999996,122,10000,percentile_bootstrap,32.011940000387575,32.444030509103079,0.11088595111545373,29.154706770455576,35.279963056745622,1.5619058474002032,29.147122134468081,35.267009506787822,1.5661781729828212
classification_entropy,secretary_all|ln_n,secretary_all,ln_n,exploratory,effort_saved_pct,percent_gain_evaluations,cross_dataset_median,33.913761514229677,0.94999999999999996,122,10000,percentile_bootstrap,33.382913011145227,34.606240074931051,0.31778339852861198,30.866338344121313,38.65828547761555,1.8748992133107043,30.913766809391774,38.734450457457605,1.8490416735268946
classification_entropy,secretary_all|sqrt_n,secretary_all,sqrt_n,exploratory,time_saved_pct,percent_training_time,centroid_mean,32.204772149764672,0.94999999999999996,122,10000,percentile_bootstrap,31.784043462022186,32.58392348241744,0.20200725027551311,28.286863924256338,36.214751937757185,2.0391568065191503,28.172751240710561,36.193597805284924,2.0483025596692666
classification_entropy,secretary_all|sqrt_n,secretary_all,sqrt_n,exploratory,time_saved_pct,percent_training_time,cross_dataset_median,26.989381971213135,0.94999999999999996,122,10000,percentile_bootstrap,25.842665628487257,28.875069284221595,0.75728074433094594,20.838001950074272,38.295763270819947,4.5866250721257567,21.005905809353816,37.98335832106487,4.5020660533231753
classification_entropy,secretary_all|sqrt_n,secretary_all,sqrt_n,exploratory,predictive_loss_pct,F1_percentage_points,centroid_mean,0.60400665676606369,0.94999999999999996,122,10000,percentile_bootstrap,0.53989228540465839,0.65090521557710102,0.028465399995178987,0.22044908724012019,0.98731788099942885,0.19435831128787506,0.21072861137856247,0.97898866994053091,0.19526805845129314
classification_entropy,secretary_all|sqrt_n,secretary_all,sqrt_n,exploratory,predictive_loss_pct,F1_percentage_points,cross_dataset_median,0.46898393468703115,0.94999999999999996,122,10000,percentile_bootstrap,0.38737013842205764,0.57126768737301414,0.046580981083321746,0.30223490845574519,0.71474334010878104,0.12117635530092058,0.2487634212013429,0.714437221480693,0.12441166998686957
classification_entropy,secretary_all|sqrt_n,secretary_all,sqrt_n,exploratory,effort_saved_pct,percent_gain_evaluations,centroid_mean,32.062942480440931,0.94999999999999996,122,10000,percentile_bootstrap,31.783487054255243,32.229029152499955,0.11369800026932952,28.329082228719695,35.848220761477386,1.9218171679194804,28.191324395801615,35.81382928442558,1.9368149084925699
classification_entropy,secretary_all|sqrt_n,secretary_all,sqrt_n,exploratory,effort_saved_pct,percent_gain_evaluations,cross_dataset_median,31.256978446534639,0.94999999999999996,122,10000,percentile_bootstrap,30.648759179027191,31.690497768181562,0.26911372824285995,28.929083812003942,36.668212896586816,2.3092756858679233,28.955241949232203,36.713370448471117,2.2502157975062045
classification_entropy,secretary|0.1n,secretary,0.1n,exploratory,time_saved_pct,percent_training_time,centroid_mean,35.931773251452327,0.94999999999999996,122,10000,percentile_bootstrap,35.460173439078005,36.284240986756899,0.20776528756801207,31.473526764382054,40.391570087417819,2.271568133154056,31.412464663678914,40.397411325252058,2.2833341775963327
classification_entropy,secretary|0.1n,secretary,0.1n,exploratory,time_saved_pct,percent_training_time,cross_dataset_median,31.138941992010238,0.94999999999999996,122,10000,percentile_bootstrap,30.347583354467645,32.651013368331128,0.5867636986336644,25.361568668062183,43.493621616696409,4.4728823854381226,25.517631897236555,43.414053988174125,4.4898339869461399
classification_entropy,secretary|0.1n,secretary,0.1n,exploratory,predictive_loss_pct,F1_percentage_points,centroid_mean,1.2694364915194136,0.94999999999999996,122,10000,percentile_bootstrap,1.2010157714474048,1.3316256478770092,0.03313145024604449,0.80855416780133249,1.7571378201884433,0.24426652608477009,0.80131856696073034,1.7583201637818664,0.24650178171329332
classification_entropy,secretary|0.1n,secretary,0.1n,exploratory,predictive_loss_pct,F1_percentage_points,cross_dataset_median,0.93714334827319501,0.94999999999999996,122,10000,percentile_bootstrap,0.8267702561947925,1.040043529769799,0.055168722875652075,0.57475442699074364,1.2780555650707708,0.18744926446084359,0.61164420440426659,1.2662602770547664,0.16808814677196454
classification_entropy,secretary|0.1n,secretary,0.1n,exploratory,effort_saved_pct,percent_gain_evaluations,centroid_mean,53.965355611234742,0.94999999999999996,122,10000,percentile_bootstrap,53.790293279383263,54.238060627988936,0.11298125914586901,49.734251779072601,57.992900022387111,2.1257122931553925,49.773750992683851,58.028647589835998,2.1215099459882278
classification_entropy,secretary|0.1n,secretary,0.1n,exploratory,effort_saved_pct,percent_gain_evaluations,cross_dataset_median,58.804618277946602,0.94999999999999996,122,10000,percentile_bootstrap,58.353107239956387,59.090762892249977,0.19816636162717946,52.248578909856334,64.11274933210133,2.5432895110188958,52.299499649807849,63.751928980978278,2.4677655655691817
classification_entropy,secretary|1overe,secretary,1overe,confirmatory,time_saved_pct,percent_training_time,centroid_mean,12.58724539881112,0.94999999999999996,122,10000,percentile_bootstrap,12.06052012300832,12.955774409790003,0.22797590543921631,9.9148892097257928,15.349092498263889,1.377665302469578,9.798860484942848,15.286300493463383,1.3957872789881802
classification_entropy,secretary|1overe,secretary,1overe,confirmatory,time_saved_pct,percent_training_time,cross_dataset_median,10.957264058739398,0.94999999999999996,122,10000,percentile_bootstrap,10.148535431360276,11.68407006582904,0.38351704194781572,8.5418774124557455,16.049284816163233,1.8423121829289426,7.8474846581518705,16.057386848012744,1.9348172438144129
classification_entropy,secretary|1overe,secretary,1overe,confirmatory,predictive_loss_pct,F1_percentage_points,centroid_mean,0.076170916841913905,0.94999999999999996,122,10000,percentile_bootstrap,0.023545655451101287,0.13281909102509606,0.028051513296635754,-0.18925472316133027,0.32407021521876017,0.13183216551502375,-0.19634351360193844,0.33203098636927042,0.1352132488562415
classification_entropy,secretary|1overe,secretary,1overe,confirmatory,predictive_loss_pct,F1_percentage_points,cross_dataset_median,0.099620036951833524,0.94999999999999996,122,10000,percentile_bootstrap,0.038981363112586133,0.1827402009173662,0.034663411644096725,0,0.34232494609531816,0.10310759426369707,0,0.34465045556147683,0.098369793197279523
classification_entropy,secretary|1overe,secretary,1overe,confirmatory,effort_saved_pct,percent_gain_evaluations,centroid_mean,36.792078010675894,0.94999999999999996,122,10000,percentile_bootstrap,36.655354102537345,36.946060198842218,0.07378919990769417,34.180187027196077,39.276879164936517,1.3093191018824206,34.185659445256988,39.294034865176208,1.3117599740654002
classification_entropy,secretary|1overe,secretary,1overe,confirmatory,effort_saved_pct,percent_gain_evaluations,cross_dataset_median,41.948087843485503,0.94999999999999996,122,10000,percentile_bootstrap,41.188163157783009,42.081062518997996,0.23983792396289064,38.322618145206938,43.99958733987549,1.8304381348408414,38.178692015398589,44.003856737474692,1.7266608937021599
classification_entropy,secretary|ln_n,secretary,ln_n,exploratory,time_saved_pct,percent_training_time,centroid_mean,33.497676202467908,0.94999999999999996,122,10000,percentile_bootstrap,33.032493234993311,33.782148207660462,0.18970487017322185,29.328508293235796,37.68934681126332,2.1208423461730015,29.2016365405328,37.66833269851287,2.1321622380206642
classification_entropy,secretary|ln_n,secretary,ln_n,exploratory,time_saved_pct,percent_training_time,cross_dataset_median,27.822627229437281,0.94999999999999996,122,10000,percentile_bootstrap,27.171807230802735,29.740293882952745,0.65420836991925002,21.41747784386412,41.069026903768602,4.97222598723876,21.293207411430306,40.605780011810062,4.8397341349225727
classification_entropy,secretary|ln_n,secretary,ln_n,exploratory,predictive_loss_pct,F1_percentage_points,centroid_mean,0.81181763714804445,0.94999999999999996,122,10000,percentile_bootstrap,0.75152163939556749,0.87133451927592487,0.030621186619582644,0.4171404219974108,1.2087416339467905,0.20280640352301779,0.41415300183754739,1.2152384161316672,0.20453718436793675
classification_entropy,secretary|ln_n,secretary,ln_n,exploratory,predictive_loss_pct,F1_percentage_points,cross_dataset_median,0.73058994529650589,0.94999999999999996,122,10000,percentile_bootstrap,0.66831359753470243,0.83418316118159275,0.04300350760658344,0.47187400412652125,1.13977707603935,0.17001153964684271,0.42817714245498473,1.0711763387843476,0.15980615837392789
classification_entropy,secretary|ln_n,secretary,ln_n,exploratory,effort_saved_pct,percent_gain_evaluations,centroid_mean,50.417161658000673,0.94999999999999996,122,10000,percentile_bootstrap,50.228893481065391,50.717702359975718,0.12606018181546608,46.464667386221343,54.229252859119434,1.9883038891863976,46.525971007697542,54.256926889224992,1.9847043440227241
classification_entropy,secretary|ln_n,secretary,ln_n,exploratory,effort_saved_pct,percent_gain_evaluations,cross_dataset_median,56.02889141819594,0.94999999999999996,122,10000,percentile_bootstrap,55.204686223213628,56.439385087294077,0.31405897977929426,48.605056669572797,59.219213224619914,3.0045667640450038,48.70135500567109,59.290550122305412,2.9538002254204154
classification_entropy,secretary|sqrt_n,secretary,sqrt_n,exploratory,time_saved_pct,percent_training_time,centroid_mean,36.777654252606268,0.94999999999999996,122,10000,percentile_bootstrap,36.346510795712874,36.988846985906413,0.16428979201000282,32.232249896187106,41.348861216485652,2.3246492367861542,32.089735468837688,41.266648852168643,2.3358042141959592
classification_entropy,secretary|sqrt_n,secretary,sqrt_n,exploratory,time_saved_pct,percent_training_time,cross_dataset_median,31.67145539356347,0.94999999999999996,122,10000,percentile_bootstrap,30.281545948742931,32.492015731904822,0.55745088634103146,22.110342169292142,42.448179329979929,4.6683998554244894,22.814715918749858,42.237470109797655,4.6420351663970205
classification_entropy,secretary|sqrt_n,secretary,sqrt_n,exploratory,predictive_loss_pct,F1_percentage_points,centroid_mean,1.2156379773822559,0.94999999999999996,122,10000,percentile_bootstrap,1.1488092286921077,1.2792138206960719,0.03348747350822192,0.74180824692357339,1.70421622352194,0.24717152971828082,0.73437437911406134,1.7097405573943594,0.24901038333570225
classification_entropy,secretary|sqrt_n,secretary,sqrt_n,exploratory,predictive_loss_pct,F1_percentage_points,cross_dataset_median,0.86450289454524654,0.94999999999999996,122,10000,percentile_bootstrap,0.68513515953864879,0.93384139172840164,0.065835546365663217,0.54302104384346128,1.0795783295689643,0.15498471874624423,0.49603242666200492,1.1136518078709321,0.16472187677246267
classification_entropy,secretary|sqrt_n,secretary,sqrt_n,exploratory,effort_saved_pct,percent_gain_evaluations,centroid_mean,48.803596306169773,0.94999999999999996,122,10000,percentile_bootstrap,48.612100183540782,49.04926076565588,0.110450233525538,44.132285889084542,53.301338095875948,2.3563956287516139,44.128473666040925,53.325047494459199,2.3548130958583515
classification_entropy,secretary|sqrt_n,secretary,sqrt_n,exploratory,effort_saved_pct,percent_gain_evaluations,cross_dataset_median,55.946147453777733,0.94999999999999996,122,10000,percentile_bootstrap,54.879216716845946,56.29281391867859,0.34059490955424071,45.820173712936636,59.567011662941795,3.8542928507189163,45.904518796586927,59.552192384453377,3.7493619676722121
