task,method_key,splitter,variant,analysis_tier,time_saved_threshold_pct,loss_tolerance_pct,loss_unit,estimate,confidence,n_datasets,n_bootstrap,experimental_unit,estimand,within_ci_low,within_ci_high,within_se,between_ci_low,between_ci_high,between_se,hierarchical_ci_low,hierarchical_ci_high,hierarchical_se
regression,best|,best,,confirmatory,0,0.5,percent_bounded_relative_RMSE_loss,1,0.94999999999999996,113,10000,dataset,P_dataset(median time saved >= s and median loss <= epsilon),1,1,0,1,1,0,1,1,0
regression,best|,best,,confirmatory,0,1,percent_bounded_relative_RMSE_loss,1,0.94999999999999996,113,10000,dataset,P_dataset(median time saved >= s and median loss <= epsilon),1,1,0,1,1,0,1,1,0
regression,best|,best,,confirmatory,0,2.5,percent_bounded_relative_RMSE_loss,1,0.94999999999999996,113,10000,dataset,P_dataset(median time saved >= s and median loss <= epsilon),1,1,0,1,1,0,1,1,0
regression,best|,best,,confirmatory,10,0.5,percent_bounded_relative_RMSE_loss,0,0.94999999999999996,113,10000,dataset,P_dataset(median time saved >= s and median loss <= epsilon),0,0,0,0,0,0,0,0,0
regression,best|,best,,confirmatory,10,1,percent_bounded_relative_RMSE_loss,0,0.94999999999999996,113,10000,dataset,P_dataset(median time saved >= s and median loss <= epsilon),0,0,0,0,0,0,0,0,0
regression,best|,best,,confirmatory,10,2.5,percent_bounded_relative_RMSE_loss,0,0.94999999999999996,113,10000,dataset,P_dataset(median time saved >= s and median loss <= epsilon),0,0,0,0,0,0,0,0,0
regression,best|,best,,confirmatory,25,0.5,percent_bounded_relative_RMSE_loss,0,0.94999999999999996,113,10000,dataset,P_dataset(median time saved >= s and median loss <= epsilon),0,0,0,0,0,0,0,0,0
regression,best|,best,,confirmatory,25,1,percent_bounded_relative_RMSE_loss,0,0.94999999999999996,113,10000,dataset,P_dataset(median time saved >= s and median loss <= epsilon),0,0,0,0,0,0,0,0,0
regression,best|,best,,confirmatory,25,2.5,percent_bounded_relative_RMSE_loss,0,0.94999999999999996,113,10000,dataset,P_dataset(median time saved >= s and median loss <= epsilon),0,0,0,0,0,0,0,0,0
regression,best|,best,,confirmatory,50,0.5,percent_bounded_relative_RMSE_loss,0,0.94999999999999996,113,10000,dataset,P_dataset(median time saved >= s and median loss <= epsilon),0,0,0,0,0,0,0,0,0
regression,best|,best,,confirmatory,50,1,percent_bounded_relative_RMSE_loss,0,0.94999999999999996,113,10000,dataset,P_dataset(median time saved >= s and median loss <= epsilon),0,0,0,0,0,0,0,0,0
regression,best|,best,,confirmatory,50,2.5,percent_bounded_relative_RMSE_loss,0,0.94999999999999996,113,10000,dataset,P_dataset(median time saved >= s and median loss <= epsilon),0,0,0,0,0,0,0,0,0
regression,block_rank|,block_rank,,confirmatory,0,0.5,percent_bounded_relative_RMSE_loss,0.097345132743362831,0.94999999999999996,113,10000,dataset,P_dataset(median time saved >= s and median loss <= epsilon),0.079646017699115043,0.097345132743362831,0.0063875201864094571,0.044247787610619468,0.15044247787610621,0.02788367159406761,0.044247787610619468,0.15044247787610621,0.027190522667740205
regression,block_rank|,block_rank,,confirmatory,0,1,percent_bounded_relative_RMSE_loss,0.097345132743362831,0.94999999999999996,113,10000,dataset,P_dataset(median time saved >= s and median loss <= epsilon),0.079646017699115043,0.10619469026548672,0.0069271034676477673,0.044247787610619468,0.15044247787610621,0.02788367159406761,0.044247787610619468,0.15044247787610621,0.027812405417073201
regression,block_rank|,block_rank,,confirmatory,0,2.5,percent_bounded_relative_RMSE_loss,0.11504424778761062,0.94999999999999996,113,10000,dataset,P_dataset(median time saved >= s and median loss <= epsilon),0.10619469026548672,0.15044247787610621,0.0096272104432655933,0.061946902654867256,0.17699115044247787,0.029749252654169847,0.070796460176991149,0.19469026548672566,0.031345577119384953
regression,block_rank|,block_rank,,confirmatory,10,0.5,percent_bounded_relative_RMSE_loss,0.097345132743362831,0.94999999999999996,113,10000,dataset,P_dataset(median time saved >= s and median loss <= epsilon),0.079646017699115043,0.097345132743362831,0.0066550257883013749,0.044247787610619468,0.15044247787610621,0.02788367159406761,0.044247787610619468,0.15044247787610621,0.027128615433919537
regression,block_rank|,block_rank,,confirmatory,10,1,percent_bounded_relative_RMSE_loss,0.097345132743362831,0.94999999999999996,113,10000,dataset,P_dataset(median time saved >= s and median loss <= epsilon),0.079646017699115043,0.10619469026548672,0.0071569045783266118,0.044247787610619468,0.15044247787610621,0.02788367159406761,0.044247787610619468,0.15044247787610621,0.02775119808303346
regression,block_rank|,block_rank,,confirmatory,10,2.5,percent_bounded_relative_RMSE_loss,0.11504424778761062,0.94999999999999996,113,10000,dataset,P_dataset(median time saved >= s and median loss <= epsilon),0.10619469026548672,0.14181415929203217,0.0098101760962072335,0.061946902654867256,0.17699115044247787,0.029749252654169847,0.070796460176991149,0.19469026548672566,0.03129308391732346
regression,block_rank|,block_rank,,confirmatory,25,0.5,percent_bounded_relative_RMSE_loss,0.035398230088495575,0.94999999999999996,113,10000,dataset,P_dataset(median time saved >= s and median loss <= epsilon),0.026548672566371681,0.044247787610619468,0.002784375978158761,0.0088495575221238937,0.070796460176991149,0.017205667220404775,0.0088495575221238937,0.070796460176991149,0.017282594013081777
regression,block_rank|,block_rank,,confirmatory,25,1,percent_bounded_relative_RMSE_loss,0.035398230088495575,0.94999999999999996,113,10000,dataset,P_dataset(median time saved >= s and median loss <= epsilon),0.035398230088495575,0.044247787610619468,0.0026370024192736538,0.0088495575221238937,0.070796460176991149,0.017205667220404775,0.0088495575221238937,0.070796460176991149,0.017313671389473522
regression,block_rank|,block_rank,,confirmatory,25,2.5,percent_bounded_relative_RMSE_loss,0.044247787610619468,0.94999999999999996,113,10000,dataset,P_dataset(median time saved >= s and median loss <= epsilon),0.035398230088495575,0.053097345132743362,0.0039001322588454023,0.0088495575221238937,0.088495575221238937,0.019172457629653673,0.0088495575221238937,0.088495575221238937,0.019034275063241644
regression,block_rank|,block_rank,,confirmatory,50,0.5,percent_bounded_relative_RMSE_loss,0.017699115044247787,0.94999999999999996,113,10000,dataset,P_dataset(median time saved >= s and median loss <= epsilon),0.017699115044247787,0.017699115044247787,0,0,0.044247787610619468,0.012198399207106818,0,0.044247787610619468,0.012198399207106818
regression,block_rank|,block_rank,,confirmatory,50,1,percent_bounded_relative_RMSE_loss,0.017699115044247787,0.94999999999999996,113,10000,dataset,P_dataset(median time saved >= s and median loss <= epsilon),0.017699115044247787,0.017699115044247787,0,0,0.044247787610619468,0.012198399207106818,0,0.044247787610619468,0.012198399207106818
regression,block_rank|,block_rank,,confirmatory,50,2.5,percent_bounded_relative_RMSE_loss,0.017699115044247787,0.94999999999999996,113,10000,dataset,P_dataset(median time saved >= s and median loss <= epsilon),0.017699115044247787,0.017699115044247787,0.00023406702541348912,0,0.044247787610619468,0.012198399207106818,0,0.044247787610619468,0.012199585537879407
regression,double_secretary|0.1n,double_secretary,0.1n,exploratory,0,0.5,percent_bounded_relative_RMSE_loss,0.15044247787610621,0.94999999999999996,113,10000,dataset,P_dataset(median time saved >= s and median loss <= epsilon),0.12389380530973451,0.16814159292035399,0.011314948418796149,0.088495575221238937,0.22123893805309736,0.03324016467871159,0.088495575221238937,0.21238938053097345,0.033212110519554583
regression,double_secretary|0.1n,double_secretary,0.1n,exploratory,0,1,percent_bounded_relative_RMSE_loss,0.15929203539823009,0.94999999999999996,113,10000,dataset,P_dataset(median time saved >= s and median loss <= epsilon),0.1415929203539823,0.18584070796460178,0.011869169749658742,0.097345132743362831,0.23008849557522124,0.034046360291765769,0.097345132743362831,0.23008849557522124,0.034316694203249468
regression,double_secretary|0.1n,double_secretary,0.1n,exploratory,0,2.5,percent_bounded_relative_RMSE_loss,0.25663716814159293,0.94999999999999996,113,10000,dataset,P_dataset(median time saved >= s and median loss <= epsilon),0.21238938053097345,0.27433628318584069,0.015392131510818023,0.17699115044247787,0.33628318584070799,0.041115000854307693,0.16814159292035399,0.32743362831858408,0.040368971380762057
regression,double_secretary|0.1n,double_secretary,0.1n,exploratory,10,0.5,percent_bounded_relative_RMSE_loss,0.12389380530973451,0.94999999999999996,113,10000,dataset,P_dataset(median time saved >= s and median loss <= epsilon),0.097345132743362831,0.15044247787610621,0.013945890145455312,0.070796460176991149,0.18584070796460178,0.030744446339278399,0.070796460176991149,0.19469026548672566,0.031039180781321722
regression,double_secretary|0.1n,double_secretary,0.1n,exploratory,10,1,percent_bounded_relative_RMSE_loss,0.13274336283185842,0.94999999999999996,113,10000,dataset,P_dataset(median time saved >= s and median loss <= epsilon),0.10619469026548672,0.16814159292035399,0.014882648018792036,0.070796460176991149,0.19469026548672566,0.031653256770261262,0.079646017699115043,0.20353982300884957,0.032193175843728716
regression,double_secretary|0.1n,double_secretary,0.1n,exploratory,10,2.5,percent_bounded_relative_RMSE_loss,0.23008849557522124,0.94999999999999996,113,10000,dataset,P_dataset(median time saved >= s and median loss <= epsilon),0.18584070796460178,0.25663716814159293,0.017904783928113031,0.15929203539823009,0.30973451327433627,0.039505552400647813,0.15044247787610621,0.30088495575221241,0.038757896673088245
regression,double_secretary|0.1n,double_secretary,0.1n,exploratory,25,0.5,percent_bounded_relative_RMSE_loss,0.053097345132743362,0.94999999999999996,113,10000,dataset,P_dataset(median time saved >= s and median loss <= epsilon),0.044247787610619468,0.061946902654867256,0.0062699983669819584,0.017699115044247787,0.097345132743362831,0.021040726759455151,0.017699115044247787,0.097345132743362831,0.020814392650406601
regression,double_secretary|0.1n,double_secretary,0.1n,exploratory,25,1,percent_bounded_relative_RMSE_loss,0.061946902654867256,0.94999999999999996,113,10000,dataset,P_dataset(median time saved >= s and median loss <= epsilon),0.044247787610619468,0.061946902654867256,0.0066179823899182927,0.017699115044247787,0.10619469026548672,0.022564482136942478,0.017699115044247787,0.097345132743362831,0.020976926481356743
regression,double_secretary|0.1n,double_secretary,0.1n,exploratory,25,2.5,percent_bounded_relative_RMSE_loss,0.097345132743362831,0.94999999999999996,113,10000,dataset,P_dataset(median time saved >= s and median loss <= epsilon),0.070796460176991149,0.10619469026548672,0.010221313275753289,0.044247787610619468,0.15929203539823009,0.027813554995527762,0.044247787610619468,0.15044247787610621,0.026966911472242963
regression,double_secretary|0.1n,double_secretary,0.1n,exploratory,50,0.5,percent_bounded_relative_RMSE_loss,0,0.94999999999999996,113,10000,dataset,P_dataset(median time saved >= s and median loss <= epsilon),0,0,0.00064858123550950596,0,0,0,0,0,0.00062422306944112996
regression,double_secretary|0.1n,double_secretary,0.1n,exploratory,50,1,percent_bounded_relative_RMSE_loss,0,0.94999999999999996,113,10000,dataset,P_dataset(median time saved >= s and median loss <= epsilon),0,0,0.00068345840656435116,0,0,0,0,0,0.00066041639112853075
regression,double_secretary|0.1n,double_secretary,0.1n,exploratory,50,2.5,percent_bounded_relative_RMSE_loss,0.0088495575221238937,0.94999999999999996,113,10000,dataset,P_dataset(median time saved >= s and median loss <= epsilon),0.0088495575221238937,0.017699115044247787,0.0047108588416362018,0,0.026548672566371681,0.0088847353329085527,0,0.035398230088495575,0.010567916777148389
regression,double_secretary|1overe,double_secretary,1overe,confirmatory,0,0.5,percent_bounded_relative_RMSE_loss,0.24778761061946902,0.94999999999999996,113,10000,dataset,P_dataset(median time saved >= s and median loss <= epsilon),0.21238938053097345,0.29203539823008851,0.020516702016457059,0.17699115044247787,0.32743362831858408,0.039776830951659133,0.16814159292035399,0.32743362831858408,0.039860021900571724
regression,double_secretary|1overe,double_secretary,1overe,confirmatory,0,1,percent_bounded_relative_RMSE_loss,0.34513274336283184,0.94999999999999996,113,10000,dataset,P_dataset(median time saved >= s and median loss <= epsilon),0.2831858407079646,0.36283185840707965,0.020142976294235233,0.26548672566371684,0.4336283185840708,0.044258385489869885,0.23893805309734514,0.40707964601769914,0.043374927055791435
regression,double_secretary|1overe,double_secretary,1overe,confirmatory,0,2.5,percent_bounded_relative_RMSE_loss,0.48672566371681414,0.94999999999999996,113,10000,dataset,P_dataset(median time saved >= s and median loss <= epsilon),0.45132743362831856,0.53982300884955747,0.022603509233076899,0.39823008849557523,0.5752212389380531,0.046542439039730252,0.40707964601769914,0.59292035398230092,0.046524946256668809
regression,double_secretary|1overe,double_secretary,1overe,confirmatory,10,0.5,percent_bounded_relative_RMSE_loss,0.061946902654867256,0.94999999999999996,113,10000,dataset,P_dataset(median time saved >= s and median loss <= epsilon),0.044247787610619468,0.088495575221238937,0.011780381246786542,0.026548672566371681,0.10619469026548672,0.022250446421113478,0.026548672566371681,0.11504424778761062,0.023336395312825012
regression,double_secretary|1overe,double_secretary,1overe,confirmatory,10,1,percent_bounded_relative_RMSE_loss,0.061946902654867256,0.94999999999999996,113,10000,dataset,P_dataset(median time saved >= s and median loss <= epsilon),0.061946902654867256,0.10619469026548672,0.01208110619573638,0.026548672566371681,0.10619469026548672,0.022250446421113478,0.035398230088495575,0.13274336283185842,0.02516847898048372
regression,double_secretary|1overe,double_secretary,1overe,confirmatory,10,2.5,percent_bounded_relative_RMSE_loss,0.097345132743362831,0.94999999999999996,113,10000,dataset,P_dataset(median time saved >= s and median loss <= epsilon),0.088495575221238937,0.1415929203539823,0.014994705019183943,0.044247787610619468,0.15044247787610621,0.027669405523063944,0.061946902654867256,0.17699115044247787,0.029653687385579535
regression,double_secretary|1overe,double_secretary,1overe,confirmatory,25,0.5,percent_bounded_relative_RMSE_loss,0,0.94999999999999996,113,10000,dataset,P_dataset(median time saved >= s and median loss <= epsilon),0,0,0,0,0,0,0,0,0
regression,double_secretary|1overe,double_secretary,1overe,confirmatory,25,1,percent_bounded_relative_RMSE_loss,0,0.94999999999999996,113,10000,dataset,P_dataset(median time saved >= s and median loss <= epsilon),0,0,0,0,0,0,0,0,0
regression,double_secretary|1overe,double_secretary,1overe,confirmatory,25,2.5,percent_bounded_relative_RMSE_loss,0,0.94999999999999996,113,10000,dataset,P_dataset(median time saved >= s and median loss <= epsilon),0,0,0,0,0,0,0,0,0
regression,double_secretary|1overe,double_secretary,1overe,confirmatory,50,0.5,percent_bounded_relative_RMSE_loss,0,0.94999999999999996,113,10000,dataset,P_dataset(median time saved >= s and median loss <= epsilon),0,0,0,0,0,0,0,0,0
regression,double_secretary|1overe,double_secretary,1overe,confirmatory,50,1,percent_bounded_relative_RMSE_loss,0,0.94999999999999996,113,10000,dataset,P_dataset(median time saved >= s and median loss <= epsilon),0,0,0,0,0,0,0,0,0
regression,double_secretary|1overe,double_secretary,1overe,confirmatory,50,2.5,percent_bounded_relative_RMSE_loss,0,0.94999999999999996,113,10000,dataset,P_dataset(median time saved >= s and median loss <= epsilon),0,0,0,0,0,0,0,0,0
regression,double_secretary|ln_n,double_secretary,ln_n,exploratory,0,0.5,percent_bounded_relative_RMSE_loss,0.15929203539823009,0.94999999999999996,113,10000,dataset,P_dataset(median time saved >= s and median loss <= epsilon),0.13274336283185842,0.17699115044247787,0.011672715117551965,0.097345132743362831,0.23008849557522124,0.034088906319212804,0.097345132743362831,0.22123893805309736,0.033672058825213159
regression,double_secretary|ln_n,double_secretary,ln_n,exploratory,0,1,percent_bounded_relative_RMSE_loss,0.16814159292035399,0.94999999999999996,113,10000,dataset,P_dataset(median time saved >= s and median loss <= epsilon),0.15044247787610621,0.19469026548672566,0.011920661315706306,0.10619469026548672,0.23893805309734514,0.034620391573801715,0.10619469026548672,0.23893805309734514,0.035048273245027961
regression,double_secretary|ln_n,double_secretary,ln_n,exploratory,0,2.5,percent_bounded_relative_RMSE_loss,0.26548672566371684,0.94999999999999996,113,10000,dataset,P_dataset(median time saved >= s and median loss <= epsilon),0.23008849557522124,0.2831858407079646,0.014914318527754036,0.18584070796460178,0.34513274336283184,0.041384500325429868,0.17699115044247787,0.33628318584070799,0.040785321612747026
regression,double_secretary|ln_n,double_secretary,ln_n,exploratory,10,0.5,percent_bounded_relative_RMSE_loss,0.1415929203539823,0.94999999999999996,113,10000,dataset,P_dataset(median time saved >= s and median loss <= epsilon),0.11504424778761062,0.15929203539823009,0.012049099733958025,0.079646017699115043,0.21238938053097345,0.032463053176004751,0.079646017699115043,0.20353982300884957,0.032250848340897011
regression,double_secretary|ln_n,double_secretary,ln_n,exploratory,10,1,percent_bounded_relative_RMSE_loss,0.15044247787610621,0.94999999999999996,113,10000,dataset,P_dataset(median time saved >= s and median loss <= epsilon),0.12389380530973451,0.17699115044247787,0.013075983794269665,0.088495575221238937,0.22123893805309736,0.03307070483760189,0.088495575221238937,0.22123893805309736,0.033482097310385692
regression,double_secretary|ln_n,double_secretary,ln_n,exploratory,10,2.5,percent_bounded_relative_RMSE_loss,0.24778761061946902,0.94999999999999996,113,10000,dataset,P_dataset(median time saved >= s and median loss <= epsilon),0.20353982300884957,0.26548672566371684,0.015919509133976748,0.16814159292035399,0.32743362831858408,0.040409914940305401,0.15929203539823009,0.30973451327433627,0.039444012698949503
regression,double_secretary|ln_n,double_secretary,ln_n,exploratory,25,0.5,percent_bounded_relative_RMSE_loss,0.053097345132743362,0.94999999999999996,113,10000,dataset,P_dataset(median time saved >= s and median loss <= epsilon),0.044247787610619468,0.070796460176991149,0.0072916430123240207,0.017699115044247787,0.097345132743362831,0.021040726759455151,0.017699115044247787,0.097345132743362831,0.021258278066763683
regression,double_secretary|ln_n,double_secretary,ln_n,exploratory,25,1,percent_bounded_relative_RMSE_loss,0.061946902654867256,0.94999999999999996,113,10000,dataset,P_dataset(median time saved >= s and median loss <= epsilon),0.044247787610619468,0.070796460176991149,0.0074278106691613097,0.026548672566371681,0.10619469026548672,0.022395845545509763,0.017699115044247787,0.10619469026548672,0.021872355226689559
regression,double_secretary|ln_n,double_secretary,ln_n,exploratory,25,2.5,percent_bounded_relative_RMSE_loss,0.097345132743362831,0.94999999999999996,113,10000,dataset,P_dataset(median time saved >= s and median loss <= epsilon),0.079646017699115043,0.11504424778761062,0.0088460681667516267,0.044247787610619468,0.15929203539823009,0.027856109609633042,0.044247787610619468,0.15044247787610621,0.027610970293235046
regression,double_secretary|ln_n,double_secretary,ln_n,exploratory,50,0.5,percent_bounded_relative_RMSE_loss,0,0.94999999999999996,113,10000,dataset,P_dataset(median time saved >= s and median loss <= epsilon),0,0,0.000758483727060031,0,0,0,0,0,0.00075848372706003111
regression,double_secretary|ln_n,double_secretary,ln_n,exploratory,50,1,percent_bounded_relative_RMSE_loss,0,0.94999999999999996,113,10000,dataset,P_dataset(median time saved >= s and median loss <= epsilon),0,0,0.000758483727060031,0,0,0,0,0,0.00075848372706003111
regression,double_secretary|ln_n,double_secretary,ln_n,exploratory,50,2.5,percent_bounded_relative_RMSE_loss,0.0088495575221238937,0.94999999999999996,113,10000,dataset,P_dataset(median time saved >= s and median loss <= epsilon),0.0088495575221238937,0.0088495575221238937,0.00099634493677918713,0,0.026548672566371681,0.0088847353329085527,0,0.026548672566371681,0.0089236098171564526
regression,double_secretary|sqrt_n,double_secretary,sqrt_n,exploratory,0,0.5,percent_bounded_relative_RMSE_loss,0.16814159292035399,0.94999999999999996,113,10000,dataset,P_dataset(median time saved >= s and median loss <= epsilon),0.13274336283185842,0.17699115044247787,0.012183842840868488,0.10619469026548672,0.23893805309734514,0.0346983918489015,0.088495575221238937,0.22123893805309736,0.033735937306956669
regression,double_secretary|sqrt_n,double_secretary,sqrt_n,exploratory,0,1,percent_bounded_relative_RMSE_loss,0.17699115044247787,0.94999999999999996,113,10000,dataset,P_dataset(median time saved >= s and median loss <= epsilon),0.15044247787610621,0.19469026548672566,0.011945918609023876,0.11504424778761062,0.24778761061946902,0.03543570337228763,0.10619469026548672,0.24778761061946902,0.0353217787876067
regression,double_secretary|sqrt_n,double_secretary,sqrt_n,exploratory,0,2.5,percent_bounded_relative_RMSE_loss,0.25663716814159293,0.94999999999999996,113,10000,dataset,P_dataset(median time saved >= s and median loss <= epsilon),0.22123893805309736,0.27433628318584069,0.014030176780097719,0.17699115044247787,0.33628318584070799,0.041167854029013226,0.17699115044247787,0.33628318584070799,0.040936221341527121
regression,double_secretary|sqrt_n,double_secretary,sqrt_n,exploratory,10,0.5,percent_bounded_relative_RMSE_loss,0.1415929203539823,0.94999999999999996,113,10000,dataset,P_dataset(median time saved >= s and median loss <= epsilon),0.097345132743362831,0.15044247787610621,0.013574670456761877,0.079646017699115043,0.21238938053097345,0.032375228761542411,0.070796460176991149,0.18584070796460178,0.0306589257866271
regression,double_secretary|sqrt_n,double_secretary,sqrt_n,exploratory,10,1,percent_bounded_relative_RMSE_loss,0.15044247787610621,0.94999999999999996,113,10000,dataset,P_dataset(median time saved >= s and median loss <= epsilon),0.10619469026548672,0.16814159292035399,0.014305682710857264,0.088495575221238937,0.22123893805309736,0.033194957818761264,0.079646017699115043,0.20353982300884957,0.032155828139743783
regression,double_secretary|sqrt_n,double_secretary,sqrt_n,exploratory,10,2.5,percent_bounded_relative_RMSE_loss,0.22123893805309736,0.94999999999999996,113,10000,dataset,P_dataset(median time saved >= s and median loss <= epsilon),0.17699115044247787,0.23893805309734514,0.015565371378445856,0.15044247787610621,0.30088495575221241,0.03900668322345243,0.13274336283185842,0.2831858407079646,0.038299887834899432
regression,double_secretary|sqrt_n,double_secretary,sqrt_n,exploratory,25,0.5,percent_bounded_relative_RMSE_loss,0.044247787610619468,0.94999999999999996,113,10000,dataset,P_dataset(median time saved >= s and median loss <= epsilon),0.035398230088495575,0.053097345132743362,0.0033708045749821008,0.0088495575221238937,0.088495575221238937,0.019328078406344564,0.0088495575221238937,0.088495575221238937,0.01930241772600632
regression,double_secretary|sqrt_n,double_secretary,sqrt_n,exploratory,25,1,percent_bounded_relative_RMSE_loss,0.044247787610619468,0.94999999999999996,113,10000,dataset,P_dataset(median time saved >= s and median loss <= epsilon),0.035398230088495575,0.053097345132743362,0.0048428801306461241,0.0088495575221238937,0.088495575221238937,0.019328078406344564,0.0088495575221238937,0.088495575221238937,0.019725738371883142
regression,double_secretary|sqrt_n,double_secretary,sqrt_n,exploratory,25,2.5,percent_bounded_relative_RMSE_loss,0.070796460176991149,0.94999999999999996,113,10000,dataset,P_dataset(median time saved >= s and median loss <= epsilon),0.053097345132743362,0.088495575221238937,0.0081341616506697186,0.026548672566371681,0.12389380530973451,0.024188124809147806,0.026548672566371681,0.12389380530973451,0.023823507793621374
regression,double_secretary|sqrt_n,double_secretary,sqrt_n,exploratory,50,0.5,percent_bounded_relative_RMSE_loss,0,0.94999999999999996,113,10000,dataset,P_dataset(median time saved >= s and median loss <= epsilon),0,0,0,0,0,0,0,0,0
regression,double_secretary|sqrt_n,double_secretary,sqrt_n,exploratory,50,1,percent_bounded_relative_RMSE_loss,0,0.94999999999999996,113,10000,dataset,P_dataset(median time saved >= s and median loss <= epsilon),0,0,0,0,0,0,0,0,0
regression,double_secretary|sqrt_n,double_secretary,sqrt_n,exploratory,50,2.5,percent_bounded_relative_RMSE_loss,0,0.94999999999999996,113,10000,dataset,P_dataset(median time saved >= s and median loss <= epsilon),0,0,0.00075337935214073604,0,0,0,0,0,0.00081717854408233398
regression,extra_tree|max_features=1,extra_tree,max_features=1,confirmatory,0,0.5,percent_bounded_relative_RMSE_loss,0.061946902654867256,0.94999999999999996,113,10000,dataset,P_dataset(median time saved >= s and median loss <= epsilon),0.053097345132743362,0.070796460176991149,0.00577275781057406,0.017699115044247787,0.10619469026548672,0.022628085960050951,0.026548672566371681,0.11504424778761062,0.022875828974723678
regression,extra_tree|max_features=1,extra_tree,max_features=1,confirmatory,0,1,percent_bounded_relative_RMSE_loss,0.070796460176991149,0.94999999999999996,113,10000,dataset,P_dataset(median time saved >= s and median loss <= epsilon),0.053097345132743362,0.070796460176991149,0.0053819899079453736,0.026548672566371681,0.12389380530973451,0.0239779254279259,0.026548672566371681,0.11504424778761062,0.023214189974062185
regression,extra_tree|max_features=1,extra_tree,max_features=1,confirmatory,0,2.5,percent_bounded_relative_RMSE_loss,0.079646017699115043,0.94999999999999996,113,10000,dataset,P_dataset(median time saved >= s and median loss <= epsilon),0.070796460176991149,0.097345132743362831,0.0055823453675406132,0.035398230088495575,0.13274336283185842,0.025239254737447859,0.035398230088495575,0.13274336283185842,0.025617591704762115
regression,extra_tree|max_features=1,extra_tree,max_features=1,confirmatory,10,0.5,percent_bounded_relative_RMSE_loss,0.061946902654867256,0.94999999999999996,113,10000,dataset,P_dataset(median time saved >= s and median loss <= epsilon),0.053097345132743362,0.070796460176991149,0.0058093306630816657,0.017699115044247787,0.10619469026548672,0.022628085960050951,0.026548672566371681,0.11504424778761062,0.022867782204248004
regression,extra_tree|max_features=1,extra_tree,max_features=1,confirmatory,10,1,percent_bounded_relative_RMSE_loss,0.070796460176991149,0.94999999999999996,113,10000,dataset,P_dataset(median time saved >= s and median loss <= epsilon),0.053097345132743362,0.070796460176991149,0.0054181257821273388,0.026548672566371681,0.12389380530973451,0.0239779254279259,0.026548672566371681,0.11504424778761062,0.023209380394213448
regression,extra_tree|max_features=1,extra_tree,max_features=1,confirmatory,10,2.5,percent_bounded_relative_RMSE_loss,0.079646017699115043,0.94999999999999996,113,10000,dataset,P_dataset(median time saved >= s and median loss <= epsilon),0.070796460176991149,0.097345132743362831,0.0055538629129416005,0.035398230088495575,0.13274336283185842,0.025239254737447859,0.035398230088495575,0.13274336283185842,0.025562855513393067
regression,extra_tree|max_features=1,extra_tree,max_features=1,confirmatory,25,0.5,percent_bounded_relative_RMSE_loss,0.053097345132743362,0.94999999999999996,113,10000,dataset,P_dataset(median time saved >= s and median loss <= epsilon),0.044247787610619468,0.053097345132743362,0.0042878146043024926,0.017699115044247787,0.097345132743362831,0.021064929123328906,0.017699115044247787,0.097345132743362831,0.020385857492324865
regression,extra_tree|max_features=1,extra_tree,max_features=1,confirmatory,25,1,percent_bounded_relative_RMSE_loss,0.053097345132743362,0.94999999999999996,113,10000,dataset,P_dataset(median time saved >= s and median loss <= epsilon),0.044247787610619468,0.053097345132743362,0.0041513378620911291,0.017699115044247787,0.097345132743362831,0.021064929123328906,0.017699115044247787,0.097345132743362831,0.020604444636633128
regression,extra_tree|max_features=1,extra_tree,max_features=1,confirmatory,25,2.5,percent_bounded_relative_RMSE_loss,0.061946902654867256,0.94999999999999996,113,10000,dataset,P_dataset(median time saved >= s and median loss <= epsilon),0.053097345132743362,0.070796460176991149,0.0047996479419385972,0.026548672566371681,0.10619469026548672,0.022546940933023178,0.017699115044247787,0.10619469026548672,0.022446146740067043
regression,extra_tree|max_features=1,extra_tree,max_features=1,confirmatory,50,0.5,percent_bounded_relative_RMSE_loss,0.026548672566371681,0.94999999999999996,113,10000,dataset,P_dataset(median time saved >= s and median loss <= epsilon),0.026548672566371681,0.026548672566371681,0.0010260368062578944,0,0.061946902654867256,0.01496528230715106,0,0.061946902654867256,0.014938653018420234
regression,extra_tree|max_features=1,extra_tree,max_features=1,confirmatory,50,1,percent_bounded_relative_RMSE_loss,0.026548672566371681,0.94999999999999996,113,10000,dataset,P_dataset(median time saved >= s and median loss <= epsilon),0.026548672566371681,0.026548672566371681,0.0015350296356904511,0,0.061946902654867256,0.01496528230715106,0,0.061946902654867256,0.014977358707510503
regression,extra_tree|max_features=1,extra_tree,max_features=1,confirmatory,50,2.5,percent_bounded_relative_RMSE_loss,0.035398230088495575,0.94999999999999996,113,10000,dataset,P_dataset(median time saved >= s and median loss <= epsilon),0.035398230088495575,0.044247787610619468,0.0033442180538440155,0.0088495575221238937,0.070796460176991149,0.017141771360476458,0.0088495575221238937,0.070796460176991149,0.017369569099629816
regression,extra_tree|max_features=1over3,extra_tree,max_features=1over3,confirmatory,0,0.5,percent_bounded_relative_RMSE_loss,0.079646017699115043,0.94999999999999996,113,10000,dataset,P_dataset(median time saved >= s and median loss <= epsilon),0.070796460176991149,0.097345132743362831,0.0066482048486716143,0.035398230088495575,0.13274336283185842,0.025392033159245073,0.035398230088495575,0.13274336283185842,0.025625201549805344
regression,extra_tree|max_features=1over3,extra_tree,max_features=1over3,confirmatory,0,1,percent_bounded_relative_RMSE_loss,0.088495575221238937,0.94999999999999996,113,10000,dataset,P_dataset(median time saved >= s and median loss <= epsilon),0.070796460176991149,0.097345132743362831,0.0064017819059349664,0.044247787610619468,0.1415929203539823,0.02652963351185306,0.035398230088495575,0.1415929203539823,0.025980021026680865
regression,extra_tree|max_features=1over3,extra_tree,max_features=1over3,confirmatory,0,2.5,percent_bounded_relative_RMSE_loss,0.10619469026548672,0.94999999999999996,113,10000,dataset,P_dataset(median time saved >= s and median loss <= epsilon),0.097345132743362831,0.12389380530973451,0.006201598861612893,0.053097345132743362,0.16814159292035399,0.02876898072295209,0.053097345132743362,0.16814159292035399,0.029198790705076444
regression,extra_tree|max_features=1over3,extra_tree,max_features=1over3,confirmatory,10,0.5,percent_bounded_relative_RMSE_loss,0.079646017699115043,0.94999999999999996,113,10000,dataset,P_dataset(median time saved >= s and median loss <= epsilon),0.070796460176991149,0.097345132743362831,0.0066075397033886806,0.035398230088495575,0.13274336283185842,0.025392033159245073,0.035398230088495575,0.13274336283185842,0.025564522521661234
regression,extra_tree|max_features=1over3,extra_tree,max_features=1over3,confirmatory,10,1,percent_bounded_relative_RMSE_loss,0.088495575221238937,0.94999999999999996,113,10000,dataset,P_dataset(median time saved >= s and median loss <= epsilon),0.070796460176991149,0.097345132743362831,0.0063988860825989332,0.044247787610619468,0.1415929203539823,0.02652963351185306,0.035398230088495575,0.1415929203539823,0.025911798271710178
regression,extra_tree|max_features=1over3,extra_tree,max_features=1over3,confirmatory,10,2.5,percent_bounded_relative_RMSE_loss,0.10619469026548672,0.94999999999999996,113,10000,dataset,P_dataset(median time saved >= s and median loss <= epsilon),0.097345132743362831,0.12389380530973451,0.0065136587035105496,0.053097345132743362,0.16814159292035399,0.02876898072295209,0.053097345132743362,0.16814159292035399,0.029065658927129201
regression,extra_tree|max_features=1over3,extra_tree,max_features=1over3,confirmatory,25,0.5,percent_bounded_relative_RMSE_loss,0.070796460176991149,0.94999999999999996,113,10000,dataset,P_dataset(median time saved >= s and median loss <= epsilon),0.061946902654867256,0.079646017699115043,0.0054952955494012874,0.026548672566371681,0.12389380530973451,0.024084349895533083,0.026548672566371681,0.11504424778761062,0.023448862222016361
regression,extra_tree|max_features=1over3,extra_tree,max_features=1over3,confirmatory,25,1,percent_bounded_relative_RMSE_loss,0.070796460176991149,0.94999999999999996,113,10000,dataset,P_dataset(median time saved >= s and median loss <= epsilon),0.061946902654867256,0.079646017699115043,0.0055137951303976755,0.026548672566371681,0.12389380530973451,0.024084349895533083,0.026548672566371681,0.11504424778761062,0.02370576344192778
regression,extra_tree|max_features=1over3,extra_tree,max_features=1over3,confirmatory,25,2.5,percent_bounded_relative_RMSE_loss,0.088495575221238937,0.94999999999999996,113,10000,dataset,P_dataset(median time saved >= s and median loss <= epsilon),0.079646017699115043,0.097345132743362831,0.0057017346239746601,0.044247787610619468,0.1415929203539823,0.026663473604915191,0.044247787610619468,0.1415929203539823,0.026573606700147533
regression,extra_tree|max_features=1over3,extra_tree,max_features=1over3,confirmatory,50,0.5,percent_bounded_relative_RMSE_loss,0.026548672566371681,0.94999999999999996,113,10000,dataset,P_dataset(median time saved >= s and median loss <= epsilon),0.026548672566371681,0.026548672566371681,0.00090719364226867687,0,0.061946902654867256,0.014904878810174747,0,0.061946902654867256,0.014885515662141829
regression,extra_tree|max_features=1over3,extra_tree,max_features=1over3,confirmatory,50,1,percent_bounded_relative_RMSE_loss,0.026548672566371681,0.94999999999999996,113,10000,dataset,P_dataset(median time saved >= s and median loss <= epsilon),0.026548672566371681,0.026548672566371681,0.0011927853279806394,0,0.061946902654867256,0.014904878810174747,0,0.061946902654867256,0.014948683201527462
regression,extra_tree|max_features=1over3,extra_tree,max_features=1over3,confirmatory,50,2.5,percent_bounded_relative_RMSE_loss,0.044247787610619468,0.94999999999999996,113,10000,dataset,P_dataset(median time saved >= s and median loss <= epsilon),0.044247787610619468,0.044247787610619468,0.00072197289207037859,0.0088495575221238937,0.088495575221238937,0.019238813209342773,0.0088495575221238937,0.088495575221238937,0.019218936133362029
regression,extra_tree|max_features=2over3,extra_tree,max_features=2over3,confirmatory,0,0.5,percent_bounded_relative_RMSE_loss,0.097345132743362831,0.94999999999999996,113,10000,dataset,P_dataset(median time saved >= s and median loss <= epsilon),0.088495575221238937,0.12389380530973451,0.010290853369729061,0.044247787610619468,0.15044247787610621,0.027823464195471458,0.053097345132743362,0.16814159292035399,0.029057524653857462
regression,extra_tree|max_features=2over3,extra_tree,max_features=2over3,confirmatory,0,1,percent_bounded_relative_RMSE_loss,0.13274336283185842,0.94999999999999996,113,10000,dataset,P_dataset(median time saved >= s and median loss <= epsilon),0.10619469026548672,0.1415929203539823,0.010380323113859958,0.079646017699115043,0.19469026548672566,0.031744458776171582,0.070796460176991149,0.18584070796460178,0.030926917094145853
regression,extra_tree|max_features=2over3,extra_tree,max_features=2over3,confirmatory,0,2.5,percent_bounded_relative_RMSE_loss,0.18584070796460178,0.94999999999999996,113,10000,dataset,P_dataset(median time saved >= s and median loss <= epsilon),0.15929203539823009,0.19469026548672566,0.0082814530132314726,0.11504424778761062,0.25663716814159293,0.036282980024161658,0.11482300884955948,0.24778761061946902,0.035656334473532177
regression,extra_tree|max_features=2over3,extra_tree,max_features=2over3,confirmatory,10,0.5,percent_bounded_relative_RMSE_loss,0.097345132743362831,0.94999999999999996,113,10000,dataset,P_dataset(median time saved >= s and median loss <= epsilon),0.088495575221238937,0.12389380530973451,0.010280785332683031,0.044247787610619468,0.15044247787610621,0.027823464195471458,0.053097345132743362,0.16814159292035399,0.028957338037895342
regression,extra_tree|max_features=2over3,extra_tree,max_features=2over3,confirmatory,10,1,percent_bounded_relative_RMSE_loss,0.13274336283185842,0.94999999999999996,113,10000,dataset,P_dataset(median time saved >= s and median loss <= epsilon),0.10619469026548672,0.1415929203539823,0.010337283595092693,0.079646017699115043,0.19469026548672566,0.031744458776171582,0.070796460176991149,0.18584070796460178,0.030821973255292529
regression,extra_tree|max_features=2over3,extra_tree,max_features=2over3,confirmatory,10,2.5,percent_bounded_relative_RMSE_loss,0.18584070796460178,0.94999999999999996,113,10000,dataset,P_dataset(median time saved >= s and median loss <= epsilon),0.15929203539823009,0.18584070796460178,0.0088626920540036524,0.11504424778761062,0.25663716814159293,0.036282980024161658,0.10619469026548672,0.24778761061946902,0.035422675243683359
regression,extra_tree|max_features=2over3,extra_tree,max_features=2over3,confirmatory,25,0.5,percent_bounded_relative_RMSE_loss,0.088495575221238937,0.94999999999999996,113,10000,dataset,P_dataset(median time saved >= s and median loss <= epsilon),0.070796460176991149,0.097345132743362831,0.0063396571714265,0.044247787610619468,0.1415929203539823,0.026723034522494971,0.035398230088495575,0.1415929203539823,0.026437148078739425
regression,extra_tree|max_features=2over3,extra_tree,max_features=2over3,confirmatory,25,1,percent_bounded_relative_RMSE_loss,0.097345132743362831,0.94999999999999996,113,10000,dataset,P_dataset(median time saved >= s and median loss <= epsilon),0.079646017699115043,0.10619469026548672,0.0056305408421643078,0.044247787610619468,0.15929203539823009,0.027967925739773893,0.044247787610619468,0.15044247787610621,0.027417157039823472
regression,extra_tree|max_features=2over3,extra_tree,max_features=2over3,confirmatory,25,2.5,percent_bounded_relative_RMSE_loss,0.13274336283185842,0.94999999999999996,113,10000,dataset,P_dataset(median time saved >= s and median loss <= epsilon),0.11504424778761062,0.1415929203539823,0.0061731122239689152,0.070796460176991149,0.19469026548672566,0.032009706975666248,0.070796460176991149,0.19469026548672566,0.031537061184307352
regression,extra_tree|max_features=2over3,extra_tree,max_features=2over3,confirmatory,50,0.5,percent_bounded_relative_RMSE_loss,0.026548672566371681,0.94999999999999996,113,10000,dataset,P_dataset(median time saved >= s and median loss <= epsilon),0.017699115044247787,0.035398230088495575,0.0054362299247963982,0,0.061946902654867256,0.014904878810174747,0,0.053097345132743362,0.014468096444173156
regression,extra_tree|max_features=2over3,extra_tree,max_features=2over3,confirmatory,50,1,percent_bounded_relative_RMSE_loss,0.035398230088495575,0.94999999999999996,113,10000,dataset,P_dataset(median time saved >= s and median loss <= epsilon),0.026548672566371681,0.035398230088495575,0.0046069464661486976,0.0088495575221238937,0.070796460176991149,0.017109686341502828,0.0088495575221238937,0.070796460176991149,0.016437075280480204
regression,extra_tree|max_features=2over3,extra_tree,max_features=2over3,confirmatory,50,2.5,percent_bounded_relative_RMSE_loss,0.070796460176991149,0.94999999999999996,113,10000,dataset,P_dataset(median time saved >= s and median loss <= epsilon),0.053097345132743362,0.079646017699115043,0.0053964266909518879,0.026548672566371681,0.12389380530973451,0.023861556397635642,0.026548672566371681,0.11504424778761062,0.023357329721769841
regression,extra_tree|max_features=all,extra_tree,max_features=all,confirmatory,0,0.5,percent_bounded_relative_RMSE_loss,0.19469026548672566,0.94999999999999996,113,10000,dataset,P_dataset(median time saved >= s and median loss <= epsilon),0.16814159292035399,0.21238938053097345,0.010955348338804769,0.12389380530973451,0.26548672566371684,0.036814671326999705,0.12389380530973451,0.26548672566371684,0.036293452153674209
regression,extra_tree|max_features=all,extra_tree,max_features=all,confirmatory,0,1,percent_bounded_relative_RMSE_loss,0.20353982300884957,0.94999999999999996,113,10000,dataset,P_dataset(median time saved >= s and median loss <= epsilon),0.18584070796460178,0.22123893805309736,0.0089793159260119024,0.13274336283185842,0.27433628318584069,0.037484917223122471,0.13274336283185842,0.2831858407079646,0.03767288733648913
regression,extra_tree|max_features=all,extra_tree,max_features=all,confirmatory,0,2.5,percent_bounded_relative_RMSE_loss,0.23893805309734514,0.94999999999999996,113,10000,dataset,P_dataset(median time saved >= s and median loss <= epsilon),0.23008849557522124,0.27433628318584069,0.010658086712678056,0.16814159292035399,0.31858407079646017,0.039874037348697697,0.17699115044247787,0.33628318584070799,0.040700695969407133
regression,extra_tree|max_features=all,extra_tree,max_features=all,confirmatory,10,0.5,percent_bounded_relative_RMSE_loss,0.19469026548672566,0.94999999999999996,113,10000,dataset,P_dataset(median time saved >= s and median loss <= epsilon),0.15929203539823009,0.20353982300884957,0.012710700670542505,0.12389380530973451,0.26548672566371684,0.036814671326999705,0.11504424778761062,0.25663716814159293,0.035818356184158642
regression,extra_tree|max_features=all,extra_tree,max_features=all,confirmatory,10,1,percent_bounded_relative_RMSE_loss,0.20353982300884957,0.94999999999999996,113,10000,dataset,P_dataset(median time saved >= s and median loss <= epsilon),0.17699115044247787,0.22123893805309736,0.011216514446920794,0.13274336283185842,0.27433628318584069,0.037484917223122471,0.13274336283185842,0.27433628318584069,0.037265426922706624
regression,extra_tree|max_features=all,extra_tree,max_features=all,confirmatory,10,2.5,percent_bounded_relative_RMSE_loss,0.23893805309734514,0.94999999999999996,113,10000,dataset,P_dataset(median time saved >= s and median loss <= epsilon),0.22123893805309736,0.26548672566371684,0.012724207878525544,0.16814159292035399,0.31858407079646017,0.039874037348697697,0.16814159292035399,0.32743362831858408,0.040401163872173455
regression,extra_tree|max_features=all,extra_tree,max_features=all,confirmatory,25,0.5,percent_bounded_relative_RMSE_loss,0.097345132743362831,0.94999999999999996,113,10000,dataset,P_dataset(median time saved >= s and median loss <= epsilon),0.070796460176991149,0.10619469026548672,0.0096369297785096654,0.044247787610619468,0.15044247787610621,0.027608844274155206,0.044247787610619468,0.1415929203539823,0.026564437899006949
regression,extra_tree|max_features=all,extra_tree,max_features=all,confirmatory,25,1,percent_bounded_relative_RMSE_loss,0.097345132743362831,0.94999999999999996,113,10000,dataset,P_dataset(median time saved >= s and median loss <= epsilon),0.079646017699115043,0.11504424778761062,0.0078023073438285044,0.044247787610619468,0.15044247787610621,0.027608844274155206,0.044247787610619468,0.15044247787610621,0.027852236882158987
regression,extra_tree|max_features=all,extra_tree,max_features=all,confirmatory,25,2.5,percent_bounded_relative_RMSE_loss,0.11504424778761062,0.94999999999999996,113,10000,dataset,P_dataset(median time saved >= s and median loss <= epsilon),0.11504424778761062,0.15044247787610621,0.010793285883610322,0.061946902654867256,0.17699115044247787,0.02981738763220668,0.070796460176991149,0.19469026548672566,0.03192168385799548
regression,extra_tree|max_features=all,extra_tree,max_features=all,confirmatory,50,0.5,percent_bounded_relative_RMSE_loss,0.061946902654867256,0.94999999999999996,113,10000,dataset,P_dataset(median time saved >= s and median loss <= epsilon),0.044247787610619468,0.061946902654867256,0.0064609291137469127,0.017699115044247787,0.10619469026548672,0.02224251053256732,0.017699115044247787,0.097345132743362831,0.02081494750159002
regression,extra_tree|max_features=all,extra_tree,max_features=all,confirmatory,50,1,percent_bounded_relative_RMSE_loss,0.061946902654867256,0.94999999999999996,113,10000,dataset,P_dataset(median time saved >= s and median loss <= epsilon),0.053097345132743362,0.070796460176991149,0.003012459803854505,0.017699115044247787,0.10619469026548672,0.02224251053256732,0.026548672566371681,0.10619469026548672,0.022314491942337575
regression,extra_tree|max_features=all,extra_tree,max_features=all,confirmatory,50,2.5,percent_bounded_relative_RMSE_loss,0.070796460176991149,0.94999999999999996,113,10000,dataset,P_dataset(median time saved >= s and median loss <= epsilon),0.070796460176991149,0.10619469026548672,0.0087614034421724142,0.026548672566371681,0.12389380530973451,0.023699934569162154,0.035398230088495575,0.1415929203539823,0.026119131506938328
regression,prophet_1sample|,prophet_1sample,,confirmatory,0,0.5,percent_bounded_relative_RMSE_loss,0.12389380530973451,0.94999999999999996,113,10000,dataset,P_dataset(median time saved >= s and median loss <= epsilon),0.12389380530973451,0.17699115044247787,0.013435070730352652,0.070796460176991149,0.18584070796460178,0.030727005577747935,0.088495575221238937,0.21238938053097345,0.033134777192626863
regression,prophet_1sample|,prophet_1sample,,confirmatory,0,1,percent_bounded_relative_RMSE_loss,0.17699115044247787,0.94999999999999996,113,10000,dataset,P_dataset(median time saved >= s and median loss <= epsilon),0.1415929203539823,0.18584070796460178,0.011501344957144798,0.10619469026548672,0.24778761061946902,0.035658252499059039,0.10619469026548672,0.23893805309734514,0.034751510931088782
regression,prophet_1sample|,prophet_1sample,,confirmatory,0,2.5,percent_bounded_relative_RMSE_loss,0.22123893805309736,0.94999999999999996,113,10000,dataset,P_dataset(median time saved >= s and median loss <= epsilon),0.19469026548672566,0.24778761061946902,0.014099289415064485,0.15044247787610621,0.30088495575221241,0.038766673489137399,0.15044247787610621,0.30088495575221241,0.038915065695297832
regression,prophet_1sample|,prophet_1sample,,confirmatory,10,0.5,percent_bounded_relative_RMSE_loss,0.070796460176991149,0.94999999999999996,113,10000,dataset,P_dataset(median time saved >= s and median loss <= epsilon),0.070796460176991149,0.11504424778761062,0.012754195318131085,0.026548672566371681,0.12389380530973451,0.023919714454622227,0.044247787610619468,0.15044247787610621,0.027351096202989391
regression,prophet_1sample|,prophet_1sample,,confirmatory,10,1,percent_bounded_relative_RMSE_loss,0.11504424778761062,0.94999999999999996,113,10000,dataset,P_dataset(median time saved >= s and median loss <= epsilon),0.079646017699115043,0.13274336283185842,0.012427161727272895,0.061946902654867256,0.17699115044247787,0.029732889595243794,0.053097345132743362,0.16814159292035399,0.028856217335876126
regression,prophet_1sample|,prophet_1sample,,confirmatory,10,2.5,percent_bounded_relative_RMSE_loss,0.15044247787610621,0.94999999999999996,113,10000,dataset,P_dataset(median time saved >= s and median loss <= epsilon),0.12389380530973451,0.18584070796460178,0.014772341480422802,0.088495575221238937,0.22123893805309736,0.033145138984226274,0.088495575221238937,0.22123893805309736,0.033797432791755934
regression,prophet_1sample|,prophet_1sample,,confirmatory,25,0.5,percent_bounded_relative_RMSE_loss,0.035398230088495575,0.94999999999999996,113,10000,dataset,P_dataset(median time saved >= s and median loss <= epsilon),0.035398230088495575,0.044247787610619468,0.0045700892887391266,0.0088495575221238937,0.070796460176991149,0.017281274304283608,0.0088495575221238937,0.079646017699115043,0.017934998349318623
regression,prophet_1sample|,prophet_1sample,,confirmatory,25,1,percent_bounded_relative_RMSE_loss,0.044247787610619468,0.94999999999999996,113,10000,dataset,P_dataset(median time saved >= s and median loss <= epsilon),0.035398230088495575,0.044247787610619468,0.0041980727731850982,0.0088495575221238937,0.088495575221238937,0.019208166639990521,0.0088495575221238937,0.079646017699115043,0.018611674024090894
regression,prophet_1sample|,prophet_1sample,,confirmatory,25,2.5,percent_bounded_relative_RMSE_loss,0.053097345132743362,0.94999999999999996,113,10000,dataset,P_dataset(median time saved >= s and median loss <= epsilon),0.044247787610619468,0.079646017699115043,0.008926013644642709,0.017699115044247787,0.097345132743362831,0.021065909798923477,0.017699115044247787,0.11504424778761062,0.022746112725406987
regression,prophet_1sample|,prophet_1sample,,confirmatory,50,0.5,percent_bounded_relative_RMSE_loss,0.0088495575221238937,0.94999999999999996,113,10000,dataset,P_dataset(median time saved >= s and median loss <= epsilon),0.0088495575221238937,0.0088495575221238937,0.00023406702541348915,0,0.026548672566371681,0.0087891609363103841,0,0.026548672566371681,0.0087887141589216861
regression,prophet_1sample|,prophet_1sample,,confirmatory,50,1,percent_bounded_relative_RMSE_loss,0.0088495575221238937,0.94999999999999996,113,10000,dataset,P_dataset(median time saved >= s and median loss <= epsilon),0.0088495575221238937,0.0088495575221238937,0.00023406702541348915,0,0.026548672566371681,0.0087891609363103841,0,0.026548672566371681,0.0087887141589216861
regression,prophet_1sample|,prophet_1sample,,confirmatory,50,2.5,percent_bounded_relative_RMSE_loss,0.0088495575221238937,0.94999999999999996,113,10000,dataset,P_dataset(median time saved >= s and median loss <= epsilon),0.0088495575221238937,0.017699115044247787,0.0046210083435607669,0,0.026548672566371681,0.0087891609363103841,0,0.035398230088495575,0.010176187844875255
regression,secretary_all|0.1n,secretary_all,0.1n,exploratory,0,0.5,percent_bounded_relative_RMSE_loss,0.20353982300884957,0.94999999999999996,113,10000,dataset,P_dataset(median time saved >= s and median loss <= epsilon),0.17699115044247787,0.21238938053097345,0.0097051343909059715,0.13274336283185842,0.2831858407079646,0.037711167700837926,0.12389380530973451,0.26548672566371684,0.036904319222304881
regression,secretary_all|0.1n,secretary_all,0.1n,exploratory,0,1,percent_bounded_relative_RMSE_loss,0.20353982300884957,0.94999999999999996,113,10000,dataset,P_dataset(median time saved >= s and median loss <= epsilon),0.18584070796460178,0.22123893805309736,0.010218834064607633,0.13274336283185842,0.2831858407079646,0.037711167700837926,0.13274336283185842,0.27433628318584069,0.037537470752072394
regression,secretary_all|0.1n,secretary_all,0.1n,exploratory,0,2.5,percent_bounded_relative_RMSE_loss,0.29203539823008851,0.94999999999999996,113,10000,dataset,P_dataset(median time saved >= s and median loss <= epsilon),0.26548672566371684,0.30973451327433627,0.012153284545692965,0.21238938053097345,0.37190265486725343,0.042605648201138054,0.20353982300884957,0.37168141592920356,0.042284712170338801
regression,secretary_all|0.1n,secretary_all,0.1n,exploratory,10,0.5,percent_bounded_relative_RMSE_loss,0.18584070796460178,0.94999999999999996,113,10000,dataset,P_dataset(median time saved >= s and median loss <= epsilon),0.13274336283185842,0.19469026548672566,0.014392868651110235,0.11504424778761062,0.25663716814159293,0.036474138898473715,0.097345132743362831,0.23893805309734514,0.034754158094568888
regression,secretary_all|0.1n,secretary_all,0.1n,exploratory,10,1,percent_bounded_relative_RMSE_loss,0.18584070796460178,0.94999999999999996,113,10000,dataset,P_dataset(median time saved >= s and median loss <= epsilon),0.1415929203539823,0.20353982300884957,0.014776487144718763,0.11504424778761062,0.25663716814159293,0.036474138898473715,0.10619469026548672,0.24778761061946902,0.035432872841704183
regression,secretary_all|0.1n,secretary_all,0.1n,exploratory,10,2.5,percent_bounded_relative_RMSE_loss,0.27433628318584069,0.94999999999999996,113,10000,dataset,P_dataset(median time saved >= s and median loss <= epsilon),0.22123893805309736,0.2831858407079646,0.01616414128149285,0.19469026548672566,0.35398230088495575,0.041684157193180735,0.17699115044247787,0.33628318584070799,0.040953631147756832
regression,secretary_all|0.1n,secretary_all,0.1n,exploratory,25,0.5,percent_bounded_relative_RMSE_loss,0.053097345132743362,0.94999999999999996,113,10000,dataset,P_dataset(median time saved >= s and median loss <= epsilon),0.044247787610619468,0.061946902654867256,0.0061188799748474847,0.017699115044247787,0.097345132743362831,0.021050617669120177,0.017699115044247787,0.097345132743362831,0.020621654248359322
regression,secretary_all|0.1n,secretary_all,0.1n,exploratory,25,1,percent_bounded_relative_RMSE_loss,0.053097345132743362,0.94999999999999996,113,10000,dataset,P_dataset(median time saved >= s and median loss <= epsilon),0.044247787610619468,0.061946902654867256,0.0069077541859033269,0.017699115044247787,0.097345132743362831,0.021050617669120177,0.017699115044247787,0.097345132743362831,0.020917020273865428
regression,secretary_all|0.1n,secretary_all,0.1n,exploratory,25,2.5,percent_bounded_relative_RMSE_loss,0.12389380530973451,0.94999999999999996,113,10000,dataset,P_dataset(median time saved >= s and median loss <= epsilon),0.097345132743362831,0.13274336283185842,0.010452433178730564,0.070796460176991149,0.18584070796460178,0.030876359038927503,0.061946902654867256,0.17699115044247787,0.030203720522548022
regression,secretary_all|0.1n,secretary_all,0.1n,exploratory,50,0.5,percent_bounded_relative_RMSE_loss,0.0088495575221238937,0.94999999999999996,113,10000,dataset,P_dataset(median time saved >= s and median loss <= epsilon),0.0088495575221238937,0.0088495575221238937,0.0011487010266695529,0,0.026548672566371681,0.0087891609363103841,0,0.026548672566371681,0.008845007180525671
regression,secretary_all|0.1n,secretary_all,0.1n,exploratory,50,1,percent_bounded_relative_RMSE_loss,0.0088495575221238937,0.94999999999999996,113,10000,dataset,P_dataset(median time saved >= s and median loss <= epsilon),0.0088495575221238937,0.017699115044247787,0.0018542606575635417,0,0.026548672566371681,0.0087891609363103841,0,0.026548672566371681,0.0089471774087423721
regression,secretary_all|0.1n,secretary_all,0.1n,exploratory,50,2.5,percent_bounded_relative_RMSE_loss,0.026548672566371681,0.94999999999999996,113,10000,dataset,P_dataset(median time saved >= s and median loss <= epsilon),0.017699115044247787,0.044247787610619468,0.0064512719153766275,0,0.061946902654867256,0.015137716002854778,0,0.070796460176991149,0.016305487440404328
regression,secretary_all|1overe,secretary_all,1overe,confirmatory,0,0.5,percent_bounded_relative_RMSE_loss,0.2831858407079646,0.94999999999999996,113,10000,dataset,P_dataset(median time saved >= s and median loss <= epsilon),0.26548672566371684,0.31858407079646017,0.015343715881343119,0.20353982300884957,0.36283185840707965,0.042401825124121544,0.21238938053097345,0.38053097345132741,0.042564646279348674
regression,secretary_all|1overe,secretary_all,1overe,confirmatory,0,1,percent_bounded_relative_RMSE_loss,0.31858407079646017,0.94999999999999996,113,10000,dataset,P_dataset(median time saved >= s and median loss <= epsilon),0.31858407079646017,0.38053097345132741,0.017727363558547676,0.23893805309734514,0.40707964601769914,0.043922192409629891,0.26548672566371684,0.4336283185840708,0.044807496426494474
regression,secretary_all|1overe,secretary_all,1overe,confirmatory,0,2.5,percent_bounded_relative_RMSE_loss,0.58407079646017701,0.94999999999999996,113,10000,dataset,P_dataset(median time saved >= s and median loss <= epsilon),0.5663716814159292,0.64601769911504425,0.020289605115122695,0.49557522123893805,0.67256637168141598,0.046243518902070027,0.51327433628318586,0.69026548672566368,0.045710428576105556
regression,secretary_all|1overe,secretary_all,1overe,confirmatory,10,0.5,percent_bounded_relative_RMSE_loss,0.27433628318584069,0.94999999999999996,113,10000,dataset,P_dataset(median time saved >= s and median loss <= epsilon),0.22123893805309736,0.29203539823008851,0.018590997526659249,0.19469026548672566,0.35398230088495575,0.041846777891243414,0.17699115044247787,0.33628318584070799,0.040791643946456457
regression,secretary_all|1overe,secretary_all,1overe,confirmatory,10,1,percent_bounded_relative_RMSE_loss,0.30973451327433627,0.94999999999999996,113,10000,dataset,P_dataset(median time saved >= s and median loss <= epsilon),0.26548672566371684,0.35398230088495575,0.021190411526887314,0.23008849557522124,0.39823008849557523,0.043464041370317473,0.22123893805309736,0.39823008849557523,0.043480697705152518
regression,secretary_all|1overe,secretary_all,1overe,confirmatory,10,2.5,percent_bounded_relative_RMSE_loss,0.5752212389380531,0.94999999999999996,113,10000,dataset,P_dataset(median time saved >= s and median loss <= epsilon),0.50442477876106195,0.60176991150442483,0.024426470660167374,0.48672566371681414,0.66371681415929207,0.04635434481988044,0.46017699115044247,0.64601769911504425,0.046561649166040296
regression,secretary_all|1overe,secretary_all,1overe,confirmatory,25,0.5,percent_bounded_relative_RMSE_loss,0.026548672566371681,0.94999999999999996,113,10000,dataset,P_dataset(median time saved >= s and median loss <= epsilon),0,0.026548672566371681,0.0075059679702860942,0,0.061946902654867256,0.015046952760294607,0,0.035398230088495575,0.011100449981336601
regression,secretary_all|1overe,secretary_all,1overe,confirmatory,25,1,percent_bounded_relative_RMSE_loss,0.026548672566371681,0.94999999999999996,113,10000,dataset,P_dataset(median time saved >= s and median loss <= epsilon),0,0.026548672566371681,0.0076506089709841574,0,0.061946902654867256,0.015046952760294607,0,0.044247787610619468,0.01177650905768687
regression,secretary_all|1overe,secretary_all,1overe,confirmatory,25,2.5,percent_bounded_relative_RMSE_loss,0.035398230088495575,0.94999999999999996,113,10000,dataset,P_dataset(median time saved >= s and median loss <= epsilon),0.0088495575221238937,0.035398230088495575,0.0079042086703533746,0.0088495575221238937,0.070796460176991149,0.017329573708554001,0,0.053097345132743362,0.014599339350864771
regression,secretary_all|1overe,secretary_all,1overe,confirmatory,50,0.5,percent_bounded_relative_RMSE_loss,0,0.94999999999999996,113,10000,dataset,P_dataset(median time saved >= s and median loss <= epsilon),0,0,0,0,0,0,0,0,0
regression,secretary_all|1overe,secretary_all,1overe,confirmatory,50,1,percent_bounded_relative_RMSE_loss,0,0.94999999999999996,113,10000,dataset,P_dataset(median time saved >= s and median loss <= epsilon),0,0,0,0,0,0,0,0,0
regression,secretary_all|1overe,secretary_all,1overe,confirmatory,50,2.5,percent_bounded_relative_RMSE_loss,0,0.94999999999999996,113,10000,dataset,P_dataset(median time saved >= s and median loss <= epsilon),0,0,0,0,0,0,0,0,0
regression,secretary_all|ln_n,secretary_all,ln_n,exploratory,0,0.5,percent_bounded_relative_RMSE_loss,0.21238938053097345,0.94999999999999996,113,10000,dataset,P_dataset(median time saved >= s and median loss <= epsilon),0.18584070796460178,0.23008849557522124,0.0099746245228077811,0.1415929203539823,0.29203539823008851,0.038130535040655687,0.1415929203539823,0.2831858407079646,0.037789752738939995
regression,secretary_all|ln_n,secretary_all,ln_n,exploratory,0,1,percent_bounded_relative_RMSE_loss,0.22123893805309736,0.94999999999999996,113,10000,dataset,P_dataset(median time saved >= s and median loss <= epsilon),0.20353982300884957,0.23893805309734514,0.0096802319831047999,0.15044247787610621,0.30088495575221241,0.038728355613587465,0.15044247787610621,0.30088495575221241,0.038636913316118196
regression,secretary_all|ln_n,secretary_all,ln_n,exploratory,0,2.5,percent_bounded_relative_RMSE_loss,0.30088495575221241,0.94999999999999996,113,10000,dataset,P_dataset(median time saved >= s and median loss <= epsilon),0.27433628318584069,0.31858407079646017,0.011573452796249682,0.22123893805309736,0.38938053097345132,0.043027197746604538,0.21238938053097345,0.38053097345132741,0.042807957298941129
regression,secretary_all|ln_n,secretary_all,ln_n,exploratory,10,0.5,percent_bounded_relative_RMSE_loss,0.20353982300884957,0.94999999999999996,113,10000,dataset,P_dataset(median time saved >= s and median loss <= epsilon),0.15929203539823009,0.21238938053097345,0.012924153658139276,0.13274336283185842,0.2831858407079646,0.037497333954164019,0.12389380530973451,0.26548672566371684,0.036405445116735005
regression,secretary_all|ln_n,secretary_all,ln_n,exploratory,10,1,percent_bounded_relative_RMSE_loss,0.21238938053097345,0.94999999999999996,113,10000,dataset,P_dataset(median time saved >= s and median loss <= epsilon),0.17699115044247787,0.22123893805309736,0.012632932353629233,0.1415929203539823,0.29203539823008851,0.038098976100252716,0.13274336283185842,0.27433628318584069,0.037272089149018556
regression,secretary_all|ln_n,secretary_all,ln_n,exploratory,10,2.5,percent_bounded_relative_RMSE_loss,0.29203539823008851,0.94999999999999996,113,10000,dataset,P_dataset(median time saved >= s and median loss <= epsilon),0.24778761061946902,0.30088495575221241,0.014160477696141418,0.21238938053097345,0.38053097345132741,0.042585133438110247,0.19469026548672566,0.36283185840707965,0.041862195430905962
regression,secretary_all|ln_n,secretary_all,ln_n,exploratory,25,0.5,percent_bounded_relative_RMSE_loss,0.061946902654867256,0.94999999999999996,113,10000,dataset,P_dataset(median time saved >= s and median loss <= epsilon),0.053097345132743362,0.070796460176991149,0.0064208246977306375,0.026548672566371681,0.10619469026548672,0.022395845545509763,0.026548672566371681,0.10619469026548672,0.022467611779013762
regression,secretary_all|ln_n,secretary_all,ln_n,exploratory,25,1,percent_bounded_relative_RMSE_loss,0.070796460176991149,0.94999999999999996,113,10000,dataset,P_dataset(median time saved >= s and median loss <= epsilon),0.053097345132743362,0.079646017699115043,0.005697433924095897,0.026548672566371681,0.12389380530973451,0.023820550664201311,0.026548672566371681,0.11504424778761062,0.023338443870685947
regression,secretary_all|ln_n,secretary_all,ln_n,exploratory,25,2.5,percent_bounded_relative_RMSE_loss,0.13274336283185842,0.94999999999999996,113,10000,dataset,P_dataset(median time saved >= s and median loss <= epsilon),0.10619469026548672,0.1415929203539823,0.0087533325926629473,0.070796460176991149,0.19469026548672566,0.031976153093072161,0.070796460176991149,0.19469026548672566,0.031340276575624181
regression,secretary_all|ln_n,secretary_all,ln_n,exploratory,50,0.5,percent_bounded_relative_RMSE_loss,0.017699115044247787,0.94999999999999996,113,10000,dataset,P_dataset(median time saved >= s and median loss <= epsilon),0.0088495575221238937,0.026548672566371681,0.0043171675355247888,0,0.044247787610619468,0.01228492062302021,0,0.044247787610619468,0.012214036061101276
regression,secretary_all|ln_n,secretary_all,ln_n,exploratory,50,1,percent_bounded_relative_RMSE_loss,0.017699115044247787,0.94999999999999996,113,10000,dataset,P_dataset(median time saved >= s and median loss <= epsilon),0.0088495575221238937,0.026548672566371681,0.0042298999880576232,0,0.044247787610619468,0.01228492062302021,0,0.044247787610619468,0.012279663536715439
regression,secretary_all|ln_n,secretary_all,ln_n,exploratory,50,2.5,percent_bounded_relative_RMSE_loss,0.035398230088495575,0.94999999999999996,113,10000,dataset,P_dataset(median time saved >= s and median loss <= epsilon),0.017699115044247787,0.053097345132743362,0.0082540377781277798,0.0088495575221238937,0.070796460176991149,0.017355764014503779,0.0088495575221238937,0.070796460176991149,0.017585611264765728
regression,secretary_all|sqrt_n,secretary_all,sqrt_n,exploratory,0,0.5,percent_bounded_relative_RMSE_loss,0.23008849557522124,0.94999999999999996,113,10000,dataset,P_dataset(median time saved >= s and median loss <= epsilon),0.19469026548672566,0.23008849557522124,0.01082564905272494,0.15044247787610621,0.30973451327433627,0.039593736763877778,0.1415929203539823,0.29203539823008851,0.038501007015863911
regression,secretary_all|sqrt_n,secretary_all,sqrt_n,exploratory,0,1,percent_bounded_relative_RMSE_loss,0.23008849557522124,0.94999999999999996,113,10000,dataset,P_dataset(median time saved >= s and median loss <= epsilon),0.20353982300884957,0.23893805309734514,0.0094400968271709466,0.15044247787610621,0.30973451327433627,0.039593736763877778,0.15044247787610621,0.30088495575221241,0.039204263884414302
regression,secretary_all|sqrt_n,secretary_all,sqrt_n,exploratory,0,2.5,percent_bounded_relative_RMSE_loss,0.30088495575221241,0.94999999999999996,113,10000,dataset,P_dataset(median time saved >= s and median loss <= epsilon),0.27433628318584069,0.31858407079646017,0.01131117863740126,0.22123893805309736,0.38938053097345132,0.043453574387536532,0.21238938053097345,0.38938053097345132,0.04338098324315267
regression,secretary_all|sqrt_n,secretary_all,sqrt_n,exploratory,10,0.5,percent_bounded_relative_RMSE_loss,0.22123893805309736,0.94999999999999996,113,10000,dataset,P_dataset(median time saved >= s and median loss <= epsilon),0.16814159292035399,0.22123893805309736,0.012969914156465421,0.15044247787610621,0.30088495575221241,0.038984053446663655,0.12389380530973451,0.27433628318584069,0.037293462373106899
regression,secretary_all|sqrt_n,secretary_all,sqrt_n,exploratory,10,1,percent_bounded_relative_RMSE_loss,0.22123893805309736,0.94999999999999996,113,10000,dataset,P_dataset(median time saved >= s and median loss <= epsilon),0.18584070796460178,0.23008849557522124,0.011798687778091154,0.15044247787610621,0.30088495575221241,0.038984053446663655,0.13274336283185842,0.2831858407079646,0.038012263565448554
regression,secretary_all|sqrt_n,secretary_all,sqrt_n,exploratory,10,2.5,percent_bounded_relative_RMSE_loss,0.29203539823008851,0.94999999999999996,113,10000,dataset,P_dataset(median time saved >= s and median loss <= epsilon),0.25663716814159293,0.30973451327433627,0.013445065889380894,0.21238938053097345,0.38053097345132741,0.043070680013962977,0.20353982300884957,0.37168141592920356,0.042695713048522328
regression,secretary_all|sqrt_n,secretary_all,sqrt_n,exploratory,25,0.5,percent_bounded_relative_RMSE_loss,0.044247787610619468,0.94999999999999996,113,10000,dataset,P_dataset(median time saved >= s and median loss <= epsilon),0.044247787610619468,0.053097345132743362,0.0044773902115247547,0.0088495575221238937,0.088495575221238937,0.019328078406344564,0.0088495575221238937,0.088495575221238937,0.019827248054595764
regression,secretary_all|sqrt_n,secretary_all,sqrt_n,exploratory,25,1,percent_bounded_relative_RMSE_loss,0.044247787610619468,0.94999999999999996,113,10000,dataset,P_dataset(median time saved >= s and median loss <= epsilon),0.044247787610619468,0.061946902654867256,0.0055367285727853672,0.0088495575221238937,0.088495575221238937,0.019328078406344564,0.0088495575221238937,0.088495575221238937,0.020105965945536541
regression,secretary_all|sqrt_n,secretary_all,sqrt_n,exploratory,25,2.5,percent_bounded_relative_RMSE_loss,0.097345132743362831,0.94999999999999996,113,10000,dataset,P_dataset(median time saved >= s and median loss <= epsilon),0.079646017699115043,0.11504424778761062,0.0090157131753743399,0.044247787610619468,0.15929203539823009,0.027909642629157416,0.044247787610619468,0.15929203539823009,0.028048481236191317
regression,secretary_all|sqrt_n,secretary_all,sqrt_n,exploratory,50,0.5,percent_bounded_relative_RMSE_loss,0,0.94999999999999996,113,10000,dataset,P_dataset(median time saved >= s and median loss <= epsilon),0,0.0088495575221238937,0.0030990469846080252,0,0,0,0,0.0088495575221238937,0.0033791417523710587
regression,secretary_all|sqrt_n,secretary_all,sqrt_n,exploratory,50,1,percent_bounded_relative_RMSE_loss,0,0.94999999999999996,113,10000,dataset,P_dataset(median time saved >= s and median loss <= epsilon),0,0.0088495575221238937,0.003099948723717058,0,0,0,0,0.0088495575221238937,0.0033791417523710587
regression,secretary_all|sqrt_n,secretary_all,sqrt_n,exploratory,50,2.5,percent_bounded_relative_RMSE_loss,0,0.94999999999999996,113,10000,dataset,P_dataset(median time saved >= s and median loss <= epsilon),0,0.017699115044247787,0.0047630381169747812,0,0,0,0,0.017699115044247787,0.0052255121781411683
regression,secretary|0.1n,secretary,0.1n,exploratory,0,0.5,percent_bounded_relative_RMSE_loss,0.10619469026548672,0.94999999999999996,113,10000,dataset,P_dataset(median time saved >= s and median loss <= epsilon),0.097345132743362831,0.13274336283185842,0.010302977559601967,0.053097345132743362,0.16814159292035399,0.02883362877591579,0.061946902654867256,0.17699115044247787,0.029925531182158734
regression,secretary|0.1n,secretary,0.1n,exploratory,0,1,percent_bounded_relative_RMSE_loss,0.11504424778761062,0.94999999999999996,113,10000,dataset,P_dataset(median time saved >= s and median loss <= epsilon),0.10619469026548672,0.15044247787610621,0.011923619725734753,0.061946902654867256,0.17699115044247787,0.029932873229104665,0.070796460176991149,0.19469026548672566,0.03140040762646424
regression,secretary|0.1n,secretary,0.1n,exploratory,0,2.5,percent_bounded_relative_RMSE_loss,0.17699115044247787,0.94999999999999996,113,10000,dataset,P_dataset(median time saved >= s and median loss <= epsilon),0.1415929203539823,0.19469026548672566,0.012630951712844006,0.10619469026548672,0.24778761061946902,0.035896585272725573,0.10619469026548672,0.23893805309734514,0.035310202274919988
regression,secretary|0.1n,secretary,0.1n,exploratory,10,0.5,percent_bounded_relative_RMSE_loss,0.10619469026548672,0.94999999999999996,113,10000,dataset,P_dataset(median time saved >= s and median loss <= epsilon),0.088495575221238937,0.13274336283185842,0.010622113172727115,0.053097345132743362,0.16814159292035399,0.02883362877591579,0.053097345132743362,0.16814159292035399,0.029198719474162776
regression,secretary|0.1n,secretary,0.1n,exploratory,10,1,percent_bounded_relative_RMSE_loss,0.11504424778761062,0.94999999999999996,113,10000,dataset,P_dataset(median time saved >= s and median loss <= epsilon),0.097345132743362831,0.1415929203539823,0.01223780996612721,0.061946902654867256,0.17699115044247787,0.029932873229104665,0.061946902654867256,0.18584070796460178,0.030608782618420829
regression,secretary|0.1n,secretary,0.1n,exploratory,10,2.5,percent_bounded_relative_RMSE_loss,0.17699115044247787,0.94999999999999996,113,10000,dataset,P_dataset(median time saved >= s and median loss <= epsilon),0.13274336283185842,0.18584070796460178,0.013637010940803046,0.10619469026548672,0.24778761061946902,0.035896585272725573,0.097345132743362831,0.23008849557522124,0.034567540893926205
regression,secretary|0.1n,secretary,0.1n,exploratory,25,0.5,percent_bounded_relative_RMSE_loss,0.044247787610619468,0.94999999999999996,113,10000,dataset,P_dataset(median time saved >= s and median loss <= epsilon),0.035398230088495575,0.061946902654867256,0.0064159311720000233,0.0088495575221238937,0.088495575221238937,0.019328078406344564,0.0088495575221238937,0.088495575221238937,0.020410964727181815
regression,secretary|0.1n,secretary,0.1n,exploratory,25,1,percent_bounded_relative_RMSE_loss,0.044247787610619468,0.94999999999999996,113,10000,dataset,P_dataset(median time saved >= s and median loss <= epsilon),0.044247787610619468,0.061946902654867256,0.0062268136726245276,0.0088495575221238937,0.088495575221238937,0.019328078406344564,0.017699115044247787,0.097345132743362831,0.020630043695369908
regression,secretary|0.1n,secretary,0.1n,exploratory,25,2.5,percent_bounded_relative_RMSE_loss,0.070796460176991149,0.94999999999999996,113,10000,dataset,P_dataset(median time saved >= s and median loss <= epsilon),0.053097345132743362,0.088495575221238937,0.0092637816578141473,0.026548672566371681,0.12389380530973451,0.024177253378044581,0.026548672566371681,0.11504424778761062,0.02365348692627359
regression,secretary|0.1n,secretary,0.1n,exploratory,50,0.5,percent_bounded_relative_RMSE_loss,0.017699115044247787,0.94999999999999996,113,10000,dataset,P_dataset(median time saved >= s and median loss <= epsilon),0.0088495575221238937,0.017699115044247787,0.0025802199001312225,0,0.044247787610619468,0.012289692171865485,0,0.044247787610619468,0.01206549219781179
regression,secretary|0.1n,secretary,0.1n,exploratory,50,1,percent_bounded_relative_RMSE_loss,0.017699115044247787,0.94999999999999996,113,10000,dataset,P_dataset(median time saved >= s and median loss <= epsilon),0.017699115044247787,0.017699115044247787,8.849557522123894e-05,0,0.044247787610619468,0.012289692171865485,0,0.044247787610619468,0.012289692171865485
regression,secretary|0.1n,secretary,0.1n,exploratory,50,2.5,percent_bounded_relative_RMSE_loss,0.017699115044247787,0.94999999999999996,113,10000,dataset,P_dataset(median time saved >= s and median loss <= epsilon),0.017699115044247787,0.026548672566371681,0.002676108310366652,0,0.044247787610619468,0.012289692171865485,0,0.044247787610619468,0.012586106508691047
regression,secretary|1overe,secretary,1overe,confirmatory,0,0.5,percent_bounded_relative_RMSE_loss,0.22123893805309736,0.94999999999999996,113,10000,dataset,P_dataset(median time saved >= s and median loss <= epsilon),0.18584070796460178,0.23008849557522124,0.012850314360181839,0.15044247787610621,0.30088495575221241,0.038976181285476773,0.13274336283185842,0.2831858407079646,0.038208492468472327
regression,secretary|1overe,secretary,1overe,confirmatory,0,1,percent_bounded_relative_RMSE_loss,0.26548672566371684,0.94999999999999996,113,10000,dataset,P_dataset(median time saved >= s and median loss <= epsilon),0.22123893805309736,0.27433628318584069,0.013852365153546277,0.18584070796460178,0.34513274336283184,0.041414632328642217,0.17699115044247787,0.32743362831858408,0.040592416198713697
regression,secretary|1overe,secretary,1overe,confirmatory,0,2.5,percent_bounded_relative_RMSE_loss,0.35398230088495575,0.94999999999999996,113,10000,dataset,P_dataset(median time saved >= s and median loss <= epsilon),0.32743362831858408,0.38938053097345132,0.014909633272608832,0.26548672566371684,0.44247787610619471,0.044878382376284436,0.27433628318584069,0.44247787610619471,0.04488877470613109
regression,secretary|1overe,secretary,1overe,confirmatory,10,0.5,percent_bounded_relative_RMSE_loss,0.097345132743362831,0.94999999999999996,113,10000,dataset,P_dataset(median time saved >= s and median loss <= epsilon),0.079646017699115043,0.12389380530973451,0.011614903501718324,0.044247787610619468,0.15044247787610621,0.027623010712131316,0.053097345132743362,0.15929203539823009,0.028234967414514131
regression,secretary|1overe,secretary,1overe,confirmatory,10,1,percent_bounded_relative_RMSE_loss,0.1415929203539823,0.94999999999999996,113,10000,dataset,P_dataset(median time saved >= s and median loss <= epsilon),0.10619469026548672,0.15929203539823009,0.01320054325343189,0.079646017699115043,0.20353982300884957,0.032653507582089146,0.079646017699115043,0.19469026548672566,0.031736845314325621
regression,secretary|1overe,secretary,1overe,confirmatory,10,2.5,percent_bounded_relative_RMSE_loss,0.22123893805309736,0.94999999999999996,113,10000,dataset,P_dataset(median time saved >= s and median loss <= epsilon),0.19469026548672566,0.25663716814159293,0.016192432834210773,0.15044247787610621,0.30088495575221241,0.039200203214010305,0.15044247787610621,0.30973451327433627,0.039413279348396182
regression,secretary|1overe,secretary,1overe,confirmatory,25,0.5,percent_bounded_relative_RMSE_loss,0.0088495575221238937,0.94999999999999996,113,10000,dataset,P_dataset(median time saved >= s and median loss <= epsilon),0.0088495575221238937,0.026548672566371681,0.0055864587559268453,0,0.026548672566371681,0.0087813972700684882,0,0.035398230088495575,0.010609544481080297
regression,secretary|1overe,secretary,1overe,confirmatory,25,1,percent_bounded_relative_RMSE_loss,0.026548672566371681,0.94999999999999996,113,10000,dataset,P_dataset(median time saved >= s and median loss <= epsilon),0.0088495575221238937,0.035398230088495575,0.0077549756274383217,0,0.061946902654867256,0.015046952760294607,0,0.053097345132743362,0.01400561580648379
regression,secretary|1overe,secretary,1overe,confirmatory,25,2.5,percent_bounded_relative_RMSE_loss,0.044247787610619468,0.94999999999999996,113,10000,dataset,P_dataset(median time saved >= s and median loss <= epsilon),0.044247787610619468,0.061946902654867256,0.0059014937056808695,0.0088495575221238937,0.088495575221238937,0.019286389349725468,0.017699115044247787,0.097345132743362831,0.020425928838325651
regression,secretary|1overe,secretary,1overe,confirmatory,50,0.5,percent_bounded_relative_RMSE_loss,0,0.94999999999999996,113,10000,dataset,P_dataset(median time saved >= s and median loss <= epsilon),0,0,0,0,0,0,0,0,0
regression,secretary|1overe,secretary,1overe,confirmatory,50,1,percent_bounded_relative_RMSE_loss,0,0.94999999999999996,113,10000,dataset,P_dataset(median time saved >= s and median loss <= epsilon),0,0,0,0,0,0,0,0,0
regression,secretary|1overe,secretary,1overe,confirmatory,50,2.5,percent_bounded_relative_RMSE_loss,0,0.94999999999999996,113,10000,dataset,P_dataset(median time saved >= s and median loss <= epsilon),0,0,0,0,0,0,0,0,0
regression,secretary|ln_n,secretary,ln_n,exploratory,0,0.5,percent_bounded_relative_RMSE_loss,0.11504424778761062,0.94999999999999996,113,10000,dataset,P_dataset(median time saved >= s and median loss <= epsilon),0.10619469026548672,0.1415929203539823,0.010324796469855345,0.061946902654867256,0.17699115044247787,0.03005658414373942,0.070796460176991149,0.18584070796460178,0.031126365790136779
regression,secretary|ln_n,secretary,ln_n,exploratory,0,1,percent_bounded_relative_RMSE_loss,0.11504424778761062,0.94999999999999996,113,10000,dataset,P_dataset(median time saved >= s and median loss <= epsilon),0.11504424778761062,0.15929203539823009,0.01142905187596425,0.061946902654867256,0.17699115044247787,0.03005658414373942,0.070796460176991149,0.19469026548672566,0.031991339217698818
regression,secretary|ln_n,secretary,ln_n,exploratory,0,2.5,percent_bounded_relative_RMSE_loss,0.17699115044247787,0.94999999999999996,113,10000,dataset,P_dataset(median time saved >= s and median loss <= epsilon),0.15929203539823009,0.20353982300884957,0.011610120725082726,0.11504424778761062,0.24778761061946902,0.035646980642384314,0.11504424778761062,0.25663716814159293,0.036196817738994677
regression,secretary|ln_n,secretary,ln_n,exploratory,10,0.5,percent_bounded_relative_RMSE_loss,0.11504424778761062,0.94999999999999996,113,10000,dataset,P_dataset(median time saved >= s and median loss <= epsilon),0.097345132743362831,0.1415929203539823,0.011176768404727165,0.061946902654867256,0.17699115044247787,0.03005658414373942,0.061946902654867256,0.17699115044247787,0.030008777845753329
regression,secretary|ln_n,secretary,ln_n,exploratory,10,1,percent_bounded_relative_RMSE_loss,0.11504424778761062,0.94999999999999996,113,10000,dataset,P_dataset(median time saved >= s and median loss <= epsilon),0.10619469026548672,0.15044247787610621,0.012231648278287625,0.061946902654867256,0.17699115044247787,0.03005658414373942,0.070796460176991149,0.18584070796460178,0.030932908427824497
regression,secretary|ln_n,secretary,ln_n,exploratory,10,2.5,percent_bounded_relative_RMSE_loss,0.17699115044247787,0.94999999999999996,113,10000,dataset,P_dataset(median time saved >= s and median loss <= epsilon),0.15044247787610621,0.19469026548672566,0.012386029553115128,0.11504424778761062,0.24778761061946902,0.035646980642384314,0.10619469026548672,0.24778761061946902,0.035280640727125598
regression,secretary|ln_n,secretary,ln_n,exploratory,25,0.5,percent_bounded_relative_RMSE_loss,0.044247787610619468,0.94999999999999996,113,10000,dataset,P_dataset(median time saved >= s and median loss <= epsilon),0.035398230088495575,0.061946902654867256,0.0058261452473623793,0.0088495575221238937,0.088495575221238937,0.019328078406344564,0.0088495575221238937,0.088495575221238937,0.019876945297446887
regression,secretary|ln_n,secretary,ln_n,exploratory,25,1,percent_bounded_relative_RMSE_loss,0.044247787610619468,0.94999999999999996,113,10000,dataset,P_dataset(median time saved >= s and median loss <= epsilon),0.044247787610619468,0.061946902654867256,0.0064102839371823718,0.0088495575221238937,0.088495575221238937,0.019328078406344564,0.017699115044247787,0.097345132743362831,0.020508984329413255
regression,secretary|ln_n,secretary,ln_n,exploratory,25,2.5,percent_bounded_relative_RMSE_loss,0.079646017699115043,0.94999999999999996,113,10000,dataset,P_dataset(median time saved >= s and median loss <= epsilon),0.061946902654867256,0.088495575221238937,0.00753035051508796,0.035398230088495575,0.13274336283185842,0.025590727780811135,0.026548672566371681,0.12389380530973451,0.024748071337795819
regression,secretary|ln_n,secretary,ln_n,exploratory,50,0.5,percent_bounded_relative_RMSE_loss,0.017699115044247787,0.94999999999999996,113,10000,dataset,P_dataset(median time saved >= s and median loss <= epsilon),0.0088495575221238937,0.017699115044247787,0.0025616234516788378,0,0.044247787610619468,0.012289692171865485,0,0.044247787610619468,0.011949528817006552
regression,secretary|ln_n,secretary,ln_n,exploratory,50,1,percent_bounded_relative_RMSE_loss,0.017699115044247787,0.94999999999999996,113,10000,dataset,P_dataset(median time saved >= s and median loss <= epsilon),0.017699115044247787,0.017699115044247787,0,0,0.044247787610619468,0.012289692171865485,0,0.044247787610619468,0.012289692171865485
regression,secretary|ln_n,secretary,ln_n,exploratory,50,2.5,percent_bounded_relative_RMSE_loss,0.017699115044247787,0.94999999999999996,113,10000,dataset,P_dataset(median time saved >= s and median loss <= epsilon),0.017699115044247787,0.026548672566371681,0.0025301708984009036,0,0.044247787610619468,0.012289692171865485,0,0.044247787610619468,0.012542574959986716
regression,secretary|sqrt_n,secretary,sqrt_n,exploratory,0,0.5,percent_bounded_relative_RMSE_loss,0.13274336283185842,0.94999999999999996,113,10000,dataset,P_dataset(median time saved >= s and median loss <= epsilon),0.13274336283185842,0.16814159292035399,0.0097563993095982245,0.070796460176991149,0.19469026548672566,0.031717507007040346,0.088495575221238937,0.21238938053097345,0.033109175101860816
regression,secretary|sqrt_n,secretary,sqrt_n,exploratory,0,1,percent_bounded_relative_RMSE_loss,0.15044247787610621,0.94999999999999996,113,10000,dataset,P_dataset(median time saved >= s and median loss <= epsilon),0.1415929203539823,0.17699115044247787,0.010547385930550893,0.088495575221238937,0.22123893805309736,0.033455540014162136,0.097345132743362831,0.23008849557522124,0.034288273825206071
regression,secretary|sqrt_n,secretary,sqrt_n,exploratory,0,2.5,percent_bounded_relative_RMSE_loss,0.20353982300884957,0.94999999999999996,113,10000,dataset,P_dataset(median time saved >= s and median loss <= epsilon),0.17699115044247787,0.22123893805309736,0.01116045064662707,0.13274336283185842,0.2831858407079646,0.037694969027969573,0.12389380530973451,0.27433628318584069,0.037128622649504915
regression,secretary|sqrt_n,secretary,sqrt_n,exploratory,10,0.5,percent_bounded_relative_RMSE_loss,0.11504424778761062,0.94999999999999996,113,10000,dataset,P_dataset(median time saved >= s and median loss <= epsilon),0.097345132743362831,0.15044247787610621,0.011996732572240159,0.061946902654867256,0.17699115044247787,0.029857490789812629,0.061946902654867256,0.18584070796460178,0.030780191093312974
regression,secretary|sqrt_n,secretary,sqrt_n,exploratory,10,1,percent_bounded_relative_RMSE_loss,0.13274336283185842,0.94999999999999996,113,10000,dataset,P_dataset(median time saved >= s and median loss <= epsilon),0.10619469026548672,0.15929203539823009,0.013300139716127878,0.070796460176991149,0.19469026548672566,0.031720342404841367,0.079646017699115043,0.19491150442477553,0.031949448244734759
regression,secretary|sqrt_n,secretary,sqrt_n,exploratory,10,2.5,percent_bounded_relative_RMSE_loss,0.18584070796460178,0.94999999999999996,113,10000,dataset,P_dataset(median time saved >= s and median loss <= epsilon),0.1415929203539823,0.19469026548672566,0.014051655129410626,0.11504424778761062,0.25663716814159293,0.036339564861506808,0.10619469026548672,0.23893805309734514,0.035061620878266406
regression,secretary|sqrt_n,secretary,sqrt_n,exploratory,25,0.5,percent_bounded_relative_RMSE_loss,0.044247787610619468,0.94999999999999996,113,10000,dataset,P_dataset(median time saved >= s and median loss <= epsilon),0.044247787610619468,0.053097345132743362,0.0042401153689279299,0.0088495575221238937,0.088495575221238937,0.019328078406344564,0.0088495575221238937,0.088495575221238937,0.019705824309642399
regression,secretary|sqrt_n,secretary,sqrt_n,exploratory,25,1,percent_bounded_relative_RMSE_loss,0.044247787610619468,0.94999999999999996,113,10000,dataset,P_dataset(median time saved >= s and median loss <= epsilon),0.044247787610619468,0.053097345132743362,0.0044276952597755116,0.0088495575221238937,0.088495575221238937,0.019328078406344564,0.0088495575221238937,0.088495575221238937,0.019792605045958506
regression,secretary|sqrt_n,secretary,sqrt_n,exploratory,25,2.5,percent_bounded_relative_RMSE_loss,0.061946902654867256,0.94999999999999996,113,10000,dataset,P_dataset(median time saved >= s and median loss <= epsilon),0.053097345132743362,0.070796460176991149,0.0066811512459077384,0.017699115044247787,0.10619469026548672,0.022702466358526307,0.017699115044247787,0.10619469026548672,0.022390779486869208
regression,secretary|sqrt_n,secretary,sqrt_n,exploratory,50,0.5,percent_bounded_relative_RMSE_loss,0.017699115044247787,0.94999999999999996,113,10000,dataset,P_dataset(median time saved >= s and median loss <= epsilon),0.017699115044247787,0.017699115044247787,0.00034274874449967673,0,0.044247787610619468,0.012289692171865485,0,0.044247787610619468,0.012291640123399762
regression,secretary|sqrt_n,secretary,sqrt_n,exploratory,50,1,percent_bounded_relative_RMSE_loss,0.017699115044247787,0.94999999999999996,113,10000,dataset,P_dataset(median time saved >= s and median loss <= epsilon),0.017699115044247787,0.017699115044247787,0.00034274874449967673,0,0.044247787610619468,0.012289692171865485,0,0.044247787610619468,0.012291640123399762
regression,secretary|sqrt_n,secretary,sqrt_n,exploratory,50,2.5,percent_bounded_relative_RMSE_loss,0.017699115044247787,0.94999999999999996,113,10000,dataset,P_dataset(median time saved >= s and median loss <= epsilon),0.017699115044247787,0.017699115044247787,0.00057293071130980048,0,0.044247787610619468,0.012289692171865485,0,0.044247787610619468,0.012302692382596975
classification_gini,best|,best,,confirmatory,0,0.5,F1_percentage_points,1,0.94999999999999996,122,10000,dataset,P_dataset(median time saved >= s and median loss <= epsilon),1,1,0,1,1,0,1,1,0
classification_gini,best|,best,,confirmatory,0,1,F1_percentage_points,1,0.94999999999999996,122,10000,dataset,P_dataset(median time saved >= s and median loss <= epsilon),1,1,0,1,1,0,1,1,0
classification_gini,best|,best,,confirmatory,0,2.5,F1_percentage_points,1,0.94999999999999996,122,10000,dataset,P_dataset(median time saved >= s and median loss <= epsilon),1,1,0,1,1,0,1,1,0
classification_gini,best|,best,,confirmatory,10,0.5,F1_percentage_points,0,0.94999999999999996,122,10000,dataset,P_dataset(median time saved >= s and median loss <= epsilon),0,0,0,0,0,0,0,0,0
classification_gini,best|,best,,confirmatory,10,1,F1_percentage_points,0,0.94999999999999996,122,10000,dataset,P_dataset(median time saved >= s and median loss <= epsilon),0,0,0,0,0,0,0,0,0
classification_gini,best|,best,,confirmatory,10,2.5,F1_percentage_points,0,0.94999999999999996,122,10000,dataset,P_dataset(median time saved >= s and median loss <= epsilon),0,0,0,0,0,0,0,0,0
classification_gini,best|,best,,confirmatory,25,0.5,F1_percentage_points,0,0.94999999999999996,122,10000,dataset,P_dataset(median time saved >= s and median loss <= epsilon),0,0,0,0,0,0,0,0,0
classification_gini,best|,best,,confirmatory,25,1,F1_percentage_points,0,0.94999999999999996,122,10000,dataset,P_dataset(median time saved >= s and median loss <= epsilon),0,0,0,0,0,0,0,0,0
classification_gini,best|,best,,confirmatory,25,2.5,F1_percentage_points,0,0.94999999999999996,122,10000,dataset,P_dataset(median time saved >= s and median loss <= epsilon),0,0,0,0,0,0,0,0,0
classification_gini,best|,best,,confirmatory,50,0.5,F1_percentage_points,0,0.94999999999999996,122,10000,dataset,P_dataset(median time saved >= s and median loss <= epsilon),0,0,0,0,0,0,0,0,0
classification_gini,best|,best,,confirmatory,50,1,F1_percentage_points,0,0.94999999999999996,122,10000,dataset,P_dataset(median time saved >= s and median loss <= epsilon),0,0,0,0,0,0,0,0,0
classification_gini,best|,best,,confirmatory,50,2.5,F1_percentage_points,0,0.94999999999999996,122,10000,dataset,P_dataset(median time saved >= s and median loss <= epsilon),0,0,0,0,0,0,0,0,0
classification_gini,block_rank|,block_rank,,confirmatory,0,0.5,F1_percentage_points,0.28688524590163933,0.94999999999999996,122,10000,dataset,P_dataset(median time saved >= s and median loss <= epsilon),0.24590163934426229,0.29508196721311475,0.01319961103564663,0.20491803278688525,0.36885245901639346,0.041054795911198358,0.18852459016393441,0.35245901639344263,0.040308836302287161
classification_gini,block_rank|,block_rank,,confirmatory,0,1,F1_percentage_points,0.35245901639344263,0.94999999999999996,122,10000,dataset,P_dataset(median time saved >= s and median loss <= epsilon),0.31967213114754101,0.36885245901639346,0.012661683092464205,0.27049180327868855,0.43463114754098059,0.043393942496339578,0.26229508196721313,0.42622950819672129,0.043080813290507149
classification_gini,block_rank|,block_rank,,confirmatory,0,2.5,F1_percentage_points,0.49180327868852458,0.94999999999999996,122,10000,dataset,P_dataset(median time saved >= s and median loss <= epsilon),0.45081967213114754,0.50819672131147542,0.013759939476599261,0.40163934426229508,0.58196721311475408,0.045153861076384763,0.39344262295081966,0.56557377049180324,0.045209115099744027
classification_gini,block_rank|,block_rank,,confirmatory,10,0.5,F1_percentage_points,0.23770491803278687,0.94999999999999996,122,10000,dataset,P_dataset(median time saved >= s and median loss <= epsilon),0.20491803278688525,0.25409836065573771,0.013734540326164201,0.16393442622950818,0.31147540983606559,0.038483696741135699,0.15573770491803279,0.31147540983606559,0.038106914186269686
classification_gini,block_rank|,block_rank,,confirmatory,10,1,F1_percentage_points,0.30327868852459017,0.94999999999999996,122,10000,dataset,P_dataset(median time saved >= s and median loss <= epsilon),0.27049180327868855,0.31967213114754101,0.013358266997068742,0.22131147540983606,0.38524590163934425,0.041608414805049627,0.21311475409836064,0.37704918032786883,0.041185622617532724
classification_gini,block_rank|,block_rank,,confirmatory,10,2.5,F1_percentage_points,0.40163934426229508,0.94999999999999996,122,10000,dataset,P_dataset(median time saved >= s and median loss <= epsilon),0.36885245901639346,0.42622950819672129,0.015022330860197617,0.31967213114754101,0.49180327868852458,0.044177019040951185,0.31147540983606559,0.48360655737704916,0.044387852940228532
classification_gini,block_rank|,block_rank,,confirmatory,25,0.5,F1_percentage_points,0.14754098360655737,0.94999999999999996,122,10000,dataset,P_dataset(median time saved >= s and median loss <= epsilon),0.12295081967213115,0.15573770491803279,0.0095797068588425339,0.090163934426229511,0.21311475409836064,0.032175776656411977,0.081967213114754092,0.20491803278688525,0.031484134055548431
classification_gini,block_rank|,block_rank,,confirmatory,25,1,F1_percentage_points,0.18852459016393441,0.94999999999999996,122,10000,dataset,P_dataset(median time saved >= s and median loss <= epsilon),0.16372950819672311,0.20491803278688525,0.010774268528111189,0.12295081967213115,0.26229508196721313,0.035744903805624374,0.11475409836065574,0.25409836065573771,0.034946261289808246
classification_gini,block_rank|,block_rank,,confirmatory,25,2.5,F1_percentage_points,0.26229508196721313,0.94999999999999996,122,10000,dataset,P_dataset(median time saved >= s and median loss <= epsilon),0.23770491803278687,0.27868852459016391,0.010785400197733736,0.18852459016393441,0.34426229508196721,0.039652085466447273,0.18852459016393441,0.33627049180327567,0.039658337741783324
classification_gini,block_rank|,block_rank,,confirmatory,50,0.5,F1_percentage_points,0.090163934426229511,0.94999999999999996,122,10000,dataset,P_dataset(median time saved >= s and median loss <= epsilon),0.073770491803278687,0.098360655737704916,0.004790211573180869,0.040983606557377046,0.14754098360655737,0.02589811327958352,0.040983606557377046,0.13934426229508196,0.025586623318544003
classification_gini,block_rank|,block_rank,,confirmatory,50,1,F1_percentage_points,0.12295081967213115,0.94999999999999996,122,10000,dataset,P_dataset(median time saved >= s and median loss <= epsilon),0.10655737704918032,0.13114754098360656,0.0074377065779398102,0.065573770491803282,0.18852459016393441,0.029930847582859441,0.065573770491803282,0.18032786885245902,0.029577485685327587
classification_gini,block_rank|,block_rank,,confirmatory,50,2.5,F1_percentage_points,0.18852459016393441,0.94999999999999996,122,10000,dataset,P_dataset(median time saved >= s and median loss <= epsilon),0.1721311475409836,0.19672131147540983,0.0069883757650191147,0.12295081967213115,0.26229508196721313,0.035177077844830484,0.11475409836065574,0.25409836065573771,0.034906288122798459
classification_gini,double_secretary|0.1n,double_secretary,0.1n,exploratory,0,0.5,F1_percentage_points,0.5,0.94999999999999996,122,10000,dataset,P_dataset(median time saved >= s and median loss <= epsilon),0.45901639344262296,0.52459016393442626,0.015597212895084251,0.4098360655737705,0.5901639344262295,0.045460863656564827,0.40163934426229508,0.58196721311475408,0.045708263588830254
classification_gini,double_secretary|0.1n,double_secretary,0.1n,exploratory,0,1,F1_percentage_points,0.63114754098360659,0.94999999999999996,122,10000,dataset,P_dataset(median time saved >= s and median loss <= epsilon),0.60655737704918034,0.67213114754098358,0.017503972347288017,0.54918032786885251,0.71311475409836067,0.043752244786716944,0.54918032786885251,0.72131147540983609,0.04359994173693351
classification_gini,double_secretary|0.1n,double_secretary,0.1n,exploratory,0,2.5,F1_percentage_points,0.84426229508196726,0.94999999999999996,122,10000,dataset,P_dataset(median time saved >= s and median loss <= epsilon),0.81967213114754101,0.87704918032786883,0.014550680775753255,0.77868852459016391,0.9098360655737705,0.032950693119798931,0.77868852459016391,0.9098360655737705,0.032483818969699416
classification_gini,double_secretary|0.1n,double_secretary,0.1n,exploratory,10,0.5,F1_percentage_points,0.37704918032786883,0.94999999999999996,122,10000,dataset,P_dataset(median time saved >= s and median loss <= epsilon),0.34426229508196721,0.4098360655737705,0.017837657802721941,0.29508196721311475,0.45901639344262296,0.043681312658017661,0.28688524590163933,0.45901639344262296,0.043932554756787263
classification_gini,double_secretary|0.1n,double_secretary,0.1n,exploratory,10,1,F1_percentage_points,0.5,0.94999999999999996,122,10000,dataset,P_dataset(median time saved >= s and median loss <= epsilon),0.45901639344262296,0.54098360655737709,0.019222207088342113,0.4098360655737705,0.5901639344262295,0.044960136926176453,0.4098360655737705,0.5901639344262295,0.045323858646991191
classification_gini,double_secretary|0.1n,double_secretary,0.1n,exploratory,10,2.5,F1_percentage_points,0.64754098360655743,0.94999999999999996,122,10000,dataset,P_dataset(median time saved >= s and median loss <= epsilon),0.63934426229508201,0.70491803278688525,0.018375063045731638,0.56557377049180324,0.72950819672131151,0.043051887827483183,0.5901639344262295,0.75409836065573765,0.042390912078397312
classification_gini,double_secretary|0.1n,double_secretary,0.1n,exploratory,25,0.5,F1_percentage_points,0.21311475409836064,0.94999999999999996,122,10000,dataset,P_dataset(median time saved >= s and median loss <= epsilon),0.18852459016393441,0.22950819672131148,0.010355858707664466,0.13934426229508196,0.28688524590163933,0.036921490226957128,0.13934426229508196,0.28688524590163933,0.036644096373104902
classification_gini,double_secretary|0.1n,double_secretary,0.1n,exploratory,25,1,F1_percentage_points,0.32786885245901637,0.94999999999999996,122,10000,dataset,P_dataset(median time saved >= s and median loss <= epsilon),0.29508196721311475,0.34426229508196721,0.012237168730272485,0.24590163934426229,0.4098360655737705,0.042221154335766814,0.23770491803278687,0.40163934426229508,0.042060328888037533
classification_gini,double_secretary|0.1n,double_secretary,0.1n,exploratory,25,2.5,F1_percentage_points,0.44262295081967212,0.94999999999999996,122,10000,dataset,P_dataset(median time saved >= s and median loss <= epsilon),0.42622950819672129,0.46721311475409838,0.00953747551831703,0.35245901639344263,0.53278688524590168,0.044633004890878139,0.36065573770491804,0.53278688524590168,0.044883298013437059
classification_gini,double_secretary|0.1n,double_secretary,0.1n,exploratory,50,0.5,F1_percentage_points,0.11475409836065574,0.94999999999999996,122,10000,dataset,P_dataset(median time saved >= s and median loss <= epsilon),0.098360655737704916,0.12295081967213115,0.006312195315161361,0.065573770491803282,0.1721311475409836,0.028652344753305668,0.05737704918032787,0.1721311475409836,0.028591975096964446
classification_gini,double_secretary|0.1n,double_secretary,0.1n,exploratory,50,1,F1_percentage_points,0.1721311475409836,0.94999999999999996,122,10000,dataset,P_dataset(median time saved >= s and median loss <= epsilon),0.14754098360655737,0.18032786885245902,0.0089742554151599797,0.10655737704918032,0.23770491803278687,0.033915341779235685,0.10655737704918032,0.22950819672131148,0.033248918094132662
classification_gini,double_secretary|0.1n,double_secretary,0.1n,exploratory,50,2.5,F1_percentage_points,0.22131147540983606,0.94999999999999996,122,10000,dataset,P_dataset(median time saved >= s and median loss <= epsilon),0.20491803278688525,0.23770491803278687,0.0069827710721289439,0.14754098360655737,0.29508196721311475,0.037152708315028496,0.15573770491803279,0.29508196721311475,0.037265418033561058
classification_gini,double_secretary|1overe,double_secretary,1overe,confirmatory,0,0.5,F1_percentage_points,0.66393442622950816,0.94999999999999996,122,10000,dataset,P_dataset(median time saved >= s and median loss <= epsilon),0.59836065573770492,0.68852459016393441,0.02399688219590615,0.58196721311475408,0.74590163934426235,0.042709323330920514,0.55737704918032782,0.72131147540983609,0.043181340234944562
classification_gini,double_secretary|1overe,double_secretary,1overe,confirmatory,0,1,F1_percentage_points,0.79508196721311475,0.94999999999999996,122,10000,dataset,P_dataset(median time saved >= s and median loss <= epsilon),0.71311475409836067,0.81147540983606559,0.02446887422415376,0.72131147540983609,0.86065573770491799,0.036397236621992166,0.68032786885245899,0.83606557377049184,0.038477670820159772
classification_gini,double_secretary|1overe,double_secretary,1overe,confirmatory,0,2.5,F1_percentage_points,0.88524590163934425,0.94999999999999996,122,10000,dataset,P_dataset(median time saved >= s and median loss <= epsilon),0.80327868852459017,0.89344262295081966,0.022508023711930433,0.82786885245901642,0.94262295081967218,0.029060976359025301,0.77868852459016391,0.9098360655737705,0.032690791183486681
classification_gini,double_secretary|1overe,double_secretary,1overe,confirmatory,10,0.5,F1_percentage_points,0.21311475409836064,0.94999999999999996,122,10000,dataset,P_dataset(median time saved >= s and median loss <= epsilon),0.1721311475409836,0.23770491803278687,0.017903262142867582,0.14754098360655737,0.28688524590163933,0.036947365784098143,0.13934426229508196,0.27868852459016391,0.036504804699153973
classification_gini,double_secretary|1overe,double_secretary,1overe,confirmatory,10,1,F1_percentage_points,0.23770491803278687,0.94999999999999996,122,10000,dataset,P_dataset(median time saved >= s and median loss <= epsilon),0.19672131147540983,0.27049180327868855,0.018092174253699789,0.16393442622950818,0.31967213114754101,0.038415367047922103,0.16393442622950818,0.31147540983606559,0.03849150145717041
classification_gini,double_secretary|1overe,double_secretary,1overe,confirmatory,10,2.5,F1_percentage_points,0.24590163934426229,0.94999999999999996,122,10000,dataset,P_dataset(median time saved >= s and median loss <= epsilon),0.20491803278688525,0.27868852459016391,0.018583927158996358,0.1721311475409836,0.32786885245901637,0.038810215696975459,0.16393442622950818,0.31967213114754101,0.038708868030792369
classification_gini,double_secretary|1overe,double_secretary,1overe,confirmatory,25,0.5,F1_percentage_points,0.0081967213114754103,0.94999999999999996,122,10000,dataset,P_dataset(median time saved >= s and median loss <= epsilon),0,0.0081967213114754103,0.0023989859165659748,0,0.024590163934426229,0.0081543813419167801,0,0.024590163934426229,0.0077816629554215691
classification_gini,double_secretary|1overe,double_secretary,1overe,confirmatory,25,1,F1_percentage_points,0.0081967213114754103,0.94999999999999996,122,10000,dataset,P_dataset(median time saved >= s and median loss <= epsilon),0,0.0081967213114754103,0.0023989859165659748,0,0.024590163934426229,0.0081543813419167801,0,0.024590163934426229,0.0077816629554215691
classification_gini,double_secretary|1overe,double_secretary,1overe,confirmatory,25,2.5,F1_percentage_points,0.0081967213114754103,0.94999999999999996,122,10000,dataset,P_dataset(median time saved >= s and median loss <= epsilon),0,0.0081967213114754103,0.0023989859165659748,0,0.024590163934426229,0.0081543813419167801,0,0.024590163934426229,0.0077816629554215691
classification_gini,double_secretary|1overe,double_secretary,1overe,confirmatory,50,0.5,F1_percentage_points,0,0.94999999999999996,122,10000,dataset,P_dataset(median time saved >= s and median loss <= epsilon),0,0,0,0,0,0,0,0,0
classification_gini,double_secretary|1overe,double_secretary,1overe,confirmatory,50,1,F1_percentage_points,0,0.94999999999999996,122,10000,dataset,P_dataset(median time saved >= s and median loss <= epsilon),0,0,0,0,0,0,0,0,0
classification_gini,double_secretary|1overe,double_secretary,1overe,confirmatory,50,2.5,F1_percentage_points,0,0.94999999999999996,122,10000,dataset,P_dataset(median time saved >= s and median loss <= epsilon),0,0,0,0,0,0,0,0,0
classification_gini,double_secretary|ln_n,double_secretary,ln_n,exploratory,0,0.5,F1_percentage_points,0.52459016393442626,0.94999999999999996,122,10000,dataset,P_dataset(median time saved >= s and median loss <= epsilon),0.49180327868852458,0.54918032786885251,0.016262450800620967,0.4344262295081967,0.61475409836065575,0.045337439612672996,0.4344262295081967,0.61475409836065575,0.045459569880478001
classification_gini,double_secretary|ln_n,double_secretary,ln_n,exploratory,0,1,F1_percentage_points,0.68032786885245899,0.94999999999999996,122,10000,dataset,P_dataset(median time saved >= s and median loss <= epsilon),0.64754098360655743,0.70491803278688525,0.016580530581245895,0.59836065573770492,0.76229508196721307,0.042237596368402582,0.5901639344262295,0.76229508196721307,0.042556541558393238
classification_gini,double_secretary|ln_n,double_secretary,ln_n,exploratory,0,2.5,F1_percentage_points,0.89344262295081966,0.94999999999999996,122,10000,dataset,P_dataset(median time saved >= s and median loss <= epsilon),0.84426229508196726,0.89344262295081966,0.012564353862888953,0.83606557377049184,0.94262295081967218,0.027961797413451943,0.81147540983606559,0.92622950819672134,0.029985280358007644
classification_gini,double_secretary|ln_n,double_secretary,ln_n,exploratory,10,0.5,F1_percentage_points,0.36885245901639346,0.94999999999999996,122,10000,dataset,P_dataset(median time saved >= s and median loss <= epsilon),0.35245901639344263,0.41803278688524592,0.017750449958149277,0.28688524590163933,0.45081967213114754,0.043219475806670044,0.30327868852459017,0.47540983606557374,0.043960852996267959
classification_gini,double_secretary|ln_n,double_secretary,ln_n,exploratory,10,1,F1_percentage_points,0.5,0.94999999999999996,122,10000,dataset,P_dataset(median time saved >= s and median loss <= epsilon),0.48360655737704916,0.54918032786885251,0.01799669199492997,0.41803278688524592,0.5901639344262295,0.044581912586997723,0.42622950819672129,0.60655737704918034,0.044946156380384801
classification_gini,double_secretary|ln_n,double_secretary,ln_n,exploratory,10,2.5,F1_percentage_points,0.66393442622950816,0.94999999999999996,122,10000,dataset,P_dataset(median time saved >= s and median loss <= epsilon),0.63114754098360659,0.70491803278688525,0.017321123956271351,0.58196721311475408,0.74590163934426235,0.042272869154397041,0.58196721311475408,0.74590163934426235,0.042198229215205434
classification_gini,double_secretary|ln_n,double_secretary,ln_n,exploratory,25,0.5,F1_percentage_points,0.21311475409836064,0.94999999999999996,122,10000,dataset,P_dataset(median time saved >= s and median loss <= epsilon),0.20491803278688525,0.23770491803278687,0.0089075616812415923,0.14754098360655737,0.28688524590163933,0.03692061987368761,0.14754098360655737,0.30327868852459017,0.037633160248736294
classification_gini,double_secretary|ln_n,double_secretary,ln_n,exploratory,25,1,F1_percentage_points,0.31147540983606559,0.94999999999999996,122,10000,dataset,P_dataset(median time saved >= s and median loss <= epsilon),0.30327868852459017,0.33606557377049179,0.010059896501732,0.22950819672131148,0.39344262295081966,0.041696283631792889,0.23770491803278687,0.40163934426229508,0.042127158203754636
classification_gini,double_secretary|ln_n,double_secretary,ln_n,exploratory,25,2.5,F1_percentage_points,0.41803278688524592,0.94999999999999996,122,10000,dataset,P_dataset(median time saved >= s and median loss <= epsilon),0.4098360655737705,0.44262295081967212,0.0090212243753185657,0.33606557377049179,0.50819672131147542,0.044317727173640846,0.33606557377049179,0.51639344262295084,0.044507176772471339
classification_gini,double_secretary|ln_n,double_secretary,ln_n,exploratory,50,0.5,F1_percentage_points,0.073770491803278687,0.94999999999999996,122,10000,dataset,P_dataset(median time saved >= s and median loss <= epsilon),0.065573770491803282,0.090163934426229511,0.0063910106436086802,0.032786885245901641,0.12295081967213115,0.023814265941151991,0.032786885245901641,0.12295081967213115,0.024194305554921653
classification_gini,double_secretary|ln_n,double_secretary,ln_n,exploratory,50,1,F1_percentage_points,0.12295081967213115,0.94999999999999996,122,10000,dataset,P_dataset(median time saved >= s and median loss <= epsilon),0.11475409836065574,0.13934426229508196,0.0061552975767391127,0.065573770491803282,0.18032786885245902,0.029431689340398248,0.073770491803278687,0.18852459016393441,0.029901758251516274
classification_gini,double_secretary|ln_n,double_secretary,ln_n,exploratory,50,2.5,F1_percentage_points,0.1721311475409836,0.94999999999999996,122,10000,dataset,P_dataset(median time saved >= s and median loss <= epsilon),0.16393442622950818,0.18032786885245902,0.0050637816169020354,0.10655737704918032,0.23770491803278687,0.033827005003838811,0.10655737704918032,0.23790983606557078,0.033943416305649683
classification_gini,double_secretary|sqrt_n,double_secretary,sqrt_n,exploratory,0,0.5,F1_percentage_points,0.47540983606557374,0.94999999999999996,122,10000,dataset,P_dataset(median time saved >= s and median loss <= epsilon),0.4344262295081967,0.5,0.017245064783346281,0.38524590163934425,0.56557377049180324,0.04532793002267671,0.37704918032786883,0.55737704918032782,0.045196477093965709
classification_gini,double_secretary|sqrt_n,double_secretary,sqrt_n,exploratory,0,1,F1_percentage_points,0.60655737704918034,0.94999999999999996,122,10000,dataset,P_dataset(median time saved >= s and median loss <= epsilon),0.57377049180327866,0.63934426229508201,0.017877889936790198,0.51639344262295084,0.69672131147540983,0.044506151063224628,0.51639344262295084,0.68852459016393441,0.044388741430532203
classification_gini,double_secretary|sqrt_n,double_secretary,sqrt_n,exploratory,0,2.5,F1_percentage_points,0.82786885245901642,0.94999999999999996,122,10000,dataset,P_dataset(median time saved >= s and median loss <= epsilon),0.77868852459016391,0.83606557377049184,0.016411598136016524,0.75409836065573765,0.89344262295081966,0.03436967858145986,0.73770491803278693,0.87704918032786883,0.035389113563299837
classification_gini,double_secretary|sqrt_n,double_secretary,sqrt_n,exploratory,10,0.5,F1_percentage_points,0.34426229508196721,0.94999999999999996,122,10000,dataset,P_dataset(median time saved >= s and median loss <= epsilon),0.29508196721311475,0.37704918032786883,0.019780594364293608,0.26229508196721313,0.42622950819672129,0.043001552482181273,0.25409836065573771,0.41803278688524592,0.042494856235654285
classification_gini,double_secretary|sqrt_n,double_secretary,sqrt_n,exploratory,10,1,F1_percentage_points,0.45081967213114754,0.94999999999999996,122,10000,dataset,P_dataset(median time saved >= s and median loss <= epsilon),0.4098360655737705,0.49180327868852458,0.020452277193099378,0.36065573770491804,0.54098360655737709,0.044721958464663362,0.36065573770491804,0.53278688524590168,0.044900412007143203
classification_gini,double_secretary|sqrt_n,double_secretary,sqrt_n,exploratory,10,2.5,F1_percentage_points,0.61475409836065575,0.94999999999999996,122,10000,dataset,P_dataset(median time saved >= s and median loss <= epsilon),0.57377049180327866,0.65573770491803274,0.021090321549166846,0.52459016393442626,0.69672131147540983,0.043911175207596846,0.52459016393442626,0.69672131147540983,0.044064010886451552
classification_gini,double_secretary|sqrt_n,double_secretary,sqrt_n,exploratory,25,0.5,F1_percentage_points,0.18852459016393441,0.94999999999999996,122,10000,dataset,P_dataset(median time saved >= s and median loss <= epsilon),0.1721311475409836,0.21311475409836064,0.010591314720376539,0.12295081967213115,0.26229508196721313,0.035269329469676432,0.12295081967213115,0.26229508196721313,0.035475749733507013
classification_gini,double_secretary|sqrt_n,double_secretary,sqrt_n,exploratory,25,1,F1_percentage_points,0.26229508196721313,0.94999999999999996,122,10000,dataset,P_dataset(median time saved >= s and median loss <= epsilon),0.24590163934426229,0.28688524590163933,0.01077998721893959,0.18852459016393441,0.34426229508196721,0.039604165709894674,0.18852459016393441,0.34426229508196721,0.040089352575887929
classification_gini,double_secretary|sqrt_n,double_secretary,sqrt_n,exploratory,25,2.5,F1_percentage_points,0.39344262295081966,0.94999999999999996,122,10000,dataset,P_dataset(median time saved >= s and median loss <= epsilon),0.37704918032786883,0.41803278688524592,0.010017841956090805,0.31147540983606559,0.48360655737704916,0.0441598480142966,0.31147540983606559,0.48360655737704916,0.044293557933768948
classification_gini,double_secretary|sqrt_n,double_secretary,sqrt_n,exploratory,50,0.5,F1_percentage_points,0.12295081967213115,0.94999999999999996,122,10000,dataset,P_dataset(median time saved >= s and median loss <= epsilon),0.11475409836065574,0.13934426229508196,0.0070824382220891473,0.065573770491803282,0.18032786885245902,0.029511229837787895,0.073770491803278687,0.18852459016393441,0.02970823401500642
classification_gini,double_secretary|sqrt_n,double_secretary,sqrt_n,exploratory,50,1,F1_percentage_points,0.14754098360655737,0.94999999999999996,122,10000,dataset,P_dataset(median time saved >= s and median loss <= epsilon),0.13934426229508196,0.1721311475409836,0.0072588750397256487,0.090163934426229511,0.21311475409836064,0.031794712953257288,0.098360655737704916,0.22131147540983606,0.032313151782629237
classification_gini,double_secretary|sqrt_n,double_secretary,sqrt_n,exploratory,50,2.5,F1_percentage_points,0.21311475409836064,0.94999999999999996,122,10000,dataset,P_dataset(median time saved >= s and median loss <= epsilon),0.20491803278688525,0.22950819672131148,0.0054980106314921947,0.14754098360655737,0.28688524590163933,0.036621006010031737,0.14754098360655737,0.28688524590163933,0.036741632826702897
classification_gini,extra_tree|max_features=1,extra_tree,max_features=1,confirmatory,0,0.5,F1_percentage_points,0.20491803278688525,0.94999999999999996,122,10000,dataset,P_dataset(median time saved >= s and median loss <= epsilon),0.1721311475409836,0.21311475409836064,0.011679732949517695,0.13934426229508196,0.27868852459016391,0.036371947011721653,0.12295081967213115,0.26229508196721313,0.035409992691393936
classification_gini,extra_tree|max_features=1,extra_tree,max_features=1,confirmatory,0,1,F1_percentage_points,0.22131147540983606,0.94999999999999996,122,10000,dataset,P_dataset(median time saved >= s and median loss <= epsilon),0.20491803278688525,0.23770491803278687,0.0089703644690946934,0.14754098360655737,0.29508196721311475,0.037215106622015812,0.15573770491803279,0.30327868852459017,0.037421389976035828
classification_gini,extra_tree|max_features=1,extra_tree,max_features=1,confirmatory,0,2.5,F1_percentage_points,0.32786885245901637,0.94999999999999996,122,10000,dataset,P_dataset(median time saved >= s and median loss <= epsilon),0.31967213114754101,0.36065573770491804,0.011642061227996353,0.24590163934426229,0.4098360655737705,0.042571046153408801,0.25409836065573771,0.42622950819672129,0.043117950709181223
classification_gini,extra_tree|max_features=1,extra_tree,max_features=1,confirmatory,10,0.5,F1_percentage_points,0.1721311475409836,0.94999999999999996,122,10000,dataset,P_dataset(median time saved >= s and median loss <= epsilon),0.14754098360655737,0.18852459016393441,0.010952252704893811,0.10655737704918032,0.23770491803278687,0.033858068061574868,0.10655737704918032,0.23770491803278687,0.033705294230838526
classification_gini,extra_tree|max_features=1,extra_tree,max_features=1,confirmatory,10,1,F1_percentage_points,0.18852459016393441,0.94999999999999996,122,10000,dataset,P_dataset(median time saved >= s and median loss <= epsilon),0.18032786885245902,0.21311475409836064,0.0093331277148527587,0.12295081967213115,0.26229508196721313,0.034963129656904859,0.13114754098360656,0.27049180327868855,0.035818227918525437
classification_gini,extra_tree|max_features=1,extra_tree,max_features=1,confirmatory,10,2.5,F1_percentage_points,0.29508196721311475,0.94999999999999996,122,10000,dataset,P_dataset(median time saved >= s and median loss <= epsilon),0.28688524590163933,0.32786885245901637,0.011915143456295914,0.21311475409836064,0.37704918032786883,0.041511613978816281,0.22131147540983606,0.38524590163934425,0.041925324261112389
classification_gini,extra_tree|max_features=1,extra_tree,max_features=1,confirmatory,25,0.5,F1_percentage_points,0.11475409836065574,0.94999999999999996,122,10000,dataset,P_dataset(median time saved >= s and median loss <= epsilon),0.090163934426229511,0.13114754098360656,0.010933178293444418,0.065573770491803282,0.1721311475409836,0.028574634935534939,0.05737704918032787,0.16393442622950818,0.028157630452934183
classification_gini,extra_tree|max_features=1,extra_tree,max_features=1,confirmatory,25,1,F1_percentage_points,0.13114754098360656,0.94999999999999996,122,10000,dataset,P_dataset(median time saved >= s and median loss <= epsilon),0.12295081967213115,0.15573770491803279,0.0097090835723014635,0.073770491803278687,0.18852459016393441,0.030205425800563096,0.081967213114754092,0.19672131147540983,0.030764369517303138
classification_gini,extra_tree|max_features=1,extra_tree,max_features=1,confirmatory,25,2.5,F1_percentage_points,0.20491803278688525,0.94999999999999996,122,10000,dataset,P_dataset(median time saved >= s and median loss <= epsilon),0.20491803278688525,0.24590163934426229,0.011390771238327969,0.13934426229508196,0.27868852459016391,0.036400379509454114,0.15573770491803279,0.29508196721311475,0.037626664327892155
classification_gini,extra_tree|max_features=1,extra_tree,max_features=1,confirmatory,50,0.5,F1_percentage_points,0.065573770491803282,0.94999999999999996,122,10000,dataset,P_dataset(median time saved >= s and median loss <= epsilon),0.040983606557377046,0.065573770491803282,0.0069315018794412807,0.024590163934426229,0.11475409836065574,0.022245896473745017,0.016393442622950821,0.098360655737704916,0.020702913623344428
classification_gini,extra_tree|max_features=1,extra_tree,max_features=1,confirmatory,50,1,F1_percentage_points,0.081967213114754092,0.94999999999999996,122,10000,dataset,P_dataset(median time saved >= s and median loss <= epsilon),0.073770491803278687,0.090163934426229511,0.0049046830071607225,0.032786885245901641,0.13114754098360656,0.024786755190378672,0.032786885245901641,0.13114754098360656,0.024682023079141437
classification_gini,extra_tree|max_features=1,extra_tree,max_features=1,confirmatory,50,2.5,F1_percentage_points,0.15573770491803279,0.94999999999999996,122,10000,dataset,P_dataset(median time saved >= s and median loss <= epsilon),0.15573770491803279,0.16393442622950818,0.0042096430015211208,0.098360655737704916,0.22131147540983606,0.032561491480546455,0.098360655737704916,0.22950819672131148,0.032904257040931972
classification_gini,extra_tree|max_features=1over3,extra_tree,max_features=1over3,confirmatory,0,0.5,F1_percentage_points,0.32786885245901637,0.94999999999999996,122,10000,dataset,P_dataset(median time saved >= s and median loss <= epsilon),0.28688524590163933,0.34426229508196721,0.015619490961548495,0.24590163934426229,0.4098360655737705,0.042236150920815715,0.22950819672131148,0.39344262295081966,0.041827539873946815
classification_gini,extra_tree|max_features=1over3,extra_tree,max_features=1over3,confirmatory,0,1,F1_percentage_points,0.38524590163934425,0.94999999999999996,122,10000,dataset,P_dataset(median time saved >= s and median loss <= epsilon),0.36065573770491804,0.4098360655737705,0.011603036605871041,0.30327868852459017,0.47540983606557374,0.044129029844542714,0.29508196721311475,0.46721311475409838,0.04401071866866877
classification_gini,extra_tree|max_features=1over3,extra_tree,max_features=1over3,confirmatory,0,2.5,F1_percentage_points,0.56557377049180324,0.94999999999999996,122,10000,dataset,P_dataset(median time saved >= s and median loss <= epsilon),0.53278688524590168,0.5901639344262295,0.014025539705290078,0.47540983606557374,0.64754098360655743,0.044576708345465767,0.47540983606557374,0.64754098360655743,0.044595952107710737
classification_gini,extra_tree|max_features=1over3,extra_tree,max_features=1over3,confirmatory,10,0.5,F1_percentage_points,0.27868852459016391,0.94999999999999996,122,10000,dataset,P_dataset(median time saved >= s and median loss <= epsilon),0.24590163934426229,0.30327868852459017,0.014708639431972544,0.20491803278688525,0.36065573770491804,0.040319928977255969,0.19672131147540983,0.35245901639344263,0.03994547283028356
classification_gini,extra_tree|max_features=1over3,extra_tree,max_features=1over3,confirmatory,10,1,F1_percentage_points,0.33606557377049179,0.94999999999999996,122,10000,dataset,P_dataset(median time saved >= s and median loss <= epsilon),0.31147540983606559,0.36065573770491804,0.011475512304871403,0.25409836065573771,0.41803278688524592,0.042769037895172293,0.25409836065573771,0.41803278688524592,0.042748799629276482
classification_gini,extra_tree|max_features=1over3,extra_tree,max_features=1over3,confirmatory,10,2.5,F1_percentage_points,0.5,0.94999999999999996,122,10000,dataset,P_dataset(median time saved >= s and median loss <= epsilon),0.47540983606557374,0.53278688524590168,0.013900598641969956,0.4098360655737705,0.5901639344262295,0.045032327053366003,0.41803278688524592,0.5901639344262295,0.045052268172520282
classification_gini,extra_tree|max_features=1over3,extra_tree,max_features=1over3,confirmatory,25,0.5,F1_percentage_points,0.20491803278688525,0.94999999999999996,122,10000,dataset,P_dataset(median time saved >= s and median loss <= epsilon),0.16393442622950818,0.22131147540983606,0.013841840246381902,0.13934426229508196,0.27868852459016391,0.036086417671221303,0.13114754098360656,0.26229508196721313,0.035397790073538514
classification_gini,extra_tree|max_features=1over3,extra_tree,max_features=1over3,confirmatory,25,1,F1_percentage_points,0.24590163934426229,0.94999999999999996,122,10000,dataset,P_dataset(median time saved >= s and median loss <= epsilon),0.22131147540983606,0.26229508196721313,0.010692559111060517,0.1721311475409836,0.31967213114754101,0.038901255556848917,0.1721311475409836,0.31967213114754101,0.038935796972308721
classification_gini,extra_tree|max_features=1over3,extra_tree,max_features=1over3,confirmatory,25,2.5,F1_percentage_points,0.40163934426229508,0.94999999999999996,122,10000,dataset,P_dataset(median time saved >= s and median loss <= epsilon),0.37704918032786883,0.42622950819672129,0.013075074947177806,0.31967213114754101,0.49180327868852458,0.044273553420641716,0.31147540983606559,0.48360655737704916,0.044297631195335078
classification_gini,extra_tree|max_features=1over3,extra_tree,max_features=1over3,confirmatory,50,0.5,F1_percentage_points,0.14754098360655737,0.94999999999999996,122,10000,dataset,P_dataset(median time saved >= s and median loss <= epsilon),0.12295081967213115,0.15573770491803279,0.0093506373399667737,0.090163934426229511,0.21311475409836064,0.031626508333689872,0.081967213114754092,0.19672131147540983,0.030851736789762659
classification_gini,extra_tree|max_features=1over3,extra_tree,max_features=1over3,confirmatory,50,1,F1_percentage_points,0.18032786885245902,0.94999999999999996,122,10000,dataset,P_dataset(median time saved >= s and median loss <= epsilon),0.1721311475409836,0.18852459016393441,0.0053067492869295664,0.11475409836065574,0.24590163934426229,0.034607207541960977,0.11475409836065574,0.25409836065573771,0.034806225017619125
classification_gini,extra_tree|max_features=1over3,extra_tree,max_features=1over3,confirmatory,50,2.5,F1_percentage_points,0.30327868852459017,0.94999999999999996,122,10000,dataset,P_dataset(median time saved >= s and median loss <= epsilon),0.29508196721311475,0.32786885245901637,0.0088778343795824326,0.22131147540983606,0.38524590163934425,0.041481985492409203,0.22950819672131148,0.39344262295081966,0.041641196478095041
classification_gini,extra_tree|max_features=2over3,extra_tree,max_features=2over3,confirmatory,0,0.5,F1_percentage_points,0.4098360655737705,0.94999999999999996,122,10000,dataset,P_dataset(median time saved >= s and median loss <= epsilon),0.38524590163934425,0.4344262295081967,0.013043894846476287,0.31967213114754101,0.5,0.044430159639372795,0.32786885245901637,0.5,0.044336011861657532
classification_gini,extra_tree|max_features=2over3,extra_tree,max_features=2over3,confirmatory,0,1,F1_percentage_points,0.49180327868852458,0.94999999999999996,122,10000,dataset,P_dataset(median time saved >= s and median loss <= epsilon),0.45901639344262296,0.51639344262295084,0.014236222291466528,0.40163934426229508,0.58196721311475408,0.045192740125046309,0.40163934426229508,0.57377049180327866,0.045002357485358045
classification_gini,extra_tree|max_features=2over3,extra_tree,max_features=2over3,confirmatory,0,2.5,F1_percentage_points,0.81147540983606559,0.94999999999999996,122,10000,dataset,P_dataset(median time saved >= s and median loss <= epsilon),0.77868852459016391,0.83606557377049184,0.014920454468255583,0.74590163934426235,0.87704918032786883,0.035189413863095327,0.72950819672131151,0.86885245901639341,0.03563724890731694
classification_gini,extra_tree|max_features=2over3,extra_tree,max_features=2over3,confirmatory,10,0.5,F1_percentage_points,0.32786885245901637,0.94999999999999996,122,10000,dataset,P_dataset(median time saved >= s and median loss <= epsilon),0.31967213114754101,0.36885245901639346,0.012970048346688558,0.24590163934426229,0.4098360655737705,0.042347272987788939,0.26229508196721313,0.42622950819672129,0.042760057959667808
classification_gini,extra_tree|max_features=2over3,extra_tree,max_features=2over3,confirmatory,10,1,F1_percentage_points,0.4098360655737705,0.94999999999999996,122,10000,dataset,P_dataset(median time saved >= s and median loss <= epsilon),0.39344262295081966,0.44262295081967212,0.014250467627564363,0.31967213114754101,0.5,0.044383916125883813,0.32786885245901637,0.50819672131147542,0.044506612990097442
classification_gini,extra_tree|max_features=2over3,extra_tree,max_features=2over3,confirmatory,10,2.5,F1_percentage_points,0.68032786885245899,0.94999999999999996,122,10000,dataset,P_dataset(median time saved >= s and median loss <= epsilon),0.65573770491803274,0.72131147540983609,0.015829566930398057,0.59836065573770492,0.76229508196721307,0.041810671895322976,0.60655737704918034,0.77049180327868849,0.041467366612251678
classification_gini,extra_tree|max_features=2over3,extra_tree,max_features=2over3,confirmatory,25,0.5,F1_percentage_points,0.22950819672131148,0.94999999999999996,122,10000,dataset,P_dataset(median time saved >= s and median loss <= epsilon),0.21311475409836064,0.25409836065573771,0.012001909722804191,0.15573770491803279,0.30327868852459017,0.03778477286190246,0.16393442622950818,0.31147540983606559,0.037922016117982814
classification_gini,extra_tree|max_features=2over3,extra_tree,max_features=2over3,confirmatory,25,1,F1_percentage_points,0.31147540983606559,0.94999999999999996,122,10000,dataset,P_dataset(median time saved >= s and median loss <= epsilon),0.27868852459016391,0.32786885245901637,0.013467184512889259,0.22950819672131148,0.39344262295081966,0.041799882027977756,0.22950819672131148,0.38524590163934425,0.041567631279824657
classification_gini,extra_tree|max_features=2over3,extra_tree,max_features=2over3,confirmatory,25,2.5,F1_percentage_points,0.50819672131147542,0.94999999999999996,122,10000,dataset,P_dataset(median time saved >= s and median loss <= epsilon),0.48360655737704916,0.54098360655737709,0.013944366084624732,0.41803278688524592,0.59836065573770492,0.044571436305534444,0.42622950819672129,0.59836065573770492,0.04473715744299929
classification_gini,extra_tree|max_features=2over3,extra_tree,max_features=2over3,confirmatory,50,0.5,F1_percentage_points,0.12295081967213115,0.94999999999999996,122,10000,dataset,P_dataset(median time saved >= s and median loss <= epsilon),0.12295081967213115,0.14754098360655737,0.0079406088248188608,0.065573770491803282,0.18032786885245902,0.029275846130683097,0.073770491803278687,0.19672131147540983,0.030284030439700446
classification_gini,extra_tree|max_features=2over3,extra_tree,max_features=2over3,confirmatory,50,1,F1_percentage_points,0.18032786885245902,0.94999999999999996,122,10000,dataset,P_dataset(median time saved >= s and median loss <= epsilon),0.1721311475409836,0.20491803278688525,0.0087079060886925217,0.11475409836065574,0.25409836065573771,0.03467408874454031,0.12295081967213115,0.25409836065573771,0.035105081481345543
classification_gini,extra_tree|max_features=2over3,extra_tree,max_features=2over3,confirmatory,50,2.5,F1_percentage_points,0.32786885245901637,0.94999999999999996,122,10000,dataset,P_dataset(median time saved >= s and median loss <= epsilon),0.31967213114754101,0.36065573770491804,0.0092998186918166956,0.24590163934426229,0.4098360655737705,0.042316041119552304,0.25409836065573771,0.42622950819672129,0.042455761963605891
classification_gini,extra_tree|max_features=all,extra_tree,max_features=all,confirmatory,0,0.5,F1_percentage_points,0.54918032786885251,0.94999999999999996,122,10000,dataset,P_dataset(median time saved >= s and median loss <= epsilon),0.48360655737704916,0.55737704918032782,0.018892900426070634,0.45901639344262296,0.63934426229508201,0.045292942209811879,0.4344262295081967,0.60655737704918034,0.045195330361513138
classification_gini,extra_tree|max_features=all,extra_tree,max_features=all,confirmatory,0,1,F1_percentage_points,0.69672131147540983,0.94999999999999996,122,10000,dataset,P_dataset(median time saved >= s and median loss <= epsilon),0.62295081967213117,0.69672131147540983,0.01950627826459678,0.61475409836065575,0.77868852459016391,0.041505013584715318,0.57377049180327866,0.74590163934426235,0.042644721680656562
classification_gini,extra_tree|max_features=all,extra_tree,max_features=all,confirmatory,0,2.5,F1_percentage_points,0.86065573770491799,0.94999999999999996,122,10000,dataset,P_dataset(median time saved >= s and median loss <= epsilon),0.79508196721311475,0.86885245901639341,0.018156553041246654,0.79508196721311475,0.91803278688524592,0.030878127212039103,0.76229508196721307,0.89344262295081966,0.033305944433992936
classification_gini,extra_tree|max_features=all,extra_tree,max_features=all,confirmatory,10,0.5,F1_percentage_points,0.36065573770491804,0.94999999999999996,122,10000,dataset,P_dataset(median time saved >= s and median loss <= epsilon),0.33606557377049179,0.40163934426229508,0.016278753596260399,0.27868852459016391,0.44262295081967212,0.043145487601454674,0.28668032786885428,0.45081967213114754,0.043495570433807897
classification_gini,extra_tree|max_features=all,extra_tree,max_features=all,confirmatory,10,1,F1_percentage_points,0.49180327868852458,0.94999999999999996,122,10000,dataset,P_dataset(median time saved >= s and median loss <= epsilon),0.45901639344262296,0.52459016393442626,0.017261490710843902,0.40163934426229508,0.58196721311475408,0.044792806407390542,0.40163934426229508,0.58196721311475408,0.045046641346595973
classification_gini,extra_tree|max_features=all,extra_tree,max_features=all,confirmatory,10,2.5,F1_percentage_points,0.63114754098360659,0.94999999999999996,122,10000,dataset,P_dataset(median time saved >= s and median loss <= epsilon),0.61475409836065575,0.68032786885245899,0.016787955115802354,0.54918032786885251,0.71311475409836067,0.043337374669598173,0.55737704918032782,0.72950819672131151,0.042678296205412039
classification_gini,extra_tree|max_features=all,extra_tree,max_features=all,confirmatory,25,0.5,F1_percentage_points,0.22131147540983606,0.94999999999999996,122,10000,dataset,P_dataset(median time saved >= s and median loss <= epsilon),0.20491803278688525,0.24590163934426229,0.011103746845381192,0.15573770491803279,0.29508196721311475,0.036957436135993858,0.15573770491803279,0.30327868852459017,0.037626454212384003
classification_gini,extra_tree|max_features=all,extra_tree,max_features=all,confirmatory,25,1,F1_percentage_points,0.33606557377049179,0.94999999999999996,122,10000,dataset,P_dataset(median time saved >= s and median loss <= epsilon),0.30327868852459017,0.35245901639344263,0.012756858946311365,0.25409836065573771,0.41803278688524592,0.042201769655282474,0.24590163934426229,0.4098360655737705,0.042094259642134597
classification_gini,extra_tree|max_features=all,extra_tree,max_features=all,confirmatory,25,2.5,F1_percentage_points,0.44262295081967212,0.94999999999999996,122,10000,dataset,P_dataset(median time saved >= s and median loss <= epsilon),0.42622950819672129,0.46721311475409838,0.012352157397868229,0.35245901639344263,0.53278688524590168,0.044406179689487103,0.36065573770491804,0.53278688524590168,0.044485360333546546
classification_gini,extra_tree|max_features=all,extra_tree,max_features=all,confirmatory,50,0.5,F1_percentage_points,0.15573770491803279,0.94999999999999996,122,10000,dataset,P_dataset(median time saved >= s and median loss <= epsilon),0.13934426229508196,0.1721311475409836,0.0087653223047293137,0.098360655737704916,0.22131147540983606,0.032442690196682979,0.098360655737704916,0.22950819672131148,0.032917836691974213
classification_gini,extra_tree|max_features=all,extra_tree,max_features=all,confirmatory,50,1,F1_percentage_points,0.25409836065573771,0.94999999999999996,122,10000,dataset,P_dataset(median time saved >= s and median loss <= epsilon),0.22131147540983606,0.26229508196721313,0.010520488121968969,0.18032786885245902,0.32786885245901637,0.039031658652139672,0.1721311475409836,0.31967213114754101,0.038330438831813252
classification_gini,extra_tree|max_features=all,extra_tree,max_features=all,confirmatory,50,2.5,F1_percentage_points,0.32786885245901637,0.94999999999999996,122,10000,dataset,P_dataset(median time saved >= s and median loss <= epsilon),0.30327868852459017,0.33606557377049179,0.0079526702418138816,0.24590163934426229,0.4098360655737705,0.042117443872030459,0.24590163934426229,0.4098360655737705,0.041838811492557235
classification_gini,prophet_1sample|,prophet_1sample,,confirmatory,0,0.5,F1_percentage_points,0.36065573770491804,0.94999999999999996,122,10000,dataset,P_dataset(median time saved >= s and median loss <= epsilon),0.32786885245901637,0.39344262295081966,0.01575046229405571,0.27868852459016391,0.45081967213114754,0.043733494664773838,0.27868852459016391,0.45081967213114754,0.043787489036521098
classification_gini,prophet_1sample|,prophet_1sample,,confirmatory,0,1,F1_percentage_points,0.45081967213114754,0.94999999999999996,122,10000,dataset,P_dataset(median time saved >= s and median loss <= epsilon),0.4344262295081967,0.49180327868852458,0.015844540086448543,0.36065573770491804,0.54098360655737709,0.044986253782163178,0.37704918032786883,0.5493852459016364,0.045048472577100866
classification_gini,prophet_1sample|,prophet_1sample,,confirmatory,0,2.5,F1_percentage_points,0.57377049180327866,0.94999999999999996,122,10000,dataset,P_dataset(median time saved >= s and median loss <= epsilon),0.55737704918032782,0.61475409836065575,0.016081061999444334,0.48360655737704916,0.66393442622950816,0.044655682355230902,0.5,0.67213114754098358,0.0445005185485274
classification_gini,prophet_1sample|,prophet_1sample,,confirmatory,10,0.5,F1_percentage_points,0.27049180327868855,0.94999999999999996,122,10000,dataset,P_dataset(median time saved >= s and median loss <= epsilon),0.23770491803278687,0.28688524590163933,0.0121298154505069,0.19672131147540983,0.35245901639344263,0.040259116977806778,0.18852459016393441,0.34426229508196721,0.039653083992107506
classification_gini,prophet_1sample|,prophet_1sample,,confirmatory,10,1,F1_percentage_points,0.34426229508196721,0.94999999999999996,122,10000,dataset,P_dataset(median time saved >= s and median loss <= epsilon),0.31967213114754101,0.36885245901639346,0.012035229963485746,0.26229508196721313,0.42643442622950517,0.042925591620572745,0.26229508196721313,0.4344262295081967,0.042794838343716661
classification_gini,prophet_1sample|,prophet_1sample,,confirmatory,10,2.5,F1_percentage_points,0.45081967213114754,0.94999999999999996,122,10000,dataset,P_dataset(median time saved >= s and median loss <= epsilon),0.4344262295081967,0.47540983606557374,0.011601322783375674,0.36065573770491804,0.54098360655737709,0.04498131032419992,0.36885245901639346,0.54098360655737709,0.044913672433298378
classification_gini,prophet_1sample|,prophet_1sample,,confirmatory,25,0.5,F1_percentage_points,0.16393442622950818,0.94999999999999996,122,10000,dataset,P_dataset(median time saved >= s and median loss <= epsilon),0.14754098360655737,0.18032786885245902,0.007672134298689133,0.10655737704918032,0.22950819672131148,0.033213858058019283,0.098360655737704916,0.22950819672131148,0.03307736712991461
classification_gini,prophet_1sample|,prophet_1sample,,confirmatory,25,1,F1_percentage_points,0.22950819672131148,0.94999999999999996,122,10000,dataset,P_dataset(median time saved >= s and median loss <= epsilon),0.21311475409836064,0.24590163934426229,0.0083023849502436194,0.15573770491803279,0.31147540983606559,0.037606675019441101,0.16393442622950818,0.31147540983606559,0.037708808848366929
classification_gini,prophet_1sample|,prophet_1sample,,confirmatory,25,2.5,F1_percentage_points,0.32786885245901637,0.94999999999999996,122,10000,dataset,P_dataset(median time saved >= s and median loss <= epsilon),0.30327868852459017,0.33606557377049179,0.0087942496936781727,0.24590163934426229,0.4098360655737705,0.04218278900409668,0.24590163934426229,0.4098360655737705,0.041980327635692469
classification_gini,prophet_1sample|,prophet_1sample,,confirmatory,50,0.5,F1_percentage_points,0.10655737704918032,0.94999999999999996,122,10000,dataset,P_dataset(median time saved >= s and median loss <= epsilon),0.098360655737704916,0.11475409836065574,0.0051545302449261515,0.05737704918032787,0.16393442622950818,0.02780443453277304,0.05737704918032787,0.16393442622950818,0.027749015782478893
classification_gini,prophet_1sample|,prophet_1sample,,confirmatory,50,1,F1_percentage_points,0.14754098360655737,0.94999999999999996,122,10000,dataset,P_dataset(median time saved >= s and median loss <= epsilon),0.14754098360655737,0.15573770491803279,0.0035963570418304719,0.090163934426229511,0.21311475409836064,0.031755638269283251,0.090163934426229511,0.21311475409836064,0.031902880616130204
classification_gini,prophet_1sample|,prophet_1sample,,confirmatory,50,2.5,F1_percentage_points,0.21311475409836064,0.94999999999999996,122,10000,dataset,P_dataset(median time saved >= s and median loss <= epsilon),0.20491803278688525,0.22131147540983606,0.0055746564791340596,0.14754098360655737,0.28688524590163933,0.03653591336287406,0.13934426229508196,0.28688524590163933,0.03659818386427599
classification_gini,secretary_all|0.1n,secretary_all,0.1n,exploratory,0,0.5,F1_percentage_points,0.54098360655737709,0.94999999999999996,122,10000,dataset,P_dataset(median time saved >= s and median loss <= epsilon),0.5,0.56557377049180324,0.016172658853871581,0.45081967213114754,0.63114754098360659,0.045145986107726764,0.44262295081967212,0.62295081967213117,0.045455770815202426
classification_gini,secretary_all|0.1n,secretary_all,0.1n,exploratory,0,1,F1_percentage_points,0.68032786885245899,0.94999999999999996,122,10000,dataset,P_dataset(median time saved >= s and median loss <= epsilon),0.64754098360655743,0.70491803278688525,0.014744674007835084,0.59836065573770492,0.76229508196721307,0.042193512420932611,0.5901639344262295,0.75409836065573765,0.042296313224725532
classification_gini,secretary_all|0.1n,secretary_all,0.1n,exploratory,0,2.5,F1_percentage_points,0.87704918032786883,0.94999999999999996,122,10000,dataset,P_dataset(median time saved >= s and median loss <= epsilon),0.84426229508196726,0.88524590163934425,0.011164853495258179,0.81967213114754101,0.93442622950819676,0.029913315302779797,0.80327868852459017,0.92622950819672134,0.030614592629969847
classification_gini,secretary_all|0.1n,secretary_all,0.1n,exploratory,10,0.5,F1_percentage_points,0.45901639344262296,0.94999999999999996,122,10000,dataset,P_dataset(median time saved >= s and median loss <= epsilon),0.40163934426229508,0.47540983606557374,0.018628380084511578,0.36885245901639346,0.54918032786885251,0.045074163343047625,0.35245901639344263,0.52459016393442626,0.044878428496480785
classification_gini,secretary_all|0.1n,secretary_all,0.1n,exploratory,10,1,F1_percentage_points,0.55737704918032782,0.94999999999999996,122,10000,dataset,P_dataset(median time saved >= s and median loss <= epsilon),0.51639344262295084,0.5901639344262295,0.017827157352942737,0.46721311475409838,0.64754098360655743,0.04468642402644947,0.46721311475409838,0.63934426229508201,0.044756299894287283
classification_gini,secretary_all|0.1n,secretary_all,0.1n,exploratory,10,2.5,F1_percentage_points,0.72131147540983609,0.94999999999999996,122,10000,dataset,P_dataset(median time saved >= s and median loss <= epsilon),0.68032786885245899,0.74590163934426235,0.017346455629333121,0.63934426229508201,0.80327868852459017,0.040338729298608184,0.63934426229508201,0.79508196721311475,0.040349772190685688
classification_gini,secretary_all|0.1n,secretary_all,0.1n,exploratory,25,0.5,F1_percentage_points,0.27868852459016391,0.94999999999999996,122,10000,dataset,P_dataset(median time saved >= s and median loss <= epsilon),0.23770491803278687,0.28688524590163933,0.01220749745894701,0.19672131147540983,0.36065573770491804,0.040530835518889717,0.18852459016393441,0.34426229508196721,0.03965214320864173
classification_gini,secretary_all|0.1n,secretary_all,0.1n,exploratory,25,1,F1_percentage_points,0.35245901639344263,0.94999999999999996,122,10000,dataset,P_dataset(median time saved >= s and median loss <= epsilon),0.33606557377049179,0.36885245901639346,0.0099817230733952392,0.27049180327868855,0.4344262295081967,0.043234933518363522,0.27049180327868855,0.4344262295081967,0.043278173691108035
classification_gini,secretary_all|0.1n,secretary_all,0.1n,exploratory,25,2.5,F1_percentage_points,0.47540983606557374,0.94999999999999996,122,10000,dataset,P_dataset(median time saved >= s and median loss <= epsilon),0.45901639344262296,0.5,0.011294113088143223,0.38524590163934425,0.56557377049180324,0.045016001622038428,0.38524590163934425,0.56557377049180324,0.045008807687096107
classification_gini,secretary_all|0.1n,secretary_all,0.1n,exploratory,50,0.5,F1_percentage_points,0.13934426229508196,0.94999999999999996,122,10000,dataset,P_dataset(median time saved >= s and median loss <= epsilon),0.11475409836065574,0.15573770491803279,0.010040336557138799,0.081967213114754092,0.20491803278688525,0.03109037944591006,0.081967213114754092,0.19672131147540983,0.030815462395400235
classification_gini,secretary_all|0.1n,secretary_all,0.1n,exploratory,50,1,F1_percentage_points,0.18032786885245902,0.94999999999999996,122,10000,dataset,P_dataset(median time saved >= s and median loss <= epsilon),0.1721311475409836,0.20491803278688525,0.0076889596872520578,0.11475409836065574,0.25409836065573771,0.034409181076589884,0.12295081967213115,0.25409836065573771,0.034876299248974924
classification_gini,secretary_all|0.1n,secretary_all,0.1n,exploratory,50,2.5,F1_percentage_points,0.24590163934426229,0.94999999999999996,122,10000,dataset,P_dataset(median time saved >= s and median loss <= epsilon),0.23770491803278687,0.26229508196721313,0.0065553678827054013,0.1721311475409836,0.32786885245901637,0.038577197284180555,0.18032786885245902,0.32786885245901637,0.038946053749374994
classification_gini,secretary_all|1overe,secretary_all,1overe,confirmatory,0,0.5,F1_percentage_points,0.74590163934426235,0.94999999999999996,122,10000,dataset,P_dataset(median time saved >= s and median loss <= epsilon),0.69672131147540983,0.77049180327868849,0.020162235130992093,0.67192622950819847,0.81967213114754101,0.039148494440423703,0.65573770491803274,0.81147540983606559,0.03999203304448589
classification_gini,secretary_all|1overe,secretary_all,1overe,confirmatory,0,1,F1_percentage_points,0.86065573770491799,0.94999999999999996,122,10000,dataset,P_dataset(median time saved >= s and median loss <= epsilon),0.81147540983606559,0.89344262295081966,0.020000563321041376,0.79508196721311475,0.91803278688524592,0.031254910898727131,0.79508196721311475,0.9098360655737705,0.031592689077733077
classification_gini,secretary_all|1overe,secretary_all,1overe,confirmatory,0,2.5,F1_percentage_points,0.95081967213114749,0.94999999999999996,122,10000,dataset,P_dataset(median time saved >= s and median loss <= epsilon),0.9098360655737705,0.96721311475409832,0.015227988457378683,0.9098360655737705,0.98360655737704916,0.019471546754330292,0.89344262295081966,0.97540983606557374,0.021798221513540907
classification_gini,secretary_all|1overe,secretary_all,1overe,confirmatory,10,0.5,F1_percentage_points,0.4344262295081967,0.94999999999999996,122,10000,dataset,P_dataset(median time saved >= s and median loss <= epsilon),0.41803278688524592,0.5,0.020981061002430225,0.35245901639344263,0.52459016393442626,0.044329665845274903,0.36885245901639346,0.54098360655737709,0.044892421804872906
classification_gini,secretary_all|1overe,secretary_all,1overe,confirmatory,10,1,F1_percentage_points,0.52459016393442626,0.94999999999999996,122,10000,dataset,P_dataset(median time saved >= s and median loss <= epsilon),0.5,0.5901639344262295,0.022181115245357971,0.4344262295081967,0.61475409836065575,0.044741907850134363,0.45901639344262296,0.63114754098360659,0.044906499572419087
classification_gini,secretary_all|1overe,secretary_all,1overe,confirmatory,10,2.5,F1_percentage_points,0.58196721311475408,0.94999999999999996,122,10000,dataset,P_dataset(median time saved >= s and median loss <= epsilon),0.55737704918032782,0.63934426229508201,0.020319584722652533,0.49180327868852458,0.67213114754098358,0.044465331087604303,0.50819672131147542,0.68852459016393441,0.044351226756370682
classification_gini,secretary_all|1overe,secretary_all,1overe,confirmatory,25,0.5,F1_percentage_points,0.040983606557377046,0.94999999999999996,122,10000,dataset,P_dataset(median time saved >= s and median loss <= epsilon),0.024590163934426229,0.073770491803278687,0.012327084260676243,0.0081967213114754103,0.081967213114754092,0.017996739131926225,0.016393442622950821,0.090163934426229511,0.019345361411698746
classification_gini,secretary_all|1overe,secretary_all,1overe,confirmatory,25,1,F1_percentage_points,0.040983606557377046,0.94999999999999996,122,10000,dataset,P_dataset(median time saved >= s and median loss <= epsilon),0.024590163934426229,0.073770491803278687,0.012893833323668336,0.0081967213114754103,0.081967213114754092,0.017996739131926225,0.016393442622950821,0.09036885245901341,0.01983673618565459
classification_gini,secretary_all|1overe,secretary_all,1overe,confirmatory,25,2.5,F1_percentage_points,0.040983606557377046,0.94999999999999996,122,10000,dataset,P_dataset(median time saved >= s and median loss <= epsilon),0.024590163934426229,0.073770491803278687,0.012894738303245315,0.0081967213114754103,0.081967213114754092,0.017996739131926225,0.016393442622950821,0.09036885245901341,0.019837569579230101
classification_gini,secretary_all|1overe,secretary_all,1overe,confirmatory,50,0.5,F1_percentage_points,0,0.94999999999999996,122,10000,dataset,P_dataset(median time saved >= s and median loss <= epsilon),0,0,0,0,0,0,0,0,0
classification_gini,secretary_all|1overe,secretary_all,1overe,confirmatory,50,1,F1_percentage_points,0,0.94999999999999996,122,10000,dataset,P_dataset(median time saved >= s and median loss <= epsilon),0,0,0,0,0,0,0,0,0
classification_gini,secretary_all|1overe,secretary_all,1overe,confirmatory,50,2.5,F1_percentage_points,0,0.94999999999999996,122,10000,dataset,P_dataset(median time saved >= s and median loss <= epsilon),0,0,0,0,0,0,0,0,0
classification_gini,secretary_all|ln_n,secretary_all,ln_n,exploratory,0,0.5,F1_percentage_points,0.55737704918032782,0.94999999999999996,122,10000,dataset,P_dataset(median time saved >= s and median loss <= epsilon),0.50819672131147542,0.58196721311475408,0.01727451996566098,0.46721311475409838,0.64754098360655743,0.0451229656307129,0.45901639344262296,0.63114754098360659,0.045298488363659163
classification_gini,secretary_all|ln_n,secretary_all,ln_n,exploratory,0,1,F1_percentage_points,0.68852459016393441,0.94999999999999996,122,10000,dataset,P_dataset(median time saved >= s and median loss <= epsilon),0.64754098360655743,0.70491803278688525,0.016508169978745477,0.60655737704918034,0.77049180327868849,0.041852684290509097,0.5901639344262295,0.75409836065573765,0.04252670529529641
classification_gini,secretary_all|ln_n,secretary_all,ln_n,exploratory,0,2.5,F1_percentage_points,0.88524590163934425,0.94999999999999996,122,10000,dataset,P_dataset(median time saved >= s and median loss <= epsilon),0.82786885245901642,0.88524590163934425,0.014765602858664446,0.82786885245901642,0.93442622950819676,0.028760374959506937,0.79508196721311475,0.91803278688524592,0.031486813239804234
classification_gini,secretary_all|ln_n,secretary_all,ln_n,exploratory,10,0.5,F1_percentage_points,0.4098360655737705,0.94999999999999996,122,10000,dataset,P_dataset(median time saved >= s and median loss <= epsilon),0.38524590163934425,0.45901639344262296,0.018808687793760496,0.32786885245901637,0.5,0.044226445157221808,0.33606557377049179,0.50819672131147542,0.044806601573098882
classification_gini,secretary_all|ln_n,secretary_all,ln_n,exploratory,10,1,F1_percentage_points,0.51639344262295084,0.94999999999999996,122,10000,dataset,P_dataset(median time saved >= s and median loss <= epsilon),0.5,0.56557377049180324,0.017882525915238076,0.42622950819672129,0.60655737704918034,0.044622139508403408,0.44262295081967212,0.62295081967213117,0.044919755247217259
classification_gini,secretary_all|ln_n,secretary_all,ln_n,exploratory,10,2.5,F1_percentage_points,0.68032786885245899,0.94999999999999996,122,10000,dataset,P_dataset(median time saved >= s and median loss <= epsilon),0.65573770491803274,0.72950819672131151,0.017569532769002603,0.59836065573770492,0.76229508196721307,0.0416636527518476,0.61475409836065575,0.77049180327868849,0.04153908174513999
classification_gini,secretary_all|ln_n,secretary_all,ln_n,exploratory,25,0.5,F1_percentage_points,0.27049180327868855,0.94999999999999996,122,10000,dataset,P_dataset(median time saved >= s and median loss <= epsilon),0.24590163934426229,0.28688524590163933,0.011098445541737868,0.19672131147540983,0.35245901639344263,0.040226478229683393,0.18852459016393441,0.34426229508196721,0.040088325921878429
classification_gini,secretary_all|ln_n,secretary_all,ln_n,exploratory,25,1,F1_percentage_points,0.36065573770491804,0.94999999999999996,122,10000,dataset,P_dataset(median time saved >= s and median loss <= epsilon),0.34426229508196721,0.37704918032786883,0.0087546864929790736,0.27868852459016391,0.44262295081967212,0.043425636575291797,0.27868852459016391,0.45081967213114754,0.043569478742485436
classification_gini,secretary_all|ln_n,secretary_all,ln_n,exploratory,25,2.5,F1_percentage_points,0.45901639344262296,0.94999999999999996,122,10000,dataset,P_dataset(median time saved >= s and median loss <= epsilon),0.45081967213114754,0.48360655737704916,0.01001337438199686,0.37704918032786883,0.54918032786885251,0.044846072897792411,0.37704918032786883,0.55737704918032782,0.045124290440681836
classification_gini,secretary_all|ln_n,secretary_all,ln_n,exploratory,50,0.5,F1_percentage_points,0.10655737704918032,0.94999999999999996,122,10000,dataset,P_dataset(median time saved >= s and median loss <= epsilon),0.090163934426229511,0.12295081967213115,0.008310535871637454,0.05737704918032787,0.16393442622950818,0.027849485922705808,0.05737704918032787,0.16393442622950818,0.027977200900502236
classification_gini,secretary_all|ln_n,secretary_all,ln_n,exploratory,50,1,F1_percentage_points,0.14754098360655737,0.94999999999999996,122,10000,dataset,P_dataset(median time saved >= s and median loss <= epsilon),0.14754098360655737,0.16393442622950818,0.0065817276675200868,0.090163934426229511,0.21311475409836064,0.031781280785926493,0.090163934426229511,0.21311475409836064,0.032288399603708183
classification_gini,secretary_all|ln_n,secretary_all,ln_n,exploratory,50,2.5,F1_percentage_points,0.21311475409836064,0.94999999999999996,122,10000,dataset,P_dataset(median time saved >= s and median loss <= epsilon),0.20491803278688525,0.22131147540983606,0.0053246343190188434,0.13934426229508196,0.28688524590163933,0.036832391047561759,0.13934426229508196,0.28688524590163933,0.036912965799663792
classification_gini,secretary_all|sqrt_n,secretary_all,sqrt_n,exploratory,0,0.5,F1_percentage_points,0.50819672131147542,0.94999999999999996,122,10000,dataset,P_dataset(median time saved >= s and median loss <= epsilon),0.46721311475409838,0.52459016393442626,0.015803151894845512,0.41803278688524592,0.59836065573770492,0.04542778048873472,0.4098360655737705,0.58196721311475408,0.045319513149945652
classification_gini,secretary_all|sqrt_n,secretary_all,sqrt_n,exploratory,0,1,F1_percentage_points,0.65573770491803274,0.94999999999999996,122,10000,dataset,P_dataset(median time saved >= s and median loss <= epsilon),0.60655737704918034,0.66393442622950816,0.01597509408692269,0.57377049180327866,0.73770491803278693,0.043444916376667773,0.54918032786885251,0.72131147540983609,0.043911793159945547
classification_gini,secretary_all|sqrt_n,secretary_all,sqrt_n,exploratory,0,2.5,F1_percentage_points,0.86065573770491799,0.94999999999999996,122,10000,dataset,P_dataset(median time saved >= s and median loss <= epsilon),0.80327868852459017,0.86065573770491799,0.016073811358437363,0.79508196721311475,0.91803278688524592,0.031463897870842875,0.76229508196721307,0.89344262295081966,0.03395463340883724
classification_gini,secretary_all|sqrt_n,secretary_all,sqrt_n,exploratory,10,0.5,F1_percentage_points,0.38524590163934425,0.94999999999999996,122,10000,dataset,P_dataset(median time saved >= s and median loss <= epsilon),0.36065573770491804,0.42622950819672129,0.016727915922506494,0.30327868852459017,0.47540983606557374,0.043811011270500855,0.30327868852459017,0.47540983606557374,0.044101969521234151
classification_gini,secretary_all|sqrt_n,secretary_all,sqrt_n,exploratory,10,1,F1_percentage_points,0.50819672131147542,0.94999999999999996,122,10000,dataset,P_dataset(median time saved >= s and median loss <= epsilon),0.46721311475409838,0.54098360655737709,0.018070751541642217,0.41803278688524592,0.59836065573770492,0.045002416320872193,0.41803278688524592,0.5901639344262295,0.045155641145325338
classification_gini,secretary_all|sqrt_n,secretary_all,sqrt_n,exploratory,10,2.5,F1_percentage_points,0.67213114754098358,0.94999999999999996,122,10000,dataset,P_dataset(median time saved >= s and median loss <= epsilon),0.63114754098360659,0.70491803278688525,0.019191568868678736,0.5901639344262295,0.75409836065573765,0.042292381895373356,0.58196721311475408,0.75409836065573765,0.042009511788253733
classification_gini,secretary_all|sqrt_n,secretary_all,sqrt_n,exploratory,25,0.5,F1_percentage_points,0.22131147540983606,0.94999999999999996,122,10000,dataset,P_dataset(median time saved >= s and median loss <= epsilon),0.20491803278688525,0.24590163934426229,0.010183740484998019,0.14754098360655737,0.29508196721311475,0.037254873387716207,0.15573770491803279,0.29508196721311475,0.037359013033781578
classification_gini,secretary_all|sqrt_n,secretary_all,sqrt_n,exploratory,25,1,F1_percentage_points,0.30327868852459017,0.94999999999999996,122,10000,dataset,P_dataset(median time saved >= s and median loss <= epsilon),0.27868852459016391,0.31967213114754101,0.01058234891606284,0.22131147540983606,0.38524590163934425,0.041480507121629852,0.22131147540983606,0.38524590163934425,0.041396380647263198
classification_gini,secretary_all|sqrt_n,secretary_all,sqrt_n,exploratory,25,2.5,F1_percentage_points,0.4344262295081967,0.94999999999999996,122,10000,dataset,P_dataset(median time saved >= s and median loss <= epsilon),0.41803278688524592,0.45081967213114754,0.010158259052492636,0.35245901639344263,0.52459016393442626,0.044775530211777589,0.34426229508196721,0.52459016393442626,0.044706765561345611
classification_gini,secretary_all|sqrt_n,secretary_all,sqrt_n,exploratory,50,0.5,F1_percentage_points,0.13934426229508196,0.94999999999999996,122,10000,dataset,P_dataset(median time saved >= s and median loss <= epsilon),0.12295081967213115,0.15573770491803279,0.0067775494112772977,0.081967213114754092,0.20491803278688525,0.031039003293785169,0.081967213114754092,0.20491803278688525,0.031008196568433725
classification_gini,secretary_all|sqrt_n,secretary_all,sqrt_n,exploratory,50,1,F1_percentage_points,0.18032786885245902,0.94999999999999996,122,10000,dataset,P_dataset(median time saved >= s and median loss <= epsilon),0.15573770491803279,0.18852459016393441,0.008851800721779211,0.11475409836065574,0.24590163934426229,0.03438121235028252,0.11475409836065574,0.24590163934426229,0.033909077915231033
classification_gini,secretary_all|sqrt_n,secretary_all,sqrt_n,exploratory,50,2.5,F1_percentage_points,0.23770491803278687,0.94999999999999996,122,10000,dataset,P_dataset(median time saved >= s and median loss <= epsilon),0.22950819672131148,0.25409836065573771,0.0066014690955871159,0.16393442622950818,0.31147540983606559,0.038096005712652974,0.1721311475409836,0.31967213114754101,0.03826961651052236
classification_gini,secretary|0.1n,secretary,0.1n,exploratory,0,0.5,F1_percentage_points,0.42622950819672129,0.94999999999999996,122,10000,dataset,P_dataset(median time saved >= s and median loss <= epsilon),0.39344262295081966,0.45081967213114754,0.015109709976504643,0.33606557377049179,0.51639344262295084,0.044799627976187653,0.33606557377049179,0.50819672131147542,0.044726422614327917
classification_gini,secretary|0.1n,secretary,0.1n,exploratory,0,1,F1_percentage_points,0.5,0.94999999999999996,122,10000,dataset,P_dataset(median time saved >= s and median loss <= epsilon),0.48360655737704916,0.53278688524590168,0.014146861197343112,0.4098360655737705,0.5901639344262295,0.04545125023872916,0.41803278688524592,0.59836065573770492,0.045255269738701462
classification_gini,secretary|0.1n,secretary,0.1n,exploratory,0,2.5,F1_percentage_points,0.72131147540983609,0.94999999999999996,122,10000,dataset,P_dataset(median time saved >= s and median loss <= epsilon),0.69672131147540983,0.75409836065573765,0.016426618603720217,0.63934426229508201,0.79508196721311475,0.040565490469955619,0.63934426229508201,0.80327868852459017,0.040452408869629045
classification_gini,secretary|0.1n,secretary,0.1n,exploratory,10,0.5,F1_percentage_points,0.36065573770491804,0.94999999999999996,122,10000,dataset,P_dataset(median time saved >= s and median loss <= epsilon),0.31967213114754101,0.38524590163934425,0.016641755557829721,0.27868852459016391,0.44262295081967212,0.04353698386107846,0.27049180327868855,0.4344262295081967,0.043340969739892606
classification_gini,secretary|0.1n,secretary,0.1n,exploratory,10,1,F1_percentage_points,0.4344262295081967,0.94999999999999996,122,10000,dataset,P_dataset(median time saved >= s and median loss <= epsilon),0.40163934426229508,0.46721311475409838,0.015538837487396019,0.34426229508196721,0.52459016393442626,0.045097035315275147,0.34426229508196721,0.52459016393442626,0.044985894741195888
classification_gini,secretary|0.1n,secretary,0.1n,exploratory,10,2.5,F1_percentage_points,0.63934426229508201,0.94999999999999996,122,10000,dataset,P_dataset(median time saved >= s and median loss <= epsilon),0.5901639344262295,0.65573770491803274,0.016913871962768053,0.54918032786885251,0.72131147540983609,0.043424035736640831,0.54098360655737709,0.71311475409836067,0.04361198328776187
classification_gini,secretary|0.1n,secretary,0.1n,exploratory,25,0.5,F1_percentage_points,0.21311475409836064,0.94999999999999996,122,10000,dataset,P_dataset(median time saved >= s and median loss <= epsilon),0.18852459016393441,0.23770491803278687,0.011179989022805098,0.13934426229508196,0.28688524590163933,0.036850423214612675,0.13934426229508196,0.28688524590163933,0.036867528572824444
classification_gini,secretary|0.1n,secretary,0.1n,exploratory,25,1,F1_percentage_points,0.27868852459016391,0.94999999999999996,122,10000,dataset,P_dataset(median time saved >= s and median loss <= epsilon),0.26229508196721313,0.30327868852459017,0.010058696429027613,0.19672131147540983,0.36065573770491804,0.040619721820840837,0.20491803278688525,0.36065573770491804,0.040674605520695628
classification_gini,secretary|0.1n,secretary,0.1n,exploratory,25,2.5,F1_percentage_points,0.45081967213114754,0.94999999999999996,122,10000,dataset,P_dataset(median time saved >= s and median loss <= epsilon),0.41803278688524592,0.46721311475409838,0.013344498144512166,0.36065573770491804,0.54098360655737709,0.045254522604134637,0.35245901639344263,0.53278688524590168,0.045066671964004233
classification_gini,secretary|0.1n,secretary,0.1n,exploratory,50,0.5,F1_percentage_points,0.13114754098360656,0.94999999999999996,122,10000,dataset,P_dataset(median time saved >= s and median loss <= epsilon),0.11475409836065574,0.13934426229508196,0.0067566321969685858,0.073770491803278687,0.19672131147540983,0.030033593483817539,0.073770491803278687,0.18852459016393441,0.029969366622448167
classification_gini,secretary|0.1n,secretary,0.1n,exploratory,50,1,F1_percentage_points,0.15573770491803279,0.94999999999999996,122,10000,dataset,P_dataset(median time saved >= s and median loss <= epsilon),0.14754098360655737,0.16393442622950818,0.0054722318291186506,0.098360655737704916,0.22131147540983606,0.032433556676579552,0.098360655737704916,0.22131147540983606,0.032549514951488501
classification_gini,secretary|0.1n,secretary,0.1n,exploratory,50,2.5,F1_percentage_points,0.23770491803278687,0.94999999999999996,122,10000,dataset,P_dataset(median time saved >= s and median loss <= epsilon),0.22950819672131148,0.24590163934426229,0.0061856887991434406,0.16393442622950818,0.31147540983606559,0.037756456889695061,0.16393442622950818,0.31147540983606559,0.037881981330932388
classification_gini,secretary|1overe,secretary,1overe,confirmatory,0,0.5,F1_percentage_points,0.52459016393442626,0.94999999999999996,122,10000,dataset,P_dataset(median time saved >= s and median loss <= epsilon),0.49180327868852458,0.55737704918032782,0.017515008430949493,0.4344262295081967,0.61475409836065575,0.044884967884676059,0.4344262295081967,0.61475409836065575,0.044811243029786806
classification_gini,secretary|1overe,secretary,1overe,confirmatory,0,1,F1_percentage_points,0.5901639344262295,0.94999999999999996,122,10000,dataset,P_dataset(median time saved >= s and median loss <= epsilon),0.55737704918032782,0.62295081967213117,0.017178123624546581,0.5,0.67213114754098358,0.043977620039668042,0.50819672131147542,0.68032786885245899,0.044128262545314254
classification_gini,secretary|1overe,secretary,1overe,confirmatory,0,2.5,F1_percentage_points,0.72131147540983609,0.94999999999999996,122,10000,dataset,P_dataset(median time saved >= s and median loss <= epsilon),0.69672131147540983,0.75409836065573765,0.016297686837772371,0.63934426229508201,0.79508196721311475,0.0401966306115321,0.64754098360655743,0.80327868852459017,0.040208626678751427
classification_gini,secretary|1overe,secretary,1overe,confirmatory,10,0.5,F1_percentage_points,0.34426229508196721,0.94999999999999996,122,10000,dataset,P_dataset(median time saved >= s and median loss <= epsilon),0.31967213114754101,0.37704918032786883,0.015314218910004911,0.26229508196721313,0.42622950819672129,0.042548940202958116,0.27049180327868855,0.4344262295081967,0.042743618073902541
classification_gini,secretary|1overe,secretary,1overe,confirmatory,10,1,F1_percentage_points,0.37704918032786883,0.94999999999999996,122,10000,dataset,P_dataset(median time saved >= s and median loss <= epsilon),0.36065573770491804,0.41803278688524592,0.014184371665245901,0.29508196721311475,0.46721311475409838,0.043389463206017734,0.30327868852459017,0.47540983606557374,0.043883820634468475
classification_gini,secretary|1overe,secretary,1overe,confirmatory,10,2.5,F1_percentage_points,0.47540983606557374,0.94999999999999996,122,10000,dataset,P_dataset(median time saved >= s and median loss <= epsilon),0.45901639344262296,0.51639344262295084,0.014527980733792913,0.39344262295081966,0.56557377049180324,0.044761795542628213,0.39344262295081966,0.57377049180327866,0.045067893706148714
classification_gini,secretary|1overe,secretary,1overe,confirmatory,25,0.5,F1_percentage_points,0.18852459016393441,0.94999999999999996,122,10000,dataset,P_dataset(median time saved >= s and median loss <= epsilon),0.15573770491803279,0.19672131147540983,0.010487485071788214,0.12295081967213115,0.26229508196721313,0.035074181404887717,0.11475409836065574,0.25409836065573771,0.034629310954473601
classification_gini,secretary|1overe,secretary,1overe,confirmatory,25,1,F1_percentage_points,0.19672131147540983,0.94999999999999996,122,10000,dataset,P_dataset(median time saved >= s and median loss <= epsilon),0.18032786885245902,0.21311475409836064,0.0080326866320390017,0.13114754098360656,0.27049180327868855,0.035684904546021426,0.13114754098360656,0.27049180327868855,0.035869001093091157
classification_gini,secretary|1overe,secretary,1overe,confirmatory,25,2.5,F1_percentage_points,0.22131147540983606,0.94999999999999996,122,10000,dataset,P_dataset(median time saved >= s and median loss <= epsilon),0.20491803278688525,0.23770491803278687,0.008233331704722735,0.14754098360655737,0.29508196721311475,0.037127618340883184,0.14754098360655737,0.29508196721311475,0.037312566781932399
classification_gini,secretary|1overe,secretary,1overe,confirmatory,50,0.5,F1_percentage_points,0.0081967213114754103,0.94999999999999996,122,10000,dataset,P_dataset(median time saved >= s and median loss <= epsilon),0,0.0081967213114754103,0.0035337062415786869,0,0.024590163934426229,0.0083041844022717984,0,0.024590163934426229,0.0071489584836833481
classification_gini,secretary|1overe,secretary,1overe,confirmatory,50,1,F1_percentage_points,0.0081967213114754103,0.94999999999999996,122,10000,dataset,P_dataset(median time saved >= s and median loss <= epsilon),0,0.0081967213114754103,0.0035337062415786869,0,0.024590163934426229,0.0083041844022717984,0,0.024590163934426229,0.0071489584836833481
classification_gini,secretary|1overe,secretary,1overe,confirmatory,50,2.5,F1_percentage_points,0.0081967213114754103,0.94999999999999996,122,10000,dataset,P_dataset(median time saved >= s and median loss <= epsilon),0,0.0081967213114754103,0.0035337062415786869,0,0.024590163934426229,0.0083041844022717984,0,0.024590163934426229,0.0071489584836833481
classification_gini,secretary|ln_n,secretary,ln_n,exploratory,0,0.5,F1_percentage_points,0.45081967213114754,0.94999999999999996,122,10000,dataset,P_dataset(median time saved >= s and median loss <= epsilon),0.4098360655737705,0.46721311475409838,0.014394297138956277,0.36065573770491804,0.54098360655737709,0.04526684714446666,0.35245901639344263,0.53278688524590168,0.045439143412110632
classification_gini,secretary|ln_n,secretary,ln_n,exploratory,0,1,F1_percentage_points,0.55737704918032782,0.94999999999999996,122,10000,dataset,P_dataset(median time saved >= s and median loss <= epsilon),0.51639344262295084,0.57377049180327866,0.014661796224474263,0.46721311475409838,0.64754098360655743,0.045140606322786846,0.45901639344262296,0.63114754098360659,0.045508473107243
classification_gini,secretary|ln_n,secretary,ln_n,exploratory,0,2.5,F1_percentage_points,0.80327868852459017,0.94999999999999996,122,10000,dataset,P_dataset(median time saved >= s and median loss <= epsilon),0.75409836065573765,0.81147540983606559,0.013877216555627367,0.72950819672131151,0.86885245901639341,0.035851320392469133,0.71311475409836067,0.85245901639344257,0.037094447561243735
classification_gini,secretary|ln_n,secretary,ln_n,exploratory,10,0.5,F1_percentage_points,0.35245901639344263,0.94999999999999996,122,10000,dataset,P_dataset(median time saved >= s and median loss <= epsilon),0.31967213114754101,0.37704918032786883,0.016234272400998326,0.27049180327868855,0.44262295081967212,0.043378823857758306,0.26229508196721313,0.4344262295081967,0.043194458917557042
classification_gini,secretary|ln_n,secretary,ln_n,exploratory,10,1,F1_percentage_points,0.44262295081967212,0.94999999999999996,122,10000,dataset,P_dataset(median time saved >= s and median loss <= epsilon),0.4098360655737705,0.47540983606557374,0.016431257794220479,0.35245901639344263,0.53278688524590168,0.045060173022521535,0.35245901639344263,0.52459016393442626,0.044938830339556382
classification_gini,secretary|ln_n,secretary,ln_n,exploratory,10,2.5,F1_percentage_points,0.65573770491803274,0.94999999999999996,122,10000,dataset,P_dataset(median time saved >= s and median loss <= epsilon),0.61475409836065575,0.68032786885245899,0.016355653983538092,0.57377049180327866,0.73770491803278693,0.042879952067907602,0.56557377049180324,0.73770491803278693,0.043011913037852713
classification_gini,secretary|ln_n,secretary,ln_n,exploratory,25,0.5,F1_percentage_points,0.20491803278688525,0.94999999999999996,122,10000,dataset,P_dataset(median time saved >= s and median loss <= epsilon),0.18852459016393441,0.22131147540983606,0.0081003168953921213,0.13934426229508196,0.27868852459016391,0.036128977355714145,0.13934426229508196,0.27868852459016391,0.036388873093154271
classification_gini,secretary|ln_n,secretary,ln_n,exploratory,25,1,F1_percentage_points,0.27049180327868855,0.94999999999999996,122,10000,dataset,P_dataset(median time saved >= s and median loss <= epsilon),0.26229508196721313,0.28688524590163933,0.0067953849634290221,0.19672131147540983,0.35245901639344263,0.039998125398488613,0.19672131147540983,0.35245901639344263,0.040360694808858177
classification_gini,secretary|ln_n,secretary,ln_n,exploratory,25,2.5,F1_percentage_points,0.41803278688524592,0.94999999999999996,122,10000,dataset,P_dataset(median time saved >= s and median loss <= epsilon),0.40163934426229508,0.4344262295081967,0.0088689722862558724,0.33606557377049179,0.50819672131147542,0.044544395152201398,0.33606557377049179,0.50819672131147542,0.04463810507943957
classification_gini,secretary|ln_n,secretary,ln_n,exploratory,50,0.5,F1_percentage_points,0.13114754098360656,0.94999999999999996,122,10000,dataset,P_dataset(median time saved >= s and median loss <= epsilon),0.11475409836065574,0.13934426229508196,0.0062125796544070331,0.073770491803278687,0.19672131147540983,0.02998008495584643,0.073770491803278687,0.18852459016393441,0.029751383156968542
classification_gini,secretary|ln_n,secretary,ln_n,exploratory,50,1,F1_percentage_points,0.14754098360655737,0.94999999999999996,122,10000,dataset,P_dataset(median time saved >= s and median loss <= epsilon),0.13934426229508196,0.15573770491803279,0.005591392843938948,0.090163934426229511,0.21311475409836064,0.031671279357259413,0.090163934426229511,0.21311475409836064,0.031684120539622433
classification_gini,secretary|ln_n,secretary,ln_n,exploratory,50,2.5,F1_percentage_points,0.23770491803278687,0.94999999999999996,122,10000,dataset,P_dataset(median time saved >= s and median loss <= epsilon),0.22131147540983606,0.24590163934426229,0.0067384008174298559,0.16393442622950818,0.31147540983606559,0.037816296890490736,0.16393442622950818,0.31147540983606559,0.037497583889556214
classification_gini,secretary|sqrt_n,secretary,sqrt_n,exploratory,0,0.5,F1_percentage_points,0.44262295081967212,0.94999999999999996,122,10000,dataset,P_dataset(median time saved >= s and median loss <= epsilon),0.4098360655737705,0.46721311475409838,0.01505082929971638,0.35245901639344263,0.53278688524590168,0.044968664814877782,0.35245901639344263,0.52459016393442626,0.044666858719477405
classification_gini,secretary|sqrt_n,secretary,sqrt_n,exploratory,0,1,F1_percentage_points,0.54918032786885251,0.94999999999999996,122,10000,dataset,P_dataset(median time saved >= s and median loss <= epsilon),0.51639344262295084,0.56557377049180324,0.013965945785722002,0.45901639344262296,0.63934426229508201,0.045584982162007071,0.45081967213114754,0.63114754098360659,0.045384663199520718
classification_gini,secretary|sqrt_n,secretary,sqrt_n,exploratory,0,2.5,F1_percentage_points,0.73770491803278693,0.94999999999999996,122,10000,dataset,P_dataset(median time saved >= s and median loss <= epsilon),0.71311475409836067,0.76229508196721307,0.013493874148326354,0.65573770491803274,0.81147540983606559,0.04003726314499223,0.65573770491803274,0.81147540983606559,0.039922475707888185
classification_gini,secretary|sqrt_n,secretary,sqrt_n,exploratory,10,0.5,F1_percentage_points,0.34426229508196721,0.94999999999999996,122,10000,dataset,P_dataset(median time saved >= s and median loss <= epsilon),0.31147540983606559,0.37704918032786883,0.017050291294954077,0.26229508196721313,0.42622950819672129,0.042491446797695315,0.26229508196721313,0.42622950819672129,0.04260589487432264
classification_gini,secretary|sqrt_n,secretary,sqrt_n,exploratory,10,1,F1_percentage_points,0.4344262295081967,0.94999999999999996,122,10000,dataset,P_dataset(median time saved >= s and median loss <= epsilon),0.40163934426229508,0.46721311475409838,0.017516160743114143,0.34426229508196721,0.52459016393442626,0.044896281298794034,0.34426229508196721,0.52459016393442626,0.044959780486328316
classification_gini,secretary|sqrt_n,secretary,sqrt_n,exploratory,10,2.5,F1_percentage_points,0.59836065573770492,0.94999999999999996,122,10000,dataset,P_dataset(median time saved >= s and median loss <= epsilon),0.57377049180327866,0.64754098360655743,0.018147944894249556,0.50819672131147542,0.68032786885245899,0.044321521371793557,0.52459016393442626,0.69672131147540983,0.043891597060096821
classification_gini,secretary|sqrt_n,secretary,sqrt_n,exploratory,25,0.5,F1_percentage_points,0.18852459016393441,0.94999999999999996,122,10000,dataset,P_dataset(median time saved >= s and median loss <= epsilon),0.16393442622950818,0.20491803278688525,0.011104825057663402,0.12295081967213115,0.26229508196721313,0.035063912261629797,0.11475409836065574,0.25409836065573771,0.034886510241189488
classification_gini,secretary|sqrt_n,secretary,sqrt_n,exploratory,25,1,F1_percentage_points,0.25409836065573771,0.94999999999999996,122,10000,dataset,P_dataset(median time saved >= s and median loss <= epsilon),0.23770491803278687,0.27868852459016391,0.011311565344820381,0.18032786885245902,0.33606557377049179,0.039370403732370725,0.18032786885245902,0.33606557377049179,0.039437424975796033
classification_gini,secretary|sqrt_n,secretary,sqrt_n,exploratory,25,2.5,F1_percentage_points,0.39344262295081966,0.94999999999999996,122,10000,dataset,P_dataset(median time saved >= s and median loss <= epsilon),0.37704918032786883,0.41803278688524592,0.011913790654605501,0.31147540983606559,0.48360655737704916,0.044000425522098,0.31147540983606559,0.48360655737704916,0.044183647520134976
classification_gini,secretary|sqrt_n,secretary,sqrt_n,exploratory,50,0.5,F1_percentage_points,0.13934426229508196,0.94999999999999996,122,10000,dataset,P_dataset(median time saved >= s and median loss <= epsilon),0.11475409836065574,0.13934426229508196,0.0071453558845746747,0.081967213114754092,0.20491803278688525,0.031091578086051726,0.073770491803278687,0.18852459016393441,0.030273065123459286
classification_gini,secretary|sqrt_n,secretary,sqrt_n,exploratory,50,1,F1_percentage_points,0.16393442622950818,0.94999999999999996,122,10000,dataset,P_dataset(median time saved >= s and median loss <= epsilon),0.15573770491803279,0.1721311475409836,0.0049894277693760735,0.10655737704918032,0.22950819672131148,0.033242268646355606,0.10655737704918032,0.23770491803278687,0.033421002009539992
classification_gini,secretary|sqrt_n,secretary,sqrt_n,exploratory,50,2.5,F1_percentage_points,0.22950819672131148,0.94999999999999996,122,10000,dataset,P_dataset(median time saved >= s and median loss <= epsilon),0.22950819672131148,0.23770491803278687,0.003670806680097981,0.15573770491803279,0.30327868852459017,0.037555941488104483,0.16393442622950818,0.31147540983606559,0.037594200550491542
classification_entropy,best|,best,,confirmatory,0,0.5,F1_percentage_points,1,0.94999999999999996,122,10000,dataset,P_dataset(median time saved >= s and median loss <= epsilon),1,1,0,1,1,0,1,1,0
classification_entropy,best|,best,,confirmatory,0,1,F1_percentage_points,1,0.94999999999999996,122,10000,dataset,P_dataset(median time saved >= s and median loss <= epsilon),1,1,0,1,1,0,1,1,0
classification_entropy,best|,best,,confirmatory,0,2.5,F1_percentage_points,1,0.94999999999999996,122,10000,dataset,P_dataset(median time saved >= s and median loss <= epsilon),1,1,0,1,1,0,1,1,0
classification_entropy,best|,best,,confirmatory,10,0.5,F1_percentage_points,0,0.94999999999999996,122,10000,dataset,P_dataset(median time saved >= s and median loss <= epsilon),0,0,0,0,0,0,0,0,0
classification_entropy,best|,best,,confirmatory,10,1,F1_percentage_points,0,0.94999999999999996,122,10000,dataset,P_dataset(median time saved >= s and median loss <= epsilon),0,0,0,0,0,0,0,0,0
classification_entropy,best|,best,,confirmatory,10,2.5,F1_percentage_points,0,0.94999999999999996,122,10000,dataset,P_dataset(median time saved >= s and median loss <= epsilon),0,0,0,0,0,0,0,0,0
classification_entropy,best|,best,,confirmatory,25,0.5,F1_percentage_points,0,0.94999999999999996,122,10000,dataset,P_dataset(median time saved >= s and median loss <= epsilon),0,0,0,0,0,0,0,0,0
classification_entropy,best|,best,,confirmatory,25,1,F1_percentage_points,0,0.94999999999999996,122,10000,dataset,P_dataset(median time saved >= s and median loss <= epsilon),0,0,0,0,0,0,0,0,0
classification_entropy,best|,best,,confirmatory,25,2.5,F1_percentage_points,0,0.94999999999999996,122,10000,dataset,P_dataset(median time saved >= s and median loss <= epsilon),0,0,0,0,0,0,0,0,0
classification_entropy,best|,best,,confirmatory,50,0.5,F1_percentage_points,0,0.94999999999999996,122,10000,dataset,P_dataset(median time saved >= s and median loss <= epsilon),0,0,0,0,0,0,0,0,0
classification_entropy,best|,best,,confirmatory,50,1,F1_percentage_points,0,0.94999999999999996,122,10000,dataset,P_dataset(median time saved >= s and median loss <= epsilon),0,0,0,0,0,0,0,0,0
classification_entropy,best|,best,,confirmatory,50,2.5,F1_percentage_points,0,0.94999999999999996,122,10000,dataset,P_dataset(median time saved >= s and median loss <= epsilon),0,0,0,0,0,0,0,0,0
classification_entropy,block_rank|,block_rank,,confirmatory,0,0.5,F1_percentage_points,0.23770491803278687,0.94999999999999996,122,10000,dataset,P_dataset(median time saved >= s and median loss <= epsilon),0.20491803278688525,0.25409836065573771,0.012476766095602351,0.16393442622950818,0.31967213114754101,0.038907373021897805,0.15573770491803279,0.31147540983606559,0.03847826762571685
classification_entropy,block_rank|,block_rank,,confirmatory,0,1,F1_percentage_points,0.29508196721311475,0.94999999999999996,122,10000,dataset,P_dataset(median time saved >= s and median loss <= epsilon),0.27049180327868855,0.31967213114754101,0.012492012431496172,0.21311475409836064,0.37704918032786883,0.041607818454671056,0.21311475409836064,0.37704918032786883,0.041576401079347763
classification_entropy,block_rank|,block_rank,,confirmatory,0,2.5,F1_percentage_points,0.5,0.94999999999999996,122,10000,dataset,P_dataset(median time saved >= s and median loss <= epsilon),0.45901639344262296,0.51639344262295084,0.013716261731587832,0.4098360655737705,0.5901639344262295,0.044929409585488224,0.40163934426229508,0.57377049180327866,0.044948573914007001
classification_entropy,block_rank|,block_rank,,confirmatory,10,0.5,F1_percentage_points,0.18032786885245902,0.94999999999999996,122,10000,dataset,P_dataset(median time saved >= s and median loss <= epsilon),0.15573770491803279,0.20491803278688525,0.011065164766356382,0.11475409836065574,0.25409836065573771,0.034850143491174948,0.11475409836065574,0.25409836065573771,0.03499100197485247
classification_entropy,block_rank|,block_rank,,confirmatory,10,1,F1_percentage_points,0.22950819672131148,0.94999999999999996,122,10000,dataset,P_dataset(median time saved >= s and median loss <= epsilon),0.21311475409836064,0.26229508196721313,0.012977365858328033,0.15573770491803279,0.30327868852459017,0.038188986227438472,0.16393442622950818,0.31967213114754101,0.038822877391082242
classification_entropy,block_rank|,block_rank,,confirmatory,10,2.5,F1_percentage_points,0.41803278688524592,0.94999999999999996,122,10000,dataset,P_dataset(median time saved >= s and median loss <= epsilon),0.37704918032786883,0.4344262295081967,0.013891353694967095,0.33606557377049179,0.50020491803278389,0.044131045365154366,0.31967213114754101,0.49180327868852458,0.044323288904020083
classification_entropy,block_rank|,block_rank,,confirmatory,25,0.5,F1_percentage_points,0.098360655737704916,0.94999999999999996,122,10000,dataset,P_dataset(median time saved >= s and median loss <= epsilon),0.081967213114754092,0.12295081967213115,0.0098717361614194671,0.049180327868852458,0.15573770491803279,0.027193449896088188,0.049180327868852458,0.15573770491803279,0.027307257892653616
classification_entropy,block_rank|,block_rank,,confirmatory,25,1,F1_percentage_points,0.13114754098360656,0.94999999999999996,122,10000,dataset,P_dataset(median time saved >= s and median loss <= epsilon),0.12295081967213115,0.16393442622950818,0.011436263954376797,0.073770491803278687,0.19672131147540983,0.030634909609379601,0.081967213114754092,0.21311475409836064,0.031984576035739315
classification_entropy,block_rank|,block_rank,,confirmatory,25,2.5,F1_percentage_points,0.27868852459016391,0.94999999999999996,122,10000,dataset,P_dataset(median time saved >= s and median loss <= epsilon),0.26229508196721313,0.29508196721311475,0.010145747114333001,0.20491803278688525,0.36065573770491804,0.04025756576793374,0.19672131147540983,0.36065573770491804,0.040540096826776735
classification_entropy,block_rank|,block_rank,,confirmatory,50,0.5,F1_percentage_points,0.065573770491803282,0.94999999999999996,122,10000,dataset,P_dataset(median time saved >= s and median loss <= epsilon),0.049180327868852458,0.073770491803278687,0.006575313126871667,0.024590163934426229,0.11475409836065574,0.022675214626383389,0.016393442622950821,0.10655737704918032,0.021379221365542919
classification_entropy,block_rank|,block_rank,,confirmatory,50,1,F1_percentage_points,0.098360655737704916,0.94999999999999996,122,10000,dataset,P_dataset(median time saved >= s and median loss <= epsilon),0.081967213114754092,0.11475409836065574,0.0084578089667489715,0.049180327868852458,0.15573770491803279,0.027159164269857414,0.049180327868852458,0.15573770491803279,0.027254197227136161
classification_entropy,block_rank|,block_rank,,confirmatory,50,2.5,F1_percentage_points,0.21311475409836064,0.94999999999999996,122,10000,dataset,P_dataset(median time saved >= s and median loss <= epsilon),0.19672131147540983,0.21311475409836064,0.006367023643122343,0.14754098360655737,0.28688524590163933,0.037126909668056277,0.13934426229508196,0.27868852459016391,0.036902580392861387
classification_entropy,double_secretary|0.1n,double_secretary,0.1n,exploratory,0,0.5,F1_percentage_points,0.47540983606557374,0.94999999999999996,122,10000,dataset,P_dataset(median time saved >= s and median loss <= epsilon),0.44262295081967212,0.51639344262295084,0.019049057025023578,0.38524590163934425,0.56557377049180324,0.045311741175473416,0.39344262295081966,0.57377049180327866,0.045270973584660139
classification_entropy,double_secretary|0.1n,double_secretary,0.1n,exploratory,0,1,F1_percentage_points,0.67213114754098358,0.94999999999999996,122,10000,dataset,P_dataset(median time saved >= s and median loss <= epsilon),0.60655737704918034,0.68032786885245899,0.0185073500941778,0.5901639344262295,0.75409836065573765,0.042184600410947945,0.56557377049180324,0.72950819672131151,0.042969569418155017
classification_entropy,double_secretary|0.1n,double_secretary,0.1n,exploratory,0,2.5,F1_percentage_points,0.87704918032786883,0.94999999999999996,122,10000,dataset,P_dataset(median time saved >= s and median loss <= epsilon),0.81967213114754101,0.87704918032786883,0.015342110461326748,0.81967213114754101,0.93442622950819676,0.029395275353574588,0.78688524590163933,0.9098360655737705,0.031718340988035935
classification_entropy,double_secretary|0.1n,double_secretary,0.1n,exploratory,10,0.5,F1_percentage_points,0.32786885245901637,0.94999999999999996,122,10000,dataset,P_dataset(median time saved >= s and median loss <= epsilon),0.31147540983606559,0.39344262295081966,0.020048992734675978,0.24590163934426229,0.41803278688524592,0.042716433569087851,0.27049180327868855,0.4344262295081967,0.043371500557401882
classification_entropy,double_secretary|0.1n,double_secretary,0.1n,exploratory,10,1,F1_percentage_points,0.49180327868852458,0.94999999999999996,122,10000,dataset,P_dataset(median time saved >= s and median loss <= epsilon),0.45081967213114754,0.53278688524590168,0.019711490777328901,0.40163934426229508,0.58196721311475408,0.045160225831359112,0.40163934426229508,0.58196721311475408,0.045014120885972418
classification_entropy,double_secretary|0.1n,double_secretary,0.1n,exploratory,10,2.5,F1_percentage_points,0.66393442622950816,0.94999999999999996,122,10000,dataset,P_dataset(median time saved >= s and median loss <= epsilon),0.63114754098360659,0.70491803278688525,0.017742854150033308,0.58196721311475408,0.74590163934426235,0.042957309475460996,0.58196721311475408,0.75409836065573765,0.042559003521400303
classification_entropy,double_secretary|0.1n,double_secretary,0.1n,exploratory,25,0.5,F1_percentage_points,0.19672131147540983,0.94999999999999996,122,10000,dataset,P_dataset(median time saved >= s and median loss <= epsilon),0.18852459016393441,0.23770491803278687,0.012798035739904901,0.13114754098360656,0.27049180327868855,0.036173586926585954,0.14754098360655737,0.28688524590163933,0.037302834197673551
classification_entropy,double_secretary|0.1n,double_secretary,0.1n,exploratory,25,1,F1_percentage_points,0.31147540983606559,0.94999999999999996,122,10000,dataset,P_dataset(median time saved >= s and median loss <= epsilon),0.28688524590163933,0.32786885245901637,0.010560770732520843,0.22950819672131148,0.39344262295081966,0.041747021422358192,0.22950819672131148,0.39344262295081966,0.04172853299684013
classification_entropy,double_secretary|0.1n,double_secretary,0.1n,exploratory,25,2.5,F1_percentage_points,0.42622950819672129,0.94999999999999996,122,10000,dataset,P_dataset(median time saved >= s and median loss <= epsilon),0.4098360655737705,0.45081967213114754,0.0092461126742004913,0.34426229508196721,0.51639344262295084,0.044482137012391676,0.34426229508196721,0.51639344262295084,0.044569504170281472
classification_entropy,double_secretary|0.1n,double_secretary,0.1n,exploratory,50,0.5,F1_percentage_points,0.081967213114754092,0.94999999999999996,122,10000,dataset,P_dataset(median time saved >= s and median loss <= epsilon),0.081967213114754092,0.12295081967213115,0.011167994734060412,0.032786885245901641,0.13114754098360656,0.024838295854110851,0.049180327868852458,0.15573770491803279,0.027189650584375485
classification_entropy,double_secretary|0.1n,double_secretary,0.1n,exploratory,50,1,F1_percentage_points,0.14754098360655737,0.94999999999999996,122,10000,dataset,P_dataset(median time saved >= s and median loss <= epsilon),0.12295081967213115,0.1721311475409836,0.010964167790678228,0.090163934426229511,0.21311475409836064,0.032123466687584049,0.090163934426229511,0.21311475409836064,0.032066699408491155
classification_entropy,double_secretary|0.1n,double_secretary,0.1n,exploratory,50,2.5,F1_percentage_points,0.1721311475409836,0.94999999999999996,122,10000,dataset,P_dataset(median time saved >= s and median loss <= epsilon),0.15573770491803279,0.19672131147540983,0.0112034818985667,0.10655737704918032,0.23770491803278687,0.03427521607887956,0.10655737704918032,0.24590163934426229,0.034205657731468476
classification_entropy,double_secretary|1overe,double_secretary,1overe,confirmatory,0,0.5,F1_percentage_points,0.61475409836065575,0.94999999999999996,122,10000,dataset,P_dataset(median time saved >= s and median loss <= epsilon),0.54918032786885251,0.64754098360655743,0.024584006140612173,0.52459016393442626,0.70491803278688525,0.044336007011932146,0.50819672131147542,0.68852459016393441,0.044682881839032525
classification_entropy,double_secretary|1overe,double_secretary,1overe,confirmatory,0,1,F1_percentage_points,0.75409836065573765,0.94999999999999996,122,10000,dataset,P_dataset(median time saved >= s and median loss <= epsilon),0.66393442622950816,0.76229508196721307,0.024674841361762768,0.67213114754098358,0.82786885245901642,0.039144181647797247,0.63114754098360659,0.79508196721311475,0.04130452961377884
classification_entropy,double_secretary|1overe,double_secretary,1overe,confirmatory,0,2.5,F1_percentage_points,0.86065573770491799,0.94999999999999996,122,10000,dataset,P_dataset(median time saved >= s and median loss <= epsilon),0.76229508196721307,0.86065573770491799,0.023695514444616629,0.79508196721311475,0.91803278688524592,0.031626831108438842,0.73770491803278693,0.87704918032786883,0.035578179249071064
classification_entropy,double_secretary|1overe,double_secretary,1overe,confirmatory,10,0.5,F1_percentage_points,0.15573770491803279,0.94999999999999996,122,10000,dataset,P_dataset(median time saved >= s and median loss <= epsilon),0.11475409836065574,0.18852459016393441,0.017908423730196077,0.098360655737704916,0.22131147540983606,0.032789431293053749,0.090163934426229511,0.22131147540983606,0.032414420446933823
classification_entropy,double_secretary|1overe,double_secretary,1overe,confirmatory,10,1,F1_percentage_points,0.16393442622950818,0.94999999999999996,122,10000,dataset,P_dataset(median time saved >= s and median loss <= epsilon),0.13114754098360656,0.19672131147540983,0.018007844564824564,0.10655737704918032,0.22950819672131148,0.033436391234398503,0.10655737704918032,0.22950819672131148,0.033209705387674371
classification_entropy,double_secretary|1overe,double_secretary,1overe,confirmatory,10,2.5,F1_percentage_points,0.1721311475409836,0.94999999999999996,122,10000,dataset,P_dataset(median time saved >= s and median loss <= epsilon),0.13114754098360656,0.20491803278688525,0.018869142879066846,0.10655737704918032,0.24590163934426229,0.034150160658253027,0.10655737704918032,0.23770491803278687,0.03386190595979191
classification_entropy,double_secretary|1overe,double_secretary,1overe,confirmatory,25,0.5,F1_percentage_points,0,0.94999999999999996,122,10000,dataset,P_dataset(median time saved >= s and median loss <= epsilon),0,0,0.0010808628505995881,0,0,0,0,0,0.0011054496232074204
classification_entropy,double_secretary|1overe,double_secretary,1overe,confirmatory,25,1,F1_percentage_points,0,0.94999999999999996,122,10000,dataset,P_dataset(median time saved >= s and median loss <= epsilon),0,0,0.0010808628505995881,0,0,0,0,0,0.0011054496232074204
classification_entropy,double_secretary|1overe,double_secretary,1overe,confirmatory,25,2.5,F1_percentage_points,0,0.94999999999999996,122,10000,dataset,P_dataset(median time saved >= s and median loss <= epsilon),0,0,0.0010808628505995881,0,0,0,0,0,0.0011054496232074204
classification_entropy,double_secretary|1overe,double_secretary,1overe,confirmatory,50,0.5,F1_percentage_points,0,0.94999999999999996,122,10000,dataset,P_dataset(median time saved >= s and median loss <= epsilon),0,0,0,0,0,0,0,0,0
classification_entropy,double_secretary|1overe,double_secretary,1overe,confirmatory,50,1,F1_percentage_points,0,0.94999999999999996,122,10000,dataset,P_dataset(median time saved >= s and median loss <= epsilon),0,0,0,0,0,0,0,0,0
classification_entropy,double_secretary|1overe,double_secretary,1overe,confirmatory,50,2.5,F1_percentage_points,0,0.94999999999999996,122,10000,dataset,P_dataset(median time saved >= s and median loss <= epsilon),0,0,0,0,0,0,0,0,0
classification_entropy,double_secretary|ln_n,double_secretary,ln_n,exploratory,0,0.5,F1_percentage_points,0.47540983606557374,0.94999999999999996,122,10000,dataset,P_dataset(median time saved >= s and median loss <= epsilon),0.45081967213114754,0.51639344262295084,0.018183069943564719,0.38524590163934425,0.56557377049180324,0.045162118024377126,0.39344262295081966,0.57377049180327866,0.04554884913899869
classification_entropy,double_secretary|ln_n,double_secretary,ln_n,exploratory,0,1,F1_percentage_points,0.66393442622950816,0.94999999999999996,122,10000,dataset,P_dataset(median time saved >= s and median loss <= epsilon),0.61475409836065575,0.68852459016393441,0.019273541615746195,0.58196721311475408,0.74590163934426235,0.042696440721501416,0.56557377049180324,0.73770491803278693,0.043131172509359147
classification_entropy,double_secretary|ln_n,double_secretary,ln_n,exploratory,0,2.5,F1_percentage_points,0.87704918032786883,0.94999999999999996,122,10000,dataset,P_dataset(median time saved >= s and median loss <= epsilon),0.84426229508196726,0.89344262295081966,0.013906700698367268,0.81967213114754101,0.93442622950819676,0.029698766228783258,0.81147540983606559,0.92622950819672134,0.030411873638660995
classification_entropy,double_secretary|ln_n,double_secretary,ln_n,exploratory,10,0.5,F1_percentage_points,0.31967213114754101,0.94999999999999996,122,10000,dataset,P_dataset(median time saved >= s and median loss <= epsilon),0.30327868852459017,0.38524590163934425,0.020691779978382674,0.23770491803278687,0.40163934426229508,0.042155059354052747,0.26229508196721313,0.42622950819672129,0.043049907752350042
classification_entropy,double_secretary|ln_n,double_secretary,ln_n,exploratory,10,1,F1_percentage_points,0.49180327868852458,0.94999999999999996,122,10000,dataset,P_dataset(median time saved >= s and median loss <= epsilon),0.44262295081967212,0.52459016393442626,0.021716557990040235,0.40163934426229508,0.58196721311475408,0.045411987617583333,0.39344262295081966,0.57377049180327866,0.045451698118130081
classification_entropy,double_secretary|ln_n,double_secretary,ln_n,exploratory,10,2.5,F1_percentage_points,0.66393442622950816,0.94999999999999996,122,10000,dataset,P_dataset(median time saved >= s and median loss <= epsilon),0.62295081967213117,0.69672131147540983,0.019979660545339215,0.58196721311475408,0.74590163934426235,0.042963486063823005,0.57377049180327866,0.74590163934426235,0.043337939786114145
classification_entropy,double_secretary|ln_n,double_secretary,ln_n,exploratory,25,0.5,F1_percentage_points,0.20491803278688525,0.94999999999999996,122,10000,dataset,P_dataset(median time saved >= s and median loss <= epsilon),0.19672131147540983,0.24590163934426229,0.011680621401851714,0.13934426229508196,0.27868852459016391,0.036507333117998676,0.14754098360655737,0.29508196721311475,0.037614915665938942
classification_entropy,double_secretary|ln_n,double_secretary,ln_n,exploratory,25,1,F1_percentage_points,0.31967213114754101,0.94999999999999996,122,10000,dataset,P_dataset(median time saved >= s and median loss <= epsilon),0.28688524590163933,0.33606557377049179,0.011866808871605046,0.23770491803278687,0.40163934426229508,0.042169769920741507,0.22950819672131148,0.39344262295081966,0.041864403376653085
classification_entropy,double_secretary|ln_n,double_secretary,ln_n,exploratory,25,2.5,F1_percentage_points,0.42622950819672129,0.94999999999999996,122,10000,dataset,P_dataset(median time saved >= s and median loss <= epsilon),0.4098360655737705,0.44262295081967212,0.0089601769674600134,0.34426229508196721,0.51639344262295084,0.044702605257545915,0.34426229508196721,0.51639344262295084,0.044907299479706314
classification_entropy,double_secretary|ln_n,double_secretary,ln_n,exploratory,50,0.5,F1_percentage_points,0.090163934426229511,0.94999999999999996,122,10000,dataset,P_dataset(median time saved >= s and median loss <= epsilon),0.081967213114754092,0.098360655737704916,0.0056514824119299973,0.040983606557377046,0.14754098360655737,0.025932682249716746,0.040983606557377046,0.14754098360655737,0.025998232853494341
classification_entropy,double_secretary|ln_n,double_secretary,ln_n,exploratory,50,1,F1_percentage_points,0.10655737704918032,0.94999999999999996,122,10000,dataset,P_dataset(median time saved >= s and median loss <= epsilon),0.098360655737704916,0.12295081967213115,0.0065248142619095621,0.05737704918032787,0.16393442622950818,0.028044933620707094,0.05737704918032787,0.1721311475409836,0.028304756914781549
classification_entropy,double_secretary|ln_n,double_secretary,ln_n,exploratory,50,2.5,F1_percentage_points,0.12295081967213115,0.94999999999999996,122,10000,dataset,P_dataset(median time saved >= s and median loss <= epsilon),0.11475409836065574,0.13934426229508196,0.0066978958493848382,0.065573770491803282,0.18852459016393441,0.029882634683668585,0.073770491803278687,0.18852459016393441,0.030128352684968617
classification_entropy,double_secretary|sqrt_n,double_secretary,sqrt_n,exploratory,0,0.5,F1_percentage_points,0.45081967213114754,0.94999999999999996,122,10000,dataset,P_dataset(median time saved >= s and median loss <= epsilon),0.4098360655737705,0.48360655737704916,0.019966200257964143,0.36065573770491804,0.54098360655737709,0.045190682067307406,0.36065573770491804,0.54098360655737709,0.04500204638971194
classification_entropy,double_secretary|sqrt_n,double_secretary,sqrt_n,exploratory,0,1,F1_percentage_points,0.61475409836065575,0.94999999999999996,122,10000,dataset,P_dataset(median time saved >= s and median loss <= epsilon),0.56557377049180324,0.63934426229508201,0.019104669415913093,0.52459016393442626,0.70491803278688525,0.04406635366416773,0.51639344262295084,0.68852459016393441,0.043932037346037192
classification_entropy,double_secretary|sqrt_n,double_secretary,sqrt_n,exploratory,0,2.5,F1_percentage_points,0.81967213114754101,0.94999999999999996,122,10000,dataset,P_dataset(median time saved >= s and median loss <= epsilon),0.77868852459016391,0.84426229508196726,0.015844653823338203,0.75409836065573765,0.88524590163934425,0.034224172643697599,0.74590163934426235,0.87704918032786883,0.03478029335947485
classification_entropy,double_secretary|sqrt_n,double_secretary,sqrt_n,exploratory,10,0.5,F1_percentage_points,0.25409836065573771,0.94999999999999996,122,10000,dataset,P_dataset(median time saved >= s and median loss <= epsilon),0.25409836065573771,0.33606557377049179,0.02134300742935448,0.18032786885245902,0.33606557377049179,0.039281744595444444,0.21311475409836064,0.36885245901639346,0.041122552736932425
classification_entropy,double_secretary|sqrt_n,double_secretary,sqrt_n,exploratory,10,1,F1_percentage_points,0.39344262295081966,0.94999999999999996,122,10000,dataset,P_dataset(median time saved >= s and median loss <= epsilon),0.37704918032786883,0.45901639344262296,0.021244401860818662,0.31147540983606559,0.48360655737704916,0.044094271714005359,0.33606557377049179,0.50819672131147542,0.044274435789333169
classification_entropy,double_secretary|sqrt_n,double_secretary,sqrt_n,exploratory,10,2.5,F1_percentage_points,0.56557377049180324,0.94999999999999996,122,10000,dataset,P_dataset(median time saved >= s and median loss <= epsilon),0.55737704918032782,0.63114754098360659,0.018314599154376113,0.47540983606557374,0.65573770491803274,0.044750838345584049,0.50819672131147542,0.68032786885245899,0.044095885744069731
classification_entropy,double_secretary|sqrt_n,double_secretary,sqrt_n,exploratory,25,0.5,F1_percentage_points,0.18032786885245902,0.94999999999999996,122,10000,dataset,P_dataset(median time saved >= s and median loss <= epsilon),0.15573770491803279,0.20491803278688525,0.01259997922451705,0.11475409836065574,0.25409836065573771,0.034726708863441265,0.11475409836065574,0.24590163934426229,0.034543694183868628
classification_entropy,double_secretary|sqrt_n,double_secretary,sqrt_n,exploratory,25,1,F1_percentage_points,0.23770491803278687,0.94999999999999996,122,10000,dataset,P_dataset(median time saved >= s and median loss <= epsilon),0.22950819672131148,0.27868852459016391,0.012608195138304489,0.16393442622950818,0.31147540983606559,0.038424630783416173,0.18032786885245902,0.32786885245901637,0.039095130725516236
classification_entropy,double_secretary|sqrt_n,double_secretary,sqrt_n,exploratory,25,2.5,F1_percentage_points,0.38524590163934425,0.94999999999999996,122,10000,dataset,P_dataset(median time saved >= s and median loss <= epsilon),0.37704918032786883,0.41803278688524592,0.0099992581622103689,0.30327868852459017,0.47540983606557374,0.044005388012805194,0.31147540983606559,0.48360655737704916,0.044363028723325114
classification_entropy,double_secretary|sqrt_n,double_secretary,sqrt_n,exploratory,50,0.5,F1_percentage_points,0.090163934426229511,0.94999999999999996,122,10000,dataset,P_dataset(median time saved >= s and median loss <= epsilon),0.065573770491803282,0.10655737704918032,0.010683355971431913,0.040983606557377046,0.14754098360655737,0.02607565246450589,0.040983606557377046,0.13934426229508196,0.025692784794569792
classification_entropy,double_secretary|sqrt_n,double_secretary,sqrt_n,exploratory,50,1,F1_percentage_points,0.11475409836065574,0.94999999999999996,122,10000,dataset,P_dataset(median time saved >= s and median loss <= epsilon),0.10655737704918032,0.14754098360655737,0.010131975649797545,0.065573770491803282,0.1721311475409836,0.028966972923485438,0.065573770491803282,0.18032786885245902,0.029890355967892111
classification_entropy,double_secretary|sqrt_n,double_secretary,sqrt_n,exploratory,50,2.5,F1_percentage_points,0.1721311475409836,0.94999999999999996,122,10000,dataset,P_dataset(median time saved >= s and median loss <= epsilon),0.16393442622950818,0.19672131147540983,0.0084529550808358275,0.10655737704918032,0.24590163934426229,0.034047687965374274,0.11475409836065574,0.24590163934426229,0.03458821934338057
classification_entropy,extra_tree|max_features=1,extra_tree,max_features=1,confirmatory,0,0.5,F1_percentage_points,0.18032786885245902,0.94999999999999996,122,10000,dataset,P_dataset(median time saved >= s and median loss <= epsilon),0.14754098360655737,0.18852459016393441,0.010639206552818792,0.11475409836065574,0.25409836065573771,0.034838659960333716,0.10655737704918032,0.23770491803278687,0.034051218020494371
classification_entropy,extra_tree|max_features=1,extra_tree,max_features=1,confirmatory,0,1,F1_percentage_points,0.19672131147540983,0.94999999999999996,122,10000,dataset,P_dataset(median time saved >= s and median loss <= epsilon),0.1721311475409836,0.21311475409836064,0.011042988690616706,0.13114754098360656,0.27049180327868855,0.035979792509951113,0.12295081967213115,0.27049180327868855,0.036029549486463981
classification_entropy,extra_tree|max_features=1,extra_tree,max_features=1,confirmatory,0,2.5,F1_percentage_points,0.32786885245901637,0.94999999999999996,122,10000,dataset,P_dataset(median time saved >= s and median loss <= epsilon),0.31147540983606559,0.36065573770491804,0.012262730162028489,0.24590163934426229,0.41803278688524592,0.042271831218382114,0.25409836065573771,0.42622950819672129,0.042782573334036858
classification_entropy,extra_tree|max_features=1,extra_tree,max_features=1,confirmatory,10,0.5,F1_percentage_points,0.14754098360655737,0.94999999999999996,122,10000,dataset,P_dataset(median time saved >= s and median loss <= epsilon),0.12295081967213115,0.16393442622950818,0.0092333318109542092,0.090163934426229511,0.21311475409836064,0.032151629000024419,0.081967213114754092,0.20491803278688525,0.031855736861725492
classification_entropy,extra_tree|max_features=1,extra_tree,max_features=1,confirmatory,10,1,F1_percentage_points,0.16393442622950818,0.94999999999999996,122,10000,dataset,P_dataset(median time saved >= s and median loss <= epsilon),0.14754098360655737,0.18852459016393441,0.010739613085983901,0.098360655737704916,0.22950819672131148,0.033540681302237474,0.098360655737704916,0.22950819672131148,0.033735751219335607
classification_entropy,extra_tree|max_features=1,extra_tree,max_features=1,confirmatory,10,2.5,F1_percentage_points,0.29508196721311475,0.94999999999999996,122,10000,dataset,P_dataset(median time saved >= s and median loss <= epsilon),0.27868852459016391,0.32786885245901637,0.012049898567203088,0.21311475409836064,0.37704918032786883,0.041116402223449783,0.22131147540983606,0.38524590163934425,0.041500476133785061
classification_entropy,extra_tree|max_features=1,extra_tree,max_features=1,confirmatory,25,0.5,F1_percentage_points,0.10655737704918032,0.94999999999999996,122,10000,dataset,P_dataset(median time saved >= s and median loss <= epsilon),0.090163934426229511,0.12295081967213115,0.010267572693851571,0.05737704918032787,0.16393442622950818,0.028059432565262925,0.05737704918032787,0.16393442622950818,0.027992287220482748
classification_entropy,extra_tree|max_features=1,extra_tree,max_features=1,confirmatory,25,1,F1_percentage_points,0.11475409836065574,0.94999999999999996,122,10000,dataset,P_dataset(median time saved >= s and median loss <= epsilon),0.098360655737704916,0.14754098360655737,0.011526268245168303,0.065573770491803282,0.1721311475409836,0.028850862314782254,0.065573770491803282,0.18032786885245902,0.029854746650874085
classification_entropy,extra_tree|max_features=1,extra_tree,max_features=1,confirmatory,25,2.5,F1_percentage_points,0.22131147540983606,0.94999999999999996,122,10000,dataset,P_dataset(median time saved >= s and median loss <= epsilon),0.21311475409836064,0.26229508196721313,0.013380149652439877,0.14754098360655737,0.29508196721311475,0.037289757113002052,0.16393442622950818,0.31147540983606559,0.038456460426671238
classification_entropy,extra_tree|max_features=1,extra_tree,max_features=1,confirmatory,50,0.5,F1_percentage_points,0.049180327868852458,0.94999999999999996,122,10000,dataset,P_dataset(median time saved >= s and median loss <= epsilon),0.040983606557377046,0.05737704918032787,0.0052117846725845546,0.016393442622950821,0.090163934426229511,0.019771238156952246,0.016393442622950821,0.090163934426229511,0.019459940645283922
classification_entropy,extra_tree|max_features=1,extra_tree,max_features=1,confirmatory,50,1,F1_percentage_points,0.05737704918032787,0.94999999999999996,122,10000,dataset,P_dataset(median time saved >= s and median loss <= epsilon),0.049180327868852458,0.073770491803278687,0.0072251206808501642,0.016393442622950821,0.098360655737704916,0.021173648001525831,0.024590163934426229,0.10655737704918032,0.022097780923867171
classification_entropy,extra_tree|max_features=1,extra_tree,max_features=1,confirmatory,50,2.5,F1_percentage_points,0.14754098360655737,0.94999999999999996,122,10000,dataset,P_dataset(median time saved >= s and median loss <= epsilon),0.13934426229508196,0.1721311475409836,0.0081555111468643443,0.090163934426229511,0.21311475409836064,0.032058083434368737,0.098360655737704916,0.22131147540983606,0.033000660426475245
classification_entropy,extra_tree|max_features=1over3,extra_tree,max_features=1over3,confirmatory,0,0.5,F1_percentage_points,0.24590163934426229,0.94999999999999996,122,10000,dataset,P_dataset(median time saved >= s and median loss <= epsilon),0.21311475409836064,0.27049180327868855,0.01423737150710838,0.1721311475409836,0.32786885245901637,0.038894305395940444,0.16393442622950818,0.31967213114754101,0.038839558199341685
classification_entropy,extra_tree|max_features=1over3,extra_tree,max_features=1over3,confirmatory,0,1,F1_percentage_points,0.38524590163934425,0.94999999999999996,122,10000,dataset,P_dataset(median time saved >= s and median loss <= epsilon),0.32786885245901637,0.38524590163934425,0.015371685273598942,0.30327868852459017,0.46721311475409838,0.043723892645374574,0.27868852459016391,0.44262295081967212,0.04304384200412556
classification_entropy,extra_tree|max_features=1over3,extra_tree,max_features=1over3,confirmatory,0,2.5,F1_percentage_points,0.54918032786885251,0.94999999999999996,122,10000,dataset,P_dataset(median time saved >= s and median loss <= epsilon),0.52459016393442626,0.58196721311475408,0.014285591628759574,0.45901639344262296,0.63934426229508201,0.045039015029223986,0.45901639344262296,0.63934426229508201,0.045172791551333011
classification_entropy,extra_tree|max_features=1over3,extra_tree,max_features=1over3,confirmatory,10,0.5,F1_percentage_points,0.20491803278688525,0.94999999999999996,122,10000,dataset,P_dataset(median time saved >= s and median loss <= epsilon),0.18032786885245902,0.22950819672131148,0.01366550020184697,0.13934426229508196,0.27868852459016391,0.036214342492630926,0.13934426229508196,0.27868852459016391,0.036683770740928032
classification_entropy,extra_tree|max_features=1over3,extra_tree,max_features=1over3,confirmatory,10,1,F1_percentage_points,0.33606557377049179,0.94999999999999996,122,10000,dataset,P_dataset(median time saved >= s and median loss <= epsilon),0.28688524590163933,0.34426229508196721,0.014743891259496635,0.25409836065573771,0.41803278688524592,0.042244315512295925,0.23770491803278687,0.40163934426229508,0.041825034276188784
classification_entropy,extra_tree|max_features=1over3,extra_tree,max_features=1over3,confirmatory,10,2.5,F1_percentage_points,0.49180327868852458,0.94999999999999996,122,10000,dataset,P_dataset(median time saved >= s and median loss <= epsilon),0.47540983606557374,0.52459016393442626,0.01365378490608859,0.40163934426229508,0.58196721311475408,0.045224454513901724,0.4098360655737705,0.5901639344262295,0.045411168960270303
classification_entropy,extra_tree|max_features=1over3,extra_tree,max_features=1over3,confirmatory,25,0.5,F1_percentage_points,0.15573770491803279,0.94999999999999996,122,10000,dataset,P_dataset(median time saved >= s and median loss <= epsilon),0.13114754098360656,0.18032786885245902,0.014251768664091438,0.090163934426229511,0.22131147540983606,0.032748207244848178,0.090163934426229511,0.22131147540983606,0.032948550588047326
classification_entropy,extra_tree|max_features=1over3,extra_tree,max_features=1over3,confirmatory,25,1,F1_percentage_points,0.27049180327868855,0.94999999999999996,122,10000,dataset,P_dataset(median time saved >= s and median loss <= epsilon),0.22131147540983606,0.27868852459016391,0.015218317323489486,0.19672131147540983,0.35245901639344263,0.039899811907840824,0.18032786885245902,0.32786885245901637,0.039059217171013627
classification_entropy,extra_tree|max_features=1over3,extra_tree,max_features=1over3,confirmatory,25,2.5,F1_percentage_points,0.42622950819672129,0.94999999999999996,122,10000,dataset,P_dataset(median time saved >= s and median loss <= epsilon),0.39344262295081966,0.45081967213114754,0.01423261737325021,0.33606557377049179,0.51639344262295084,0.044759529029737843,0.33606557377049179,0.51639344262295084,0.044929861866715624
classification_entropy,extra_tree|max_features=1over3,extra_tree,max_features=1over3,confirmatory,50,0.5,F1_percentage_points,0.073770491803278687,0.94999999999999996,122,10000,dataset,P_dataset(median time saved >= s and median loss <= epsilon),0.05737704918032787,0.098360655737704916,0.010383772209491025,0.032786885245901641,0.12295081967213115,0.023625807132226728,0.032786885245901641,0.13114754098360656,0.024830549517608894
classification_entropy,extra_tree|max_features=1over3,extra_tree,max_features=1over3,confirmatory,50,1,F1_percentage_points,0.18852459016393441,0.94999999999999996,122,10000,dataset,P_dataset(median time saved >= s and median loss <= epsilon),0.14754098360655737,0.19672131147540983,0.012208618620545076,0.12295081967213115,0.26229508196721313,0.035232179058056007,0.10655737704918032,0.23770491803278687,0.033981009227191696
classification_entropy,extra_tree|max_features=1over3,extra_tree,max_features=1over3,confirmatory,50,2.5,F1_percentage_points,0.32786885245901637,0.94999999999999996,122,10000,dataset,P_dataset(median time saved >= s and median loss <= epsilon),0.31147540983606559,0.34426229508196721,0.0099791581391662897,0.24590163934426229,0.41803278688524592,0.0426041591427282,0.24590163934426229,0.4098360655737705,0.042651819018060755
classification_entropy,extra_tree|max_features=2over3,extra_tree,max_features=2over3,confirmatory,0,0.5,F1_percentage_points,0.36885245901639346,0.94999999999999996,122,10000,dataset,P_dataset(median time saved >= s and median loss <= epsilon),0.32786885245901637,0.38524590163934425,0.014587854693181586,0.28688524590163933,0.45081967213114754,0.044066524938482184,0.27868852459016391,0.44262295081967212,0.04369172739663138
classification_entropy,extra_tree|max_features=2over3,extra_tree,max_features=2over3,confirmatory,0,1,F1_percentage_points,0.48360655737704916,0.94999999999999996,122,10000,dataset,P_dataset(median time saved >= s and median loss <= epsilon),0.45081967213114754,0.51639344262295084,0.015965031254934033,0.39344262295081966,0.57377049180327866,0.045007656598571456,0.39344262295081966,0.57377049180327866,0.044746690435937868
classification_entropy,extra_tree|max_features=2over3,extra_tree,max_features=2over3,confirmatory,0,2.5,F1_percentage_points,0.79508196721311475,0.94999999999999996,122,10000,dataset,P_dataset(median time saved >= s and median loss <= epsilon),0.77049180327868849,0.81967213114754101,0.012884475868788365,0.72131147540983609,0.86065573770491799,0.036797349846034902,0.72131147540983609,0.86065573770491799,0.036865143432229387
classification_entropy,extra_tree|max_features=2over3,extra_tree,max_features=2over3,confirmatory,10,0.5,F1_percentage_points,0.31147540983606559,0.94999999999999996,122,10000,dataset,P_dataset(median time saved >= s and median loss <= epsilon),0.27868852459016391,0.33606557377049179,0.014122368137328254,0.22950819672131148,0.39344262295081966,0.04213418328887672,0.22131147540983606,0.38524590163934425,0.041814478597625153
classification_entropy,extra_tree|max_features=2over3,extra_tree,max_features=2over3,confirmatory,10,1,F1_percentage_points,0.42622950819672129,0.94999999999999996,122,10000,dataset,P_dataset(median time saved >= s and median loss <= epsilon),0.39344262295081966,0.45901639344262296,0.015448350128609503,0.33606557377049179,0.51639344262295084,0.044510906907408984,0.33606557377049179,0.51639344262295084,0.044373178519646644
classification_entropy,extra_tree|max_features=2over3,extra_tree,max_features=2over3,confirmatory,10,2.5,F1_percentage_points,0.68852459016393441,0.94999999999999996,122,10000,dataset,P_dataset(median time saved >= s and median loss <= epsilon),0.67213114754098358,0.72131147540983609,0.013061458907290659,0.60655737704918034,0.77049180327868849,0.041972745033663439,0.61475409836065575,0.77868852459016391,0.041855402316278281
classification_entropy,extra_tree|max_features=2over3,extra_tree,max_features=2over3,confirmatory,25,0.5,F1_percentage_points,0.19672131147540983,0.94999999999999996,122,10000,dataset,P_dataset(median time saved >= s and median loss <= epsilon),0.16393442622950818,0.22131147540983606,0.015088567907889549,0.12295081967213115,0.27049180327868855,0.035906322193002597,0.12295081967213115,0.26229508196721313,0.035655900373913585
classification_entropy,extra_tree|max_features=2over3,extra_tree,max_features=2over3,confirmatory,25,1,F1_percentage_points,0.30327868852459017,0.94999999999999996,122,10000,dataset,P_dataset(median time saved >= s and median loss <= epsilon),0.27049180327868855,0.33606557377049179,0.015219847048892204,0.22131147540983606,0.38524590163934425,0.041226502539404082,0.22131147540983606,0.38524590163934425,0.041075287607706602
classification_entropy,extra_tree|max_features=2over3,extra_tree,max_features=2over3,confirmatory,25,2.5,F1_percentage_points,0.50819672131147542,0.94999999999999996,122,10000,dataset,P_dataset(median time saved >= s and median loss <= epsilon),0.48360655737704916,0.53278688524590168,0.012790724245456218,0.41803278688524592,0.59836065573770492,0.04519059454224221,0.42622950819672129,0.59836065573770492,0.045052059362343022
classification_entropy,extra_tree|max_features=2over3,extra_tree,max_features=2over3,confirmatory,50,0.5,F1_percentage_points,0.13934426229508196,0.94999999999999996,122,10000,dataset,P_dataset(median time saved >= s and median loss <= epsilon),0.10655737704918032,0.14754098360655737,0.0097471085201652173,0.081967213114754092,0.20491803278688525,0.031462673019417561,0.073770491803278687,0.18852459016393441,0.030281547458044223
classification_entropy,extra_tree|max_features=2over3,extra_tree,max_features=2over3,confirmatory,50,1,F1_percentage_points,0.22950819672131148,0.94999999999999996,122,10000,dataset,P_dataset(median time saved >= s and median loss <= epsilon),0.21311475409836064,0.23770491803278687,0.0080160866928140045,0.15573770491803279,0.30327868852459017,0.037717993614689749,0.15573770491803279,0.30327868852459017,0.037390505385769733
classification_entropy,extra_tree|max_features=2over3,extra_tree,max_features=2over3,confirmatory,50,2.5,F1_percentage_points,0.34426229508196721,0.94999999999999996,122,10000,dataset,P_dataset(median time saved >= s and median loss <= epsilon),0.33606557377049179,0.35245901639344263,0.00271635154673047,0.26229508196721313,0.42622950819672129,0.042672993277028649,0.26229508196721313,0.42622950819672129,0.042635869250795835
classification_entropy,extra_tree|max_features=all,extra_tree,max_features=all,confirmatory,0,0.5,F1_percentage_points,0.48360655737704916,0.94999999999999996,122,10000,dataset,P_dataset(median time saved >= s and median loss <= epsilon),0.4344262295081967,0.51639344262295084,0.021098787499357771,0.39344262295081966,0.57377049180327866,0.045250359983568154,0.38524590163934425,0.56557377049180324,0.045251068379221777
classification_entropy,extra_tree|max_features=all,extra_tree,max_features=all,confirmatory,0,1,F1_percentage_points,0.69672131147540983,0.94999999999999996,122,10000,dataset,P_dataset(median time saved >= s and median loss <= epsilon),0.64754098360655743,0.71311475409836067,0.018472463362665746,0.61475409836065575,0.77868852459016391,0.041792045993591952,0.59836065573770492,0.76229508196721307,0.042170301433013757
classification_entropy,extra_tree|max_features=all,extra_tree,max_features=all,confirmatory,0,2.5,F1_percentage_points,0.87704918032786883,0.94999999999999996,122,10000,dataset,P_dataset(median time saved >= s and median loss <= epsilon),0.82786885245901642,0.88524590163934425,0.01574185230597959,0.81967213114754101,0.93442622950819676,0.029776343015873501,0.79508196721311475,0.91803278688524592,0.03145942223574727
classification_entropy,extra_tree|max_features=all,extra_tree,max_features=all,confirmatory,10,0.5,F1_percentage_points,0.31967213114754101,0.94999999999999996,122,10000,dataset,P_dataset(median time saved >= s and median loss <= epsilon),0.28688524590163933,0.36885245901639346,0.020774655674660879,0.23770491803278687,0.40163934426229508,0.042061919007031962,0.24590163934426229,0.4098360655737705,0.042342311617484925
classification_entropy,extra_tree|max_features=all,extra_tree,max_features=all,confirmatory,10,1,F1_percentage_points,0.50819672131147542,0.94999999999999996,122,10000,dataset,P_dataset(median time saved >= s and median loss <= epsilon),0.47540983606557374,0.54918032786885251,0.018436271057965754,0.41803278688524592,0.59836065573770492,0.045133342923079744,0.42622950819672129,0.59836065573770492,0.045061837569426298
classification_entropy,extra_tree|max_features=all,extra_tree,max_features=all,confirmatory,10,2.5,F1_percentage_points,0.66393442622950816,0.94999999999999996,122,10000,dataset,P_dataset(median time saved >= s and median loss <= epsilon),0.63934426229508201,0.69672131147540983,0.016069681635410633,0.58196721311475408,0.74590163934426235,0.042596745558813189,0.58196721311475408,0.74590163934426235,0.042535707095495173
classification_entropy,extra_tree|max_features=all,extra_tree,max_features=all,confirmatory,25,0.5,F1_percentage_points,0.20491803278688525,0.94999999999999996,122,10000,dataset,P_dataset(median time saved >= s and median loss <= epsilon),0.18032786885245902,0.23770491803278687,0.015355739548765185,0.13934426229508196,0.27868852459016391,0.036447299316245511,0.13934426229508196,0.28688524590163933,0.036974643638890914
classification_entropy,extra_tree|max_features=all,extra_tree,max_features=all,confirmatory,25,1,F1_percentage_points,0.33606557377049179,0.94999999999999996,122,10000,dataset,P_dataset(median time saved >= s and median loss <= epsilon),0.32786885245901637,0.37704918032786883,0.0127854889602686,0.25409836065573771,0.41803278688524592,0.042417800960186429,0.27049180327868855,0.4344262295081967,0.042960159277585293
classification_entropy,extra_tree|max_features=all,extra_tree,max_features=all,confirmatory,25,2.5,F1_percentage_points,0.45081967213114754,0.94999999999999996,122,10000,dataset,P_dataset(median time saved >= s and median loss <= epsilon),0.44262295081967212,0.48360655737704916,0.010918427955371148,0.36065573770491804,0.54098360655737709,0.044917824885992205,0.37704918032786883,0.54918032786885251,0.044959192959686325
classification_entropy,extra_tree|max_features=all,extra_tree,max_features=all,confirmatory,50,0.5,F1_percentage_points,0.16393442622950818,0.94999999999999996,122,10000,dataset,P_dataset(median time saved >= s and median loss <= epsilon),0.13934426229508196,0.18032786885245902,0.011561560090401216,0.10655737704918032,0.22950819672131148,0.033219950369413054,0.098360655737704916,0.22950819672131148,0.033126179651714029
classification_entropy,extra_tree|max_features=all,extra_tree,max_features=all,confirmatory,50,1,F1_percentage_points,0.24590163934426229,0.94999999999999996,122,10000,dataset,P_dataset(median time saved >= s and median loss <= epsilon),0.22950819672131148,0.26229508196721313,0.0096091491794357518,0.1721311475409836,0.31967213114754101,0.038662153413279519,0.1721311475409836,0.31967213114754101,0.038566127725586846
classification_entropy,extra_tree|max_features=all,extra_tree,max_features=all,confirmatory,50,2.5,F1_percentage_points,0.31967213114754101,0.94999999999999996,122,10000,dataset,P_dataset(median time saved >= s and median loss <= epsilon),0.30327868852459017,0.32786885245901637,0.0071227728397760424,0.23770491803278687,0.40163934426229508,0.042150908828725589,0.23770491803278687,0.40163934426229508,0.042017397331638062
classification_entropy,prophet_1sample|,prophet_1sample,,confirmatory,0,0.5,F1_percentage_points,0.4098360655737705,0.94999999999999996,122,10000,dataset,P_dataset(median time saved >= s and median loss <= epsilon),0.36065573770491804,0.4344262295081967,0.018801637042467817,0.32786885245901637,0.5,0.044133531474707256,0.31147540983606559,0.48360655737704916,0.043762980392032393
classification_entropy,prophet_1sample|,prophet_1sample,,confirmatory,0,1,F1_percentage_points,0.5,0.94999999999999996,122,10000,dataset,P_dataset(median time saved >= s and median loss <= epsilon),0.46721311475409838,0.54098360655737709,0.020116092002804044,0.4098360655737705,0.5901639344262295,0.045227749800678327,0.41803278688524592,0.5901639344262295,0.045030863095529984
classification_entropy,prophet_1sample|,prophet_1sample,,confirmatory,0,2.5,F1_percentage_points,0.61475409836065575,0.94999999999999996,122,10000,dataset,P_dataset(median time saved >= s and median loss <= epsilon),0.57377049180327866,0.64754098360655743,0.018463450814967822,0.52459016393442626,0.69672131147540983,0.043731990269880998,0.52459016393442626,0.69672131147540983,0.043542264279440336
classification_entropy,prophet_1sample|,prophet_1sample,,confirmatory,10,0.5,F1_percentage_points,0.30327868852459017,0.94999999999999996,122,10000,dataset,P_dataset(median time saved >= s and median loss <= epsilon),0.27049180327868855,0.31967213114754101,0.012971943255068556,0.22131147540983606,0.38524590163934425,0.041024236351704609,0.21311475409836064,0.37704918032786883,0.040630309037243725
classification_entropy,prophet_1sample|,prophet_1sample,,confirmatory,10,1,F1_percentage_points,0.37704918032786883,0.94999999999999996,122,10000,dataset,P_dataset(median time saved >= s and median loss <= epsilon),0.34426229508196721,0.40163934426229508,0.01436326156696484,0.29508196721311475,0.46721311475409838,0.04339915029545139,0.28688524590163933,0.45901639344262296,0.043374985275100947
classification_entropy,prophet_1sample|,prophet_1sample,,confirmatory,10,2.5,F1_percentage_points,0.45901639344262296,0.94999999999999996,122,10000,dataset,P_dataset(median time saved >= s and median loss <= epsilon),0.42622950819672129,0.47540983606557374,0.01257931908194536,0.36885245901639346,0.54918032786885251,0.044686974270528541,0.36885245901639346,0.54098360655737709,0.044550262271373584
classification_entropy,prophet_1sample|,prophet_1sample,,confirmatory,25,0.5,F1_percentage_points,0.20491803278688525,0.94999999999999996,122,10000,dataset,P_dataset(median time saved >= s and median loss <= epsilon),0.18032786885245902,0.22131147540983606,0.010497570168940457,0.13934426229508196,0.27868852459016391,0.036323743862710776,0.13114754098360656,0.27049180327868855,0.035885814827076257
classification_entropy,prophet_1sample|,prophet_1sample,,confirmatory,25,1,F1_percentage_points,0.24590163934426229,0.94999999999999996,122,10000,dataset,P_dataset(median time saved >= s and median loss <= epsilon),0.23770491803278687,0.27868852459016391,0.010112180864494795,0.1721311475409836,0.32786885245901637,0.038721767307027755,0.18032786885245902,0.33606557377049179,0.039194584014709044
classification_entropy,prophet_1sample|,prophet_1sample,,confirmatory,25,2.5,F1_percentage_points,0.32786885245901637,0.94999999999999996,122,10000,dataset,P_dataset(median time saved >= s and median loss <= epsilon),0.31147540983606559,0.34426229508196721,0.0068244314111621015,0.24590163934426229,0.4098360655737705,0.042025391181655859,0.24590163934426229,0.4098360655737705,0.042169343654451102
classification_entropy,prophet_1sample|,prophet_1sample,,confirmatory,50,0.5,F1_percentage_points,0.13934426229508196,0.94999999999999996,122,10000,dataset,P_dataset(median time saved >= s and median loss <= epsilon),0.12295081967213115,0.14754098360655737,0.0074372862998927335,0.081967213114754092,0.20491803278688525,0.03116577470088952,0.073770491803278687,0.19672131147540983,0.030828751390999019
classification_entropy,prophet_1sample|,prophet_1sample,,confirmatory,50,1,F1_percentage_points,0.15573770491803279,0.94999999999999996,122,10000,dataset,P_dataset(median time saved >= s and median loss <= epsilon),0.14754098360655737,0.18032786885245902,0.0076891975998042211,0.098360655737704916,0.22131147540983606,0.032705496909661479,0.098360655737704916,0.22950819672131148,0.033455468401531352
classification_entropy,prophet_1sample|,prophet_1sample,,confirmatory,50,2.5,F1_percentage_points,0.20491803278688525,0.94999999999999996,122,10000,dataset,P_dataset(median time saved >= s and median loss <= epsilon),0.19672131147540983,0.21311475409836064,0.0048205708101514821,0.13934426229508196,0.27868852459016391,0.036531285588785781,0.13934426229508196,0.27868852459016391,0.036658927374182505
classification_entropy,secretary_all|0.1n,secretary_all,0.1n,exploratory,0,0.5,F1_percentage_points,0.5,0.94999999999999996,122,10000,dataset,P_dataset(median time saved >= s and median loss <= epsilon),0.46721311475409838,0.53278688524590168,0.017474783651904382,0.4098360655737705,0.5901639344262295,0.045577281823378439,0.4098360655737705,0.5901639344262295,0.045311336808008001
classification_entropy,secretary_all|0.1n,secretary_all,0.1n,exploratory,0,1,F1_percentage_points,0.66393442622950816,0.94999999999999996,122,10000,dataset,P_dataset(median time saved >= s and median loss <= epsilon),0.61475409836065575,0.68852459016393441,0.019167145616480329,0.58196721311475408,0.74590163934426235,0.042384829946202927,0.57377049180327866,0.73770491803278693,0.042677517788440929
classification_entropy,secretary_all|0.1n,secretary_all,0.1n,exploratory,0,2.5,F1_percentage_points,0.87704918032786883,0.94999999999999996,122,10000,dataset,P_dataset(median time saved >= s and median loss <= epsilon),0.84426229508196726,0.88524590163934425,0.011836528872239023,0.81967213114754101,0.93442622950819676,0.02927862100541484,0.80327868852459017,0.92622950819672134,0.030532921470417949
classification_entropy,secretary_all|0.1n,secretary_all,0.1n,exploratory,10,0.5,F1_percentage_points,0.37704918032786883,0.94999999999999996,122,10000,dataset,P_dataset(median time saved >= s and median loss <= epsilon),0.35245901639344263,0.42622950819672129,0.019646926672949469,0.29508196721311475,0.46721311475409838,0.044074015344753276,0.30327868852459017,0.47540983606557374,0.044160163742042333
classification_entropy,secretary_all|0.1n,secretary_all,0.1n,exploratory,10,1,F1_percentage_points,0.50819672131147542,0.94999999999999996,122,10000,dataset,P_dataset(median time saved >= s and median loss <= epsilon),0.48360655737704916,0.56557377049180324,0.020748400194139503,0.41803278688524592,0.59836065573770492,0.044878716209177417,0.4344262295081967,0.60655737704918034,0.04508367479565021
classification_entropy,secretary_all|0.1n,secretary_all,0.1n,exploratory,10,2.5,F1_percentage_points,0.68852459016393441,0.94999999999999996,122,10000,dataset,P_dataset(median time saved >= s and median loss <= epsilon),0.67213114754098358,0.73770491803278693,0.017923812601647309,0.60655737704918034,0.77049180327868849,0.041688778106812423,0.62295081967213117,0.78688524590163933,0.041403741024649707
classification_entropy,secretary_all|0.1n,secretary_all,0.1n,exploratory,25,0.5,F1_percentage_points,0.22131147540983606,0.94999999999999996,122,10000,dataset,P_dataset(median time saved >= s and median loss <= epsilon),0.21311475409836064,0.26229508196721313,0.014362604370626288,0.14754098360655737,0.29508196721311475,0.037551872084932818,0.16393442622950818,0.31147540983606559,0.03843784423895015
classification_entropy,secretary_all|0.1n,secretary_all,0.1n,exploratory,25,1,F1_percentage_points,0.32786885245901637,0.94999999999999996,122,10000,dataset,P_dataset(median time saved >= s and median loss <= epsilon),0.31147540983606559,0.36885245901639346,0.013639827656419896,0.24590163934426229,0.4098360655737705,0.042426183656423318,0.25409836065573771,0.42622950819672129,0.042991306072285351
classification_entropy,secretary_all|0.1n,secretary_all,0.1n,exploratory,25,2.5,F1_percentage_points,0.46721311475409838,0.94999999999999996,122,10000,dataset,P_dataset(median time saved >= s and median loss <= epsilon),0.45081967213114754,0.5,0.012391602849747921,0.37704918032786883,0.55737704918032782,0.045179672160750022,0.39344262295081966,0.56557377049180324,0.045324659453395713
classification_entropy,secretary_all|0.1n,secretary_all,0.1n,exploratory,50,0.5,F1_percentage_points,0.13114754098360656,0.94999999999999996,122,10000,dataset,P_dataset(median time saved >= s and median loss <= epsilon),0.11475409836065574,0.15573770491803279,0.010747397921258364,0.073770491803278687,0.19672131147540983,0.030653549628596732,0.081967213114754092,0.20491803278688525,0.031250624002018661
classification_entropy,secretary_all|0.1n,secretary_all,0.1n,exploratory,50,1,F1_percentage_points,0.19672131147540983,0.94999999999999996,122,10000,dataset,P_dataset(median time saved >= s and median loss <= epsilon),0.1721311475409836,0.20491803278688525,0.010002245168686773,0.13114754098360656,0.27049180327868855,0.036155107507277129,0.12295081967213115,0.26229508196721313,0.035679634301645176
classification_entropy,secretary_all|0.1n,secretary_all,0.1n,exploratory,50,2.5,F1_percentage_points,0.23770491803278687,0.94999999999999996,122,10000,dataset,P_dataset(median time saved >= s and median loss <= epsilon),0.21311475409836064,0.24590163934426229,0.009208322532187967,0.16393442622950818,0.31147540983606559,0.038638093994978674,0.15573770491803279,0.30327868852459017,0.038454690677445752
classification_entropy,secretary_all|1overe,secretary_all,1overe,confirmatory,0,0.5,F1_percentage_points,0.72131147540983609,0.94999999999999996,122,10000,dataset,P_dataset(median time saved >= s and median loss <= epsilon),0.67213114754098358,0.74590163934426235,0.020124016208851951,0.63934426229508201,0.80327868852459017,0.040658136737082171,0.63114754098360659,0.78688524590163933,0.041161213647520303
classification_entropy,secretary_all|1overe,secretary_all,1overe,confirmatory,0,1,F1_percentage_points,0.86885245901639341,0.94999999999999996,122,10000,dataset,P_dataset(median time saved >= s and median loss <= epsilon),0.81147540983606559,0.87704918032786883,0.017919758930388264,0.80327868852459017,0.92622950819672134,0.030373313167436494,0.77868852459016391,0.9098360655737705,0.03221899171936244
classification_entropy,secretary_all|1overe,secretary_all,1overe,confirmatory,0,2.5,F1_percentage_points,0.96721311475409832,0.94999999999999996,122,10000,dataset,P_dataset(median time saved >= s and median loss <= epsilon),0.9098360655737705,0.97540983606557374,0.01596568856529107,0.93442622950819676,0.99180327868852458,0.016312780064290572,0.90163934426229508,0.98360655737704916,0.020605068347194826
classification_entropy,secretary_all|1overe,secretary_all,1overe,confirmatory,10,0.5,F1_percentage_points,0.4344262295081967,0.94999999999999996,122,10000,dataset,P_dataset(median time saved >= s and median loss <= epsilon),0.4098360655737705,0.49180327868852458,0.021851026499258588,0.34426229508196721,0.52459016393442626,0.044356375969801798,0.36065573770491804,0.54098360655737709,0.045113754387619248
classification_entropy,secretary_all|1overe,secretary_all,1overe,confirmatory,10,1,F1_percentage_points,0.51639344262295084,0.94999999999999996,122,10000,dataset,P_dataset(median time saved >= s and median loss <= epsilon),0.49180327868852458,0.58196721311475408,0.022108690839785807,0.42622950819672129,0.60655737704918034,0.044879342690774177,0.45081967213114754,0.62295081967213117,0.045122004855584805
classification_entropy,secretary_all|1overe,secretary_all,1overe,confirmatory,10,2.5,F1_percentage_points,0.5901639344262295,0.94999999999999996,122,10000,dataset,P_dataset(median time saved >= s and median loss <= epsilon),0.56557377049180324,0.64754098360655743,0.021515702999504234,0.5,0.67213114754098358,0.043946365732786957,0.52459016393442626,0.69672131147540983,0.04394021807578892
classification_entropy,secretary_all|1overe,secretary_all,1overe,confirmatory,25,0.5,F1_percentage_points,0.024590163934426229,0.94999999999999996,122,10000,dataset,P_dataset(median time saved >= s and median loss <= epsilon),0.0081967213114754103,0.049180327868852458,0.010365771969776795,0,0.05737704918032787,0.013959936266113275,0.0081967213114754103,0.065573770491803282,0.015329273088292213
classification_entropy,secretary_all|1overe,secretary_all,1overe,confirmatory,25,1,F1_percentage_points,0.032786885245901641,0.94999999999999996,122,10000,dataset,P_dataset(median time saved >= s and median loss <= epsilon),0.016393442622950821,0.05737704918032787,0.010179821504312098,0.0081967213114754103,0.065573770491803282,0.016050059689762433,0.0081967213114754103,0.073770491803278687,0.016975518082251301
classification_entropy,secretary_all|1overe,secretary_all,1overe,confirmatory,25,2.5,F1_percentage_points,0.032786885245901641,0.94999999999999996,122,10000,dataset,P_dataset(median time saved >= s and median loss <= epsilon),0.016393442622950821,0.05737704918032787,0.010541523443521977,0.0081967213114754103,0.065573770491803282,0.016050059689762433,0.0081967213114754103,0.073770491803278687,0.017427743977814495
classification_entropy,secretary_all|1overe,secretary_all,1overe,confirmatory,50,0.5,F1_percentage_points,0,0.94999999999999996,122,10000,dataset,P_dataset(median time saved >= s and median loss <= epsilon),0,0,0,0,0,0,0,0,0
classification_entropy,secretary_all|1overe,secretary_all,1overe,confirmatory,50,1,F1_percentage_points,0,0.94999999999999996,122,10000,dataset,P_dataset(median time saved >= s and median loss <= epsilon),0,0,0,0,0,0,0,0,0
classification_entropy,secretary_all|1overe,secretary_all,1overe,confirmatory,50,2.5,F1_percentage_points,0,0.94999999999999996,122,10000,dataset,P_dataset(median time saved >= s and median loss <= epsilon),0,0,0,0,0,0,0,0,0
classification_entropy,secretary_all|ln_n,secretary_all,ln_n,exploratory,0,0.5,F1_percentage_points,0.54918032786885251,0.94999999999999996,122,10000,dataset,P_dataset(median time saved >= s and median loss <= epsilon),0.48360655737704916,0.55737704918032782,0.018395543239067218,0.45901639344262296,0.63934426229508201,0.045090868409373971,0.42622950819672129,0.60655737704918034,0.045638028170207692
classification_entropy,secretary_all|ln_n,secretary_all,ln_n,exploratory,0,1,F1_percentage_points,0.72131147540983609,0.94999999999999996,122,10000,dataset,P_dataset(median time saved >= s and median loss <= epsilon),0.64754098360655743,0.72131147540983609,0.020127274003062443,0.63934426229508201,0.79508196721311475,0.040233319243454913,0.59836065573770492,0.76229508196721307,0.041897998371686181
classification_entropy,secretary_all|ln_n,secretary_all,ln_n,exploratory,0,2.5,F1_percentage_points,0.9098360655737705,0.94999999999999996,122,10000,dataset,P_dataset(median time saved >= s and median loss <= epsilon),0.85245901639344257,0.91803278688524592,0.015237693845615793,0.86065573770491799,0.95901639344262291,0.025491728420004262,0.82786885245901642,0.94262295081967218,0.028483896952314618
classification_entropy,secretary_all|ln_n,secretary_all,ln_n,exploratory,10,0.5,F1_percentage_points,0.36885245901639346,0.94999999999999996,122,10000,dataset,P_dataset(median time saved >= s and median loss <= epsilon),0.33606557377049179,0.4098360655737705,0.018882948371824689,0.28688524590163933,0.45901639344262296,0.043835905868886429,0.28688524590163933,0.45901639344262296,0.044324166947542022
classification_entropy,secretary_all|ln_n,secretary_all,ln_n,exploratory,10,1,F1_percentage_points,0.51639344262295084,0.94999999999999996,122,10000,dataset,P_dataset(median time saved >= s and median loss <= epsilon),0.47540983606557374,0.55737704918032782,0.021181706964431675,0.42622950819672129,0.60655737704918034,0.044962006440526794,0.42622950819672129,0.60655737704918034,0.045312187823939018
classification_entropy,secretary_all|ln_n,secretary_all,ln_n,exploratory,10,2.5,F1_percentage_points,0.68032786885245899,0.94999999999999996,122,10000,dataset,P_dataset(median time saved >= s and median loss <= epsilon),0.66393442622950816,0.73770491803278693,0.017548746492437248,0.59836065573770492,0.76229508196721307,0.042097451039348179,0.62295081967213117,0.77868852459016391,0.041533905468827896
classification_entropy,secretary_all|ln_n,secretary_all,ln_n,exploratory,25,0.5,F1_percentage_points,0.24590163934426229,0.94999999999999996,122,10000,dataset,P_dataset(median time saved >= s and median loss <= epsilon),0.21311475409836064,0.26229508196721313,0.012673473573843774,0.1721311475409836,0.32786885245901637,0.039115820827841014,0.16393442622950818,0.31967213114754101,0.038878081087983372
classification_entropy,secretary_all|ln_n,secretary_all,ln_n,exploratory,25,1,F1_percentage_points,0.35245901639344263,0.94999999999999996,122,10000,dataset,P_dataset(median time saved >= s and median loss <= epsilon),0.31967213114754101,0.36885245901639346,0.013146306162307986,0.27049180327868855,0.4344262295081967,0.043033538741529966,0.26229508196721313,0.4344262295081967,0.043190426510134425
classification_entropy,secretary_all|ln_n,secretary_all,ln_n,exploratory,25,2.5,F1_percentage_points,0.45901639344262296,0.94999999999999996,122,10000,dataset,P_dataset(median time saved >= s and median loss <= epsilon),0.44262295081967212,0.48360655737704916,0.01122668788843236,0.36885245901639346,0.54918032786885251,0.045049001425129145,0.37704918032786883,0.54918032786885251,0.045196261873387135
classification_entropy,secretary_all|ln_n,secretary_all,ln_n,exploratory,50,0.5,F1_percentage_points,0.10655737704918032,0.94999999999999996,122,10000,dataset,P_dataset(median time saved >= s and median loss <= epsilon),0.098360655737704916,0.12295081967213115,0.0075546025720177211,0.05737704918032787,0.16393442622950818,0.028053583894821099,0.05737704918032787,0.1721311475409836,0.028346466497351366
classification_entropy,secretary_all|ln_n,secretary_all,ln_n,exploratory,50,1,F1_percentage_points,0.13934426229508196,0.94999999999999996,122,10000,dataset,P_dataset(median time saved >= s and median loss <= epsilon),0.13114754098360656,0.16393442622950818,0.0079243524936782658,0.081967213114754092,0.20491803278688525,0.031439138898576399,0.090163934426229511,0.21311475409836064,0.032268428408625177
classification_entropy,secretary_all|ln_n,secretary_all,ln_n,exploratory,50,2.5,F1_percentage_points,0.16393442622950818,0.94999999999999996,122,10000,dataset,P_dataset(median time saved >= s and median loss <= epsilon),0.15573770491803279,0.18032786885245902,0.006864584765049849,0.098360655737704916,0.22950819672131148,0.033649599334691999,0.10655737704918032,0.23770491803278687,0.034121841678967549
classification_entropy,secretary_all|sqrt_n,secretary_all,sqrt_n,exploratory,0,0.5,F1_percentage_points,0.49180327868852458,0.94999999999999996,122,10000,dataset,P_dataset(median time saved >= s and median loss <= epsilon),0.45081967213114754,0.52459016393442626,0.018641130670346999,0.40163934426229508,0.58196721311475408,0.045061293304485675,0.40163934426229508,0.57377049180327866,0.044824263345338587
classification_entropy,secretary_all|sqrt_n,secretary_all,sqrt_n,exploratory,0,1,F1_percentage_points,0.67213114754098358,0.94999999999999996,122,10000,dataset,P_dataset(median time saved >= s and median loss <= epsilon),0.60655737704918034,0.68032786885245899,0.018777061430229953,0.5901639344262295,0.75409836065573765,0.042121418583884518,0.56557377049180324,0.72950819672131151,0.042940347812457758
classification_entropy,secretary_all|sqrt_n,secretary_all,sqrt_n,exploratory,0,2.5,F1_percentage_points,0.83606557377049184,0.94999999999999996,122,10000,dataset,P_dataset(median time saved >= s and median loss <= epsilon),0.81147540983606559,0.86885245901639341,0.015055199426897505,0.77049180327868849,0.90163934426229508,0.033249004093703759,0.77049180327868849,0.90163934426229508,0.033130155471960403
classification_entropy,secretary_all|sqrt_n,secretary_all,sqrt_n,exploratory,10,0.5,F1_percentage_points,0.36885245901639346,0.94999999999999996,122,10000,dataset,P_dataset(median time saved >= s and median loss <= epsilon),0.33606557377049179,0.4098360655737705,0.019189751797580108,0.28688524590163933,0.45901639344262296,0.043498789880367449,0.29508196721311475,0.45901639344262296,0.043431463705216208
classification_entropy,secretary_all|sqrt_n,secretary_all,sqrt_n,exploratory,10,1,F1_percentage_points,0.50819672131147542,0.94999999999999996,122,10000,dataset,P_dataset(median time saved >= s and median loss <= epsilon),0.46721311475409838,0.54918032786885251,0.020848353128928836,0.41803278688524592,0.59836065573770492,0.045034646821455852,0.41803278688524592,0.5901639344262295,0.045200168911736519
classification_entropy,secretary_all|sqrt_n,secretary_all,sqrt_n,exploratory,10,2.5,F1_percentage_points,0.64754098360655743,0.94999999999999996,122,10000,dataset,P_dataset(median time saved >= s and median loss <= epsilon),0.63934426229508201,0.71311475409836067,0.018968919606620577,0.56557377049180324,0.72950819672131151,0.043012170986579688,0.5901639344262295,0.75409836065573765,0.042414724037200487
classification_entropy,secretary_all|sqrt_n,secretary_all,sqrt_n,exploratory,25,0.5,F1_percentage_points,0.20491803278688525,0.94999999999999996,122,10000,dataset,P_dataset(median time saved >= s and median loss <= epsilon),0.18852459016393441,0.23770491803278687,0.011890490718405755,0.13934426229508196,0.27868852459016391,0.036312211191832075,0.13934426229508196,0.28688524590163933,0.036802542691687729
classification_entropy,secretary_all|sqrt_n,secretary_all,sqrt_n,exploratory,25,1,F1_percentage_points,0.29508196721311475,0.94999999999999996,122,10000,dataset,P_dataset(median time saved >= s and median loss <= epsilon),0.27049180327868855,0.31967213114754101,0.013955771804345776,0.21311475409836064,0.37704918032786883,0.041202690288660901,0.21311475409836064,0.37704918032786883,0.041103205960185206
classification_entropy,secretary_all|sqrt_n,secretary_all,sqrt_n,exploratory,25,2.5,F1_percentage_points,0.42622950819672129,0.94999999999999996,122,10000,dataset,P_dataset(median time saved >= s and median loss <= epsilon),0.41803278688524592,0.46721311475409838,0.01230966218543865,0.34426229508196721,0.51639344262295084,0.044469175806430235,0.36065573770491804,0.53278688524590168,0.044878336327414788
classification_entropy,secretary_all|sqrt_n,secretary_all,sqrt_n,exploratory,50,0.5,F1_percentage_points,0.13114754098360656,0.94999999999999996,122,10000,dataset,P_dataset(median time saved >= s and median loss <= epsilon),0.11475409836065574,0.13934426229508196,0.0075034523971731397,0.073770491803278687,0.19672131147540983,0.030517670621528912,0.073770491803278687,0.18852459016393441,0.030202191568300719
classification_entropy,secretary_all|sqrt_n,secretary_all,sqrt_n,exploratory,50,1,F1_percentage_points,0.1721311475409836,0.94999999999999996,122,10000,dataset,P_dataset(median time saved >= s and median loss <= epsilon),0.14754098360655737,0.18852459016393441,0.011211213166015947,0.10655737704918032,0.23770491803278687,0.03420180254330471,0.10655737704918032,0.23770491803278687,0.034081712104997476
classification_entropy,secretary_all|sqrt_n,secretary_all,sqrt_n,exploratory,50,2.5,F1_percentage_points,0.23770491803278687,0.94999999999999996,122,10000,dataset,P_dataset(median time saved >= s and median loss <= epsilon),0.22131147540983606,0.25409836065573771,0.0097689236790183178,0.16393442622950818,0.31147540983606559,0.038306800857975838,0.16393442622950818,0.31147540983606559,0.038408974815186216
classification_entropy,secretary|0.1n,secretary,0.1n,exploratory,0,0.5,F1_percentage_points,0.39344262295081966,0.94999999999999996,122,10000,dataset,P_dataset(median time saved >= s and median loss <= epsilon),0.33606557377049179,0.40163934426229508,0.016723089122177334,0.30327868852459017,0.48360655737704916,0.044283194818672739,0.28688524590163933,0.45901639344262296,0.043966910489044213
classification_entropy,secretary|0.1n,secretary,0.1n,exploratory,0,1,F1_percentage_points,0.48360655737704916,0.94999999999999996,122,10000,dataset,P_dataset(median time saved >= s and median loss <= epsilon),0.44262295081967212,0.51639344262295084,0.017751963987026519,0.39344262295081966,0.57377049180327866,0.04531820984511141,0.39344262295081966,0.57377049180327866,0.045408006312388803
classification_entropy,secretary|0.1n,secretary,0.1n,exploratory,0,2.5,F1_percentage_points,0.77049180327868849,0.94999999999999996,122,10000,dataset,P_dataset(median time saved >= s and median loss <= epsilon),0.71311475409836067,0.77049180327868849,0.01590558153481578,0.69672131147540983,0.84426229508196726,0.038236504229591677,0.66393442622950816,0.81967213114754101,0.039341638302772312
classification_entropy,secretary|0.1n,secretary,0.1n,exploratory,10,0.5,F1_percentage_points,0.30327868852459017,0.94999999999999996,122,10000,dataset,P_dataset(median time saved >= s and median loss <= epsilon),0.27049180327868855,0.33606557377049179,0.015647984430585515,0.22131147540983606,0.38524590163934425,0.04174827251311778,0.22131147540983606,0.38524590163934425,0.04160127392953273
classification_entropy,secretary|0.1n,secretary,0.1n,exploratory,10,1,F1_percentage_points,0.38524590163934425,0.94999999999999996,122,10000,dataset,P_dataset(median time saved >= s and median loss <= epsilon),0.36885245901639346,0.42622950819672129,0.016424806722420398,0.30327868852459017,0.47540983606557374,0.044070062593419924,0.31147540983606559,0.48360655737704916,0.044053246677015954
classification_entropy,secretary|0.1n,secretary,0.1n,exploratory,10,2.5,F1_percentage_points,0.62295081967213117,0.94999999999999996,122,10000,dataset,P_dataset(median time saved >= s and median loss <= epsilon),0.60655737704918034,0.66393442622950816,0.016220909327186225,0.53278688524590168,0.70491803278688525,0.0435446847226875,0.54918032786885251,0.72131147540983609,0.043169176008641987
classification_entropy,secretary|0.1n,secretary,0.1n,exploratory,25,0.5,F1_percentage_points,0.18852459016393441,0.94999999999999996,122,10000,dataset,P_dataset(median time saved >= s and median loss <= epsilon),0.15573770491803279,0.20491803278688525,0.01289964477000669,0.12295081967213115,0.26229508196721313,0.035499077406058406,0.11475409836065574,0.25409836065573771,0.035083928582788006
classification_entropy,secretary|0.1n,secretary,0.1n,exploratory,25,1,F1_percentage_points,0.26229508196721313,0.94999999999999996,122,10000,dataset,P_dataset(median time saved >= s and median loss <= epsilon),0.23770491803278687,0.28688524590163933,0.011239638929137468,0.18852459016393441,0.34426229508196721,0.039903621365826959,0.18852459016393441,0.34426229508196721,0.040001293233587747
classification_entropy,secretary|0.1n,secretary,0.1n,exploratory,25,2.5,F1_percentage_points,0.45081967213114754,0.94999999999999996,122,10000,dataset,P_dataset(median time saved >= s and median loss <= epsilon),0.42622950819672129,0.46721311475409838,0.011122211188701851,0.36065573770491804,0.54098360655737709,0.045283522424789134,0.36065573770491804,0.54098360655737709,0.045286644439710644
classification_entropy,secretary|0.1n,secretary,0.1n,exploratory,50,0.5,F1_percentage_points,0.098360655737704916,0.94999999999999996,122,10000,dataset,P_dataset(median time saved >= s and median loss <= epsilon),0.081967213114754092,0.11475409836065574,0.008546408688826378,0.049180327868852458,0.15573770491803279,0.02720673745570442,0.049180327868852458,0.15573770491803279,0.027399043380167517
classification_entropy,secretary|0.1n,secretary,0.1n,exploratory,50,1,F1_percentage_points,0.14754098360655737,0.94999999999999996,122,10000,dataset,P_dataset(median time saved >= s and median loss <= epsilon),0.13114754098360656,0.16393442622950818,0.0087674040811071864,0.090163934426229511,0.21311475409836064,0.032354244814927997,0.090163934426229511,0.21311475409836064,0.032550533362733634
classification_entropy,secretary|0.1n,secretary,0.1n,exploratory,50,2.5,F1_percentage_points,0.22950819672131148,0.94999999999999996,122,10000,dataset,P_dataset(median time saved >= s and median loss <= epsilon),0.22131147540983606,0.24590163934426229,0.0062415628284169331,0.15573770491803279,0.30327868852459017,0.038031834262508953,0.16393442622950818,0.31147540983606559,0.038225210924745331
classification_entropy,secretary|1overe,secretary,1overe,confirmatory,0,0.5,F1_percentage_points,0.49180327868852458,0.94999999999999996,122,10000,dataset,P_dataset(median time saved >= s and median loss <= epsilon),0.45081967213114754,0.53278688524590168,0.020634342476408645,0.40163934426229508,0.58196721311475408,0.045299366135124412,0.40163934426229508,0.58196721311475408,0.045367439070213303
classification_entropy,secretary|1overe,secretary,1overe,confirmatory,0,1,F1_percentage_points,0.5901639344262295,0.94999999999999996,122,10000,dataset,P_dataset(median time saved >= s and median loss <= epsilon),0.54918032786885251,0.63114754098360659,0.020968242823686478,0.5,0.68032786885245899,0.044383826495145148,0.50819672131147542,0.68032786885245899,0.044315919300257862
classification_entropy,secretary|1overe,secretary,1overe,confirmatory,0,2.5,F1_percentage_points,0.70491803278688525,0.94999999999999996,122,10000,dataset,P_dataset(median time saved >= s and median loss <= epsilon),0.68032786885245899,0.75409836065573765,0.019124292454808341,0.62295081967213117,0.78688524590163933,0.040950256137842707,0.63934426229508201,0.79508196721311475,0.040568849880234258
classification_entropy,secretary|1overe,secretary,1overe,confirmatory,10,0.5,F1_percentage_points,0.31147540983606559,0.94999999999999996,122,10000,dataset,P_dataset(median time saved >= s and median loss <= epsilon),0.29508196721311475,0.35245901639344263,0.015040195912801564,0.22950819672131148,0.39344262295081966,0.041918421294351284,0.24590163934426229,0.4098360655737705,0.042260626440495781
classification_entropy,secretary|1overe,secretary,1overe,confirmatory,10,1,F1_percentage_points,0.39344262295081966,0.94999999999999996,122,10000,dataset,P_dataset(median time saved >= s and median loss <= epsilon),0.37704918032786883,0.4344262295081967,0.015912527254350117,0.30327868852459017,0.48360655737704916,0.044413511426122598,0.31967213114754101,0.49180327868852458,0.044343693441178382
classification_entropy,secretary|1overe,secretary,1overe,confirmatory,10,2.5,F1_percentage_points,0.5,0.94999999999999996,122,10000,dataset,P_dataset(median time saved >= s and median loss <= epsilon),0.48360655737704916,0.54098360655737709,0.014259461277969737,0.4098360655737705,0.5901639344262295,0.045214044038668952,0.41803278688524592,0.59836065573770492,0.045121609219269103
classification_entropy,secretary|1overe,secretary,1overe,confirmatory,25,0.5,F1_percentage_points,0.1721311475409836,0.94999999999999996,122,10000,dataset,P_dataset(median time saved >= s and median loss <= epsilon),0.16393442622950818,0.21311475409836064,0.012224021746270616,0.10655737704918032,0.23770491803278687,0.034141857038449366,0.12295081967213115,0.25409836065573771,0.035079699255594558
classification_entropy,secretary|1overe,secretary,1overe,confirmatory,25,1,F1_percentage_points,0.23770491803278687,0.94999999999999996,122,10000,dataset,P_dataset(median time saved >= s and median loss <= epsilon),0.21311475409836064,0.25409836065573771,0.01131821899582337,0.16393442622950818,0.31147540983606559,0.038716004798325716,0.16393442622950818,0.31147540983606559,0.038297647778636715
classification_entropy,secretary|1overe,secretary,1overe,confirmatory,25,2.5,F1_percentage_points,0.26229508196721313,0.94999999999999996,122,10000,dataset,P_dataset(median time saved >= s and median loss <= epsilon),0.24590163934426229,0.28688524590163933,0.010125078347537985,0.18852459016393441,0.34426229508196721,0.040143573424046203,0.18852459016393441,0.35245901639344263,0.040464626412236179
classification_entropy,secretary|1overe,secretary,1overe,confirmatory,50,0.5,F1_percentage_points,0,0.94999999999999996,122,10000,dataset,P_dataset(median time saved >= s and median loss <= epsilon),0,0.0081967213114754103,0.0040984593529437155,0,0,0,0,0.016393442622950821,0.0057659345556415982
classification_entropy,secretary|1overe,secretary,1overe,confirmatory,50,1,F1_percentage_points,0.0081967213114754103,0.94999999999999996,122,10000,dataset,P_dataset(median time saved >= s and median loss <= epsilon),0,0.0081967213114754103,0.0016063030993158491,0,0.024590163934426229,0.0081601284380309908,0,0.024590163934426229,0.0079602374214541704
classification_entropy,secretary|1overe,secretary,1overe,confirmatory,50,2.5,F1_percentage_points,0.0081967213114754103,0.94999999999999996,122,10000,dataset,P_dataset(median time saved >= s and median loss <= epsilon),0.0081967213114754103,0.0081967213114754103,1.7348102186563609e-18,0,0.024590163934426229,0.0081601284380309908,0,0.024590163934426229,0.0081601284380309908
classification_entropy,secretary|ln_n,secretary,ln_n,exploratory,0,0.5,F1_percentage_points,0.41803278688524592,0.94999999999999996,122,10000,dataset,P_dataset(median time saved >= s and median loss <= epsilon),0.39344262295081966,0.45081967213114754,0.014893761021832491,0.32786885245901637,0.50819672131147542,0.044823689984805966,0.33606557377049179,0.51639344262295084,0.044774419347581126
classification_entropy,secretary|ln_n,secretary,ln_n,exploratory,0,1,F1_percentage_points,0.55737704918032782,0.94999999999999996,122,10000,dataset,P_dataset(median time saved >= s and median loss <= epsilon),0.52459016393442626,0.5901639344262295,0.016729285440012804,0.46721311475409838,0.64754098360655743,0.044813807494030966,0.46721311475409838,0.64754098360655743,0.044937103877862379
classification_entropy,secretary|ln_n,secretary,ln_n,exploratory,0,2.5,F1_percentage_points,0.81967213114754101,0.94999999999999996,122,10000,dataset,P_dataset(median time saved >= s and median loss <= epsilon),0.77868852459016391,0.83606557377049184,0.014223754776516001,0.74590163934426235,0.88524590163934425,0.034833524638783343,0.72950819672131151,0.87704918032786883,0.035987414496516705
classification_entropy,secretary|ln_n,secretary,ln_n,exploratory,10,0.5,F1_percentage_points,0.31147540983606559,0.94999999999999996,122,10000,dataset,P_dataset(median time saved >= s and median loss <= epsilon),0.29508196721311475,0.36885245901639346,0.017173462389325794,0.22950819672131148,0.39344262295081966,0.042298281548229628,0.24590163934426229,0.41803278688524592,0.042513666378332066
classification_entropy,secretary|ln_n,secretary,ln_n,exploratory,10,1,F1_percentage_points,0.42622950819672129,0.94999999999999996,122,10000,dataset,P_dataset(median time saved >= s and median loss <= epsilon),0.4098360655737705,0.47540983606557374,0.018454277993117094,0.33606557377049179,0.51639344262295084,0.044611500276483904,0.35245901639344263,0.53278688524590168,0.044608699898314882
classification_entropy,secretary|ln_n,secretary,ln_n,exploratory,10,2.5,F1_percentage_points,0.63934426229508201,0.94999999999999996,122,10000,dataset,P_dataset(median time saved >= s and median loss <= epsilon),0.62295081967213117,0.68852459016393441,0.017618490487857342,0.55737704918032782,0.72131147540983609,0.043090121523708572,0.56557377049180324,0.73770491803278693,0.04276131132557652
classification_entropy,secretary|ln_n,secretary,ln_n,exploratory,25,0.5,F1_percentage_points,0.1721311475409836,0.94999999999999996,122,10000,dataset,P_dataset(median time saved >= s and median loss <= epsilon),0.15573770491803279,0.20491803278688525,0.012072025015367079,0.10655737704918032,0.23790983606557078,0.0341872813597505,0.11475409836065574,0.24590163934426229,0.034685053771341165
classification_entropy,secretary|ln_n,secretary,ln_n,exploratory,25,1,F1_percentage_points,0.27868852459016391,0.94999999999999996,122,10000,dataset,P_dataset(median time saved >= s and median loss <= epsilon),0.25409836065573771,0.29508196721311475,0.011576373830945418,0.19672131147540983,0.36065573770491804,0.040486153683548076,0.19672131147540983,0.35245901639344263,0.040400501471702772
classification_entropy,secretary|ln_n,secretary,ln_n,exploratory,25,2.5,F1_percentage_points,0.4344262295081967,0.94999999999999996,122,10000,dataset,P_dataset(median time saved >= s and median loss <= epsilon),0.4098360655737705,0.45081967213114754,0.010421658113945702,0.34426229508196721,0.52459016393442626,0.045147848916012957,0.34426229508196721,0.52459016393442626,0.045146818823576816
classification_entropy,secretary|ln_n,secretary,ln_n,exploratory,50,0.5,F1_percentage_points,0.090163934426229511,0.94999999999999996,122,10000,dataset,P_dataset(median time saved >= s and median loss <= epsilon),0.081967213114754092,0.11475409836065574,0.0090610774737871803,0.040983606557377046,0.13934426229508196,0.025921558143617865,0.049180327868852458,0.15573770491803279,0.027068473142073859
classification_entropy,secretary|ln_n,secretary,ln_n,exploratory,50,1,F1_percentage_points,0.15573770491803279,0.94999999999999996,122,10000,dataset,P_dataset(median time saved >= s and median loss <= epsilon),0.13934426229508196,0.1721311475409836,0.0086756030812469073,0.090163934426229511,0.22131147540983606,0.032816874694805043,0.090163934426229511,0.22131147540983606,0.032901714835074043
classification_entropy,secretary|ln_n,secretary,ln_n,exploratory,50,2.5,F1_percentage_points,0.22131147540983606,0.94999999999999996,122,10000,dataset,P_dataset(median time saved >= s and median loss <= epsilon),0.21311475409836064,0.23770491803278687,0.0071240756811111012,0.14754098360655737,0.29508196721311475,0.037583671415997111,0.15573770491803279,0.30327868852459017,0.037716186043405056
classification_entropy,secretary|sqrt_n,secretary,sqrt_n,exploratory,0,0.5,F1_percentage_points,0.39344262295081966,0.94999999999999996,122,10000,dataset,P_dataset(median time saved >= s and median loss <= epsilon),0.37704918032786883,0.4344262295081967,0.014846448813642273,0.30327868852459017,0.48360655737704916,0.044468507455540485,0.31967213114754101,0.5,0.044522030450715087
classification_entropy,secretary|sqrt_n,secretary,sqrt_n,exploratory,0,1,F1_percentage_points,0.55737704918032782,0.94999999999999996,122,10000,dataset,P_dataset(median time saved >= s and median loss <= epsilon),0.50819672131147542,0.58196721311475408,0.018073982385844584,0.46721311475409838,0.64754098360655743,0.044646894665120999,0.45901639344262296,0.63114754098360659,0.044782298295948153
classification_entropy,secretary|sqrt_n,secretary,sqrt_n,exploratory,0,2.5,F1_percentage_points,0.77049180327868849,0.94999999999999996,122,10000,dataset,P_dataset(median time saved >= s and median loss <= epsilon),0.74590163934426235,0.79508196721311475,0.012346316418168957,0.69672131147540983,0.84426229508196726,0.038245489076978639,0.69672131147540983,0.84426229508196726,0.038118042351636197
classification_entropy,secretary|sqrt_n,secretary,sqrt_n,exploratory,10,0.5,F1_percentage_points,0.30327868852459017,0.94999999999999996,122,10000,dataset,P_dataset(median time saved >= s and median loss <= epsilon),0.27868852459016391,0.34426229508196721,0.017006984474132788,0.22131147540983606,0.38524590163934425,0.041559335560511591,0.22950819672131148,0.39344262295081966,0.041891102651302699
classification_entropy,secretary|sqrt_n,secretary,sqrt_n,exploratory,10,1,F1_percentage_points,0.44262295081967212,0.94999999999999996,122,10000,dataset,P_dataset(median time saved >= s and median loss <= epsilon),0.38524590163934425,0.46721311475409838,0.020631232413042454,0.36065573770491804,0.53278688524590168,0.044529444514517263,0.34426229508196721,0.51639344262295084,0.044250936014771203
classification_entropy,secretary|sqrt_n,secretary,sqrt_n,exploratory,10,2.5,F1_percentage_points,0.63934426229508201,0.94999999999999996,122,10000,dataset,P_dataset(median time saved >= s and median loss <= epsilon),0.5901639344262295,0.66393442622950816,0.017398868781308297,0.55737704918032782,0.72131147540983609,0.043667273240689697,0.54098360655737709,0.71311475409836067,0.043906282765111597
classification_entropy,secretary|sqrt_n,secretary,sqrt_n,exploratory,25,0.5,F1_percentage_points,0.14754098360655737,0.94999999999999996,122,10000,dataset,P_dataset(median time saved >= s and median loss <= epsilon),0.13934426229508196,0.18032786885245902,0.010455519672010066,0.081967213114754092,0.21311475409836064,0.032147228002389686,0.098360655737704916,0.22950819672131148,0.033346277012075279
classification_entropy,secretary|sqrt_n,secretary,sqrt_n,exploratory,25,1,F1_percentage_points,0.23770491803278687,0.94999999999999996,122,10000,dataset,P_dataset(median time saved >= s and median loss <= epsilon),0.21311475409836064,0.26229508196721313,0.013728003492309057,0.16393442622950818,0.31147540983606559,0.038431095654597895,0.16393442622950818,0.31147540983606559,0.038282901065321895
classification_entropy,secretary|sqrt_n,secretary,sqrt_n,exploratory,25,2.5,F1_percentage_points,0.41803278688524592,0.94999999999999996,122,10000,dataset,P_dataset(median time saved >= s and median loss <= epsilon),0.40163934426229508,0.4344262295081967,0.0086673473857619837,0.32786885245901637,0.50819672131147542,0.044805777253367804,0.32786885245901637,0.50819672131147542,0.044683627404001516
classification_entropy,secretary|sqrt_n,secretary,sqrt_n,exploratory,50,0.5,F1_percentage_points,0.11475409836065574,0.94999999999999996,122,10000,dataset,P_dataset(median time saved >= s and median loss <= epsilon),0.10655737704918032,0.13934426229508196,0.0084616192778370364,0.065573770491803282,0.1721311475409836,0.028917002346443937,0.065573770491803282,0.18032786885245902,0.029814461904729778
classification_entropy,secretary|sqrt_n,secretary,sqrt_n,exploratory,50,1,F1_percentage_points,0.16393442622950818,0.94999999999999996,122,10000,dataset,P_dataset(median time saved >= s and median loss <= epsilon),0.13934426229508196,0.18032786885245902,0.009809109962543406,0.098360655737704916,0.22950819672131148,0.033644171628026645,0.098360655737704916,0.22950819672131148,0.033224302736236645
classification_entropy,secretary|sqrt_n,secretary,sqrt_n,exploratory,50,2.5,F1_percentage_points,0.24590163934426229,0.94999999999999996,122,10000,dataset,P_dataset(median time saved >= s and median loss <= epsilon),0.23770491803278687,0.25409836065573771,0.0052364000257416575,0.1721311475409836,0.32786885245901637,0.038986065693527874,0.1721311475409836,0.31967213114754101,0.038866485927318339
